id,name,system,zone,factory,maker,part_no,factory_code,bought,link,support,cad,photo,note,model_at_mm,model_from,oem_no,catalogue,applies,parent,checked,qty,supplier
PT001,12A rotary engine,engine,engine_bay,yes,Mazda,,,,https://www.atkinsrotary.com/79-85-12A-Rx7-Master-Rebuild-Kit-ARE150.html,Atkins Rotary 360-832-1990 (https://www.atkinsrotary.com/contact-us/),grabcad-full-12-a-rotary-engine,,"Housing, rotor and shaft dimensions from the 1982 Technical Data are on the housing and shaft parts.",18 -229 377,"blend: engine_12a, its assumed place (blend.py ENGINE_*)",N202-23-200,1000A-1 EC-025-06,,,,,atkins
PT002,Oil metering pump,engine,engine_bay,yes,Mazda,,,,,"Mazdatrix 562-426-7960, mazdatrix.inc@gmail.com (https://www.mazdatrix.com)",,,"Removed, and its oil ports blocked off (Camden, 2026-09-25; date of removal not recorded). The engine runs on premix in the fuel",,,1757-14-600,1400A-1 EC-044-16,replaced,PT001,,,mazdatrix
PT003,Oil filter,engine,engine_bay,no,,,,PH013,https://www.rockauto.com/en/moreinfo.php?pk=56457&cc=1192250&pt=5340,Atkins Rotary 360-832-1990 (https://www.atkinsrotary.com/contact-us/),,,The linked RockAuto filter is FRAM PH3593A.,,,B6Y1-14-302,1400A-1 EC-044-25 EC-044-26,,PT110,,,atkins
PT004,Oil pressure sender,engine,engine_bay,yes,Mazda,,C-09,,https://www.atkinsrotary.com/81-92-Rx7-Oil-Pressure-Sensor-N201-14-820.html,"Mazdatrix 562-426-7960, mazdatrix.inc@gmail.com (https://www.mazdatrix.com)",,,Works Single-wire resistive sender feeding the dash oil pressure gauge on BrY; Atkins sells N201-14-820 new for 1981-91 RX-7.,,,N201-14-820,6600A-1 BI-095-02,,PT001,,,mazdatrix
PT005,Alternator belt,engine,engine_bay,no,,,,PH009,https://www.rockauto.com/en/moreinfo.php?pk=3853&cc=1192250&pt=8900,"Mazdatrix 562-426-7960, mazdatrix.inc@gmail.com (https://www.mazdatrix.com)",,,"The 1982 Technical Data gives the same deflection, 15 +/- 2 mm (T:1).",,,8311-18-381A,1800A-1 EC-056-27,,PT025,,,mazdatrix
PT006,Weber 45 DCOE carburettor kit,fuel,engine_bay,no,Pierce Manifolds,K678,,PH014 PH015 PH016 PH017 PH018 PH019 PH020,https://www.piercemanifolds.com/Mazada_2A_Weber_Conversion_K678_p/k678.htm,"Pierce Manifolds (408) 842-6667, Mon-Thu 7am-5pm Pacific (https://www.piercemanifolds.com/page/contact-us)",grabcad-weber-dcoe-carburetor-1,,"Jetted with Pegasus pump jets, air correctors, emulsion tubes, main and idle jets and needle valve Pierce ships the K678 kit with a genuine Weber 45 DCOE, manifold, soft mounts, part of the linkage and mounting hardware, no intake gasket and no instructions; as-shipped jetting main 180, idle 65F9, pump 90, air corrector 175, emulsion F16, needle and seat 250. Exploded parts drawing (carbparts.eu) and the D V Andrews DCOE selection/tuning guide are in datasheets/PT006.",,,,,,,,,pierce
PT007,Fuel pump,fuel,,no,Carter,P4070,,PH025 PH026,https://www.pegasusautoracing.com/productdetails.asp?RecId=8118,,,,"Check: the recorded Pegasus link (RecId 8118) is a Facet cylindrical pump FAC-476459 (6-8 psi, 32 GPH), not a Carter P4070 - read the number off the pump on the car. Carter's instruction sheet (datasheets/PT007) asks for a 10 A fuse, 14 AWG wire, an inlet filter, and mounting no more than 24 in above the top of the tank.",,,8871-13-400B,1320A-1 EC-033-06,,,,,
PT008,Fuel pressure regulator,fuel,,no,Holley,,,PH027 PH028,https://www.pegasusautoracing.com/productselection.asp?Product=1135,"Holley tech support 866-464-6553, 8am-6pm CST Mon-Fri (https://www.holley.com/support/)",,,"Pegasus product 1135 is the Holley 1-4 psi carburetted regulator (Holley 12-804 by its range and 3/8 NPT ports - check the number on the body): dead-head type, no return port, factory preset about 2.7 psi. Holley instruction 199R7914-3 is in datasheets/PT008.",,,,,,,,,
PT009,Fuel filter,fuel,,no,Duralast,FF3429DL,,PH029,https://www.autozone.com/filters-and-pcv/fuel-filter/p/duralast-fuel-filter-ff3429dl/830817_0_0,AutoZone (Duralast) help via autozone.com - number not verified,,,"FF3429DL is the Duralast equivalent of the factory E508-13-470 cartridge (cross-reference list: Luber-Finer G803 direct, Wix 33066/33204, Fram G4775/G6458, Purolator F23170, Motorcraft FG803). AutoZone's page refuses automated reads, so inlet/outlet size is not recorded - check the filter.",,,E508-13-470,1320A-1 EC-033-14,,,,,
PT010,Fuel cut-off,fuel,,no,,,,PH030,https://www.amazon.com/dp/B0C2QJ1518,"Mazdatrix 562-426-7960, mazdatrix.inc@gmail.com (https://www.mazdatrix.com)",,,"The Amazon listing is an ERYUE 'First Inertia Switch' crash sensor - a Ford-style inertia switch that opens the electric fuel pump circuit on impact, not a valve. Check the fitted unit, its reset button location and where it sits in the Carter pump feed.",,,,,,,,,mazdatrix
PT011,"Fuel line, 3/8 in",fuel,,no,,,,PH024,https://www.amazon.com/dp/B0CNCN5P1N,"Mazdatrix 562-426-7960, mazdatrix.inc@gmail.com (https://www.mazdatrix.com)",,,"HOUSUN 3/8 in ID NBR fuel hose, 300 psi rated, sold as 10 ft with 10 clamps.",,,,,,,,,mazdatrix
PT012,Vacuum lines and fittings,engine,engine_bay,no,,,,PH021 PH022 PH023,https://www.amazon.com/dp/B08CT3YDDL,"Mazdatrix 562-426-7960, mazdatrix.inc@gmail.com (https://www.mazdatrix.com)",,,Includes the brake booster and transmission vacuum fittings,,,,,,,,,mazdatrix
PT013,"Ignition coils, leading and trailing",ignition,engine_bay,no,,,,PH001,https://www.rockauto.com/en/moreinfo.php?pk=15707417&cc=1192250&pt=7060,Atkins Rotary 360-832-1990 (https://www.atkinsrotary.com/contact-us/),,,"Genuine Mazda coils are no longer made; Atkins sells an aftermarket NGK coil under 8245-18-100 for all 1980-85 12A/13B. S-001 Section B: trailing coil B-18 (BW +, YG -), leading coil B-19 (BW +, YL -); check on the car.",,,1480-18-100,1800A-1 EC-056-01 EC-056-02 EC-056-03 EC-056-19 EC-056-30,,PT001,,,atkins
PT014,Distributor,ignition,engine_bay,yes,Mazda,,,,https://www.atkinsrotary.com/81-85-Rx7-Distributor-N249-18-200A-NLA.html,"Mazdatrix 562-426-7960, mazdatrix.inc@gmail.com (https://www.mazdatrix.com)",sketchfab-99115a3a,,"Breakerless, with the igniters on its housing Leading timing is set by rotating the housing on its lock nut, trailing timing by moving the trailing vacuum unit on its screws (S-002 p.5-36, S-006 p.44). Atkins lists a rebuilt 1981-85 unit as N249-18-200A (NLA).",,,N201-18-200,1820A-1 EC-057-01 EC-057-03 EC-057-04 EC-057-05 EC-057-20 EC-057-21 1800A-1 EC-056-21,,PT001,,,mazdatrix
PT015,Distributor cap,ignition,engine_bay,no,Duralast,JA980,,PH003,https://www.autozone.com/ignition-tune-up-and-routine-maintenance/distributor-cap/p/duralast-distributor-cap-ja980/1,"Mazdatrix 562-426-7960, mazdatrix.inc@gmail.com (https://www.mazdatrix.com)",,,Atkins sells 8245-24-310B for all 1980-85 rotaries at 57.00 USD; Mazdatrix lists it as 24-310B-8245 at 58.32 USD.,,,8245-24-310B,1820A-1 EC-057-07 EC-057-09,,PT014,,,mazdatrix
PT016,Distributor rotor,ignition,engine_bay,no,,,,PH004,https://www.rockauto.com/en/moreinfo.php?pk=46521&cc=1192250&pt=7136,"Mazdatrix 562-426-7960, mazdatrix.inc@gmail.com (https://www.mazdatrix.com)",,,Standard Motor Products JR87 crosses to 8245-24-303A (RockAuto).,,,8245-24-303A,1820A-1 EC-057-08 EC-057-09,,PT014,,,mazdatrix
PT017,Spark plug wires,ignition,engine_bay,no,,,,PH005,https://www.rockauto.com/en/moreinfo.php?pk=644039&cc=1192250&pt=7224,"Mazdatrix 562-426-7960, mazdatrix.inc@gmail.com (https://www.mazdatrix.com)",,,"The 16,000 ohm +/-40% lead limit is per 1 m (39.37 in) of lead (S-002 p.5-37). On 1981 cars the leading leads had black boots and the trailing leads blue (S-006 p.44); check on the car.",,,8248-18-110 8248-18-120 1480-18-130B 1480-18-160A 1480-18-170B 8871-18-180A 0000-18-097B,1800A-1 EC-056-07 EC-056-08 EC-056-12 EC-056-13 EC-056-14 EC-056-15 EC-056-16 EC-056-17 EC-056-18 EC-056-09 EC-056-10 EC-056-11,,PT014,,,mazdatrix
PT018,Coil wires,ignition,engine_bay,no,,,,PH002,,"Mazdatrix 562-426-7960, mazdatrix.inc@gmail.com (https://www.mazdatrix.com)",,,,,,0000-18-097B,1800A-1 EC-056-08,,PT013,,,mazdatrix
PT019,Spark plugs,ignition,engine_bay,no,,,,PH006,https://www.rockauto.com/en/moreinfo.php?pk=54628&cc=1192250&pt=7212,"Mazdatrix 562-426-7960, mazdatrix.inc@gmail.com (https://www.mazdatrix.com)",,,NGK stock number for BR8EQ-14 is 2329.,,,N201-18-600,1800A-1 EC-056-04 EC-056-05 EC-056-06,,PT001,,,mazdatrix
PT020,Radiator,cooling,front,yes,Mazda,,,,"https://www.rockauto.com/en/catalog/mazda,1982,rx-7,1.1l+r2,1192250,cooling+system","Mazdatrix 562-426-7960, mazdatrix.inc@gmail.com (https://www.mazdatrix.com)",,,"Automatic car: the radiator carries the transmission oil-cooler hoses, which come off before the radiator (1985 FSM removal order). New factory radiators are no longer available (Atkins lists 79-82 8341-15-310 as NLA); our catalogue number N202-15-310B - check the replacement matches the automatic's cooler fittings.",0 710 324,FB shell: RADIADOR,N202-15-310B,1500A-1 EC-046-35; 1500A-2 EC-047-02 EC-047-03 EC-047-04 EC-047-05,,,,,mazdatrix
PT021,Water pump,cooling,engine_bay,yes,Mazda,,,,"https://www.rockauto.com/en/catalog/mazda,1982,rx-7,1.1l+r2,1192250,cooling+system","Mazdatrix 562-426-7960, mazdatrix.inc@gmail.com (https://www.mazdatrix.com)",,,"Aftermarket pumps listed for this car: GMB 145-1180, Dayco DP1279, Beck/Arnley 131-1937, US Motor Works US9053. Check which catalogue item these replace: Atkins sells the pump as N232-99-153B, the successor of the cover part N232-99-153A.",,,1757-23-920G,1500A-1 EC-046-14 EC-046-16 EC-046-17 EC-046-18 EC-046-19 EC-046-20,,PT001,,,mazdatrix
PT022,Thermostat,cooling,engine_bay,yes,Mazda,,,,"https://www.rockauto.com/en/catalog/mazda,1982,rx-7,1.1l+r2,1192250,cooling+system","Mazdatrix 562-426-7960, mazdatrix.inc@gmail.com (https://www.mazdatrix.com)",,,Atkins' 180 F rotary thermostat 8553-15-171 lists 8553-99-152 among the numbers it replaces. Fit it with the jiggle pin at the top.,,,8553-99-152,1500A-1 EC-046-29 EC-046-31,,PT021,,,mazdatrix
PT023,Water temperature gauge sender,cooling,engine_bay,yes,Mazda,,C-02,,https://www.atkinsrotary.com/81-88-Rx7-Coolant-Temperature-Sensor-8569-18-510A.html,"Mazdatrix 562-426-7960, mazdatrix.inc@gmail.com (https://www.mazdatrix.com)",,,"Works Single-wire resistive sender (YW) under the oil filter stand, grounding through its thread; M8x0.75 straight thread sealed with a crush washer.",,,8569-18-510A,6600A-1 BI-095-07,,PT001,,,mazdatrix
PT024,Battery,electrical,engine_bay,,,,,,https://www.supercharge.com.au/wp-content/uploads/2023/09/NS70-Datasheet-Classic.pdf,"Mazdatrix 562-426-7960, mazdatrix.inc@gmail.com (https://www.mazdatrix.com)",,,"Lead-acid, in the factory location The 1982 workshop manual (S-038 p.T:3) lists NS70S, 55 Ah (20 h), 12 V negative ground as the battery for an automatic car outside California; S.G. 1.280 fully charged, recharge at 1.220. A modern JIS NS70 is 259 x 173 x 223 mm with SAE taper posts; measure the tray before buying (check).",,,0000-80-124K,1850A-1 EC-061-01 EC-061-02,,,,,mazdatrix
PT025,Alternator,electrical,engine_bay,yes,,,,,"https://www.rockauto.com/en/catalog/mazda,1982,rx-7,1.1l+r2,1192250,charging+system","Mazdatrix 562-426-7960, mazdatrix.inc@gmail.com (https://www.mazdatrix.com)",grabcad-mazda-wankel-engine-alternator-1,,"Its rating has not been read off the car Internal: 3-phase star stator into a 6-diode bridge (B) plus a 3-diode trio (L), 2-brush rotor field, Mitsubishi-type IC regulator with R (BW, IG sense) and L (WB) on a 2-pin coupler and an F test hole in the rear housing (S-001 p.10, S-002 p.5-6). Direct replacements carry OE N22118300 with Mitsubishi A2T/A3T/A5T numbers (WAI 12278N 50 A new; Pure Energy 14550 55 A reman).",,,N221-18-300R,1830A-1 EC-058-01 EC-058-02 EC-058-18 1800A-1 EC-056-22 EC-056-23 EC-056-24 EC-056-25 EC-056-26,,PT001,,,mazdatrix
PT026,Starter motor,electrical,engine_bay,,,,,,"https://www.rockauto.com/en/catalog/mazda,1982,rx-7,1.1l+r2,1192250,electrical","Mazdatrix 562-426-7960, mazdatrix.inc@gmail.com (https://www.mazdatrix.com)",,,"1982 Technical Data (S-038 T:3) confirms the A/T starter at 2.0 kW with 4 brushes. A/T replacements: Pure Energy / Remy / TerrePower 16717, interchange N20218400(A/B) and Mitsubishi M2T50581.",,,N202-18-400R,1840A-1 EC-059-02 EC-059-03 EC-059-25 EC-059-26 EC-059-23 1800A-1 EC-056-28,,PT001,,,mazdatrix
PT027,Wiring harness,electrical,,yes,Mazda,,,,,"Mazdatrix 562-426-7960, mazdatrix.inc@gmail.com (https://www.mazdatrix.com)",,,"Previous-owner splices; one known instance is the dash behind the head unit and factory amplifier S-001 p30: the front harness meets the engine harness at X-01, the in-panel harness at X-02 and X-12, and the rear harness at X-03; body grounds are X-13 (LH suspension tower and under the dash LH), X-14 and X-15. Wire colours are base then tracer (GY = green/yellow; Lg = light green).",,,,6704A-1 BI-112-04 1800A-1 EC-056-31 EC-056-32,,,,,mazdatrix
PT028,Wideband O2 gauge and sensor,engine,dash,no,,,,,,,,,Taps into the factory harness at a point not yet located,,,,,,,,,
PT029,Interval wiper control unit,electrical,,yes,Mazda,,,,,"Mazdatrix 562-426-7960, mazdatrix.inc@gmail.com (https://www.mazdatrix.com)",,,"On the 1982 car the intermittent (INT) wiper timer is not a separate box: S-001 section D p18 draws it inside the Control Processing Unit (PT301, connector X-16), and the 1985 manual calls it the intermittent wiper relay (in the CPU); its terminals are recorded on PT301 (A, B, F, H, J, L). Check whether any separate unit exists on the car.",,,,,,,2026-09-26,,mazdatrix
PT030,Hatch release solenoid,body,cargo,yes,Mazda,,,,https://www.rx7club.com/1st-generation-specific-1979-1985-18/hatch-release-solenoid-1084551/,"Mazdatrix 562-426-7960, mazdatrix.inc@gmail.com (https://www.mazdatrix.com)",,,"The hatch latch switch is broken Catalogue name is 'opener, remote control' 8341-62-315, GS and GSL only, one per car, figure 6230A-1 (S-005 Body-Index p.92, row BI-092-10 by list order). S-001 p.26: two wires, GR from the H-13 dash switch and B to ground X-15, on the 20 A constant fuse shared with the fuel-door release. Owners report the internal rubber bumpers crumble and jam the pinion; the unit unbolts (rod off the latch, two screws in its rubber boot), bends open at its tabs and cleans up; 1981-85 units interchange (rx7club thread). No new or used listing found (two searches, 2026-09-27).",,,,,,,,,mazdatrix
PT031,Fuel-door solenoid,body,rear,yes,Mazda,,,,https://www.rx7club.com/1st-generation-specific-1979-1985-18/manually-opening-gas-lid-625353/,"Mazdatrix 562-426-7960, mazdatrix.inc@gmail.com (https://www.mazdatrix.com)",,,"Catalogue name is 'opener, filler lid' FA01-42-480 with its bracket 8871-42-490 (S-005 numeric index, group 4200A-1). S-001 p.26: two wires, GB from the H-15 dash switch and B to ground X-15, 20 A constant fuse shared with the hatch release. Manual release: behind the left rear speaker cover or under the cargo carpet, a slide at the top of the mechanism pushed rearward (or the metal tab on the solenoid) drops the lid; never pry the lid from outside (rx7club thread). No listing found (two searches, 2026-09-27).",,,FA01-42-480,4200A-1 EC-107-28,,PT173,,,mazdatrix
PT032,Power mirror heads,body,doors,yes,Mazda,,,,"https://www.hollanderparts.com/used-auto-parts/1983/mazda/rx7/glass-and-mirrors/128-side-view-mirror/128-56249r-right-power,-r","Mazdatrix 562-426-7960, mazdatrix.inc@gmail.com (https://www.mazdatrix.com)",,,"Each is one reversible motor plus an electromagnetic clutch coil that selects the axis; the factory mirror switch is dead S-001 p.28 drawing: each head is one reversible motor across Lg and LgB and one axis-select solenoid across LgY and B; the LH head's LgY runs straight from the switch through I-02, the RH head's solenoid wire is LgR in the dash harness and becomes LgY at I-04 in the door. Feed WG on the 10 A constant fuse at X-04, ground B via X-02 to X-13. Catalogue: remote-control type 8341-69-110A (R) and 8341-69-170A (L) for GS and GSL, held by four screws 8341-69-178 (S-005 Body-Index p.128). Atkins Rotary stocks no 79-85 side mirrors; used power heads are on Hollander (about 45-50 USD, 2026-09-27).",-798 -1165 901; 799 -1165 901,"FB shell: ESPEJOS, left and right",8341-69-110A (R); 8341-69-170A (L),6900A-1 BI-128-15 BI-128-18 BI-128-26,,,,,mazdatrix
PT033,"Headlamp retractor motors, LH and RH",lighting,front,yes,Mazda,,,,https://www.autopartone.com/products/81-83-mazda-rx7-oem-headlight-motor-right,"Mazdatrix 562-426-7960, mazdatrix.inc@gmail.com (https://www.mazdatrix.com)",,,"DC motors with up and down limit switches; both manual raise knobs work S-001 p.20: each motor unit holds a cam limit switch with UP/DOWN diodes and a relay; the relay switches WR to the motor and grounds it (brakes) at rest, and YG lights the 3.4 W retractor indicator while it runs. The motors take their own 0.3 sq fusible link on WR.",-549 631 633; 549 631 633,FB shell: the front pop-up covers (TAPAFAROS); the motor is under each,FA01-51-931B (R); FA01-51-941B (L),5103A-1 BI-033-16 BI-033-17,,PT590,,,mazdatrix
PT034,Headlamp retractor switch,lighting,dash,yes,Mazda,,E-02,,https://www.atkinsrotary.com/81-83-Rx7-Headlight-Switch-FA01-66-670.html,"Mazdatrix 562-426-7960, mazdatrix.inc@gmail.com (https://www.mazdatrix.com)",,,"Broken: the pop-ups cannot be raised from the dash switch FA01-66-670 is no longer available new (Atkins, NLA); used units are sold by 1st-gen breakers. Per S-001 p.20 the switch also houses the headlight cleaner switch (LY-B).",,,FA01-66-670,6610A-1 BI-097-11,,,,,mazdatrix
PT035,Headlamp units,lighting,front,no,,,,,https://normanlamps.com/sealed-beam-lamps/halogen-sealed-beam/h6024.html,"Mazdatrix 562-426-7960, mazdatrix.inc@gmail.com (https://www.mazdatrix.com)",sealed-beam-par46-par56-grabcad-nicholas,,"LED housings fitted by a previous owner sit in the factory halogen buckets, confirmed 2026-09-26 (C4). Factory unit is the H6024 7in PAR56 halogen sealed beam (0000-11-6024-HL), 3-lug base. On the 1982 diagram RY is LOW beam and RL is HIGH beam (RL feeds the high beam indicator); headlights-popups-illumination.md has these swapped.",-549 631 633; 549 631 633,FB shell: the front pop-up covers (TAPAFAROS),0000-11-6024-HL,5100A-1 BI-032-09,,PT589,2026-09-26,,mazdatrix
PT036,Rear defrost switch,electrical,dash,yes,Mazda,,G-24,,https://www.atkinsrotary.com/Electrical-Systems/Electrical-Switches/Mazda-Defroster-Switches/81-83-Rx7-Rear-Defroster-Window-Switch-B001-66-460.html,"Mazdatrix 562-426-7960, mazdatrix.inc@gmail.com (https://www.mazdatrix.com)",,,"Broken Factory circuit has no relay: the switch carries the whole grid current from the 15 A fuse (Y in, LG out); the 3.4 W indicator is a separate lamp in the combination meter on the LG line (S-001 p24). New B001-66-460 is NLA at Atkins Rotary; used only.",,,B001-66-460,6610A-1 BI-097-09,,,,,mazdatrix
PT037,Rear defrost grid,electrical,cargo,yes,Mazda,,,,https://www.ebay.com/b/Rear-Glass-Window-Parts-for-Mazda-RX-7/33683/bn_31043791,"Mazdatrix 562-426-7960, mazdatrix.inc@gmail.com (https://www.mazdatrix.com)",,,"Not measured Grid G-25: LG feed from the switch, B return through D-07 (or X-18 without rear wiper) to ground X-15 (S-001 p24). Test: about 6 V at the centre of each filament with the switch on; repair broken lines with silver paint 2835-77-600.",0 -2515 1006,FB shell: the middle of the hatch glass (VIDRIOS behind the doors),8341-75-890D,6300A-1 BI-093-08,,,,,mazdatrix
PT038,Washer fluid pump,electrical,front,yes,Mazda,,D-01,,"https://www.rockauto.com/en/catalog/mazda,1982,rx-7,1.1l+r2,1192250,wiper+&+washer","Mazdatrix 562-426-7960, mazdatrix.inc@gmail.com (https://www.mazdatrix.com)",,,"Not working; the cause is not diagnosed Still sold new as 8532-76-672: Mazdatrix lists it at 48.39 USD, Atkins at 99 USD. The same pump fits 1979-94 RX-7s and many other Mazdas. S-001 feeds it from the IG 10 A LB fuse, and the combination switch grounds its LY wire. To diagnose, put 12 V across the pump and see if it runs; if it does, the fault is in the circuit (the switch contact tab is the known 1st-gen failure).",,,8532-76-672,6720A-1 BI-113-11,,PT673,,,mazdatrix
PT039,Blower motor,climate,dash,yes,Mazda,,G-14,,https://partshawk.com/four-seasons-35483-hvac-blower-motor.html,"Mazdatrix 562-426-7960, mazdatrix.inc@gmail.com (https://www.mazdatrix.com)",,,"Dead - no airflow Aftermarket motor-only replacement: Four Seasons 35483 (interchanges Mazda 8871-76-453 / 8871-76-453A, Cardone reman 44-1064, UAC BM3733, Siemens PM3733); it comes without the fan wheel, so the wheel is moved over from the old motor. Fed from the 20 A BLOWER fuse on the LO wire; speed is set by the resistor pack in the ground side.",,,8871-76-453A,6120A-1 BI-078-08 BI-078-02 BI-078-06,,PT221,,,mazdatrix
PT040,A/C system,climate,engine_bay,yes,Mazda,,,,,"Mazdatrix 562-426-7960, mazdatrix.inc@gmail.com (https://www.mazdatrix.com)",,,"Holds charge and barely cools Dealer/port-installed kit: the 1982 catalogue accessory packages 6132AB (condenser), 6142AB (compressor) and 6152AB (evaporator); S-048 is the dealer installation instruction and its p.13 the circuit, S-001 p.24 section G the factory circuit. R-12 system; no factory charge figure found, only forum estimates.",,,,,,,,,mazdatrix
PT041,A/C belt,climate,engine_bay,no,,,,PH039,https://www.rockauto.com/en/moreinfo.php?pk=3972&cc=1192250&pt=8900&jsn=483,"Mazdatrix 562-426-7960, mazdatrix.inc@gmail.com (https://www.mazdatrix.com)",,,The 1982 compressor mounting kit (S-005 6142AB-1 item 74) lists the drive belt as 0000-47-5409-03 with the remark (17385): Dayco 17385 is a 17/32 in x 38.77 in cogged V-belt. Check the belt on the car against it and the RockAuto Gates 9385 (994 mm).,,,0000-68-110-00,1580A-1 EC-049-01; 6142AB-1 BI-087-05,,PT040,,,mazdatrix
PT042,Front rotor hubs,brakes,corners,no,,,,PH031,https://www.atkinsrotary.com/Brake-System/Brake-Rotors/79-85-Rx7-Brake-Rotor-Discs/,Atkins Rotary 360-832-1990 (https://www.atkinsrotary.com/contact-us/),rx7-brake-disk-grabcad-mike,,"Catalogue 3300A-1 (S-005 Engine-Chassis p.97) lists it as 'plate, hub/disk' 8871-33-251A, qty 2, with the hub cap 0419-33-071, set cover 0259-33-049, tab washer 8531-33-043 and nut 0259-33-042. S-038 p.8 gives the 1982 figures: 18 mm new, 17 mm limit, 0.1 mm run-out, the same as SP-113. Atkins sells a new rotor as 8871-33-251B for 79-83 (69.25 USD, 912 in stock 2026-09-27); the 84-85 rotor FA54-33-251B is a different part. Hub and disc come off as one unit (S-002 p.9-5): cap, split pin, nut lock, adjusting nut, washer, outer bearing.",-710 0 295; 710 0 295,"specs: wheel centres from SP-131, SP-132, SP-128, front",8871-33-251A,3300A-1 EC-097-08,,PT056,,,atkins
PT043,Front wheel bearings,brakes,corners,no,,,,PH032,"https://www.rockauto.com/en/catalog/mazda,1982,rx-7,1.1l+r2,1192250,brake+&+wheel+hub","Mazdatrix 562-426-7960, mazdatrix.inc@gmail.com (https://www.mazdatrix.com)",,,"Tapered roller bearings, inner 8545-33-047 (Atkins 32.95 USD, sold as 8545-33-047-MV, 79-85) and outer B002-33-075 (Atkins 17.75 USD, 79-83 only; page says it replaces 8531-33-075 and also fits the 84-85 GLC). The 84-85 RX-7 outer bearing is 1391-33-075 and larger (rx7club thread), so 84-85 listings do not fit. No Timken/Koyo cross found in two searches. Repack with lithium NLGI No.2 and set the preload with a spring scale on a hub bolt (S-002 p.9-6); the 1982 figure is 4.5-6.5 N at the wheel bolt (S-038 p.8).",-710 0 295; 710 0 295,"specs: wheel centres from SP-131, SP-132, SP-128, front",8545-33-047 (inner); B002-33-075 (outer),3300A-1 EC-097-03 EC-097-07,,PT042,,,mazdatrix
PT044,Front wheel seals,brakes,corners,no,,,,PH033,"https://www.rockauto.com/en/catalog/mazda,1982,rx-7,1.1l+r2,1192250,brake+&+wheel+hub","Mazdatrix 562-426-7960, mazdatrix.inc@gmail.com (https://www.mazdatrix.com)",,,"Atkins sells the seal 1312-33-065 at 8.50 USD (in stock 2026-09-27), cross-references 0398-33-065 and FA54-33-065, fits all 79-85 RX-7 and some 85-87 626. The 1985 manual calls it the grease seal, fitted behind the inner bearing (S-002 p.9-5). No National/SKF cross found; Timken 1975S is for 86-91 only.",-710 0 295; 710 0 295,"specs: wheel centres from SP-131, SP-132, SP-128, front",1312-33-065,3300A-1 EC-097-05,,PT042,,,mazdatrix
PT045,Front brake pads,brakes,corners,no,,,,PH034,"https://www.rockauto.com/en/catalog/mazda,1982,rx-7,1.1l+r2,1192250,brake+&+wheel+hub","Mazdatrix 562-426-7960, mazdatrix.inc@gmail.com (https://www.mazdatrix.com)",,,"Catalogue 'pad, sub set' 8871-49-280A, one set per car (S-005 Engine-Chassis p.97). Mazda's set is no longer available; Atkins sells an OEM-quality set as FA57-49-280 for 79-85 12A at 45.00 USD (2026-09-27), and PartsGeek lists Raybestos SGD76 for 79-85 front (search result only, page blocked). Lining is 9 mm new and 1 mm limit (S-038 p.8). Replace all four pads together, never mix types, and grease the caliper mounting pin and attaching bolt with the grease in the pad kit (S-002 p.11-5).",-710 0 295; 710 0 295,"specs: wheel centres from SP-131, SP-132, SP-128, front",8871-49-280A,3300A-1 EC-097-21,,PT050,,,mazdatrix
PT046,Rear brake shoes,brakes,corners,no,,,,PH035,"https://www.rockauto.com/en/catalog/mazda,1982,rx-7,1.1l+r2,1192250,brake+&+wheel+hub","Mazdatrix 562-426-7960, mazdatrix.inc@gmail.com (https://www.mazdatrix.com)",,,"Mazdatrix sells the set of four FA01-26-38Z shoes for 81-85 drum cars (36.38 USD). Leading/trailing shoes; grease the shoe-to-backing-plate, shoe-to-piston and shoe-to-anchor contacts on assembly (S-002 11-10). Figure: S-005 Engine-Chassis PDF p.87 (2610A-1).",-700 -2420 295; 700 -2420 295,"specs: wheel centres from SP-131, SP-132, SP-128, rear",FA01-26-38Z,2610A-1 EC-087-07,,PT445,,,mazdatrix
PT047,Rear brake drums,brakes,corners,no,,,,PH036,"https://www.rockauto.com/en/catalog/mazda,1982,rx-7,1.1l+r2,1192250,brake+&+wheel+hub","Mazdatrix 562-426-7960, mazdatrix.inc@gmail.com (https://www.mazdatrix.com)",,,"Atkins Rotary sells FA01-26-251 (OEM-quality, 59.50 USD each, in stock, 'hard to get'). rx7club owners report cheap Centric drums with an oversized centre bore that would not seat on the axle flange, and that 81-85 drums do not fit 79-80 cars. Held by attaching screws; release the parking brake fully before pulling it (S-002 11-8).",-700 -2420 295; 700 -2420 295,"specs: wheel centres from SP-131, SP-132, SP-128, rear",FA01-26-251,2610A-1 EC-087-02,,PT430,,,mazdatrix
PT048,Rear wheel bearings,brakes,corners,no,,,,PH037,"https://www.rockauto.com/en/catalog/mazda,1982,rx-7,1.1l+r2,1192250,brake+&+wheel+hub","Mazdatrix 562-426-7960, mazdatrix.inc@gmail.com (https://www.mazdatrix.com)",,,"Atkins Rotary stocks the bearing 8871-26-151A (27.25 USD) with its retaining collar 8531-26-152 (27.50 USD), seal 0187-26-154 (7.50 USD) and spacer 0259-26-155 (8.75 USD). The collar is destroyed on removal: grind one side to 0.5 mm and break it with a chisel, then press a new collar on dry (S-002 9-8..9). No maker bearing number was found.",-700 -2420 295; 700 -2420 295,"specs: wheel centres from SP-131, SP-132, SP-128, rear",8871-26-151A,2600A-1 EC-086-07,,PT430,,,mazdatrix
PT049,Rear wheel cylinders,brakes,corners,no,,,,PH038,"https://www.rockauto.com/en/catalog/mazda,1982,rx-7,1.1l+r2,1192250,brake+&+wheel+hub","Mazdatrix 562-426-7960, mazdatrix.inc@gmail.com (https://www.mazdatrix.com)",,,"Atkins Rotary stocks FA01-26-610A (right) and FA01-26-710A (left) at 25.75 USD each; Nisshinbo makes a reproduction pair, NSB-105, 169 USD via JDM Car Parts. Dorman W37549 (right) and W37548 (left) are listed as replacements, 3/4 in bore (check). Inside: two pistons, two piston cups, filling blocks, spring, dust boots, bleeder screw and cap, steel ball (S-002 11-10).",-700 -2420 295; 700 -2420 295,"specs: wheel centres from SP-131, SP-132, SP-128, rear",FA01-26-610A (R); FA01-26-710A (L),2610A-1 EC-087-13 EC-087-14 EC-087-15 EC-087-16 EC-087-26,,PT445,,,mazdatrix
PT050,Front calipers,brakes,corners,yes,Mazda,,,,"https://www.rockauto.com/en/catalog/mazda,1982,rx-7,1.1l+r2,1192250,brake+&+wheel+hub","Mazdatrix 562-426-7960, mazdatrix.inc@gmail.com (https://www.mazdatrix.com)",rx7-front-caliper-grabcad-mike,,"Single-piston floating caliper, the lower attaching bolt comes out and the body pivots up on the upper pin to change pads (S-002 p.11-4). No new Mazda caliper found: Atkins' 79-85 caliper category holds only a 1979 mounting support, and Cardone lists a remanufactured caliper 19-644 for 81-85 RX-7 (side not stated, pricing behind a login). Overhaul is with seal kit 8341-49-240 (in stock at Atkins and Mazdatrix) and the piston comes out with compressed air against a wood block (S-002 p.11-6). The 1983 Mitchell brake article (src-mitchell-1983-brakes) is downloaded to 01-REFERENCE/model/library/datasheets/PT050/.",-710 0 295; 710 0 295,"specs: wheel centres from SP-131, SP-132, SP-128, front",FA57-33-980 (R); FA57-33-990 (L),3300A-1 EC-097-16 EC-097-17,,PT496,,,mazdatrix
PT051,Brake master cylinder,brakes,engine_bay,yes,Mazda,,,,"https://www.rockauto.com/en/catalog/mazda,1982,rx-7,1.1l+r2,1192250,brake+&+wheel+hub","Mazdatrix 562-426-7960, mazdatrix.inc@gmail.com (https://www.mazdatrix.com)",,,"Tandem master cylinder with the level-sensor reservoir on top; strips into reservoir set, bushes, joint bolt with check valve and spring, secondary-piston stop bolt and O-ring, stop ring, primary piston, secondary piston and spring (S-002 11-17). On rear-drum cars the check valve goes in with its six-hole face toward the cylinder body (S-002 11-18). Atkins Rotary sells FA07-43-400 new (OEM-quality, 134 USD, in stock, 'fits 12A with drum brakes') and lists FA18-43-400 beside it; an rx7club thread gives FA01-43-400 as the 81-83 S/GS number and FA18-43-400 as GSL, so check the number cast on the car's cylinder. Nisshinbo (Mazda's supplier) makes a limited reproduction, NSB-102, 398 USD via JDM Car Parts. Figure: S-005 Engine-Chassis PDF p.110 (4340A-1).",,,FA07-43-400,4340A-1 EC-110-12 EC-110-01,,PT052,,,mazdatrix
PT052,Brake booster,brakes,engine_bay,yes,Mazda,,,,https://www.atkinsrotary.com/81-83-rx7-brake-booster-fa16-43-800-.html,"Mazdatrix 562-426-7960, mazdatrix.inc@gmail.com (https://www.mazdatrix.com)",,,"FA16-43-800 is NLA at Atkins Rotary (145 USD, out of stock, 'getting very hard to obtain'); the only aftermarket listing found is a PRIOR 9700158 remanufactured unit on RockAuto (1983 listing, out of stock); used OEM boosters are sold by Autopartone, and rx7club owners report local rebuilds (~80 USD) and Cardone remans. The booster-to-firewall gasket H001-43-443 is 1.88 USD at Atkins. Inside: front and rear shells, diaphragm, power piston, valve rod and plunger (serviced only as an assembly), reaction disc, air silencer and filter, push rod, front and rear seals (S-002 11-21..22).",,,FA16-43-800,4340A-1 EC-110-08 EC-110-07,,,,,mazdatrix
PT053,Steering gear box,steering,engine_bay,yes,Mazda,,,,https://www.atkinsrotary.com/79-85-Rx7-Rebuilt-Steering-Gear-Box-and-Column-ARE850.html,"Mazdatrix 562-426-7960, mazdatrix.inc@gmail.com (https://www.mazdatrix.com)",,,"Pre-1983: the sector shaft is not hardened, a known wear point Mazda has discontinued every 79-85 steering box (Mazdatrix). Exchange rebuilds: Atkins Rotary ARE850 box-and-column, 750 USD + 150 core, out of stock; Advantage Steering SKU 70409, 1145 USD + 500 core, 3-year warranty. Atkins' listing gives the fill as 0.31 US qt (290 cc), which supports the 290 cc reading of S-038. Removal takes the bonnet off and the box out through the engine bay; Mazda's labour figure was 4 h. Figure: S-005 Engine-Chassis PDF p.94 (3210A-1).",,,FA24-32-110B,3210A-1 EC-094-06,,,,,mazdatrix
PT054,Automatic transmission,transmission,underbody,yes,JATCO,3N71B,,,https://cobratransmission.com/overhaul-kit-nissan-l3n71b-3-speed-1971-1987-1100000-1,"Mazdatrix 562-426-7960, mazdatrix.inc@gmail.com (https://www.mazdatrix.com)",,,"JATCO family: 3 = speeds, N = Nissan design, 71 = 71 mm gear spacing, B = second version; the type plate with assembly and serial number sits on the right side of the case on Nissan units - check where the Mazda plate is (the catalogue splits parts at transmission serial 500076 and 626754). Aftermarket overhaul kits are sold under the Nissan L3N71B name (Cobra 53002F, Transtec). Nissan's 1976 280Z Section AT for the same unit is saved under datasheets/PT054.",,,8872-19-090B,1910A-1 EC-062-09,,,,,mazdatrix
PT055,Rear axle and differential,driveline,underbody,yes,Mazda,,,,https://www.atkinsrotary.com/Rear-Differential/Rear-Differential-Hardware/79-85-Mazda-Rx7-Rear-Differential-Hardware/,"Mazdatrix 562-426-7960, mazdatrix.inc@gmail.com (https://www.mazdatrix.com)",,,"1979-83 12A axle is the small-bearing type; 1984-85 housings, shafts and bearings are larger and the differentials do not interchange across that split (rx7club interchange thread). 1979-82 pinion flange is the small one with threaded holes; 1983-85 is the larger through-hole flange. Factory tools: rear axle shaft puller 49 0223 630B with attachment 49 8501 631; carrier-to-casing joint takes sealant 8527 77 739 (1985 FSM 9-11).",0 -2420 295,"specs: the rear axle line, SP-131",8051-27-100C,2700A-1 EC-089-07,,,,,mazdatrix
PT056,Front struts and coil springs,suspension,corners,yes,Mazda,,,,"https://www.rockauto.com/en/catalog/mazda,1982,rx-7,1.1l+r2,1192250,suspension","Mazdatrix 562-426-7960, mazdatrix.inc@gmail.com (https://www.mazdatrix.com)",,,"Bushings age-degraded Rebuilding a strut needs the spring compressor 49 0223 640B with 49 0370 641 and the pilot 49 0259 590 for the cap nut seal (S-002 13-5, 13-7).",-710 0 295; 710 0 295,"specs: wheel centres from SP-131, SP-132, SP-128, front",FA01-34-910B,3400A-1 EC-098-19,,,,,mazdatrix
PT057,Rear coil springs and shock absorbers,suspension,corners,yes,Mazda,,,,"https://www.rockauto.com/en/catalog/mazda,1982,rx-7,1.1l+r2,1192250,suspension","Mazdatrix 562-426-7960, mazdatrix.inc@gmail.com (https://www.mazdatrix.com)",,,Bushings age-degraded Rear springs 8871-28-011B (S-005 2800A-1) go in with the painted mark toward the axle casing (S-002 13-14).,-700 -2420 295; 700 -2420 295,"specs: wheel centres from SP-131, SP-132, SP-128, rear",8871-28-011B,2800A-1 EC-091-01,,,,,mazdatrix
PT058,Air filter,fuel,engine_bay,no,K&N,,,PH040,https://mossmotors.com/222-240-weber-45-dcoe-air-filter-by-k-n-3-deep,,,,"On the Weber 45 DCOE. K&N part number not recorded K&N makes oval DCOE filters in several depths (Moss 222-240 is the 3 in deep 45 DCOE filter, 222-245 the 1-3/4 in; K&N 56-1350 is the 3.25 in tall oval); read the number off the top plate.",,,,,,,,,
PT059,Engine overhaul gasket set,engine,engine_bay,yes,Mazda,,,,https://www.atkinsrotary.com/Rotary-Engine-Parts/Gasket-Kits/79-85-12A-Mazda-Engine-Gasket-Kits/79-85-12A-Rx7-Gasket-Kit-N201-89-100B.html,,,,"Rebuild kit, '81-'82 Atkins sells the 81-85 12A engine gasket kit as N201-89-100B; check it against the catalogue number N201-99-100.",,,N201-99-100,1000A-1 EC-025-01,,PT001,,1,
PT060,Engine overhaul O-ring set,engine,engine_bay,yes,Mazda,,,,https://www.atkinsrotary.com/74-85-12A-13B-Rx7-O-Ring-Kit-ARE115.html,,,,"Rebuild kit, sold apart from the gasket set: rotor-housing coolant and oil O-rings Atkins ARE115 is sold against Mazda 1757-23-040.",,,1757-23-040B,1000A-1 EC-025-03,,PT001,,1,
PT061,Rotor housings,engine,engine_bay,yes,Mazda,,,,,,drawing-rx7club-engine-dimensions-12a-13b,,"Seals in the housing joints: EC-026-04, EC-026-05, EC-026-06, EC-027-01. Fasteners: EC-026-02, EC-026-03",,,N201-10-100,1030A-1 EC-026-01,,PT001,,2,
PT062,Intermediate housing,engine,engine_bay,yes,Mazda,,,,,,,,,,,8341-10-400,1030A-1 EC-026-09,,PT001,,1,
PT063,Front housing,engine,engine_bay,yes,Mazda,,,,,,,,"8981-10-200B needs washer 9995-21-200. Fasteners and plugs: EC-027-04, EC-027-05, EC-027-06, EC-027-07, EC-027-08, EC-027-09",,,8981-10-200 8981-10-200B,1040A-1 EC-027-02 EC-027-03,,PT001,,1,
PT064,Rear housing,engine,engine_bay,yes,Mazda,,,,,,,,1481-10-305 is an A/T line under the rear housing with no description in the catalogue. Fasteners: EC-027-14,,,N201-10-300A 1481-10-305,1040A-1 EC-027-10 EC-027-13,,PT001,,1,
PT065,Oil control plunger valve,engine,engine_bay,yes,Mazda,,,,,,,,"Control plunger, spring and plug, listed under the rear housing Very likely the front-cover oil pressure control valve (it follows the front cover rows in the catalogue figure, and its spring changed for 1983 as the manuals show); check.",,,0839-14-115 0839-14-273A 0839-14-274,1040A-1 EC-027-38; 1040A-2 EC-028-02 EC-028-03,,PT064,,1,
PT066,Front stationary gear,engine,engine_bay,yes,Mazda,,,,https://mazdatrix.com/product/gear-12a-stationary-front-stock/,,,,"Mazdatrix sells it new (3743-10-500), main bearing not included.",,,3743-10-500,1030A-1 EC-026-13,,PT063,,1,
PT067,Rear stationary gear,engine,engine_bay,yes,Mazda,,,,,,,,O-ring: EC-026-16,,,3743-10-550A,1030A-1 EC-026-15,,PT064,,1,
PT068,"Main bearing, front",engine,engine_bay,yes,Mazda,,,,https://mazdatrix.com/product-category/engine/engine-bearings/,,,,Pressed into the front stationary gear; same part as the rear Mazdatrix sells 0820-10-502B new for 1974-92 12A and 13B.,,,0820-10-502B,1030A-1 EC-026-14,,PT066,,1,
PT069,"Main bearing, rear",engine,engine_bay,yes,Mazda,,,,https://mazdatrix.com/product-category/engine/engine-bearings/,,,,Pressed into the rear stationary gear; same part as the front Mazdatrix sells 0820-10-502B new for 1974-92 12A and 13B.,,,0820-10-502B,1030A-1 EC-026-14,,PT067,,1,
PT070,Rear oil seal,engine,engine_bay,yes,Mazda,,,,https://www.atkinsrotary.com/Rotary-Engine-Parts/Mazda-Rotary-Engine-O-Rings-and-Seals/Mazda-Rotary-Engine-Front-and-Rear-Main-Seals/,,,,Atkins sells 1668-10-556A new for 1969-95 RX-7.,,,1668-10-556A,1030A-1 EC-026-17,,PT064,,1,
PT071,Front cover,engine,engine_bay,yes,Mazda,,,,,,,,"Gasket and fittings: EC-027-31, EC-027-32, EC-027-33, EC-027-35",,,1480-10-600A,1040A-1 EC-027-30,,PT001,,1,
PT072,Front oil seal,engine,engine_bay,yes,Mazda,,,,https://www.atkinsrotary.com/93-95-Rx7-and-04-11-Rx8-Front-Main-Seal-N3R1-10-507.html,,,,Atkins lists front main seal N3R1-10-507 for all 1969-2011 rotaries; check it replaces 0820-10-605.,,,0820-10-605,1040A-1 EC-027-29,,PT071,,1,
PT073,Timing top indicator pin,engine,engine_bay,yes,Mazda,,,,,,,,The leading (yellow) and trailing (red) marks on the eccentric shaft pulley are read against this pin.,,,8871-10-631A,1040A-1 EC-027-28,,PT071,,1,
PT074,Oil filler pipe,engine,engine_bay,yes,Mazda,,,,,,,,Pipe joint: EC-026-11,,,3565-10-410A,1030A-1 EC-026-10,,PT001,,1,
PT075,Oil filler cap,engine,engine_bay,yes,Mazda,,,,,,,,Cap gasket: EC-026-08,,,8871-10-250A,1030A-1 EC-026-07,,PT074,,1,
PT076,Oil dipstick,engine,engine_bay,yes,Mazda,,,,,,,,,,,N201-10-830,1030A-1 EC-026-12,,PT001,,1,
PT077,Oil pan,engine,engine_bay,yes,Mazda,,,,,,,,"check: N201-10-700A is California, N203-10-700 Federal; which the car was built as is not recorded (emission label under the hood). Pan gasket: EC-027-24",,,N201-10-700A N203-10-700,1040A-1 EC-027-19 EC-027-20,,PT001,2026-09-26,1,
PT078,Oil drain plug,engine,engine_bay,yes,Mazda,,,,https://www.atkinsrotary.com/Oil-Pan-Drain-Plug-HE03-10-404.html,,,,"HE03-10-404 is the alternative number. Sealing washer, renew at each oil change: EC-027-23 (9956-41-400) Atkins sells HE03-10-404 new, replacing 9951-11-400.",,,9951-11-400 HE03-10-404,1040A-1 EC-027-21 EC-027-22,,PT077,,1,
PT079,Eccentric shaft,engine,engine_bay,yes,Mazda,,,,,,thingiverse-2239231,,"The A/T line under 11 400; the catalogue row carries no description. End plug: check which is fitted, O-ring EC-029-05 (to Dec '81, serial to 629394) or blind plug EC-029-08 ('82, from 629394); VIN serial not recorded. Key: EC-029-27",,,1883-11-400A,1100A-1 EC-029-04,,PT001,2026-09-26,1,
PT080,Eccentric shaft oil jets,engine,engine_bay,yes,Mazda,,,,,,,,Each a jet plug with a steel ball (9961-12-000) and spring (0839-11-412),,,0839-11-411A,1100A-1 EC-029-09 EC-029-10 EC-029-11,,PT079,,2,
PT081,Eccentric shaft thrust needle bearings,engine,engine_bay,yes,Mazda,,,,,,,,"With thrust plate 1011-11-504 (EC-029-21), thrust washer 1011-11-507 (EC-029-23) and plate 1011-11-501 (EC-029-14)",,,0813-11-505B,1100A-1 EC-029-22,,PT079,,2,
PT082,Eccentric shaft end-play spacer,engine,engine_bay,yes,Mazda,,,,,,,,"Selective fit, length 8.00, 8.02, 8.04, 8.06, 8.08 mm in that order; check which is in the engine (only by measuring on teardown)",,,0839-11-509 0839-11-502 0839-11-508 8519-11-517 0839-11-506,1100A-1 EC-029-16 EC-029-17 EC-029-18 EC-029-19 EC-029-20,,PT079,,1,
PT083,Front balance weight,engine,engine_bay,yes,Mazda,,,,,,,,"A/T, from serial 500076; the catalogue row carries no description, the name is read from its position in the figure - check",,,1881-11-511,1100A-1 EC-029-25,,PT079,,1,
PT084,Distributor drive gear,engine,engine_bay,yes,Mazda,,,,,,,,Its F mark faces the front of the engine.,,,0839-11-531,1100A-1 EC-029-28,,PT079,,1,
PT085,Oil pump drive sprocket,engine,engine_bay,yes,Mazda,,,,https://www.atkinsrotary.com/79-85-Rx7-Oil-Pump-Gear-Drive-0839-11-551A.html,Atkins Rotary 360-832-1990,,,No longer sold new; Atkins supplies used ones.,,,0839-11-551A,1100A-1 EC-029-29,,PT079,,1,
PT086,Eccentric shaft pulley,engine,engine_bay,yes,Mazda,,,,,,,,Pulley bolt: EC-029-02 Carries the leading and trailing timing marks.,,,8649-11-600,1100A-1 EC-029-01,,PT079,,1,
PT087,Flywheel,engine,engine_bay,yes,Mazda,,,,,,,,"With the A/T control weight 1883-11-751A (EC-029-32). Key and lock nut: EC-029-30, EC-029-31",,,N201-11-700,1100A-1 EC-029-12,,PT079,,1,
PT088,"Rotors, front and rear",engine,engine_bay,yes,Mazda,,,,,,grabcad-full-12-a-rotary-engine,,"1480-23-103 front, 1480-23-113 rear",,,1480-23-103 1480-23-113,1110A-1 EC-030-18 EC-030-20,,PT079,,2,
PT089,Rotor bearings,engine,engine_bay,yes,Mazda,,,,https://www.atkinsrotary.com/74-91-Rx7-and-Auto-Rx8-Rotor-Bearing-1011-11-111.html,Atkins Rotary 360-832-1990,,,One in each rotor Still sold new under the same number.,,,1011-11-111,1110A-1 EC-030-01,,PT088,,2,
PT090,Apex seals,engine,engine_bay,yes,Mazda,,,,https://www.atkinsrotary.com/store/12A-3mm-Rx7-Stock-Mazda-Apex-Seal-Set-N201-11-300B.html,Atkins Rotary 360-832-1990,13b-apex-seal-jig-printables-blockatiel,,"Superseded by N201-11-300B, a two-piece seal with a glued tip.",,,N201-11-300A,1110A-1 EC-030-02,,PT088,,6,
PT091,Apex seal side pieces,engine,engine_bay,yes,Mazda,,,,https://www.atkinsrotary.com/store/3mm-Rounded-Apex-Seal-Tip-N201-11-302A.html,,,,,,,N201-11-302A,1110A-1 EC-030-03,,PT090,,6,
PT092,Apex seal springs,engine,engine_bay,yes,Mazda,,,,https://www.atkinsrotary.com/12A-3mm-Rx7-Apex-Seal-Spring-Set-1011-11-304B.html,,,,,,,1011-11-304B,1110A-1 EC-030-04,,PT090,,6,
PT093,Side seals,engine,engine_bay,yes,Mazda,,,,https://www.atkinsrotary.com/12A-and-GSL-SE-Rx7-Side-Seal-Set-1011-23-151A.html,,,,New seals come long and are hand-fitted to the corner seals.,,,1011-23-151A,1110A-1 EC-030-22,,PT088,,12,
PT094,Side seal springs,engine,engine_bay,yes,Mazda,,,,https://mazdatrix.com/product/rotor-kit-12a-74-85/,,,,,,,0820-11-317,1110A-1 EC-030-05,,PT093,,12,
PT095,Corner seals,engine,engine_bay,yes,Mazda,,,,https://www.atkinsrotary.com/74-75-3mm-oem-solid-corner-seal-set-1011-11-321-.html,,,,Mazdatrix's current 12A rotor kit lists the corner seal as N225-11-321; check the supersession of 1202-11-321.,,,1202-11-321,1110A-1 EC-030-06,,PT088,,12,
PT096,Corner seal plugs,engine,engine_bay,yes,Mazda,,,,https://mazdatrix.com/product/rotor-kit-12a-74-85/,,,,The workshop manual calls it the soft seal; it sits inside the corner seal. Mazdatrix sells it as corner seal rubber N201-11-322.,,,N201-11-322,1110A-1 EC-030-08,,PT095,,12,
PT097,Corner seal springs,engine,engine_bay,yes,Mazda,,,,https://mazdatrix.com/product/rotor-kit-12a-74-85/,,,,Mazdatrix's 12A rotor kit lists the corner seal spring as NF01-11-C24; check the supersession of 1202-11-323A.,,,1202-11-323A,1110A-1 EC-030-09,,PT095,,12,
PT098,Rotor oil seal sets,engine,engine_bay,yes,Mazda,,,,https://mazdatrix.com/product/rotor-kit-12a-74-85/,,,,"O-rings, inner and outer: EC-030-10, EC-030-11 Mazdatrix's 12A rotor kit lists the oil seals as N3Z1-11-S10A pairs, 1202-11-343 and 0820-11-341.",,,8871-23-180,1110A-1 EC-030-23,,PT088,,4,
PT099,Rotor oil seal springs,engine,engine_bay,yes,Mazda,,,,https://mazdatrix.com/product/rotor-kit-12a-74-85/,,,,"Front inner, front outer, rear inner, rear outer; two of each Cream-painted springs go on the front faces, blue on the rear faces; Mazdatrix lists N225-11-351 and N225-11-361 for two of the four numbers.",,,1011-11-351 1011-11-353A 1011-11-361 1011-11-363A,1110A-1 EC-030-12 EC-030-14 EC-030-15 EC-030-17,,PT098,,8,
PT100,Intake manifold (factory),fuel,engine_bay,yes,Mazda,,,,,,,,"The side-draft Weber sits on the Pierce K678 manifold (PT006), so the factory 4-barrel manifold, with its valve and shaft (1480-13-120A, N201-13-121), is off - confirm. Gasket and O-rings: EC-031-02, EC-031-03",,,N201-13 100A,1300A-1 EC-031-01 EC-031-04 EC-031-05,replaced,PT001,,1,
PT101,Exhaust manifold,engine,engine_bay,yes,Mazda,,,,,,,,"Gaskets, manifold and pipe: EC-032-09, EC-032-11. Fasteners: EC-032-06, EC-032-07, EC-032-08, EC-032-10",,,1480-13-600B,1310A-1 EC-032-05,,PT001,,1,
PT102,Exhaust manifold heat insulator,engine,engine_bay,yes,Mazda,,,,,,,,With absorber plate 1480-13-380A (EC-032-02) and its bracket 3565-13-390 (EC-032-04),,,1480-13-370,1310A-1 EC-032-01,,PT101,,1,
PT103,Hot air duct,engine,engine_bay,yes,Mazda,,,,,,,,"Fed warm air to the factory air cleaner, which the K&N filter replaced; check whether it is still on the manifold",,,1480-13-330,1310A-1 EC-032-03,,PT101,2026-09-26,1,
PT104,Oil pump,engine,engine_bay,yes,Mazda,,,,https://www.atkinsrotary.com/74-85-12A-Rx7-Oil-Pump-8553-14-100.html,Atkins Rotary 360-832-1990,,,"Shaft 1757-14-112 and middle plate 8501-14-118 (EC-044-02, EC-044-05). Fasteners: EC-044-03, EC-044-04, EC-044-06, EC-044-07 Bolts to the front housing; the 17 mm 13B pump 8553-14-100 is the common upgrade.",,,8501-14-100,1400A-1 EC-044-01,,PT001,,1,
PT105,Oil pump rotor sets,engine,engine_bay,yes,Mazda,,,,,,,,,,,8501-14-110,1400A-1 EC-044-31,,PT104,,2,
PT106,Oil pump sprocket,engine,engine_bay,yes,Mazda,,,,,,,,,,,0839-14-141A,1400A-1 EC-044-08,,PT104,,1,
PT107,Oil pump drive chain,engine,engine_bay,yes,Mazda,,,,https://www.atkinsrotary.com/store/69-85-Oil-Pump-Chain-0839-14-142.html,Atkins Rotary 360-832-1990,,,,,,0839-14-142,1400A-1 EC-044-09,,PT104,,1,
PT108,Oil strainer,engine,engine_bay,yes,Mazda,,,,,,,,Strainer gasket: EC-044-10,,,8871-14-160,1400A-1 EC-044-11,,PT104,,1,
PT109,Oil pressure regulator,engine,engine_bay,yes,Mazda,,,,https://www.atkinsrotary.com/04-08-rx8-rear-oil-pressure-regulator-3648-14-250.html,,,,Sits in the rear housing.,,,3648-14-250,1400A-1 EC-044-12,,PT001,,1,
PT110,Oil filter body,engine,engine_bay,yes,Mazda,,,,,,,,O-rings: EC-044-14,,,8341-14-310,1400A-1 EC-044-15,,PT001,,1,
PT111,Metering pump driven gear,engine,engine_bay,yes,Mazda,,,,,,,,With its shaft 0820-14-620A and pin 0813-14-623. confirm whether the gear and shaft came out with the pump or still sit in the front cover,,,0820-14-625A,1400A-1 EC-044-18 EC-044-19 EC-044-20,replaced,PT002,,1,
PT112,Metering oil tubes,engine,engine_bay,yes,Mazda,,,,,,,,"Clips and O-rings: EC-044-13, EC-044-27",,,8871-14-660B 8871-14-670B,1400A-1 EC-044-21 EC-044-22,replaced,PT002,,2,
PT113,Metering pump control linkage,engine,engine_bay,yes,Mazda,,,,,,,,"Connecting rod 8871-14-651 and control lever 1757-23-844 to the factory carburettor, with adjust shim 1757-14-652 (T=1.0), adjust screw and nut",,,8871-14-651 1757-23-844,1400A-1 EC-044-23 EC-044-24 EC-044-28 EC-044-29 EC-044-30,replaced,PT002,,1,
PT114,Engine mounting bracket,engine,engine_bay,yes,Mazda,,,,,,,,,,,8871-39-021B,3900A-1 EC-102-01,,PT001,,1,
PT115,"Engine mount rubber, right",engine,engine_bay,yes,Mazda,,,,https://www.atkinsrotary.com/79-85-Rx7-Front-Left-Side-Engine-Mount-1668-39-040D.html,,,,"Stopper casing: EC-102-03. Bolts: EC-102-05 Atkins Rotary sells 1668-39-040D new (in stock, 2026-09) but calls it the LEFT mount, while the factory catalogue lists it as RUBBER (R); check which side it sits on before ordering. Atkins lists it as replacing 0866-39-040B, 1540-39-040, 1668-39-040C and 2329-39-040A.",,,1668-39-040D,3900A-1 EC-102-02,,PT001,,1,
PT116,"Engine mount rubber, left",engine,engine_bay,yes,Mazda,,,,https://atkinsrotary.com/store/79-85-Rx7-Right-Side-Engine-Mount-8545-39-040.html,,,,"Stopper casing: EC-102-03 Available new from Atkins Rotary (in stock, 2026-09), sold as the RIGHT mount although the factory catalogue lists 8545-39-040 as RUBBER (L); check the side on the car before ordering.",,,8545-39-040,3900A-1 EC-102-04,,PT001,,1,
PT117,Transmission mount member,transmission,underbody,yes,Mazda,,,,,,,,"A/T line under 39 380; the catalogue row carries no description - check what it is on the car Catalogue 3900A-1 row 39-380 is MEMBER, TRANSMISSION MOUNTING: 1480-39-380A for M/T, 1481-39-380B for A/T (S-005 Engine-Chassis PDF p.102) - it is the transmission crossmember.",,,1481-39-380B,3900A-1 EC-102-08,,PT054,,1,
PT118,Transmission mount rubber,transmission,underbody,yes,Mazda,,,,https://www.atkinsrotary.com/74-85-Rear-Transmission-Mount-1011-39-340A.html,,,,"Genuine 1011-39-340A still sold by Atkins Rotary ($62, in stock 2026-09), listed 74-85; Atkins warns it does not fit 84-85 automatics, but the 81-83 catalogue gives this one number for M/T and A/T.",,,1011-39-340A,3900A-1 EC-102-06,,PT117,,1,
PT119,"Transmission mount insulators, upper and lower",transmission,underbody,yes,Mazda,,,,https://www.atkinsrotary.com/store/79-85-Rx7-Transmission-Cross-Member-Insulator-0884-39-385A.html,,,,"check: to serial 626754 upper 0884-39-385A and lower 0884-39-384; from 626755 upper F001-39-375 and lower 8599-39-384A; VIN serial not recorded. Studs, same split: EC-102-09, EC-102-10 Atkins: upper 0884-39-385A NLA, lower 0884-39-384A out of stock; studs 1013-39-382A to serial 626754, F001-39-372 from 626755 (S-005 p.102). The later insulators were not found for sale.",,,0884-39-385A 0884-39-384 F001-39-375 8599-39-384A,3900A-1 EC-102-12 EC-102-13 EC-102-14 EC-102-15,,PT117,,4,
PT120,Fuel return check valve,fuel,engine_bay,yes,Mazda,,,,https://www.rx7club.com/1st-generation-specific-1979-1985-18/return-fuel-line-check-valve-757380/,,,,"In the return line near the carburettor; confirm it survived the Weber conversion One-way valve in the return line, flowing toward the tank only; a clogged one lets fuel back-wash and flood the carburettor after shutdown (rx7club). No supplier lists 3648-13-270A; the 1985 manual gives the replacement procedure and the arrow direction on 4A-50.",,,3648-13-270A,1320A-1 EC-033-03,not-fitted,,,,
PT121,"Fuel hoses, engine bay (main and return)",fuel,engine_bay,yes,Mazda,,,,,,,,"Factory bulk rubber hose (8 mm main 9935-80-8999, 6 mm return 9935-80-6999; the return number read against the S-005 numeric index); check which sections the 3/8 in line (PT011) replaced. also: EC-033-12 N201-13-445",,,9935-80-8999 9935-80-6999,1320A-1 EC-033-09 EC-033-10 EC-033-04 EC-033-12,,,,,
PT122,Carburettor insulator (to intake manifold),fuel,engine_bay,yes,Mazda,,,,,,,,Factory carburettor base insulator; the Pierce K678 manifold replaced it - confirm,,,1480-13-220B,1320A-1 EC-033-05,replaced,PT136,,,
PT123,Idle switch cap,fuel,engine_bay,yes,Mazda,,,,,,,,"Part of the factory carburettor, which a Weber 45 DCOE (PT006) replaced",,,1481-13-205C,1320A-1 EC-033-02,replaced,PT136,,,
PT124,Charcoal canister,fuel,engine_bay,yes,Mazda,,,,https://www.ebay.com/itm/296187183992,,,,"Recall campaign 21605 may apply - confirm whether it was done. also: EC-033-20 N201-20-611, EC-033-23 New canisters are not listed; used 1981-83 12A canisters appear on eBay and autopart3 (sold out at 55 USD). The NHTSA recall list for the 1982 RX-7 (S-055) holds only 85V108 (idler arm), so 'campaign 21605' is a Mazda service campaign number, not a NHTSA one - check the dealer service history.",,,N201-20-610A,1320A-1 EC-033-21 EC-033-20 EC-033-23,not-fitted,,,,
PT125,Evaporative and canister hoses,fuel,engine_bay,yes,Mazda,,,,,,,,Bulk hose; check routing after the Weber conversion,,,9935-10-8999 9935-10-4999,1320A-1 EC-033-24 EC-033-25 EC-033-27 EC-033-18,,PT124,,,
PT126,Air cleaner assembly (factory),fuel,engine_bay,yes,Mazda,,,,,,,,"Replaced by the K&N filter on the Weber (PT058). also: EC-034-06 1757-23-680, EC-033-01 8871-13-201A, EC-034-05 8245-23-673",,,N201-13-300,1330A-1 EC-034-01 EC-034-06 EC-033-01 EC-034-05,replaced,,,,
PT127,Air cleaner element (factory),fuel,engine_bay,yes,Mazda,,,,,,,,,,,8341-23-672,1330A-1 EC-034-03,replaced,PT126,,,
PT128,Air cleaner temperature compensator,fuel,engine_bay,yes,Mazda,,,,,,,,,,,3648-23-693A,1330A-1 EC-034-07,replaced,PT126,,,
PT129,Air intake pipe (snorkel),fuel,engine_bay,yes,Mazda,,,,,,,,,,,1757-13-351A,1330A-1 EC-034-04,replaced,PT126,,,
PT130,Hot air hose,fuel,engine_bay,yes,Mazda,,,,,,,,,,,8871-13-341A,1330A-1 EC-034-02,replaced,PT126,,,
PT131,Air cleaner ventilation hose,fuel,engine_bay,yes,Mazda,,,,,,,,,,,8871-13-785C,1320A-1 EC-033-19,replaced,PT126,,,
PT132,Starting assist motor,fuel,engine_bay,yes,Mazda,,,,,,,,"Drove the factory carburettor, which is gone; confirm whether it is still fitted. also: EC-035-01 8871-13-085B No cold-start hardware remains since the Weber conversion.",,,8341-13-085,1350A-1 EC-035-03 EC-035-01,replaced,,,,
PT133,Starting assist cable,fuel,engine_bay,yes,Mazda,,,,,,,,"Drove the factory carburettor, which is gone; confirm whether it is still fitted. also: EC-035-07 8871-13-087A No cold-start hardware remains since the Weber conversion.",,,8871-13-086B,1350A-1 EC-035-05 EC-035-07,replaced,PT132,,,
PT134,Starting fluid tank,fuel,engine_bay,yes,Mazda,,,,,,,,Confirm it is still fitted No cold-start hardware remains since the Weber conversion.,,,1881-13-510G,1350A-1 EC-035-08,replaced,,,,
PT135,Starting assist thermo unit,fuel,engine_bay,yes,Mazda,,,,,,,,Federal cars only; confirm whether the car is Federal or California spec and whether it is fitted. also: EC-035-09 1757-13-515A No cold-start hardware remains since the Weber conversion.,,,8712-13-531 8871-13-527,1350A-1 EC-035-11 EC-035-10 EC-035-09,replaced,PT134,,,
PT136,Carburettor (factory Nikki 4-barrel),fuel,engine_bay,yes,Mazda,,,,,,,,"Replaced by the Weber 45 DCOE (PT006). N202-13-200A is California A/T, N204-13-200A Federal A/T (which was fitted is unknown and no longer matters). also: EC-036-09 N201-23-652, EC-036-12 N201-13-205, EC-036-13 N201-23-510, EC-039-27 2183-23-508, EC-039-28 1570-23-507, EC-038-01 1663-23-530, EC-038-02 8871-23-530, EC-038-03 0107-13-781, EC-038-06 0730-23-318, EC-039-19 0823-23-394, EC-039-02 0823-23-402A, EC-038-29 0305-23-356, EC-038-21 8826-23-338",,,N202-13-200A N204-13-200A,1359A-1 EC-036-03 EC-036-07 EC-036-09 EC-036-12 EC-036-13 EC-039-27 EC-039-28 EC-038-01 EC-038-02 EC-038-03 EC-038-06 EC-039-19 EC-039-02 EC-038-29 EC-038-21,replaced,,,,
PT137,Carburettor repair kit,fuel,engine_bay,yes,Mazda,,,,,,,,,,,N201-99-131,1359A-1 EC-036-11 EC-036-10,replaced,PT136,,,
PT138,Air horn,fuel,engine_bay,yes,Mazda,,,,,,,,also: EC-038-16 N201-23-327,,,N201-23-310,1360A-1 EC-038-08 EC-038-16,replaced,PT136,,,
PT139,Throttle chamber,fuel,engine_bay,yes,Mazda,,,,,,,,"with bracket set, front and rear lever sets, rod and link set and return springs. also: EC-038-30 N201-23-371, EC-038-27 8341-23-349",,,N202-23-330 N202-23-370 1480-23-420 N202-23-430 N201-23-480 N201-23-380,1360A-1 EC-038-13 EC-038-34 EC-038-15; 1360A-2 EC-039-04 EC-039-12 EC-039-18 EC-038-30 EC-038-27,replaced,PT136,,,
PT140,Secondary diaphragm chamber,fuel,engine_bay,yes,Mazda,,,,,,,,,,,N201-23-350 N249-23-350 N201-23-361,1360A-1 EC-038-04 EC-038-17; 1359A-1 EC-036-14,replaced,PT136,,,
PT141,Carburettor solenoid valve,fuel,engine_bay,yes,Mazda,,,,,,,,,,,8871-23-411,1360A-1 EC-038-18,replaced,PT136,,,
PT142,"Floats, front and rear",fuel,engine_bay,yes,Mazda,,,,,,,,with level gauge cover sets. also: EC-038-22 3743-23-34C,,,N201-23-328 N201-23-329,1360A-1 EC-038-19 EC-038-20 EC-038-22,replaced,PT136,,,
PT143,Float needle valves,fuel,engine_bay,yes,Mazda,,,,,,,,with inlet strainers and fuel connector set,,,N201-23-390 8871-23-401 8871-23-409A,1360A-1 EC-038-36 EC-038-07; 1360A-2 EC-039-03,replaced,PT136,,,
PT144,Jets and air bleeds,fuel,engine_bay,yes,Mazda,,,,,,,,"main 1st and 2nd, step, slow, and air bleed jets. also: EC-038-25 8980-23-354, EC-038-26 8980-23-357",,,N202-23-421 0222-23-355B N201-23-426 3743-23-425 N202-23-423 8021-23-351 8871-23-424 8649-23-434 N201-23-492,1360A-1 EC-038-23 EC-038-38 EC-038-37; 1360A-2 EC-039-01 EC-039-07 EC-039-09 EC-039-14 EC-039-15 EC-039-21 EC-038-25 EC-038-26,replaced,PT136,,,
PT145,Accelerator pump,fuel,engine_bay,yes,Mazda,,,,,,,,with pump weight and nozzle set,,,N201-23-360 N201-23-490 3743-23-488,1360A-1 EC-038-28 EC-038-05; 1360A-2 EC-039-20,replaced,PT136,,,
PT146,Idle and throttle adjust screws,fuel,engine_bay,yes,Mazda,,,,,,,,,,,N201-23-460 N201-23-440,1360A-1 EC-038-31; 1360A-2 EC-039-16,replaced,PT136,,,
PT147,Semi-automatic choke,fuel,engine_bay,yes,Mazda,,,,,,,,with return choke set and vacuum pipe set,,,N201-23-500A N201-23-503 N201-23-509,1360A-2 EC-039-22 EC-039-26 EC-039-25,replaced,PT136,,,
PT148,Choke bi-metal and holder,fuel,engine_bay,yes,Mazda,,,,,,,,,,,N201-23-502A N201-23-501,1360A-2 EC-039-24 EC-039-23,replaced,PT147,,,
PT149,Air pump,engine,engine_bay,yes,Mazda,,,,,,,,"Confirm it is still fitted: the Weber manifold may have dropped the air injection. also: EC-040-01 1757-13-714 Belt-driven vane air pump feeding the air control valve, thermal reactor/port air and the catalyst; the factory test is outlet pressure above 11.5 kPa at 800 rpm with gauge set 49 2113 010B (1980 and 1985 manuals). No new 12A pump found on sale; used units only.",,,1757-13-710B,1371A-1 EC-040-12 EC-040-01,not-fitted,PT001,,,
PT150,Air pump pulley,engine,engine_bay,yes,Mazda,,,,,,,,,,,1757-23-713A,1371A-1 EC-040-13,,PT149,,,
PT151,Air pump V-belt,engine,engine_bay,yes,Mazda,,,,https://www.atkinsrotary.com/74-85-12A-Rx7-Air-Pump-Belt-1757-13-715.html,,,,Check fitted Runs between the water pump pulley and the air pump pulley; tension is set by swinging the pump on its strap bolt. OEM-quality replacement 1757-13-715 in stock at Atkins Rotary (2026-09).,,,1757-13-715,1371A-1 EC-040-02,,PT149,,,
PT152,Air control valve,engine,engine_bay,yes,Mazda,,,,,,,,"N201-13-720 is California, N203-13-720 Federal; confirm which, and confirm it is still fitted: the Weber manifold may have dropped the air injection. also: EC-040-08 N201-13-724 The 1981-83 factory ACV holds three valves in one body - the air relief valve, the air switching valve and the No.1 anti-afterburn valve - and is not repairable: it is replaced as a unit (S-006 p72-73, 1981). A block-off plate for 81-91 non-turbo engines (Racing Beat 16325, sold by Atkins Rotary) exists if the air injection has been removed.",,,N201-13-720 N203-13-720,1371A-1 EC-040-05 EC-040-06 EC-040-08,not-fitted,,,,
PT153,Air injection hoses,engine,engine_bay,yes,Mazda,,,,,,,,also: EC-040-10 1480-13-726,,,1757-13-717 1480-13-718A N201-13-725,1371A-1 EC-040-03 EC-040-04 EC-040-09 EC-040-10,,PT152,,,
PT154,Air injection check valve,engine,engine_bay,yes,Mazda,,,,,,,,"The 1981-82 system has two check valves: one for port air (ACV to exhaust port) and one for split air (ACV to the 2-bed catalyst); this part (1480-13-730, figure 1371A-1) is the one on the ACV (S-006 p71-72).",,,1480-13-730,1371A-1 EC-040-11,,PT152,,,
PT155,Shutter valve actuator (diaphragm),engine,engine_bay,yes,Mazda,,,,,,,,"Gasket N201-13-135 California or N203-13-135 Federal; confirm it is still fitted: the Weber manifold may have dropped the air injection. also: EC-041-06 N201-13-135, EC-041-07 N203-13-135, EC-041-08 1480-13-137A, EC-041-09 1480-13-139B, EC-041-05 1480-13-727A; 1380A-2 EC-042-01: see recall campaigns 23702/2370C for emission control The shutter valve on the intake manifold shuts the rear primary port on deceleration while the combined coasting valve lets fresh air into the rear primary port; its diaphragm is worked by manifold vacuum through the yellow-dot shutter solenoid valve, active on deceleration above about 1100 rpm (S-006 p78, p94-95).",,,1480-13-130A,1380A-1 EC-041-04 EC-041-06 EC-041-07 EC-041-08 EC-041-09 EC-041-05 EC-042-01,not-fitted,,,,
PT156,Three-way solenoid valves (vacuum switching),engine,engine_bay,yes,Mazda,,,,,,,,"4 x 1481-13-240A (the Fed/A-T/Cal row EC-041-11 has no number of its own; it is the variant of EC-041-10) and 1 x 1482-13-240A, on bracket 1480-13-241A; confirm fitted and which are still wired. also: EC-041-14 1480-13-241A Five three-way vacuum solenoid valves, each coded by a coloured dot: air-con/throttle opener white, air relief blue, coasting/shutter yellow, air switching gray, vacuum control (distributor advance cut) orange (S-006 p85). The 1982 wiring diagram feeds each from the emission control unit, with the other pin to ground (S-001 p12).",,,1481-13-240A 1482-13-240A,1380A-1 EC-041-11 EC-041-12 EC-041-14,not-fitted,,,5,
PT157,Emission vacuum pipe assembly,engine,engine_bay,yes,Mazda,,,,,,,,Confirm fitted,,,N201-13-650A,1380A-1 EC-041-19,not-fitted,,,,
PT158,Emission vacuum hoses and tubes,engine,engine_bay,yes,Mazda,,,,,,,,Bulk hose and tube; vacuum caps 1010-13-104 x 3. also: EC-041-03; check which factory lines remain - replacement lines are PT012,,,9935-10-6999 9935-10-4999 9935-10-1999 9935-10-4095 9935-10-8999,1380A-1 EC-041-01 EC-041-15 EC-041-16 EC-041-20 EC-041-21 EC-041-23 EC-041-27 EC-041-33 EC-041-03,,PT157,,,
PT159,Vacuum actuator,engine,engine_bay,yes,Mazda,,,,,,,,"Confirm fitted and what it drives on this car. also: EC-041-13 8871-13-291A The 1981 layout's vacuum-driven pieces are the shutter valve diaphragm, the throttle opener (pulls the throttle open with the A/C on), two choke diaphragms, the dash pot (M/T) and the distributor advance units (S-006 p66, p93-95); which of them this 'actuator' 3648-13-290 is, the catalogue does not say - check on the car.",,,3648-13-290 8871-13-296B,1380A-1 EC-041-17 EC-041-18 EC-041-13,not-fitted,,,,
PT160,Anti-afterburn valve,engine,engine_bay,yes,Mazda,,,,,,,,"with its air hoses; confirm fitted. also: EC-041-26 N201-13-757A This is the No.2 anti-afterburn valve (the No.1 is inside the air control valve): on the first moment of deceleration it lets air from the air cleaner into the rear secondary port (S-006 p77, p95).",,,N201-13-750 N201-13-755 N201-13-756,1380A-1 EC-041-22 EC-041-24 EC-041-25 EC-041-26,not-fitted,,,,
PT161,Vacuum delay valve,engine,engine_bay,yes,Mazda,,,,,,,,"Confirm fitted The 1981 vacuum routing shows the delay valve in the vacuum line to the No.1 choke diaphragm, which it lets pull the choke further open a few seconds after start (S-006 p82, p108); check that this is where it sits on the car.",,,N201-13-980A,1380A-1 EC-041-28,not-fitted,,,,
PT162,Altitude compensator,fuel,engine_bay,yes,Mazda,,,,,,,,N249-20-770 is a marked <A> alternative; it sat on the factory air cleaner - confirm whether it is still fitted. also: EC-041-31 N201-20-771,,,N201-20-770A N249-20-770,1380A-1 EC-041-29 EC-041-30 EC-041-31,not-fitted,,,,
PT163,Canister purge valve,fuel,engine_bay,yes,Mazda,,,,https://parts.jimellismazdamarietta.com/p/Mazda__RX-7/VALVE--PURGE/105321279/1480-20-950A.html,,,,"Check fitted Sits near the oil filler pipe, purging canister vapour into the intake above idle. Atkins lists 1480-20-950A at 79.95 USD but no longer available; Mazda dealer sites still list the number.",,,1480-20-950A,1380A-1 EC-041-32,,PT124,,,
PT164,Accelerator pedal and arm,fuel,cabin,yes,Mazda,,,,,,,,"also: EC-106-02 8239-41-619, EC-106-03 3597-41-650A, EC-106-04 0259-41-644, EC-106-07 0118-41-681, EC-106-08 0118-41-682",,,FA01-41-610,4160A-1 EC-106-01 EC-106-02 EC-106-03 EC-106-04 EC-106-07 EC-106-08,,,,,
PT165,Accelerator pedal pad,fuel,cabin,yes,Mazda,,,,https://mazdatrix.com/product-category/interior/pedals/,,,,Mazdatrix stocks the 79-83 gas pedal pad 8871-41-711B (16.68 USD).,,,8871-41-711B,4160A-1 EC-106-09,,PT164,,,
PT166,Accelerator cable,fuel,engine_bay,yes,Mazda,,,,https://www.atkinsrotary.com/79-85-12A-Rx7-Throttle-Cable-FA01-41-660.html,,,,"Factory cable, cut; a custom bracket carries a new cable end that attaches to the old bare cable end. Not the catalogued Weber-kit cable (FA01-41-660) — a spliced hybrid, confirmed 2026-09-26. Atkins lists the factory cable FA01-41-660 at 75 USD, out of stock with limited remaining supply.",,,FA01-41-660,4160A-1 EC-106-05,,PT164,2026-09-26,,
PT167,Fuel tank,fuel,underbody,yes,Mazda,,,,https://www.autopartone.com/products/81-83-mazda-rx7-oem-gas-tank,,,,"'82 type (serial 525552 on); see parts bulletin T-2-4. also: EC-107-03, EC-107-14 8531-42-761, EC-107-23 8871-12-745, EC-107-31 8871-72-761 No new or reproduction tank exists for the 1981-83 car; used tanks appear on autopartone (349 USD, sold out) and eBay. Removal and hose insertion figures are in the 1985 manual 4A-48/49.",,,FA01-42-110B,4200A-1 EC-107-04 EC-107-03 EC-107-14 EC-107-23 EC-107-31,,,,,
PT168,"Fuel tank bands, left and right",fuel,underbody,yes,Mazda,,,,,,,,,,,8871-42-710B 8871-42-720A,4200A-1 EC-107-22 EC-107-24,,PT167,,,
PT169,Fuel gauge sender unit,fuel,underbody,yes,Mazda,,,,https://www.atkinsrotary.com/Electrical-Systems/Electrical-Sensors/Electrical-Fuel-Level-Sensors/Mazda-Rx7-Fuel-Level-Sensors/81-83-Rx7-Fuel-Level-Sensor-FA01-60-960A.html,,,,"also: EC-107-40 8871-60-962A Still sold new by Atkins (129.99 USD, with gasket) and Mazda dealers. Two-wire resistive sender: Y signal to the fuel gauge, B to ground (1982 diagram, connector C-01).",,,FA01-60-960A,4200A-1 EC-107-39 EC-107-40,,PT167,,,
PT170,Fuel filler pipe,fuel,rear,yes,Mazda,,,,https://www.atkinsrotary.com/79-83-rx7-fuel-tank-filler-neck-8871-42-210c.html,,,,"also: EC-107-08 0866-42-366B, EC-107-09 8871-42-242A Atkins lists 8871-42-210C at 75 USD, no longer available with a few left; the cap screws straight onto this neck.",,,8871-42-210C,4200A-1 EC-107-06 EC-107-08 EC-107-09,,PT167,,,
PT171,Fuel filler hose,fuel,rear,yes,Mazda,,,,,,,,,,,8344-42-241,4200A-1 EC-107-07,,PT170,,,
PT172,Fuel filler cap,fuel,rear,yes,Mazda,,,,https://www.atkinsrotary.com/79-85-Rx7-Gas-Cap-8871-42-250B.html,,,,also: EC-107-27 8871-42-365 Atkins stocks the OEM cap 8871-42-250B (21.11 USD). Owners report the stock cap is not vented (the tank vents through the canister) and came branded Gates or Stant; PartsGeek lists Motorad MGC763 as the aftermarket fit.,,,8871-42-250B,4200A-1 EC-107-10 EC-107-27,,PT170,,,
PT173,Fuel filler lid,body,rear,yes,Mazda,,,,,,,,"also: EC-107-25 FA01-42-431B, EC-107-19 0187-70-491 Catalogue row 42-410 'lid, fuel filler' 8871-42-410A is for the '81 and '82 models; the '83 lid is a different number, FA54-42-410 (S-005 Engine-Chassis p.107). Lift spring FA01-42-431B and two stoppers 0187-70-491 (from FB331-500063) sit with it. No new or used FB lid found online (two searches, 2026-09-27).",,,8871-42-410A,4200A-1 EC-107-20 EC-107-25 EC-107-19,,,,,
PT174,Fuel tank vent check valve,fuel,underbody,yes,Mazda,,,,,,,,also: EC-107-38 8871-42-920 This is the 'check and cut valve' of the evaporative line: it relieves tank pressure or vacuum and stops fuel loss if the car overturns; test pressures are in the specs (1985 manual).,,,8341-42-910A,4200A-1 EC-107-36 EC-107-38,,PT167,,,
PT175,Fuel tank vent and breather hoses,fuel,underbody,yes,Mazda,,,,,,,,with breather pipe 8562-42-530,,,8871-42-571B F001-42-581A 8344-42-245 8562-42-530 9935-10-6999,4200A-1 EC-107-32 EC-107-34 EC-107-35 EC-107-17 EC-107-12 EC-107-13,,PT167,,,
PT176,"Fuel main pipe (steel, tank to engine)",fuel,underbody,yes,Mazda,,,,,,,,"also: EC-114-29 8173-45-901A, EC-114-32, EC-114-34 8171-45-903A, EC-114-28 8871-45-715 Runs under the floor from the tank-side fuel pump and filter to the engine bay, held by pipe clips and a pipe protector (catalogue figure 4500A-1). No reproduction steel line for the 1981-82 carburetted car was found; Inline Tube makes only the 1984-85 GSL-SE main line (5/16 in).",,,FA01-45-111B FA01-45-112,4500A-1 EC-114-01 EC-114-03 EC-114-29 EC-114-32 EC-114-34 EC-114-28,,,,,
PT177,Fuel return pipe (steel),fuel,underbody,yes,Mazda,,,,,,,,Carries surplus fuel from the carburettor back to the tank; the factory manuals show the return hose on the tank fitting beside the main hose.,,,FA01-45-611A,4500A-1 EC-114-17,,,,,
PT178,Evaporation pipes (steel),fuel,underbody,yes,Mazda,,,,,,,,Carries tank vapour forward to the charcoal canister through the check and cut valve (1985 manual 4A-3 schematic); leak test is the U-tube pressure test in the specs.,,,FA01-45-711 FA30-45-712,4500A-1 EC-114-22 EC-114-25,,,,,
PT179,"Fuel hoses, tank and pump",fuel,underbody,yes,Mazda,,,,https://parts.mazdausa.com/p/Mazda__/HOSE/105326679/9935-80-8999.html,,,,"Rubber hoses joining the steel pipes to the tank, fuel pump, filter and fuel cut valve; all are pushed fully onto their fittings and secured with clips.",,,8344-45-125 8344-45-126 8344-45-123 9935-80-8999 9935-80-6999,4500A-1 EC-114-07 EC-114-09 EC-114-21 EC-114-06 EC-114-19 EC-114-20,,,,,
PT180,Fuel cut valve (factory),fuel,underbody,yes,Mazda,,,,https://parts.mazdausa.com/p/Mazda_1992_626/VALVE--FUEL-CUT/105324575/3919-45-170A.html,,,,"Factory valve in the fuel piping; check whether the fuel cut-off PT010 is this valve or a separate part. also: EC-114-12 8871-45-131A Bolted on its own bracket in the feed line after the fuel pump, with a 'from fuel pump' inlet and a 'to carburetor' outlet marked by arrows on the body (1980 and 1985 manuals). Mazda still lists 3919-45-170A, shared with B-series trucks and the 626.",,,3919-45-170A,4500A-1 EC-114-15 EC-114-12,,,,,
PT181,Radiator cap,cooling,front,yes,Mazda,,,,https://www.atkinsrotary.com/Coolant-System/Mazda-Radiators-and-Parts/79-85-Rx7-Radiators-and-Caps/79-85-12A-Rx7-Radiator-Cap-8871-15-205.html,,,,"13 psi cap. Atkins sells 8871-15-205 new (79-85 12A, not 84-85 13B); aftermarket 13 psi equivalents listed for this car include Gates 31527 and Motorad T13.",,,8871-15-205,1500A-1 EC-046-36,,PT020,,,
PT182,"Radiator hose, upper",cooling,engine_bay,yes,Mazda,,,,https://www.atkinsrotary.com/Coolant-System/Radiator-and-Coolant-Hoses/79-85-Coolant-Hoses/,,,,Atkins lists 8871-15-511 (79-82 12A) as out of stock; Racing Beat silicone kit 11480 (upper and lower hoses plus 4 clamps) replaces both hoses.,,,8871-15-511,1500A-1 EC-046-32,,PT020,,,
PT183,"Radiator hose, lower",cooling,engine_bay,yes,Mazda,,,,https://www.atkinsrotary.com/Coolant-System/Radiator-and-Coolant-Hoses/79-85-Coolant-Hoses/,,,,Atkins lists 8871-15-521 (79-82 12A) as out of stock; Racing Beat silicone kit 11480 covers it.,,,8871-15-521,1500A-1 EC-046-33,,PT020,,,
PT184,Radiator fan shroud (cowling),cooling,engine_bay,yes,Mazda,,,,,,,,,,,8871-15-401A,1500A-1 EC-046-38,,PT020,,,
PT185,Water pump shaft bearings,cooling,engine_bay,yes,Mazda,,,,,,,,The bearing is pressed in by its outer race and held by a snap ring.,,,8871-15-121A,1500A-1 EC-046-15,,PT021,,2,
PT186,Water pump seal,cooling,engine_bay,yes,Mazda,,,,,,,,"with dust seal plate 1757-15-118 If the seal seat on the impeller is scored or pitted, replace the impeller along with the seal.",,,1757-15-120A,1500A-1 EC-046-23 EC-046-22,,PT021,,,
PT187,Water pump baffle plate,cooling,engine_bay,yes,Mazda,,,,,,,,"check: 0118-15-125 up to serial FB331 618134, N201-15-125A from 618135; read the VIN serial",,,0118-15-125 N201-15-125A,1500A-1 EC-046-24 EC-046-25,,PT021,2026-09-26,,
PT188,Water pump cover,cooling,engine_bay,yes,Mazda,,,,https://www.atkinsrotary.com/79-85-Rx7-Water-Pump-N232-99-153B.html,,,,"Sold new only in aluminium as Atkins N232-99-153B (replaces N232-99-153A and 3648-15-130), with the pump gasket; the housing-to-block gasket is separate. Cast-iron versions are no longer made.",,,N232-99-153A,1500A-1 EC-046-26,,PT021,,,
PT189,Water pump pulley boss,cooling,engine_bay,yes,Mazda,,,,,,,,"Comes off the shaft in a press, using Mazda adapter 49 1975 145 bolted to the boss.",,,1757-23-927,1500A-1 EC-046-21,,PT021,,,
PT190,Water pump pulley,cooling,engine_bay,yes,Mazda,,,,https://www.atkinsrotary.com/store/74-85-Rx7-Water-Pump-Pulley-1757-15-151B.html,,,,No longer available from Mazda. Atkins makes an aluminium reproduction (1757-15-151B-ARE).,,,1757-15-151B,1500A-1 EC-046-27,,PT021,,,
PT191,Cooling fan and fan drive,cooling,engine_bay,yes,Mazda,,,,,,,,on the water pump pulley boss; pulley spacer 8872-15-211,,,N201-15-250B,1500A-1 EC-046-40 EC-046-39,,PT021,,,
PT192,Cooling fan,cooling,engine_bay,yes,Mazda,,,,,,,,,,,3648-15-200A,1500A-1 EC-046-28,,PT191,,,
PT193,Fan drive (viscous coupling),cooling,engine_bay,yes,Mazda,,,,https://www.atkinsrotary.com/81-83-rx7-fan-clutch-n201-15-210b-.html,,,,N201-15-210B (81-83 12A) is no longer available (NLA at Atkins). The 84-85 12A clutch is N249-15-210B; no source says it interchanges.,,,N201-15-210B,1500A-1 EC-046-37,,PT191,,,
PT194,Thermostat cover,cooling,engine_bay,yes,Mazda,,,,https://www.atkinsrotary.com/81-85-12A-Rx7-Thermostat-Housing-8872-15-170A.html,,,,Atkins stocks 8872-15-170A (all 81-85 12A) and says housing 1757-15-172 also fits.,,,8872-15-170A,1500A-1 EC-046-30,,PT021,,,
PT195,Coolant sub tank,cooling,engine_bay,yes,Mazda,,,,https://www.atkinsrotary.com/81-85-12A-Rx7-Overflow-Tank-1052-15-350D.html,,,,bracket FA01-56-374; clip 8156-18-863B Round bottle. Its successor 1052-15-350D replaces 1052-15-350B and is sold new by Atkins. Check the level with the engine cold: it should sit between the FULL and LOW marks.,,,1052-15-350B,1500A-2 EC-047-06 EC-047-01 EC-047-09,,,,,
PT196,Coolant sub tank cap,cooling,engine_bay,yes,Mazda,,,,,,,,,,,1052-15-355A,1500A-2 EC-047-08,,PT195,,,
PT197,Coolant sub tank hose,cooling,engine_bay,yes,Mazda,,,,,,,,,,,8871-15-351A,1500A-2 EC-047-07,,PT195,,,
PT198,Engine oil cooler,engine,front,yes,Mazda,,,,https://www.atkinsrotary.com/79-82-12A-Rx7-Oil-Cooler-8871-14-700A.html,,,,"below the radiator; clip 3565-14-662A (oil group, where it holds is not stated - check) New 8871-14-700A is no longer available (Atkins Rotary lists it NLA, 79-82 12A); the thermo pellet PT199 comes fitted in new coolers.",,,8871-14-700A,1500A-1 EC-046-02 EC-046-01,,,2026-09-26,,
PT199,Oil cooler thermo pellet (bypass valve),engine,front,yes,Mazda,,,,https://www.atkinsrotary.com/79-92-Rx7-Oil-Cooler-Thermostat-8871-14-810.html,,,,"note               with spring 1757-14-821, stopper nut 1757-14-822, gasket 9956-42-200. The catalogue print reads 8871-?4-810; 14 read from the group - check Atkins Rotary sells 8871-14-810 new (Mazda, with crush washer) as fitting all 1979-91 RX-7s, which settles the catalogue's unreadable digit as 14.",,,8871-14-810,1500A-1 EC-046-10 EC-046-11 EC-046-12 EC-046-13,,PT198,,,
PT200,Oil cooler hose (1011-14-720),engine,engine_bay,yes,Mazda,,,,https://www.atkinsrotary.com/79-82-12A-Rx7-Short-Oil-Cooler-Line-1011-14-720.html,,,,"protector 0813-14-716; union joints 9938-41-200F x2 Available new as the 79-82 12A short oil cooler line (Atkins Rotary, Mazda 1011-14-720); a steel-braided line kit (Atkins 11907) also exists for 79-82 12A.",,,1011-14-720,1500A-1 EC-046-04 EC-046-03 EC-046-05,,PT198,,,
PT201,Oil cooler hose (8871-14-730),engine,engine_bay,yes,Mazda,,,,https://www.atkinsrotary.com/79-82-12A-Rx7-Long-Oil-Cooler-Line-8871-14-730.html,,,,"connector 9938-11-400; bracket 8871-14-742; clip 0839-14-745A Available new as the 79-82 12A long oil cooler line (Atkins Rotary, Mazda 8871-14-730).",,,8871-14-730,1500A-1 EC-046-06 EC-046-07 EC-046-08 EC-046-09,,PT198,,,
PT202,Heater unit,climate,dash,yes,Mazda,,,,,,,,"service hole cover 0810-56-639 The 1985 workshop manual (Section 15, p15-79) has an exploded view of the heater unit, blower unit and ducts; the 1985 dash differs, so use it for layout only.",,,FA42-61-130,6100A-1 BI-075-07 BI-075-05,,,,,
PT203,Heater case,climate,dash,yes,Mazda,,,,,,,,two halves; cover 8871-76-418; plate 8871-76-404; clamps 8871-76-466 x6,,,FA42-76-401 FA42-76-400A,6110A-1 BI-076-06 BI-076-11 BI-076-01 BI-076-05 BI-076-33,,PT202,,,
PT204,Heater core,climate,dash,yes,Mazda,,,,https://www.thebrassworks.net/collections/heater-cores/products/mazda-rx-7-1979-1985-gen-i-heater-core,,,,"The Mazda core 8871-76-402 is no longer available (Atkins Rotary). The Brassworks makes a copper replacement to order for 1979-85 LHD cars, about 12 to 14 weeks.",,,8871-76-402,6110A-1 BI-076-10,,PT202,,,
PT205,Heater core pipes,climate,dash,yes,Mazda,,,,,,,,,,,8871-76-416 8871-76-417,6110A-1 BI-076-18 BI-076-19,,PT204,,,
PT206,Heater water valve,climate,dash,yes,Mazda,,,,https://www.atkinsrotary.com/79-85-Rx7-Heater-Core-Valve-8871-76-409.html,,,,"Genuine Mazda valve 8871-76-409 fits every 1979-85 12A and 13B car; Atkins Rotary lists it again (Mazda re-released it), stock varies. Mazdatrix lists it as NLA.",,,8871-76-409,6110A-1 BI-076-17,,PT202,,,
PT207,Heater unit hoses (inside the unit),climate,dash,yes,Mazda,,,,,,,,"hose bands 8871-76-425 x2; clips 8871-76-471, 8871-76-419 x2",,,8871-76-420,6110A-1 BI-076-21 BI-076-20 BI-076-24 BI-076-32,,PT202,,3,
PT208,Heater doors (shutters no. 1-3),climate,dash,yes,Mazda,,,,,,,,"shaft 8871-76-408; bushings 8871-76-414 x3, 8871-76-470, 8871-76-427, stepped 8871-76-434; springs 8871-76-415 x3, 8871-76-428",,,FA42-76-403 8871-76-405 8871-76-410A,6110A-1 BI-076-07 BI-076-08 BI-076-09 BI-076-34 BI-076-02 BI-076-03 BI-076-04 BI-076-25 BI-076-26 BI-076-30,,PT202,,,
PT209,Heater unit control levers and guides,climate,dash,yes,Mazda,,,,,,,,"guides 8871-76-421, 8871-76-422, FA42-76-429; plate 8871-76-430A; washer and screw 8871-76-432; washer 8871-76-433",,,8871-76-406 8871-76-413 8871-76-407 8871-76-411A 8871-76-412A,6110A-1 BI-076-12 BI-076-13 BI-076-14 BI-076-15 BI-076-16 BI-076-22 BI-076-23 BI-076-27 BI-076-28 BI-076-29 BI-076-31,,PT202,,,
PT210,Heater hose no. 1,climate,engine_bay,yes,Mazda,,,,https://atkinsrotary.com/store/79-85-Rx7-Engine-Heater-Hose-8871-61-230.html,,,,"Engine-to-firewall heater hose, 1979-82 12A and 1984-85 13B; still sold new as genuine Mazda (Atkins Rotary, Mazdatrix).",,,8871-61-230,6100A-1 BI-075-15,,PT202,,,
PT211,Heater hose no. 2,climate,engine_bay,yes,Mazda,,,,https://www.atkinsrotary.com/79-85-Rx7-Heater-at-Firewall-to-Pipe-Hose-8871-61-212.html,,,,"Heater (at the firewall) to heater pipe hose, all 1979-85; still sold new as genuine Mazda.",,,8871-61-212,6100A-1 BI-075-17,,PT202,,,
PT212,Heater hose no. 3,climate,engine_bay,yes,Mazda,,,,https://mazdatrix.com/product-category/cooling-system/water-cooling-systems/hoses-and-pumps/,,,,"Heater pipe to radiator hose, 1979-82 only; discontinued by Mazda (Atkins, Mazdatrix). Atkins says it takes hose clamp 9928-22-600. The 1983-85 hose FA42-61-213A is still sold but belongs to the '83 pipe.",,,8871-61-213,6100A-1 BI-075-18,,PT202,,,
PT213,Heater pipe,climate,engine_bay,yes,Mazda,,,,,,,,protector 1011-61-216; firewall grommets 8871-61-219A x2 Steel pipe that joins heater hose no. 2 to hose no. 3 (pipe to radiator); the 1979-82 pipe F001-61-220B is not the same as the '83 FA42-61-220C.,,,F001-61-220B,6100A-1 BI-075-21 BI-075-20 BI-075-23,,PT202,,,
PT214,Blower-to-heater duct (cars without A/C),climate,dash,yes,Mazda,,,,,,,,"Listed for cars without A/C; the car has A/C (PT040), where the evaporator case takes this place - confirm. Its drain plugs 0187-53-134, 0118-56-241, B499-62-868 and hole plug 1708-61-031 are also without-A/C only",,,8871-61-150,6100A-1 BI-075-09 BI-075-02 BI-075-03 BI-075-04 BI-075-06,not-fitted,PT202,,,
PT215,Heater control panel,climate,dash,yes,Mazda,,,,,,,,"check: FA01-61-190 up to serial FB331 633360 (thru Jan 82), FA01-61-190A from 633361; read the VIN serial. The internal parts below are listed for FA01-61-190 only. Small parts: bushings 8871-76-516, 8871-76-518, 8531-76-415; snap ring 0259-71-158; washers 0315-76-028 x2, 8871-76-517; plate 8871-76-503A; bracket F001-76-500A; bearing covers 8871-76-509, 8871-76-512; spring 8871-76-510; steel balls 8871-76-511, 8871-76-514; spacer 8871-76-513; pin 8871-76-515 Three controls: a mode lever (REC/MAX, VENT, BI-LEVEL, HEAT, DEF), a temperature lever (COLD to HOT) and a rotary fan knob (OFF, L, M, HI) with the A/C push switch. This layout is shown on the 1980 panel (1980 workshop manual Fig. 15-33); check it against this car's panel.",,,FA01-61-190 FA01-61-190A,6100A-1 BI-075-10 BI-075-11; 6115A-1 BI-077-01 BI-077-02 BI-077-05 BI-077-06 BI-077-07 BI-077-09 BI-077-12 BI-077-13 BI-077-14 BI-077-15 BI-077-16 BI-077-17 BI-077-18 BI-077-19 BI-077-20,,,,,
PT216,Heater control knobs,climate,dash,yes,Mazda,,,,,,,,"knob no. 1 x2, knob, A/C knob; the A/C knob is listed without A/C fitment and the car has A/C (PT040) - check it is on the panel",,,8171-61-191A 8563-61-196A 8563-61-197B,6100A-1 BI-075-12 BI-075-13 BI-075-14,,PT215,,4,
PT217,Heater control illumination bulb,climate,dash,yes,Mazda,,,,,,,,"Factory ref E-06, fed on RL from the panel dimmer and grounded on B; the 1.4 W rating is already recorded. Trade number not found: check it on the bulb.",,,8595-76-552,6100A-1 BI-075-24,,PT215,,,
PT218,Blower fan switch,climate,dash,yes,Mazda,,,,,,,,"listed as a part of FA01-61-190; check on the car which control panel is fitted Rotary 4-position switch (OFF, LO, MI, HI) that switches the blower's ground through the resistor taps. It also contains the A/C push switch and a 1.4 W A/C indicator lamp, so the A/C works only when the fan is on.",,,8563-76-504,6115A-1 BI-077-08,,PT215,,,
PT219,"Heater control levers (selector, temperature)",climate,dash,yes,Mazda,,,,,,,,listed as parts of FA01-61-190; check which control panel is fitted,,,FA01-76-502 8249-76-501,6115A-1 BI-077-10 BI-077-11,,PT215,,,
PT220,Heater control cables,climate,dash,yes,Mazda,,,,,,,,"cable clamps 8562-76-508, 8871-76-508 x2. Listed as parts of FA01-61-190; check which control panel is fitted Adjusting (1985 manual, other panel): set the mode to VENT, pull the heater-unit mode lever fully rearward and clamp the wire. For temperature, set COLD MAX, push the heater-unit selector lever down (COLD) and clamp, then check it travels fully from COLD to HOT.",,,8871-76-505 8341-76-506 8871-76-507,6115A-1 BI-077-21 BI-077-22 BI-077-23 BI-077-03 BI-077-04,,PT215,,3,
PT221,Heater blower unit,climate,dash,yes,Mazda,,,,,,,,"packing 8871-76-465; gaskets 8871-76-454, 8871-76-458; screws 8871-76-455 x3; washer 0866-76-471; collar 8871-76-462 Under the passenger side of the dash. It holds the motor, fan, resistor pack and the fresh/recirculation door.",,,8871-61-140A,6100A-1 BI-075-08; 6120A-1 BI-078-03 BI-078-17 BI-078-18 BI-078-24 BI-078-28 BI-078-23,,,,,
PT222,Blower fan case,climate,dash,yes,Mazda,,,,,,,,upper and lower case; flange 8871-76-452,,,8871-76-450 8871-76-451,6120A-1 BI-078-07 BI-078-10 BI-078-16,,PT221,,,
PT223,Blower fan wheel,climate,dash,yes,Mazda,,,,,,,,"The catalogue names 8871-76-456 (key 76 424A) MOTOR, FAN, next to the motor 8871-76-453A; read here as the fan wheel on the motor shaft - check. held by nut 3794-76-426 and washers 0866-76-475, 0866-76-476, listed up to serial FB331 618727 - check Aftermarket motors (Four Seasons 35483) come without a wheel, so this wheel is moved over to the new motor.",,,8871-76-456,6120A-1 BI-078-09 BI-078-22 BI-078-25 BI-078-26,,PT039,,,
PT224,Blower motor cooling hose,climate,dash,yes,Mazda,,,,,,,,,,,8871-76-479,6120A-1 BI-078-27,,PT039,,,
PT225,Blower resistor,climate,dash,yes,Mazda,,,,https://www.atkinsrotary.com/79-83-Rx7-Heater-Blower-Motor-Resistor-8871-76-457.html,,,,"Mazda 8871-76-457 is no longer available (Atkins Rotary). A wire-wound pack in the blower unit under the passenger dash. On A/C cars the first stage is shorted, so HI runs the motor with no resistance. Owners report that 40-year-old packs go open-circuit; rx7club suggests the 1986 Mazda 626 or 323 pack as a donor (unverified).",,,8871-76-457,6120A-1 BI-078-13,,PT221,,,
PT226,Blower wiring,climate,dash,yes,Mazda,,,,,,,,"Carries the blower unit's 4-pin connector G-14 (LO, LR, LY, LW), which links the dash harness to the motor and the resistor taps.",,,8871-76-467A,6120A-1 BI-078-20,,PT221,,,
PT227,Fresh/recirculation door,climate,dash,yes,Mazda,,,,,,,,"shaft 8871-76-468; lever 8871-76-460; springs 8871-76-463, 8871-76-461; washer 8871-76-469; clips 8871-76-464, 8871-76-466 x4, 8871-76-471",,,8871-76-459,6120A-1 BI-078-11 BI-078-01 BI-078-04 BI-078-05 BI-078-12 BI-078-14 BI-078-15 BI-078-19 BI-078-21,,PT221,,,
PT228,A/C compressor bracket and strap (factory listing),climate,engine_bay,yes,Mazda,,,,,,,,"check: the '82 A/C package lists its own compressor mounting 0000-67-C10A-4A; check which bracket is on the car No new or reproduction bracket found; used OEM 12A compressor brackets are sold for 1984-85 cars (e.g. https://www.autopartone.com/products/84-85-mazda-rx7-oem-12a-a-c-compressor-bracket), fit to the '82 engine not checked. Listing sold out on 2026-09-25 (USD 75).",,,8562-15-921 8562-15-908,1580A-1 EC-049-03 EC-049-02,,PT001,2026-09-26,,
PT229,A/C compressor mounting and adjusting arms,climate,engine_bay,yes,Mazda,,,,https://www.autopartone.com/products/84-85-mazda-rx7-oem-12a-a-c-compressor-bracket,,,,"'82 A/C package: mounting, front and rear adjusting arms, adapter kit. Fasteners: bolt sack kit 0000-67-5409-02; bolts 0000-67-X10M-13, 0000-67-1983-70, 0000-67-1981-79 x2, 0000-67-X10M-25, 0000-67-6716-17, 0000-67-X10A-06; nuts 0000-67-1983-77 x5, 0000-67-1983-76; lockwashers 0000-67-1976-92, 0000-67-X40A-01, 0000-67-X40M-03 x8; flatwashers 0000-67-0970-17 x6; spacers 0000-67-1983-69 x2. Check against the factory bracket 8562-15-921 The Mazda dealer A/C installation instruction (S-048, year not stated) shows this kit as mount MZ-97-A-1 bolted to the engine on two 3/8 in spacers, the compressor hung from it on a 3/8 x 5 in bolt at the bottom and two 3/8 x 1-1/2 in bolts in the top adjusting slots; the rear adjusting-arm bolt also carries the spark plug wire holder. Listing is a used 84-85 bracket; check fit. Listing sold out on 2026-09-25 (USD 75).",,,0000-67-C10A-4A 0000-67-C21A-4A 0000-67-C22A-4A 0000-67-C00A-4A,6142AB-1 BI-087-02 BI-087-03 BI-087-04 BI-087-01 BI-087-06 BI-087-07 BI-087-08 BI-087-09 BI-087-10 BI-087-11 BI-087-12 BI-087-13 BI-087-14 BI-087-15 BI-087-16 BI-087-17 BI-087-18 BI-087-19,,PT001,2026-09-26,,
PT230,A/C compressor and clutch (Sankyo),climate,engine_bay,yes,Mazda,,,,https://www.partsgeek.com/sbpjn1x-mazda-rx7-ac-compressor.html,https://www.sanden.com/productlibrary/manuals/SD_Service_Guide_Rev_2.pdf,grabcad-sanden-refrigerant-compressor,,"assembly Sankyo 9157; compressor alone Sankyo 1573. Shaft key 0000-67-0127-16; O-ring set 0000-67-0123-40 Sankyo SD-508 family (Sanden today: 5-cylinder wobble plate, 138 cc, R-12; the R-134a successor is SD5H14); replacement Four Seasons 58033 is a new SD508 with clutch and 5-1/4 in pulley for dealer-installed A/C. S-049 (1980 compressor repair manual) covers the Nippondenso 6P134 swash-plate compressor, not this one. Hose fittings point upward when mounted (S-048 p.2).",,,0000-67-D00B-3A 0000-67-0121-39,6142AB-1 BI-087-20 BI-087-21 BI-087-22 BI-087-24,,PT040,,,
PT231,A/C compressor shaft seal kit,climate,engine_bay,yes,Mazda,,,,,,,,,,,0000-67-0124-26,6142AB-1 BI-087-23,,PT230,,,
PT232,A/C compressor gasket kit,climate,engine_bay,yes,Mazda,,,,,,,,,,,0000-67-D13B-3B,6142AB-1 BI-087-25,,PT230,,,
PT233,A/C compressor valve plate,climate,engine_bay,yes,Mazda,,,,,,,,,,,0000-67-D14B-3B,6142AB-1 BI-087-26,,PT230,,,
PT234,A/C compressor cylinder head,climate,engine_bay,yes,Mazda,,,,,,,,,,,0000-67-0127-08,6142AB-1 BI-087-27,,PT230,,,
PT235,A/C compressor clutch,climate,engine_bay,yes,Mazda,,,,,,,,"accessory kit 0000-67-0234-00 (key 111, with the clutch parts) Clutch lead wire loops through the open hole in the compressor body so it cannot touch the pulley; it takes the black wire from the A/C relay (S-048 p.9 step 31). Sanden SD-series clutch service values (air gap, shims, torques) are recorded as replacement specs.",,,0000-67-0229-58,6142AB-1 BI-087-28 BI-087-29,,PT230,,,
PT236,A/C clutch front plate and rotor,climate,engine_bay,yes,Mazda,,,,,,,,Replacement compressor Four Seasons 58033 carries a 5-1/4 in diameter single-groove pulley; check the pulley diameter on the car.,,,0000-67-0233-15,6142AB-1 BI-087-30,,PT235,,,
PT237,A/C clutch bearing,climate,engine_bay,yes,Mazda,,,,,,,,,,,0000-67-D23A-6A,6142AB-1 BI-087-31,,PT235,,,
PT238,A/C clutch field coil,climate,engine_bay,yes,Mazda,,,,,,,,,,,0000-67-0232-43,6142AB-1 BI-087-32,,PT235,,,
PT239,A/C condenser,climate,front,yes,Mazda,,,,https://autoacsolutions.com/products/condensers/1979-1980-1981-1982-1983-1984-1985-mazda-rx7-ac-condenser-high-performance-replaces-oe-67128508-67126557/,,,,"sack kit 0000-67-1478-05; brackets 0000-67-0007-44 x2 (R), 0000-67-0007-45 x2 (L); tapping screws 0000-67-X30A-01 x14 Mounted in front of the radiator inside the cowling: two studs on the passenger-side bracket take 1/4 in kepnuts, the driver side takes two 1/4-20 x 1/2 bolts (S-048 p.3, S-005 p.81). Inlet (3/8 in fitting) at top left when laid flat; left brackets at holes 1-2 and 6-7, right brackets at holes 1-2 and 9-10 from the top (S-048 p.2 step 7). Reproduction made on OE tooling: Auto AC Solutions, replaces 67128508.",,,0000-67-1285-08,6132AB-1 BI-081-01 BI-081-06 BI-081-07 BI-081-08 BI-081-25,,PT040,,,
PT240,A/C receiver-drier,climate,engine_bay,yes,Mazda,,,,https://www.partcatalog.com/products/four-seasons-33234-a-c-receiver-drier,,,,"mounting bracket 0000-67-0011-83; grommets 0000-67-A43A-6F, 0000-67-A44A-6F x2; check where it is mounted Held to its bracket by two bands and two #10-32 x 1/2 screws with kepnuts, bracket to the radiator cowling with two 1/4 in kepnuts (S-048 p.3-4). Four Seasons 33234 (3/8 in flare in/out, switch port, 2.5 x 8 in) is listed for 1981-82 RX-7.",,,0000-67-0440-53,6132AB-1 BI-081-02 BI-081-09 BI-081-10 BI-081-11,,PT040,2026-09-26,,
PT241,A/C low pressure switch,climate,engine_bay,yes,Mazda,,,,,,,,"on the receiver-drier Catalogue calls it the low pressure switch on the receiver-drier (S-005 p.81). In S-001 it is G-21 'refrigerant pressure switch' (YL/YR) in series between the No.1 air-con relay and the frost switch; the dealer circuit drawing (S-048 p.13) shows no pressure switch, so check which wiring the car has.",,,0000-67-A93A-3F,6132AB-1 BI-081-02,,PT240,,,
PT242,"A/C liquid hose, condenser to receiver-drier",climate,engine_bay,yes,Mazda,,,,,,,,Attached to the condenser at about 45 degrees upward toward the front of the car (S-048 p.2 step 8).,,,0000-67-0652-70,6132AB-1 BI-081-03,,PT040,,,
PT243,"A/C liquid hose, receiver-drier to evaporator",climate,engine_bay,yes,Mazda,,,,,,,,"Routed through a hole in the upper right of the radiator cowling with a grommet, clamped to the lip of the front body panel (#6 clamp, #10-32 screw), to the wheel well by the overflow tank (drilled 1/4 in hole) and to the forward inside stud of the shock tower (8 mm nut); must clear the headlight door mechanism by at least 2 in (S-048 p.10).",,,0000-67-0652-71,6132AB-1 BI-081-04,,PT040,,,
PT244,A/C suction and discharge hose assembly,climate,engine_bay,yes,Mazda,,,,,,,,"with tube block 0000-67-1978-02 (bolt 0000-67-6716-50); hose O-ring set 0000-67-0123-38. Hose routing parts: protectors 0000-67-1977-07, 0000-67-1977-09; clamps 0000-67-1998-14 x2, 0000-67-1998-13, 0000-67-0007-47, 0000-67-A46A-3F; firewall clamp-brackets 0000-67-0011-61 (R), 0000-67-0011-62 (L); ty-raps 0000-67-X60A-00 x4; nuts, washers, screws, bolts 0000-67-1981-86, -1983-82, -1997-59, -1982-33, -1997-24, -0402-83, -1997-27 Discharge line passes through the hole in the radiator cowling on the driver's side nearest the radiator with a foam protector, is clamped (#8 clamp) to a stand-off bracket and to the frame by the battery box (6 mm bolt), and runs under the car harness to the compressor. Suction hose: 110-degree fitting at the evaporator, 45-degree fitting at the compressor, routed under the hot-start assist cable, clamped by the hood latch (S-048 p.4-5, p.11).",,,0000-67-1970-27,6132AB-1 BI-081-05 BI-081-12 BI-081-13 BI-081-14 BI-081-15 BI-081-16 BI-081-17 BI-081-18 BI-081-19 BI-081-20 BI-081-21 BI-081-22 BI-081-23 BI-081-24 BI-081-26 BI-081-27 BI-081-29; 6132AB-2 BI-082-01 BI-082-02,,PT040,,,
PT245,A/C wire harness (engine bay),climate,engine_bay,yes,Mazda,,,,,,,,"cord clip 0000-67-1978-35; harness clamp 0000-67-1977-89 Dealer harness: a white coupler that plugs into the car's OEM coupler (BW and LR wires), a black wire to the compressor clutch, and yellow and blue wires along the firewall to the evaporator harness, tie-wrapped to the hood release cable and the brake vacuum line (S-048 p.9).",,,0000-67-1977-99,6132AB-1 BI-081-31 BI-081-28 BI-081-30,,PT040,,,
PT246,A/C evaporator unit,climate,dash,yes,Mazda,,,,,,,,"between the blower and the heater unit. Evaporator screw kit 0000-67-1478-36; retainer clips 0000-67-1977-25 x8; screws, washers, nuts 0000-67-1982-26, -0402-83, -0411-12, -1983-78 Sits between the blower outlet and heater inlet behind the glove box; top case bracket hangs on a stud on the upper dash panel (6 mm nut), lower brackets bolt to the firewall (6 mm nuts), metal seal plates bridge to blower and heater (S-048 p.6-8). A micro-switch on the heater (adjusted so the compressor is off in heat and defrost) and a white short connector on the blower terminals are part of the installation (S-048 p.6-7).",,,0000-67-2382-94,6152AB-1 BI-090-01 BI-090-18 BI-090-20 BI-090-21 BI-090-22 BI-090-23 BI-090-35,,PT040,,,
PT247,"A/C evaporator case (top, bottom, transition)",climate,dash,yes,Mazda,,,,,,,,"top and bottom cases carry the same number in the catalogue; brackets 0000-67-0008-79 (top), bottom bracket unnumbered; seals 0000-67-0007-42, 0000-67-0007-41 Injection moulded (S-005 p.90).",,,0000-67-M00A-3A 0000-67-1977-34,6152AB-1 BI-090-02 BI-090-16 BI-090-19 BI-090-03 BI-090-17 BI-090-31 BI-090-32,,PT246,,,
PT248,A/C evaporator coil,climate,dash,yes,Mazda,,,,,,,,"pipe clips 0000-67-0010-63, 0000-67-0010-64",,,0000-67-B30A-4A,6152AB-1 BI-090-07 BI-090-14 BI-090-15,,PT246,,,
PT249,A/C expansion valve,climate,dash,yes,Mazda,,,,https://a-premium.com/product/AC-Expansion-Valve-for-1982-1985-Mazda-RX-7-Mi37dh9qiU,,,,"externally equalised; O-ring 0000-67-0123-21; bulb clamp 0000-67-B44A-3B Catalogue: 'valve, expansion - extension equalizer' with capillary bulb clamp No.1 (S-005 p.90). Aftermarket crosses for 67-0336-81: Four Seasons 38611, ACDelco 15-5768, A-Premium APAEV208.",,,0000-67-0336-81,6152AB-1 BI-090-09 BI-090-08 BI-090-11,,PT246,,,
PT250,A/C evaporator extension tube,climate,dash,yes,Mazda,,,,,,,,"tube protectors 0000-67-1981-03, 0000-67-1981-40 Aluminium (S-005 p.90).",,,0000-67-B32A-4A,6152AB-1 BI-090-10 BI-090-12 BI-090-13,,PT246,,,
PT251,A/C thermostat (frost) switch,climate,dash,yes,Mazda,,,,,,,,"mounting bracket 0000-67-0007-37 Catalogue: 'switch, thermostat - preset frosting', i.e. a fixed-setting frost switch on its own bracket (S-005 p.90). S-001 G-22 'frost warning temp switch' LG/YR; in the dealer circuit two yellow wires between relay terminal 5 and the heater micro-switch (S-048 p.13).",,,0000-67-0958-17,6152AB-1 BI-090-05 BI-090-04,,PT246,,,
PT252,A/C relay,climate,dash,yes,Mazda,,,,,,,,"Listed in the evaporator package but mounted in the engine bay on an existing screw; if a relay is already there it is turned so the OEM relay tucks under the bracket (S-048 p.9 step 28). Four terminals 1, 3, 4, 5 in the dealer drawing; the factory diagram calls it G-18 No.1 air-con relay (LB, LR, YL, BW).",,,0000-67-B82A-6P,6152AB-1 BI-090-28,,PT246,,,
PT253,A/C evaporator wire harnesses,climate,dash,yes,Mazda,,,,,,,,"two harnesses and a jumper wire; wire connector 0000-67-1998-83 Blue and yellow wires pass through the firewall (pushed out only to the yellow tape, about 2 in) to meet the relay wires; yellow and green spade terminals go to the heater micro-switch; a green female bullet and a blue male bullet splice into the blower motor's blue/green-stripe wires (S-048 p.7-9).",,,0000-67-1998-49 0000-67-1978-37 0000-67-1977-27,6152AB-1 BI-090-06 BI-090-29 BI-090-30 BI-090-27,,PT246,,,
PT254,A/C evaporator drain hose,climate,dash,yes,Mazda,,,,,,,,"elbow 0000-67-1995-30; clamp 0000-67-1988-67; grommets 0000-67-1992-98, 0000-67-B62A-4A Grommet in the firewall, 90-degree elbow pushed through from the engine side, hose cut to length at the evaporator drain port and clamped; a hole is cut in the carpet at the drain tube (S-048 p.12).",,,0000-67-0977-05,6152AB-1 BI-090-26 BI-090-24 BI-090-25 BI-090-33 BI-090-34,,PT246,,,
PT255,Resistor on bracket (engine bay),electrical,engine_bay,yes,Mazda,,,,,,,,"Sold as the bracket with the resistor block; which circuit it serves is not stated on the figure - check on the car The catalogue figure (S-005 1800A-1, item 18590) draws the bracket carrying a two-unit plug-in block; no source read names the circuit - check on the car.",,,8871-18-195A,1800A-1 EC-056-29,,PT027,2026-09-26,1,
PT256,Distributor pick-up coil set,ignition,engine_bay,yes,Mazda,,,,https://www.atkinsrotary.com/81-85-Rx7-Distributor-Pickup-Coil-and-Breaker-Plate-N236-24-314.html,Atkins Rotary 360-832-1990 (https://www.atkinsrotary.com/contact-us/),,,"Two numbers listed; which is fitted is unknown - check N236-24-314 is sold as pick-up coil and breaker plate for all 1981-85 RX-7 (Atkins 330.00 USD, out of stock; Mazdatrix 253.86 USD). Each pick-up coil's two leads run straight into its igniter (S-001 Section B).",,,8248-24-314 (alternative N236-24-314),1820A-1 EC-057-10 EC-057-11,,PT014,2026-09-26,1,atkins
PT257,Distributor signal rotor (reluctor) set,ignition,engine_bay,yes,Mazda,,,,,"Mazdatrix 562-426-7960, mazdatrix.inc@gmail.com (https://www.mazdatrix.com)",,,The air gap is measured between the signal rotor's protrusion and the pick-up coil core (S-002 p.5-35).,,,8248-24-316,1820A-1 EC-057-12,,PT014,,1,mazdatrix
PT258,"Igniters, leading and trailing",ignition,engine_bay,yes,Mazda,,,,https://mazdatrix.com/product/ign-igniter-used-rx7-81-85-style/,"Mazdatrix 562-426-7960, mazdatrix.inc@gmail.com (https://www.mazdatrix.com)",,,"On the distributor housing Aftermarket replacement Standard Motor Products LX-642 (obsolete) crosses to E30124910; Mazdatrix sells used, tested igniters at 135.00 USD. Trailing igniter B-20 (YG, BW), leading B-21 (YL, BW) per S-001; check on the car.",,,E301-24-910,1820A-1 EC-057-23,,PT014,,2,mazdatrix
PT259,Distributor centrifugal governor set,ignition,engine_bay,yes,Mazda,,,,,"Mazdatrix 562-426-7960, mazdatrix.inc@gmail.com (https://www.mazdatrix.com)",,,Spring set 1480-24-308 (EC-057-06),,,N201-24-330,1820A-1 EC-057-13 EC-057-06,,PT014,,1,mazdatrix
PT260,Distributor vacuum units,ignition,engine_bay,yes,Mazda,,,,,"Mazdatrix 562-426-7960, mazdatrix.inc@gmail.com (https://www.mazdatrix.com)",,,"Two vacuum sets, 24 350 and 24 351. Vacuum tube 9935-10-4999 bulk (1800A-1 EC-056-20). With the Weber fitted, whether the vacuum units are still connected is unknown - confirm The trailing vacuum unit's position on its attaching screws sets trailing timing (S-002 p.5-36; S-006 p.44).",,,1480-24-350 (alternative 1480-24-350A) N201-24-351,1820A-1 EC-057-16 EC-057-17 EC-057-18 1800A-1 EC-056-20,not-fitted,PT014,,2,mazdatrix
PT261,Distributor condenser,ignition,engine_bay,yes,Mazda,,,,,"Mazdatrix 562-426-7960, mazdatrix.inc@gmail.com (https://www.mazdatrix.com)",,,"Radio-noise suppressor on the distributor Capacity 0.24-0.30 uF (S-038 T:3). Single BW lead (B-22) to the ignition feed, case to ground (S-001 Section B); check on the car.",,,1757-24-334,1820A-1 EC-057-14,,PT014,,1,mazdatrix
PT262,Distributor drive coupling set,ignition,engine_bay,yes,Mazda,,,,,"Mazdatrix 562-426-7960, mazdatrix.inc@gmail.com (https://www.mazdatrix.com)",,,,,,3648-24-340,1820A-1 EC-057-15,,PT014,,1,mazdatrix
PT263,Distributor contact,ignition,engine_bay,yes,Mazda,,,,,,,,"Catalogue figure 1820A-1 (S-005 Engine-Chassis PDF p.57, printed 1-15) shows D-code 24496 as the small spring-loaded centre contact (carbon button) that sits in the centre of the distributor cap (24310) and bears on the rotor (24312); it is not a breaker point - the distributor is breakerless. 1985 FSM p.5-33 says to check the cap's centre contact for wear; no wear limit is given. Identification read from the drawing; check on the car.",,,1757-24-302,1820A-1 EC-057-22,,PT014,2026-09-26,1,
PT264,Alternator stator,electrical,engine_bay,yes,Mazda,,,,,,,,"Three-phase star-wound stator, leads soldered to the rectifier (S-001 p.10 internal diagram; S-002 p.5-14).",,,N221-24-501,1830A-1 EC-058-04,,PT025,,1,
PT265,Alternator rotor,electrical,engine_bay,yes,Mazda,,,,,,,,"Field-coil resistance differs by manual: 5-6 ohm (1980 FSM) vs 2.0-2.6 ohm (1985 FSM); no 1982 figure found, so measure across the slip rings before judging it.",,,N221-24-540,1830A-1 EC-058-20,,PT025,,1,
PT266,Alternator front ball bearing,electrical,engine_bay,yes,Mazda,,,,"https://www.rockauto.com/en/catalog/mazda,1982,rx-7,1.1l+r2,1192250,electrical,alternator+/+generator+end+bearing,50979",,timken-6202-2rs-deep-groove-ball-bearing,,"Mazda 9960-62-202 is a 6202-size ball bearing (15 x 35 x 11 mm); drive-end replacements 6202-2Z / 6202-2RS (RockAuto lists Schaeffler 62022Z, SKF 62022ZJ, National 202SS). Pressed into the front bracket under a retainer; pre-lubricated.",,,9960-62-202,1830A-1 EC-058-09,,PT025,,1,
PT267,Alternator rear ball bearing,electrical,engine_bay,yes,Mazda,,,,"https://www.rockauto.com/en/catalog/mazda,1982,rx-7,1.1l+r2,1192250,electrical,alternator+/+generator+end+bearing,50979",,timken-6201-2rs-deep-groove-ball-bearing,,"On the rotor shaft Slip-ring-end bearing; RockAuto's commutator-end fitment is 6201-2RS (12 x 32 x 10 mm), e.g. SKF 62012RSJ, National 201CC - check the size on the old bearing. A stopper spring sits in a groove on its outer race; the rear bracket must be heated to fit or remove it.",,,0820-24-503,1830A-1 EC-058-05,,PT025,,1,
PT268,Alternator rectifier,electrical,engine_bay,yes,Mazda,,,,https://www.as-parts.nz/product/1742844,,,,"Part number read as N221-24-?10 in the scan; N221-24-510 by its D-code 24 510 - check the digit before ordering An aftermarket listing (AS-PL ARC5017) cross-references Mazda N221-24-510 exactly, which supports the -510 reading. Six 25 A main diodes plus a diode trio, 80 mm mounting centres.",,,N221-24-510,1830A-1 EC-058-07,,PT025,2026-09-26,1,
PT269,Alternator voltage regulator (internal),electrical,engine_bay,yes,Mazda,,,,"https://www.rockauto.com/en/catalog/mazda,1982,rx-7,1.1l+r2,1192250,electrical,voltage+regulator,4884",,,,"Screw set 1757-24-526 Replacements crossing N221-24-520: SMP VR163, Wells 1V1083, Transpo-type IM204 (12 V, A-circuit, R-L terminals, 14.6 V set). Mitsubishi numbers MD607372 / MD607570.",,,N221-24-520,1830A-1 EC-058-11 EC-058-14,,PT025,,1,
PT270,Alternator brushes and springs,electrical,engine_bay,yes,Mazda,,,,"https://www.rockauto.com/en/catalog/mazda,1982,rx-7,1.1l+r2,1192250,electrical,alternator+/+generator+brush,2424",,,,"Brush 8173-24-522 x2, brush spring 8173-24-521 x2 SMP JX106 crosses 8173-24-522. Brushes are soldered by their pigtails; solder so the wear-limit line stands 2-3 mm out of the holder.",,,8173-24-522 8173-24-521,1830A-1 EC-058-13 EC-058-12,,PT025,,2,
PT271,Alternator pulley,electrical,engine_bay,yes,Mazda,,,,,,,,Pulley nut set 8028-24-533,,,N221-24-530,1830A-1 EC-058-16 EC-058-17,,PT025,,1,
PT272,Alternator front bracket (drive-end housing),electrical,engine_bay,yes,Mazda,,,,,,,,"Carries the front bearing (under a retainer) and the rotor; separated from the stator by prying at its slots after the through bolts are out (S-045 5:2, S-002 p.5-12).",,,N221-24-550,1830A-1 EC-058-22,,PT025,,1,
PT273,Alternator rear bracket (rear housing),electrical,engine_bay,yes,Mazda,,,,,,,,"Holds the stator, rectifier, brush holder and IC regulator; the F test hole is here, about 20 mm deep near the B terminal. The rear bearing is a tight fit, so heat the bracket before removing or fitting the rotor.",,,N221-24-560,1830A-1 EC-058-24,,PT025,,1,
PT274,Alternator terminal set,electrical,engine_bay,yes,Mazda,,,,,,,,"The B terminal is a stud with a nut and an insulating bushing through the rear bracket; the 1980 unit also has a radio-noise suppression condenser on B (S-045 5:2, S-002 p.5-13).",,,GE01-24-590,1830A-1 EC-058-27,,PT025,,1,
PT275,Starter magnetic switch (solenoid),electrical,engine_bay,yes,Mazda,,,,"https://www.rockauto.com/en/catalog/mazda,1982,rx-7,1.1l+r2,1192250,electrical,starter+solenoid,4188",,,,"Listed without a description on the A/T line under 24 760 SWITCH SMP SS298 and Wells 1M1169 list interchange 887224736 (this part) and 175724760; both are 3-terminal (B, S, M) Mitsubishi-type switches. Washers between the switch and the front bracket set the pinion gap.",,,8872-24-736,1840A-2 EC-060-25,,PT026,,1,
PT276,Starter yoke (field frame),electrical,engine_bay,yes,Mazda,,,,,,,,"A/T line under 24 701 YOKE Yoke carries the series field coil: S-002 p.5-19 shows the solenoid M terminal feeding the field coil, which feeds the (+) brushes. Test: continuity connector-to-brush, none connector-to-yoke (S-002 p.5-26/5-27, 1985).",,,N202-24-730,1840A-1 EC-059-05,,PT026,,1,
PT277,Starter armature,electrical,engine_bay,yes,Mazda,,,,,,,,"The A/T starter is the gear-reduction type (S-002 p.5-3, 5-19, 5-21; this car's catalogue lists a centre bracket and reduction gears). The armature runs in a ball bearing at each end.",,,N202-24-705,1840A-1 EC-059-17,,PT026,,1,
PT278,Starter brush holder and brushes,electrical,engine_bay,yes,Mazda,,,,,,,,"Brush springs 0222-24-752A x4 4 brushes on the A/T starter (S-038 T:3), two (+) brushes fed from the field coil and two (-) brushes on the grounded plate. Brush wear limit 11.5 mm is SP-071 on PT026.",,,N202-24-750 0222-24-752A,1840A-2 EC-060-17 EC-060-18,,PT026,,1,
PT279,Starter front bracket (drive housing),electrical,engine_bay,yes,Mazda,,,,,,,,"Front bracket bearing is not sold separately; it is replaced with the bracket (S-002 p.5-25, 5-28). Pinion-gap shims sit between the solenoid and this bracket.",,,N202-24-710A,1840A-1 EC-059-10,,PT026,,1,
PT280,Starter rear bracket (end cover),electrical,engine_bay,yes,Mazda,,,,,,,,"Cover set N202-24-741; bolt set N202-24-731 Held by two through-bolts and two brush-holder screws; brush holder and rear bracket are symmetrical and fit either way round (S-002 p.5-23, 5-30).",,,N202-24-720 N202-24-741,1840A-2 EC-060-07 EC-060-10 EC-060-05,,PT026,,1,
PT281,Starter centre bracket,electrical,engine_bay,yes,Mazda,,,,,,,,"Held by one installation bolt; behind its cover sit a C washer and an adjusting washer that set the pinion-shaft thrust gap (S-002 p.5-24, 5-29).",,,N202-24-721,1840A-1 EC-059-06,,PT026,,1,
PT282,Starter pinion and stopper set,electrical,engine_bay,yes,Mazda,,,,,,,,"Pinion is held by a stop ring in a groove in the pinion shaft; a scarred stop ring must never be reused (S-002 p.5-25, 5-29).",,,N202-24-709 N202-24-712,1840A-1 EC-059-07 EC-059-11,,PT026,,1,
PT283,Starter overrunning clutch shaft,electrical,engine_bay,yes,Mazda,,,,,,,,The overrunning clutch is part of the pinion shaft assembly and is replaced as one unit if it slips or binds (S-002 p.5-28).,,,N202-24-745,1840A-2 EC-060-13,,PT026,,1,
PT284,Starter reduction gears,electrical,engine_bay,yes,Mazda,,,,,,,,"Gear set N202-24-744, gear N202-24-746, shaft N202-24-740 The armature-shaft gear drives the reduction gear on the pinion shaft; both are greased at assembly (S-002 p.5-29).",,,N202-24-744 N202-24-746 N202-24-740,1840A-2 EC-060-12 EC-060-14 EC-060-08,,PT026,,1,
PT285,Starter drive lever,electrical,engine_bay,yes,Mazda,,,,,,,,"A/T line under 24 730 LEVER The lever is moved by the solenoid plunger and shifts the overrunning clutch and pinion. It must be fitted facing the correct way, and its sliding part is greased (S-002 p.5-19, 5-29).",,,N202-24-716,1840A-2 EC-060-02,,PT026,,1,
PT286,Starter bearings,electrical,engine_bay,yes,Mazda,,,,,,,,"Ball bearings at both ends of the armature come off with an ordinary bearing puller and go on with a hand press (S-002 p.5-24, 5-28).",,,N202-24-722 N202-24-743,1840A-1 EC-059-20 1840A-2 EC-060-11,,PT026,,2,
PT287,Starter spring set,electrical,engine_bay,yes,Mazda,,,,,,,,,,,0426-24-754,1840A-2 EC-060-22,,PT026,,1,
PT288,"Battery carrier, tray and clamp",electrical,engine_bay,yes,Mazda,,,,https://www.atkinsrotary.com/79-83-Rx7-Battery-Hold-Down-Bracket-8871-56-030A.html,,,,"Clamp bolt 0613-65-857A Figure 1850A-1 (S-005 EC p.61) shows a bar clamp across the battery top held by a hooked J-rod (clamp bolt 70985A) and nut 999400602, with the tray (56863A) on the carrier (53260) that bolts to the body with 997960612. Clamp 8871-56-030A is retired by Mazda; Atkins Rotary lists it new at USD 52, out of stock on 2026-09-25.",,,8871-54-260B 2113-54-295 8871-56-030A,1850A-1 EC-061-03 EC-061-05 EC-061-04 EC-061-11,,PT024,,1,
PT289,Battery positive cable,electrical,engine_bay,yes,Mazda,,,,https://www.partsgeek.com/2s8ms5v-mazda-rx7-battery-cable.html,,fb-battery-lug-thingiverse-benderj,,"A/T; cable clips 1011-67-291A, 1011-67-293 Per S-001 Section A the battery + post feeds the starting motor directly and, through the 1.25 sq main fusible link at X-07, the WR constant bus (ignition switch, alternator B). The A/T cable 8872-67-250B differs from the M/T one; aftermarket SMP cables are listed for 1979-85 RX-7 but none is confirmed to match the A/T routing.",,,8872-67-250B,1850A-1 EC-061-07 EC-061-09 EC-061-10,,PT024,,1,
PT290,Battery ground cable,electrical,engine_bay,yes,Mazda,,,,https://www.partsgeek.com/3h6jfbq-mazda-rx7-battery-cable.html,,fb-battery-lug-thingiverse-benderj,,"S-001 shows the battery - post straight to ground; the ground point (body or engine) is not drawn, check on the car. Retail listing: Standard Motor Products A22-4, negative, 1979-1985 RX-7 (not checked against 8871-67-260A).",,,8871-67-260A,1850A-1 EC-061-08,,PT024,,1,
PT291,Oil level sensor,engine,engine_bay,yes,Mazda,,,,https://mazdatrix.com/product/sensor-oil-level-81-85/,,,,"Feeds the oil level warning lamp Float switch in the oil pan, one wire (BG); it grounds that wire through its body when the float drops, lighting the 3.4 W OIL LEVEL lamp. N201-10-730 is discontinued by Mazda (Mazdatrix 2026-09); Atkins sells a block-off plate ARE8907 for the pan opening.",,,N201-10-730,6600A-1 BI-095-01,,PT001,,1,
PT292,Coolant level sensor,cooling,engine_bay,yes,Mazda,,,,https://www.atkinsrotary.com/79-88-Rx7-Water-Level-Sensor-8553-15-610B.html,,,,"Gasket 8553-15-611. Parent taken as the radiator (filler neck/top tank) - check where it sits Screws into the top of the radiator (M11.5x1.25, gasket 8553-15-611), which supports the parent taken. Single wire Br to the coolant level unit.",,,8553-15-610B,6600A-1 BI-095-03 BI-095-04,,PT020,2026-09-26,1,
PT293,Coolant level warning unit,cooling,engine_bay,yes,Mazda,,,,,,,,Drives the coolant level warning lamp from the sensor Delay unit: lights the COOLANT lamp 9-16 s after the sensor loses contact with coolant (1985 figure).,,,8248-15-620,6600A-1 BI-095-05,,,,1,
PT294,Temperature switch,engine,engine_bay,yes,Mazda,,,,https://atkinsrotary.com/store/79-85-rx7-fan-switch-sensor-8341-18-880-.html,,,,"Emission-control temperature switch; whether it still does anything with the Weber is unknown - confirm Catalogue figure 6600A-1 draws it on the front of the engine (water pump housing), which matches the No. 1 water temperature switch B-12 of the 1982 wiring diagram (LB to the emission control unit, LW to the hot start relay); check that identification on the car. 8341-18-880 is no longer available (Atkins, NLA).",,,8341-18-880,6600A-1 BI-095-09,not-fitted,PT001,,1,
PT295,Thermo switch (18 890),engine,engine_bay,yes,Mazda,,,,,,,,"Two thermo switches listed under 18 890: 8182-18-970A (first digit read from the S-005 index) and N201-18-890 (81-82). Where each sits and whether still wired with the Weber - confirm The 1982 wiring diagram shows three temperature switches on the emission control unit: No.1 water temp switch B-12 (engine, LB/LW, on below 70 C), No.2 water temp switch B-11 (radiator, LB/LY, on above 15 C) and the heat hazard sensor B-13 (floor, LB/RY, 130 C) (S-001 p12; S-006 p85, p93-94); which of them the two 18 890 thermo switches are is not stated - check on the car.",,,N201-18-890 8182-18-970A,6600A-1 BI-095-10 BI-095-11,,,2026-09-26,,
PT296,Emission control unit,engine,,yes,Mazda,,,,,,,,"'81-'82 A/T unit; control-unit bracket ?87?-18-820C. Largely served the factory carburettor; whether it is still connected with the Weber - confirm Senses throttle opening, radiator temperature, choke knob, floor temperature and engine speed (from the ignition coil primary), and drives the five three-way solenoids and the heat hazard lamp; its speed switch points are 1100 and 4000 rpm (S-006 p70, p85, p93).",,,N202-18-940,6600A-1 BI-095-16 BI-095-08,not-fitted,,,1,
PT297,Throttle sensor,engine,engine_bay,yes,Mazda,,,,,,,,Mounted on the factory carburettor; presumed gone with it (Weber 45 DCOE) - confirm. Bolts 1480-18-912? x2,,,1480-18-910B,6600A-1 BI-095-13 BI-095-14,replaced,,,1,
PT298,Inhibitor switch (neutral safety and reverse lamp),transmission,underbody,yes,Mazda,,,,,,,,"8872-19-444B: the first digit, blank in the illustration list, is printed in the S-005 numeric index (group 6600A), consistent with the transmission 8872-19-090B. 4-pin connector A-06: BY/BW starter interlock (closed in P and N), GY/RW back-up lamps (closed in R). No new or aftermarket replacement found (Atkins lists none before 1986).",,,8872-19-444B,6600A-1 BI-095-20,,PT054,,1,
PT299,Downshift (kickdown) solenoid,transmission,underbody,yes,Mazda,,,,,,,,"Single BR wire (connector B-33), earthed through its body; fed from the kick-down switch under the accelerator via the 15 A fuse. Test: audible click on 12 V. No replacement listing found.",,,1675-19-821,6600A-1 BI-095-21,,PT054,,1,
PT300,Horn relay,electrical,,yes,Mazda,,,,https://www.atkinsrotary.com/82-83-rx7-horn-relay-fa01-66-810a-,,,,"1524-66-810B up to serial FB331..634422, FA01-66-810A from 634423; VIN serial unknown - check. Relay bracket FA03-66-820B Normally-open 3-wire relay: GW (15 A fuse, shared with stop lamps) feeds coil and contact, the horn button grounds the coil through GL, the contact sends GY to both horns (S-001 p22). The catalogue figure 6630A-1 and the 1985 manual (p15-11) put it under the dash LH beside the CPU, not in the engine bay as the horn write-up says - check.",,,FA01-66-810A 1524-66-810B,6630A-1 BI-101-02 BI-101-03 BI-101-01,,PT027,2026-09-26,1,
PT301,Central processing unit (warning and flasher control unit),electrical,dash,yes,Mazda,,,,,,,,"FA03-67-560 without the illuminated key and warning lamp option, FA02-67-560 with it; which the car has - check. Case FA02-67-571, cover FA02-67-572, plate FA02-67-574, screws 8545-67-568 x10, bushings 0866-67-717 x3 One box doing the turn/hazard flasher, intermittent wiper relay, lights-on/key reminder chime oscillator, ignition key light timer, buzzer and seat belt timer (S-006 p24, S-001 sections D, F, H); 17-way connector X-16 plus a 1-way GB (S-001 p30). Known failure: cracked solder joints at the board connector, fixed by resoldering (rx7club).",,,FA03-67-560 FA02-67-560,6630A-1 BI-101-04 BI-101-05 BI-101-10 BI-101-08 BI-101-07 BI-101-09 BI-101-16,,,,1,
PT302,CPU circuit board,electrical,dash,yes,Mazda,,,,,,,,,,,FA02-67-573,6630A-1 BI-101-06,,PT301,,1,
PT303,Turn and hazard flasher relay,electrical,dash,yes,Mazda,,,,https://www.atkinsrotary.com/81-85-Rx7-Flasher-Relay-FA02-67-577.html,,,,"Plugs into the CPU unit. The catalogue gives no number for serials from FB331..503736 (all '82 cars); read it off the relay - check Atkins Rotary lists FA02-67-577 as fitting all 1981-85 RX-7s (out of stock, $199), while the catalogue gives it only to '81 serials up to 503735 and no number for later cars; read the number off the relay - check.",,,,6630A-1 BI-101-12,,PT301,,1,
PT304,Lamp checker relay,lighting,dash,yes,Mazda,,,,,,,,"Listed only for cars without the illuminated key and warning lamp option - check it is fitted Catalogue figure 6630A-1 (S-005 BI p.101) draws the LAMPC. relay (67660) on the relay bracket under the dash beside the C.P.U. and horn relay; this is most likely the F-03 stop light checker of S-001 p.22 (W in, G out to stop lamps, GL to the meter warning, B ground) - check. OEM-RECORD.md lists F-03 as Rear, which disagrees with the catalogue drawing - check on the car.",,,BE32-67-680A,6630A-1 BI-101-13,,PT027,,1,
PT305,Oscillator unit,electrical,front,yes,Mazda,,,,https://www.atkinsrotary.com/81-85-Rx7-Oscillator-FA30-67-690A.html,,,,"In the front of the car by the horns; function not stated on the figure - check The warning oscillator C-10: it takes the oil-level (YR) and coolant-level (YB) warning lines and drives the chime (G), fed via LR from the choke and check relay (S-001 p16). Sits on the left front fender near the battery; when it fails or gets damp the buzzer sounds and will not stop (Atkins Rotary).",,,FA30-67-690 (alternative FA30-67-690A),6630A-1 BI-101-14 BI-101-15,,,2026-09-26,1,
PT306,Choke and check relay,engine,engine_bay,yes,Mazda,,,,,,,,Served the factory carburettor's electric choke; whether still fitted and wired with the Weber - confirm No cold-start hardware remains since the Weber conversion.,,,8173-67-740A,6630A-1 BI-101-17,replaced,PT027,,1,
PT307,Power antenna relay,electrical,dash,yes,Mazda,,,,https://carmarka.com/en/mazda-relay-auto-antenna-fa01-67-740,,,,"Whether the car has a power antenna - confirm Two change-over contact sets and a diode-protected coil (S-001 p24): at rest LR feeds R and LY is grounded (mast down); with the coil grounded through LG by the radio or antenna switch, LR feeds L and R is grounded (mast up). Read from a coarse scan and checked against the 1985 manual's motor test - check.",,,FA01-67-740,6630A-1 BI-101-18,not-fitted,PT027,,1,
PT308,3-point relay,electrical,engine_bay,yes,Mazda,,,,https://www.mazdawarehouse.com/hot-start-relay-1480-67-740-.html,,,,"Mazda Warehouse sells 1480-67-740 as the Hot Start Relay ('3 Point Relay'), and the catalogue figure puts it in the LH engine bay beside the choke & check relay, where the 1985 manual (p15-11) puts the 12A hot start relay: so this is most likely S-001's A-03 hot start relay - confirm on the car. No cold-start hardware remains since the Weber conversion.",,,1480-67-740,6630A-1 BI-101-19,replaced,PT027,,1,
PT309,Front harness,electrical,front,yes,Mazda,,,,,,,,FA30-67-010D covers '82 serials FB331..600001-622565; no '82 number is listed for later serials. VIN serial unknown - check,,,FA30-67-010D,6700A-1 BI-107-22,,PT027,2026-09-26,1,
PT310,Fuse block,electrical,dash,yes,Mazda,,,,,,,,"Included in the front harness S-001 p30 (X-04) shows 15 fuses on four feeds: WR battery, L accessory, BY ignition and BW ignition. OEM-RECORD's bus map reads two positions differently: it shows a 7.5 A BW alternator fuse, where S-001 p10/p14 show BW coming off a 15 A fuse from BY (IG) to the alternator, coils and emission parts, and Br off a 10 A (IG) fuse to cruise control.",,,FA01-66-730B,6700A-1 BI-107-13,,PT309,,1,
PT311,Fuse block cover,electrical,dash,yes,Mazda,,,,,,,,"FA01-66-731B for a Furukawa-made block, FA01-66-732B for Yazaki; read the maker off the block - check",,,FA01-66-731B FA01-66-732B,6700A-1 BI-107-18 BI-107-19,,PT310,,1,
PT312,"Fuses, 10 A",electrical,dash,yes,Mazda,,,,,,,,Fuse body style (glass cartridge or flat Japanese type) was not found in any source; read it off the block before buying - check.,,,0000-11-001,6700A-1 BI-107-02 BI-107-03,,PT310,,8,
PT313,"Fuses, 15 A",electrical,dash,yes,Mazda,,,,,,,,,,,0000-11-0015,6700A-1 BI-107-05 BI-107-06,,PT310,,5,
PT314,"Fuses, 20 A",electrical,dash,yes,Mazda,,,,,,,,,,,0000-11-002,6700A-1 BI-107-08 BI-107-09,,PT310,,4,
PT315,"Fuse, 30 A",electrical,dash,yes,Mazda,,,,,,,,,,,0000-11-003,6700A-1 BI-107-11 BI-107-12,,PT310,,1,
PT316,"Fusible links, brown",electrical,engine_bay,yes,Mazda,,,,https://www.atkinsrotary.com/Electrical-Systems/Fuses-and-Boxes/Mazda-Electrical-Fusible-Links/79-85-Rx7-Brown-Fusible-Link-8871-67-099.html,,,,"Catalogue rating (10M OHM), brown The two brown 0.3 sq links sit either side of the black main link in the battery-side block X-07. One feeds the headlight retractor (WR), the other the headlights (WG) (S-001 p30).",,,8871-67-099,6700A-1 BI-107-28,,PT027,,2,
PT317,"Fusible link, black",electrical,engine_bay,yes,Mazda,,,,https://www.atkinsrotary.com/Electrical-Systems/Fuses-and-Boxes/Mazda-Electrical-Fusible-Links/79-85-Rx7-Black-Fusible-Link-3777-67-099.html,,,,"Catalogue rating (7M OHM), black The black 1.25 sq main link carries battery + to the WR constant bus that feeds the ignition switch and fuse block (S-001 p10, p30).",,,3777-67-099,6700A-1 BI-107-29,,PT027,,1,
PT318,Rear harness,electrical,rear,yes,Mazda,,,,https://www.ebay.com/b/Wiring-Harnesses-Cables-Connectors-for-Mazda-RX-7/179847/bn_19630693,,,,"Joins the front harness at X-03, a 22-cavity (3+5+3 per row) connector, 21 wires, one unused (S-001 p30); per the routing sheet X-03 is on the left side behind the door (S-001 p15, check). S-001 shows the rear defroster feed (LG, p24) and the back-up lamp output (RW, p22) passing through it. Mazda no longer supplies it; only used harnesses are available.",,,FA01-67-050D,6700A-1 BI-107-24,,PT027,,1,
PT319,Rear defogger cord,electrical,cargo,yes,Mazda,,,,,,,,"Feeds the rear defrost grid (PT037). Listed for cars without a rear wiper (BI-107-27, same number); whether the car has a rear wiper - check On a car without a rear wiper this is the defroster grid's ground return: grid G-25 terminal (B) to connector X-18 (two 1-pin connectors, B wire) to ground X-15. The feed (LG) comes through the rear harness at X-03 (S-001 p24, p30). With a rear wiper the grid ground passes through D-07 instead.",,,8341-67-051A,6700A-1 BI-107-25 BI-107-27,,PT318,,1,
PT320,Rear wiper terminals,electrical,cargo,yes,Mazda,,,,,,,,"Only with a rear wiper; whether the car has one - confirm Used only with the rear wiper, at the connector to the rear wiper (D-07, wires B, LB, BG, L per S-001 section D). The grid ground shares that connector ('D-07 or X-18', S-001 p24). If the car has no rear wiper, these terminals are not fitted.",,,8871-67-371,6700A-1 BI-107-32,not-fitted,PT318,,2,
PT321,Engine harness,electrical,engine_bay,yes,Mazda,,,,https://www.ebay.com/p/5027619354,,,,"Lock washer 8872-18-056 (A/T) Joins the front harness at X-01, a 22-cavity connector with 20 wires (S-001 p30). Four wires change colour across it (front side / engine side): BLb/Lg, YR/BG, BR/Br, BrR/LgY. The 81-82 harness has a white tag with an FA01/FA02-style number (rx7club); Mazda no longer supplies it.",,,N201-18-050A,6701A-1 BI-108-01 BI-108-04,,PT027,,1,
PT322,Engine harness fusible link,electrical,engine_bay,yes,Mazda,,,,,,,,"This is S-001's A-02: a 0.5 sq fusible link, printed green (G). A ring terminal sits on the starting motor's battery terminal, held by lock washer 8872-18-056 and a nut (S-005 fig 6701A-1). It feeds the LW wire through X-10 to the hot start relay (A-03) and the No.1 water temp switch (S-001 p10). The identification is by matching drawings; check on the car. With the Weber conversion the hot-start circuit may be dead.",,,8341-18-055,6701A-1 BI-108-03,,PT321,2026-09-26,1,
PT323,Transmission harness,electrical,underbody,yes,Mazda,,,,https://www.ebay.com/b/Wiring-Harnesses-Cables-Connectors-for-Mazda-RX-7/179847/bn_19630693,,,,"A/T The A/T transmission harness joins at X-10, a 6-pin connector (BW GY BR / LW RW BY), and at X-17, two 1-pin connectors (BL, BY) (S-001 p30). It carries the inhibitor switch's start interlock (BY in, BW out to the starter), the back-up lamp circuit (GY in, RW out) and the LW hot-start feed.",,,FA03-67-090C,6701A-1 BI-108-06,,PT027,,1,
PT324,Short connector,electrical,engine_bay,yes,Mazda,,,,,,,,"A shorting plug in the engine harness; which circuit it bridges - check This is S-001's B-09 short connector, on top of the engine (S-001 p15). The plug joins wire GB (emission control unit terminal V, via X-01) to wire BY (the starter ST signal, which also reaches unit terminal H) (S-001 p12). What the unit does with that input is not stated in S-001; check.",,,8342-67-985,6701A-1 BI-108-07,,PT321,,1,
PT325,Instrument harness,electrical,dash,yes,Mazda,,,,https://www.ebay.com/b/Wiring-Harnesses-Cables-Connectors-for-Mazda-RX-7/179847/bn_19630693,,,,"This is S-001's 'inpane' harness. It meets the front harness at X-02 (22 pins, all used) and X-12 (10-pin plus a 2-pin RL/GL), and meets the GSL parking brake harness at X-11 (S-001 p30). The 81-83 dash harness FA01-67-030C still turns up used; Mazda no longer supplies it.",,,FA01-67-030C,6702A-1 BI-110-01,,PT027,,1,
PT326,Drive plate (flexplate) with adapter,transmission,underbody,yes,Mazda,,,,https://www.atkinsrotary.com/Transmission/Flex-Plates/,,,,"bolted to the eccentric shaft; carries the torque converter. fasteners: EC-062-08 (converter bolts, 4) Mazda 1758-19-020B is still sold new as the 79-83 RX-7 automatic flex plate (Atkins Rotary). The drive plate goes on over the A/T counterweight, positioned so the hole in the drive plate lines up with the counterweight as the factory figure shows, and both are held by the eccentric-shaft lock nut (see the flywheel/counterweight lock nut torque); mark plate and converter before separating them.",,,1758-19-020B 0842-19-025,1910A-1 EC-062-02 EC-062-03 EC-062-08,,PT001,,,
PT327,Converter housing under cover,transmission,underbody,yes,Mazda,,,,,,,,,,,1908-19-027,1910A-1 EC-062-04,,PT331,,,
PT328,Converter housing side cover,transmission,underbody,yes,Mazda,,,,,,,,,,,0454-19-028A,1910A-1 EC-062-05,,PT331,,,
PT329,Converter housing top cover,transmission,underbody,yes,Mazda,,,,,,,,'81-'82 part,,,1758-19-028,1910A-1 EC-062-06,,PT331,,,
PT330,Torque converter,transmission,underbody,yes,Mazda,,,,,,,,Mark converter and drive plate before removal and refit on the marks (S-045 7A:18).,,,1758-19-100,1910A-1 EC-062-11,,PT054,,,
PT331,Converter housing,transmission,underbody,yes,Mazda,,,,,,,,,,,1758-19-211C,1910A-1 EC-062-12,,PT054,,,
PT332,Transmission oil pump,transmission,underbody,yes,Mazda,,,,,,,,gasket 8U01-21-253 (EC-062-13); fasteners: EC-062-14 Gear-and-crescent pump; inner and outer gears are replaced as a set; mark the gears' top faces before removal (S-045 7A:10).,,,1758-19-220,1910A-1 EC-062-15 EC-062-13 EC-062-14,,PT054,,,
PT333,Front pump oil seal (converter seal),transmission,underbody,yes,Mazda,,,,https://www.transmissionpartsusa.com/3N71B_4N71B_Transmission_front_pump_seal_p/820-000082401.htm,,,,the usual front leak point Aftermarket 3N71B front pump seal 42 x 60 x 9 mm (metal clad) sold under the Nissan name; check against the removed seal.,,,0338-19-223A,1910A-1 EC-062-16,,PT332,,,
PT334,Oil pump cover,transmission,underbody,yes,Mazda,,,,,,,,check balls 0338-19-245A (2) and spring 0338-19-247 inside; fasteners: EC-062-20,,,1758-19-240,1910A-1 EC-062-17 EC-062-18 EC-062-19 EC-062-20,,PT332,,,
PT335,Oil pump cover seal rings,transmission,underbody,yes,Mazda,,,,,,,,"2 x 8U01-19-256, 8U01-19-257 (qty not legible in catalogue), 1 cut-ring seal 0338-19-258 Catalogue OCR reads the 8U01-19-257 quantity as 1 (S-005 Engine-Chassis PDF p.62); check.",,,8U01-19-256 8U01-19-257 0338-19-258,1910A-1 EC-062-21 EC-062-22 EC-062-23,,PT334,,,
PT336,Input shaft,transmission,underbody,yes,Mazda,,,,,,,,,,,0338-19-678,1910A-1 EC-062-24,,PT054,,,
PT337,Vacuum diaphragm pipe and hose,transmission,engine_bay,yes,Mazda,,,,,,,,engine vacuum to the modulator; part of the vacuum lines (PT012). clip: EC-062-27 ATF found inside the vacuum pipe means the vacuum diaphragm has failed (S-002 7B-16).,,,8872-19-911 0338-19-904A,1910A-1 EC-062-26 EC-062-25 EC-062-27,,PT354,,,
PT338,ATF cooler pipes,transmission,underbody,yes,Mazda,,,,,,,,'81-'82 parts; run to the cooler in the radiator. banjo bolts 9938-10-800 (EC-062-32); oil pipe spacer 2850-13-331 (EC-062-01),,,8872-19-920 8872-19-930A,1910A-1 EC-062-28 EC-062-30 EC-062-32 EC-062-01,,PT054,,,
PT339,ATF cooler hoses,transmission,engine_bay,yes,Mazda,,,,,,,,"qty 2, '81-'82 part; age-hardened rubber is a leak risk. clips: EC-062-36, EC-062-37",,,1840-19-933,1910A-1 EC-062-33 EC-062-36 EC-062-37,,PT338,,,
PT340,Transmission case,transmission,underbody,yes,Mazda,,,,,,,,"'81-'82 part; square-head plugs 0338-19-331A (2, pressure test ports) The line-pressure test port is at the right rear of the case (S-045 7A:18).",,,1758-19-310C,1920A-1 EC-064-01 EC-064-03,,PT054,,,
PT341,Extension housing rear oil seal,transmission,underbody,yes,Mazda,,,,https://mazdatrix.com/product/seal-trans-rear-71-85-all-auto-man/,,,,"seals the propeller shaft yoke; common leak point Genuine 0437-17-335A still sold (Mazdatrix $11.63, 71-85 auto and manual); aftermarket Mazda-size 3N71B extension seal 35 x 48 x 15 mm.",,,0437-17-335A,1920A-1 EC-064-04,,PT349,,,
PT342,Band anchor-end bolt (band adjuster),transmission,underbody,yes,Mazda,,,,,,,,"the external band adjustment; lock washer 0338-19-388A and nut 0338-19-389 (check these two belong to the anchor bolt, not the servo stem) The washer 0338-19-388A and nut 0338-19-389 sit between the piston stem 19386 and the servo retainer in the catalogue list (S-005 p.64), and the band is adjusted at the servo piston stem with its lock nut (S-038 T:7, S-045 7A:17), so they belong to the stem; the anchor-end bolt is the fixed band anchor, not the adjuster.",,,1758-19-341,1920A-1 EC-064-08 EC-064-16 EC-064-17,,PT340,,,
PT343,Transmission air breather,transmission,underbody,yes,Mazda,,,,,,,,,,,0378-19-344,1920A-1 EC-064-09,,PT340,,,
PT344,Band servo,transmission,underbody,yes,Mazda,,,,,,,,"piston 0842-19-381, stem 1758-19-386, return spring 0338-19-363, retainer 1758-19-391A, cover 1758-19-392A. fasteners: EC-064-23, EC-064-24 Piston comes out with compressed air into the oil passage (S-045 7A:9). Adjustment is at the stem: 12-15 Nm, back off two turns, lock nut 15-40 Nm.",,,0842-19-381 1758-19-386 0338-19-363 1758-19-391A 1758-19-392A,1920A-1 EC-064-11 EC-064-12 EC-064-15 EC-064-18 EC-064-19 EC-064-23 EC-064-24,,PT340,,,
PT345,Band servo seals,transmission,underbody,yes,Mazda,,,,,,,,"piston seals, leather-cut seal and two O-rings",,,0338-19-384 0842-19-385 0842-19-394 0338-19-395 1758-19-394A,1920A-1 EC-064-13 EC-064-14 EC-064-20 EC-064-21 EC-064-22,,PT344,,,
PT346,Speedometer driven gear,transmission,underbody,yes,Mazda,,,,,,,,"catalogue remark FB331 ..500076- (transmission serial split); check the transmission serial on its plate is 500076 or later, else the earlier gear is fitted '81 model up to transmission serial FB331-500075 used 8562-17-441A; 8057-17-441C from 500076 (S-005 Engine-Chassis PDF p.64).",,,8057-17-441C,1920A-1 EC-064-26,,PT349,,,
PT347,Speedometer driven gear sleeve,transmission,underbody,yes,Mazda,,,,https://www.atkinsrotary.com/86-92-n-a-rx7-speedometer-cable-mount-1011-17-442a-.html,,,,"O-ring 1011-17-443 (EC-064-28) Genuine 1011-17-442A still sold by Atkins Rotary ($28, in stock 2026-09).",,,1011-17-442A,1920A-1 EC-064-27 EC-064-28,,PT349,,,
PT348,Speedometer sleeve oil seal,transmission,underbody,yes,Mazda,,,,,,,,,,,9958-60-8166,1920A-1 EC-064-29,,PT347,,,
PT349,Extension housing,transmission,underbody,yes,Mazda,,,,https://www.transmissionpartsusa.com/3N71B_L3N71B_transmission_bushings_s/18505.htm,,,,"fasteners: EC-064-32, EC-064-33 8 bolts 0338-19-737 with plain washers 0338-19-739 (S-005 fig 1920A-1); the rear oil seal 0437-17-335A and the speedometer driven gear sleeve sit in it. Removal of the propeller shaft: fit turning holder 49 0259 440 in the housing so fluid does not run out (S-045 7A:1).",,,1840-19-710,1920A-1 EC-064-30 EC-064-32 EC-064-33,,PT054,,,
PT350,Extension housing gasket,transmission,underbody,yes,Mazda,,,,https://cobratransmission.com/overhaul-kit-nissan-l3n71b-3-speed-1971-1987-1100000-1,,,,Discard and renew whenever the housing comes off; the Cobra 53002F 3N71B overhaul kit (S-201) supplies the gaskets and seals.,,,0338-19-735,1920A-1 EC-064-31,,PT349,,,
PT351,Control valve body,transmission,underbody,yes,Mazda,,,,,,,,"fasteners: EC-065-05, EC-065-06, EC-065-07 Nine attaching bolts in three lengths: 4x 0338-19-831, 2x 0338-19-832, 3x 0338-19-833 (S-005 fig 1920A-2); keep them sorted by length at removal (S-002 7B-32). Upper body, separator plate and lower body; the lower body carries the throttle relief ball and the orifice check valve with their springs (S-045 7A:12).",,,8872-19-750C,1920A-1 1920A-2 EC-064-34 EC-065-05 EC-065-06 EC-065-07,,PT054,,,
PT352,Manual valve,transmission,underbody,yes,Mazda,,,,,,,,"Slides off the valve body; on installation the pin on the manual plate must sit in its groove (S-045 7A:12, 7A:17).",,,0338-19-768,1920A-1 EC-064-35,,PT351,,,
PT353,Transmission oil strainer (filter),transmission,underbody,yes,Mazda,,,,https://www.raybestospowertrain.com/transmission-filter-kits/357418,,,,"service item at a fluid change; O-rings 0338-19-822 (2) Aftermarket filter kits cross to 1758-19-815: Raybestos 357418 (filter 515418 + nitrile gasket 22G418, L3N71B with external servo 1974-83) and ATP B-416 (1979-83 RX-7). Bolted to the underside of the control valve body.",,,1758-19-815,1920A-1 EC-064-36 EC-064-37,,PT351,,,
PT354,Vacuum diaphragm (modulator),transmission,underbody,yes,Mazda,,,,https://www.atkinsrotary.com/79-88-Rx7-Automatic-Vacuum-Modulator-Diaphragm-BT07-19-823.html,,,,sets shift points from engine vacuum; a ruptured diaphragm draws ATF into the engine BT07-19-823 is the current Mazda number and supersedes 0338-19-823 and 1758-19-823; still sold new by Atkins Rotary and Mazdatrix. Its vacuum sensing tube runs to the carburettor base (S-045 7A:1; rx7club). Takes the selective rod PT355; do not leave the rod stuck in the diaphragm tip at removal (S-002 7B-32).,,,BT07-19-823,1920A-1 EC-064-38,,PT340,,,
PT355,Vacuum diaphragm rod (selective length),transmission,underbody,yes,Mazda,,,,,,,,"lengths 29.0/29.5/30.0/30.5/31.0 mm; FT01-19-824 is an alternative number listed after the 29.0 rod. check the fitted length by measuring when the diaphragm is out Selected from the measured depth of the vacuum throttle valve bore after any change of control valve body or case (S-045 7A:17, S-002 7B-78).",,,0338-19-828 0338-19-829 0338-19-825 0338-19-827 0338-19-826 FT01-19-824,1920A-1 1920A-2 EC-064-39 EC-064-40 EC-065-01 EC-065-02 EC-065-03 EC-065-04,,PT354,,,
PT356,Oil pan gasket,transmission,underbody,yes,Mazda,,,,https://www.atkinsrotary.com/79-83-Rx7-Automatic-Transmission-Pan-Gasket-1758-19-835.html,,,,renew at every pan drop Mazda has discontinued 1758-19-835; Atkins Rotary still stocks and can make it. A parts.mazdausa.com search listing shows 0338-19-835B as the current genuine number (check). Raybestos 22G418 (in kit 357418) and ATP B-416 are the aftermarket gaskets.,,,1758-19-835,1920A-2 EC-065-08,,PT357,,,
PT357,Transmission oil pan,transmission,underbody,yes,Mazda,,,,,,,,"fasteners: EC-065-10 (17 bolts) 17 bolts 0338-19-837 (S-005 fig 1920A-2, page 1-D6); the ATP B-416 gasket is described as 14 bolt holes, check against the pan. Inspect what is in the pan at removal: dark or burnt fluid or friction particles point to the clutches or band, a tacky varnish film to sticking valves (S-002 7B-32).",,,1758-19-836,1920A-2 EC-065-09 EC-065-10,,PT340,,,
PT358,ATF filler/level tube,transmission,engine_bay,yes,Mazda,,,,,,,,O-ring 9954-10-1601; clips: EC-065-14 Fluid is added through this tube; O-ring 9954-10-1601 at the case and two clips 3876-19-916 (S-005 fig 1920A-2).,,,8872-19-870A,1920A-2 EC-065-11 EC-065-12 EC-065-14,,PT340,,,
PT359,ATF dipstick,transmission,engine_bay,yes,Mazda,,,,,,,,"Marked L and F; level is read hot, engine idling, selector in P after passing through every range (S-045 7A:18, S-002 0-24).",,,8872-19-880,1920A-2 EC-065-13,,PT358,,,
PT360,Brake band (kickdown band),transmission,underbody,yes,Mazda,,,,,,,,"band strut 0338-19-361B (EC-064-10) Holds the front clutch drum for 2nd gear (D2, 2 and 1-2nd); the servo piston stem sets its adjustment (S-002 7B-8). Removed with its strut after backing off the piston stem (S-045 7A:4).",,,0338-19-360B 0338-19-361B,1930A-1 1920A-1 EC-066-01 EC-064-10,,PT340,,,
PT361,Front clutch,transmission,underbody,yes,Mazda,,,,,,,,"Applied in 3rd and reverse (S-002 7B-8). Contains 3 drive and 3 driven plates (S-002 7B-2), a dished plate, the piston with two seals, 10 return springs, retainer and the selective retaining plate PT369.",,,3959-19-460A,1930A-1 EC-066-02,,PT054,,,
PT362,Front clutch drum,transmission,underbody,yes,Mazda,,,,,,,,"3959- prefix is the '81-83 drum; the 1980 manual's front clutch took 7.2-8.2 mm retaining plates where this one takes 5.0-6.2 mm, so 1980 figures for the front clutch do not transfer (S-045 7A:7 vs S-005 fig 1930A-1).",,,3959-19-470A,1930A-1 EC-066-03,,PT361,,,
PT363,Clutch pistons (front and rear),transmission,underbody,yes,Mazda,,,,,,,,"qty 2, one in each clutch; shared by the front and rear clutch, so listed under the transmission Removed by compressed air into the clutch oil passage; fitted with even pressure round its rim so the seals are not cut (S-045 7A:7, S-002 7B-43).",,,0338-19-480,1930A-1 EC-066-06,,PT054,,,
PT364,Clutch piston seals,transmission,underbody,yes,Mazda,,,,https://cobratransmission.com/overhaul-kit-nissan-l3n71b-3-speed-1971-1987-1100000-1,,,,"O-rings and leather-cut seals, 2 each Outer seal and inner seal per piston (S-045 fig 7A-23); never reused. The Cobra 53002F overhaul kit (S-201) supplies lip seals and O-rings.",,,0338-19-475 0338-19-476,1930A-1 EC-066-04 EC-066-05,,PT363,,,
PT365,Clutch piston return springs,transmission,underbody,yes,Mazda,,,,,,,,"20 springs, 2 retainers, both clutches; snap rings 0338-19-488 (2); shared by the front and rear clutch, so listed under the transmission 10 springs and one retainer per clutch; compressed with tool 49 0378 375 to release the snap ring (S-002 7B-42, 7B-53).",,,0338-19-486 0338-19-487,1930A-1 EC-066-07 EC-066-08 EC-066-09,,PT054,,,
PT366,Clutch dished plates,transmission,underbody,yes,Mazda,,,,,,,,"qty 2; BU17-19-498 is the alternative number; shared by the front and rear clutch, so listed under the transmission One per clutch, first plate against the piston; direction is shown in the manual figure and matters (S-002 7B-43, 7B-54).",,,0338-19-498 BU17-19-498,1930A-1 EC-066-10 EC-066-11,,PT054,,,
PT367,Clutch driven plates (steels),transmission,underbody,yes,Mazda,,,,,,,,"qty 7 across both clutches; shared by the front and rear clutch, so listed under the transmission 3 in the front clutch, 4 in the rear (S-002 7B-2). The Raybestos steel module STMMAZDA01 (S-202) lists 6 direct/forward steels, one short of the catalogue's 7: check before ordering.",,,0338-19-499,1930A-1 EC-066-12,,PT054,,,
PT368,Clutch drive plates (frictions),transmission,underbody,yes,Mazda,,,,https://www.raybestospowertrain.com/transmission/l3n71b,,,,"qty 7 across both clutches; shared by the front and rear clutch, so listed under the transmission 3 in the front clutch, 4 in the rear (S-002 7B-2). Raybestos R560161 (1981-on forward/direct friction, S-202) is the aftermarket plate.",,,BU17-19-500A,1930A-1 EC-066-13,,PT054,,,
PT369,Front clutch retaining plate (selective),transmission,underbody,yes,Mazda,,,,,,,,thickness 5.0-6.2 mm in 0.2 steps sets clutch clearance; check fitted thickness at teardown. snap rings 0338-19-509 (2) Sets the front clutch clearance; the 1985 manual lists the same 5.0-6.2 mm range for its front clutch (S-002 7B-53).,,,3959-19-503 3959-19-504 3959-19-505 3959-19-506 3959-19-507 3959-19-508 3959-19-509,1930A-1 EC-066-14 EC-066-15 EC-066-16 EC-066-17 EC-066-18 EC-066-19 EC-066-20 EC-066-21,,PT361,,,
PT370,Rear clutch,transmission,underbody,yes,Mazda,,,,,,,,"Applied in every forward range (D1, D2, D3, 2, 1); 4 drive and 4 driven plates (S-002 7B-2, 7B-8). Its retaining plate is not selective: an off-standard clearance means new plates (S-045 7A:8).",,,0338-19-510,1930A-1 EC-066-22,,PT054,,,
PT371,Rear clutch drum,transmission,underbody,yes,Mazda,,,,,,,,"Comes out with the front clutch, rear clutch hub, front carrier, connecting shell and sun gear as one assembly (S-045 7A:4).",,,0338-19-511,1930A-1 EC-066-23,,PT370,,,
PT372,Rear clutch retaining plate,transmission,underbody,yes,Mazda,,,,,,,,"One thickness only (single catalogue number); clearance is corrected with plates, not this part (S-005 fig 1930A-1, S-045 7A:8).",,,0338-19-515,1930A-1 EC-066-24,,PT370,,,
PT373,Rear clutch hubs,transmission,underbody,yes,Mazda,,,,,,,,snap ring 0338-19-534 Two hub numbers 0338-19-530 and -531 retained by snap ring 0338-19-534 (S-005 fig 1930A-1); fitted with the front planetary carrier on top of the rear clutch (S-002 7B-70).,,,0338-19-530 0338-19-531,1930A-1 EC-066-25 EC-066-26 EC-066-27,,PT370,,,
PT374,Front planetary carrier,transmission,underbody,yes,Mazda,,,,,,,,Replaced as a unit if the pinion washer clearance is over the limit (S-045 7A:14).,,,0338-19-540,1930A-1 EC-066-28,,PT054,,,
PT375,Sun gear and connecting shell,transmission,underbody,yes,Mazda,,,,,,,,"race 0338-19-566, snap ring 0338-19-567 Shell alone is 0338-19-565 (S-005 fig 1930A-1). Total end play is read by moving the connecting shell fore and aft with a screwdriver behind it, dial indicator on the input shaft; front clutch drum end play is the feeler gap between the front clutch drum and this shell (S-045 7A:16).",,,0338-19-550,1930A-1 EC-066-29 EC-066-32 EC-066-33,,PT054,,,
PT376,Sun gear,transmission,underbody,yes,Mazda,,,,,,,,"Directional: the grooved face goes to the front, where the carrier washer bears on it (S-002 7B-55).",,,0338-19-560,1930A-1 EC-066-30,,PT375,,,
PT377,Connecting shell,transmission,underbody,yes,Mazda,,,,,,,,,,,0338-19-565,1930A-1 EC-066-31,,PT375,,,
PT378,Rear planetary carrier,transmission,underbody,yes,Mazda,,,,,,,,snap ring 0338-19-598,,,0338-19-570,1930A-1 EC-066-34 EC-066-35,,PT054,,,
PT379,Thrust needle bearings and races,transmission,underbody,yes,Mazda,,,,,,,,"7 needle bearings, 4 races The 1985 workshop manual (S-002 p.7B-79, L4N71B) draws where every thrust needle bearing and race sits in the case; the 3N71B positions behind the overdrive section are the same layout.",,,0338-19-621 0338-19-622 0338-19-623A 0338-19-624 0436-19-656 0338-19-639,1930A-1 1930A-2 EC-066-36 EC-066-37 EC-066-38 EC-066-39 EC-067-06 EC-067-07,,PT054,,,
PT380,"Pump cover thrust race (selective, end play)",transmission,underbody,yes,Mazda,,,,,,,,"thickness 1.2-2.2 mm sets total end play; check fitted thickness at teardown Six selective races, 1.2-2.2 mm in 0.2 mm steps; total end play is read with a dial indicator on the input shaft while the connecting shell is levered fore and aft.",,,0338-19-631 0338-19-632 0338-19-633 0338-19-634 0338-19-635 0338-19-636,1930A-1 1930A-2 EC-066-40 EC-067-01 EC-067-02 EC-067-03 EC-067-04 EC-067-05,,PT334,,,
PT381,Front clutch thrust washer (selective),transmission,underbody,yes,Mazda,,,,,,,,thickness 1.3-2.7 mm sets front end play; check fitted thickness at teardown Front clutch drum end play is measured with a feeler gauge between the front clutch drum and the connecting shell; the catalogue lists eight washers (1.3-2.7 mm) while the 1980 manual lists seven (1.5-2.7 mm).,,,0338-19-648 0338-19-646 0338-19-647 0338-19-641 0338-19-642 0338-19-643 0338-19-644 0338-19-645,1930A-2 EC-067-08 EC-067-09 EC-067-10 EC-067-11 EC-067-12 EC-067-13 EC-067-14 EC-067-15,,PT361,,,
PT382,Transmission overhaul repair kit,transmission,underbody,yes,Mazda,,,,https://cobratransmission.com/overhaul-kit-nissan-l3n71b-3-speed-1971-1987-1100000-1,,,,"'81-'82 kit (catalogue: repair kit, clutch) Aftermarket 3N71B overhaul (soft parts) kits listing the 1979-85 RX-7 are available, e.g. Cobra 53002F.",,,0397-22-200,1930A-2 EC-067-16,,PT054,,,
PT383,Output shaft,transmission,underbody,yes,Mazda,,,,,,,,ring 0338-19-676,,,0338-19-670A,1940A-1 EC-068-38 EC-068-39,,PT054,,,
PT384,Speedometer drive gear,transmission,underbody,yes,Mazda,,,,,,,,located by steel ball 9961-11-500,,,3728-17-341A,1940A-1 EC-068-01 EC-068-02,,PT383,,,
PT385,Output flange and drive flange,transmission,underbody,yes,Mazda,,,,,,,,snap ring 0338-19-534,,,0338-19-580 0338-19-581,1940A-1 EC-068-05 EC-068-06 EC-068-04,,PT383,,,
PT386,Connecting drum (low and reverse),transmission,underbody,yes,Mazda,,,,,,,,"The 1985 workshop manual (S-002 p.7B-56) has an exploded view of the connecting drum, rear planetary carrier and one-way clutch with the removal order.",,,0338-19-590 0338-19-591,1940A-1 EC-068-07 EC-068-08,,PT054,,,
PT387,Low one-way clutch,transmission,underbody,yes,Mazda,,,,,,,,"snap rings 0338-19-596 (2) Fit with the arrow mark toward the front of the car; it must turn freely in one direction only (clockwise, 1980 manual).",,,0338-19-595,1940A-1 EC-068-11 EC-068-12,,PT386,,,
PT388,One-way clutch outer race,transmission,underbody,yes,Mazda,,,,,,,,snap ring 0338-19-594,,,0338-19-593,1940A-1 EC-068-09 EC-068-10,,PT387,,,
PT389,One-way clutch inner race,transmission,underbody,yes,Mazda,,,,,,,,"bolted to the case rear. fasteners: EC-064-06, EC-064-07, EC-068-03 Its eight bolts are reached from the case side with Mazda hex socket 49 0378 346.",,,0338-19-336,1920A-1 1940A-1 EC-064-05 EC-064-06 EC-064-07 EC-068-03,,PT340,,,
PT390,Low and reverse brake,transmission,underbody,yes,Mazda,,,,,,,,multi-plate brake in the case (no single catalogue number; its parts are the rows below); snap ring 0338-19-619 (EC-068-28),,,,1940A-1 EC-068-28,,PT054,,,
PT391,Low and reverse brake piston,transmission,underbody,yes,Mazda,,,,,,,,,,,BT08-19-600,1940A-1 EC-068-13,,PT390,,,
PT392,Low and reverse piston seals,transmission,underbody,yes,Mazda,,,,,,,,,,,0338-19-603 0338-19-604,1940A-1 EC-068-14 EC-068-15,,PT391,,,
PT393,Low and reverse piston return spring,transmission,underbody,yes,Mazda,,,,,,,,thrust spring ring 0338-19-605; snap ring 0338-19-607,,,0338-19-606 0338-19-605,1940A-1 EC-068-16 EC-068-17 EC-068-18,,PT390,,,
PT394,Low and reverse dished plate,transmission,underbody,yes,Mazda,,,,,,,,,,,0338-19-608,1940A-1 EC-068-19,,PT390,,,
PT395,Low and reverse driven plates (steels),transmission,underbody,yes,Mazda,,,,https://www.raybestospowertrain.com/transmission/l3n71b,,,,qty 4,,,0338-19-609,1940A-1 EC-068-20,,PT390,,,
PT396,Low and reverse drive plates (frictions),transmission,underbody,yes,Mazda,,,,https://www.raybestospowertrain.com/transmission/l3n71b,,,,qty 4,,,0338-19-610A,1940A-1 EC-068-21,,PT390,,,
PT397,Low and reverse retaining plate (selective),transmission,underbody,yes,Mazda,,,,,,,,"thickness 7.8-8.8 mm sets brake clearance; check fitted thickness at teardown Six selective plates, 7.8-8.8 mm in 0.2 mm steps; clearance to the snap ring is checked with a feeler gauge.",,,1758-19-613 1758-19-614 1758-19-615 1758-19-616 1758-19-617 1758-19-618,1940A-1 EC-068-22 EC-068-23 EC-068-24 EC-068-25 EC-068-26 EC-068-27,,PT390,,,
PT398,Oil distributor,transmission,underbody,yes,Mazda,,,,,,,,bearing race 0436-19-656 (2),,,0842-19-650,1940A-1 EC-068-29 EC-068-31,,PT383,,,
PT399,Oil distributor seal rings,transmission,underbody,yes,Mazda,,,,,,,,qty 3,,,0338-19-655,1940A-1 EC-068-30,,PT398,,,
PT400,Governor,transmission,underbody,yes,Mazda,,,,,,,,retainer plates 0338-19-667 (3),,,0842-19-660,1940A-1 EC-068-32 EC-068-37,,PT398,,,
PT401,Governor valves and springs,transmission,underbody,yes,Mazda,,,,,,,,"two valves, each with its spring The secondary governor spring is the stronger of the two and must not be swapped with the primary; the valves should slide in their bores under their own weight when dry.",,,0338-19-663 0338-19-664 0842-19-665 0338-19-666,1940A-1 EC-068-33 EC-068-34 EC-068-35 EC-068-36,,PT400,,,
PT402,Transmission select lever (on the case),transmission,underbody,yes,Mazda,,,,,,,,the shift linkage rod joins here; washer 1758-19-055,,,8872-19-031,1950A-1 EC-069-01 EC-069-03,,PT404,,,
PT403,Manual shaft dust seal,transmission,underbody,yes,Mazda,,,,,,,,,,,1758-19-036A,1950A-1 EC-069-02,,PT340,,,
PT404,Manual shaft,transmission,underbody,yes,Mazda,,,,,,,,"O-rings 9954-10-0901, 9954-10-1201; pin 1758-19-434; nut 1758-19-443; snap ring 0338-19-449",,,1758-19-431A,1950A-1 EC-069-04 EC-069-05 EC-069-07 EC-069-09 EC-069-10 EC-069-11,,PT340,,,
PT405,Manual (detent) plate,transmission,underbody,yes,Mazda,,,,,,,,"Sits inside the case on the manual shaft; its pin drives the manual valve in the control valve body and its detent notches give the selector positions (N is the third detent from the rear, per the 1980 manual).",,,1758-19-440A,1950A-1 EC-069-08,,PT404,,,
PT406,Parking rod,transmission,underbody,yes,Mazda,,,,,,,,"sleeve 1758-19-455A Runs from the manual plate back into the extension housing, where its rear end rides between the two spring-loaded steel balls of the actuator support; it is unhooked by removing a snap ring at the parking lever.",,,1758-19-450,1950A-1 EC-069-12 EC-069-13,,PT405,,,
PT407,Parking actuator support,transmission,underbody,yes,Mazda,,,,,,,,"retaining plate 0338-19-702A; ball-park springs 0338-19-703 (2), retainer 0338-19-704, steel balls 9961-12-750 (2). fasteners: EC-069-19 Bolted inside the extension housing; its two steel balls press the parking rod against the pawl in P.",,,0338-19-701A 0338-19-702A,1950A-1 EC-069-14 EC-069-15 EC-069-16 EC-069-17 EC-069-18 EC-069-19,,PT340,,,
PT408,Parking pawl,transmission,underbody,yes,Mazda,,,,,,,,"pawl shaft 0338-19-731, dowel spacer 0338-19-734A. fasteners: EC-069-24, EC-069-25 Mounted in the extension housing on its pawl shaft; the factory inspection is a visual check for wear or damage, with no dimension given.",,,0338-19-732 0338-19-731,1950A-1 EC-069-21 EC-069-20 EC-069-23 EC-069-24 EC-069-25,,PT340,,,
PT409,Parking pawl return spring,transmission,underbody,yes,Mazda,,,,,,,,,,,0338-19-733C,1950A-1 EC-069-22,,PT408,,,
PT410,Shift lever (automatic selector),transmission,dash,yes,Mazda,,,,https://www.ebay.com/shop/mazda-rx7-automatic-transmission?_nkw=mazda+rx7+automatic+transmission,,,,"washer 1481-46-019 Linkage is adjusted at the T-joint under the car with both the lever and the transmission range lever in N (1980 7A-G-1); used 81-85 A/T selector assemblies with knob turn up on eBay, no new part found.",,,1481-46-010,4600A-1 EC-115-01 EC-115-02,,,,,
PT411,Selector lever push rod,transmission,dash,yes,Mazda,,,,,,,,"'81-'82 part; guide pin 8174-46-022 Its travel is set by how far the knob is screwed onto the lever (1980 7A-G-2): fully in, then out one turn so the button faces the driver.",,,8872-46-021A 8174-46-022,4600A-1 EC-115-03 EC-115-05,,PT410,,,
PT412,Shift knob,transmission,dash,yes,Mazda,,,,https://www.ebay.com/b/Shift-Knobs-for-1982-Mazda-RX-7/174077/bn_92444902,,,,'81-'82 part; 00 is black Screws onto the lever with a lock nut; setting the knob one turn out from fully in (button toward the driver) is what makes the P and N-R/D-2 interlock work (1980 7A-G-2). Not stocked new by Atkins (their knob list has no 79-85 automatic knob); used only.,,,8872-46-030C (colour variants 00),4600A-1 EC-115-06 EC-115-07,,PT410,,,
PT413,Shift knob push button,transmission,dash,yes,Mazda,,,,,,,,"'81-'82 part; pin 1244-46-035, spring 1244-46-038 Must be pressed for P and for N to R and D to 2; if those moves work without the button, the knob is screwed too far in (1980 7A-G-2).",,,8872-46-032,4600A-1 EC-115-10 EC-115-11 EC-115-12,,PT412,,,
PT414,Selector lever detent lever,transmission,dash,yes,Mazda,,,,,,,,"'81-'82 part; catalogue says only LEVER (46 055); nut 8202-46-061A, spring 2375-46-062",,,1244-46-055,4600A-1 EC-115-13 EC-115-14 EC-115-15,,PT410,,,
PT415,Shift lever boot,transmission,dash,yes,Mazda,,,,,,,,,,,1481-46-081A,4600A-1 EC-115-16,,PT410,,,
PT416,Shift lever floor seal rubber,transmission,dash,yes,Mazda,,,,,,,,,,,FA03-46-083,4600A-1 EC-115-17,,PT417,,,
PT417,Shift lever bracket,transmission,dash,yes,Mazda,,,,,,,,"spacers 1481-46-084A (5), bushings 1015-46-085 (2)",,,FA03-46-110,4600A-1 EC-115-20 EC-115-18 EC-115-19,,PT410,,,
PT418,Shift counter lever,transmission,underbody,yes,Mazda,,,,,,,,,,,1481-46-150A,4600A-1 EC-115-21,,PT417,,,
PT419,Shift adjusting lever,transmission,underbody,yes,Mazda,,,,,,,,"where the linkage is adjusted to the detents The adjustment point is the T-joint at the lower end of the selector lever operating arm: with the transmission range lever in N (third detent from the rear) the T-joint is set so it enters the arm's hole freely, then the nuts are tightened (1980 7A-G-1).",,,1481-46-160,4600A-1 EC-115-22,,PT418,,,
PT420,Shift linkage rod,transmission,underbody,yes,Mazda,,,,,,,,joins the adjusting lever to the lever on the case The manual-linkage adjustment is made with the selector in N: the T-joint nuts on the rod are set so the joint enters the hole of the lever on the case freely; check whether FA03-46-571 is the rod that carries that T-joint.,,,FA03-46-571,4600A-1 EC-115-23,,PT402,,,
PT421,Shift linkage bushings,transmission,underbody,yes,Mazda,,,,,,,,"bushing, counter-lever bushing, joint bushing; worn bushings give a sloppy selector",,,1015-46-684A 1481-46-684 8872-46-685,4600A-1 EC-115-24 EC-115-25 EC-115-26,,PT418,,,
PT422,Propeller shaft,driveline,underbody,yes,Mazda,,,,https://mazdatrix.com/product-category/differential/driveshafts/,,,,fasteners: rear flange bolts 1393-25-123 x4 (EC-084-14) Factory shaft 8871-25-100 discontinued (Mazdatrix 25-1000-8871 NLA); Mazdatrix sells an aftermarket 79-82 shaft 2691-700 (manual and automatic) with a factory-size rear joint and a Dodge 7260 front joint. Mark the shaft and the axle companion flange before removal to keep the balance; fit main shaft turning holder 49 0259 440 in the extension housing after removal (1985 FSM 8-3).,,,8871-25-100,2500A-1 EC-084-13,,,,1,
PT423,Propeller shaft universal joint set,driveline,underbody,yes,Mazda,,,,"https://www.rockauto.com/en/catalog/mazda,1982,rx-7,1.1l+r2,1192250,drivetrain,universal+joint,2392",,,,"retaining snap rings are selective thickness 1.22-1.38 mm: 0259-25-071B, -072B, -073B, -074B, -075B, -076B, -077A (or -077B), -078B, -079B; measure to choose 1979-82 shafts carry snap-ring joints, so the joints are serviceable; 1983-85 shafts are staked (rx7club). Aftermarket joints listed for this car: Moog 397, SKF UJ397, GMB / FVP 220-0007 (greasable), Dana Spicer 5-3229X; check the cap size against the 25 mm spider before buying.",,,8BB1-25-060,2500A-1 EC-084-02 EC-084-03 EC-084-04 EC-084-05 EC-084-06 EC-084-07 EC-084-08 EC-084-09 EC-084-10 EC-084-11 EC-084-12,,PT422,,2,
PT424,Propeller shaft front yoke (universal joint yoke),driveline,underbody,yes,Mazda,,,,,,,,,,,0259-25-021B,2500A-1 EC-084-01,,PT422,,1,
PT425,Propeller shaft yoke,driveline,underbody,yes,Mazda,,,,https://mazdatrix.com/product-category/differential/driveshafts/,,,,"Mazdatrix lists a 79-82 rear driveshaft flange 1502-29 (manual or automatic, joint not included); check it is this yoke.",,,0425-25-130B,2500A-1 EC-084-15,,PT422,,1,
PT426,Rear axle casing,driveline,underbody,yes,Mazda,,,,,,,,S and GS casing (GSL disc casing does not apply) Casing is the 1979-83 small-bearing type; the 1984-85 casing is bored for the larger bearing and does not swap (rx7club interchange thread).,,,8871-26-020D,2600A-1 EC-086-02,,PT055,,1,
PT427,Rear axle oil level (filler) plug,driveline,underbody,yes,Mazda,,,,,,,,,,,0259-26-041A,2600A-1 EC-086-03,,PT426,,1,
PT428,Rear axle magnetic drain plug,driveline,underbody,yes,Mazda,,,,,,,,,,,0259-26-051,2600A-1 EC-086-04,,PT426,,1,
PT429,Rear axle breather,driveline,underbody,yes,Mazda,,,,,,,,A clogged breather shows as oil leakage at the axle (1985 FSM 9-3).,,,0886-26-060,2600A-1 EC-086-05,,PT426,,1,
PT430,Rear axle shafts,driveline,corners,yes,Mazda,,,,https://www.atkinsrotary.com/Suspension-and-Steering/Wheels-and-Parts/Wheel-Bearings-and-Seals/79-85-Mazda-Rx7-Wheel-Bearings-and-Seals/,,,,"Pulled with rear axle shaft puller 49 0223 630B and attachment 49 8501 631 after the drum, shoes, backing plate nuts and brake pipe are off (1985 FSM 9-7). The wheel bearing that rides on it is sold by Atkins as 8871-26-151A (71-83 12A); Timken/National RW102R is the cross-reference given on rx7club for 1979-83.",,,FA01-26-111,2600A-1 EC-086-06,,PT426,,2,
PT431,Rear axle bearing collars,driveline,corners,yes,Mazda,,,,https://www.atkinsrotary.com/Suspension-and-Steering/Wheels-and-Parts/Wheel-Bearings-and-Seals/79-85-Mazda-Rx7-Wheel-Bearings-and-Seals/,,,,"pressed on behind the bearing; renewed whenever the bearing is Removed by grinding one side down to 0.5 mm and breaking it with a chisel; pressed on dry (no oil or grease) with bearing separator attachment 49 1011 748 (1985 FSM 9-8, 9-9). Atkins sells it as 8531-26-152, 71-83 12A.",,,8531-26-152,2600A-1 EC-086-08,,PT430,,2,
PT432,Rear axle shaft oil seals,driveline,corners,yes,Mazda,,,,https://www.atkinsrotary.com/Suspension-and-Steering/Wheels-and-Parts/Wheel-Bearings-and-Seals/79-85-Mazda-Rx7-Wheel-Bearings-and-Seals/,,,,"Fitted with main drive gear installer 49 0180 321A, lip greased (1985 FSM 9-10); leave it in place unless it is being renewed. Atkins 0187-26-154, 79-83; National/Timken 1214N is the rx7club cross-reference for 1979-83.",,,0187-26-154,2600A-1 EC-086-09,,PT426,,2,
PT433,Rear axle bearing spacers,driveline,corners,yes,Mazda,,,,https://www.atkinsrotary.com/Suspension-and-Steering/Wheels-and-Parts/Wheel-Bearings-and-Seals/79-85-Mazda-Rx7-Wheel-Bearings-and-Seals/,,,,"Atkins 0259-26-155, 79-83 (84-85 uses FA66-26-155).",,,0259-26-155,2600A-1 EC-086-10,,PT430,,2,
PT434,Differential carrier,driveline,underbody,yes,Mazda,,,,https://www.atkinsrotary.com/Rear-Differential/Rear-Differential-Hardware/79-85-Mazda-Rx7-Rear-Differential-Hardware/,,,,"To drop the carrier, leave two nuts on loosely and tap the carrier with a wooden hammer; refit with sealant 8527 77 739 on the joint, then bleed the brakes and refill (1985 FSM 9-11, 9-12). Mounts on engine stand 49 0107 680A with attachments 49 0419 561 and 49 0223 561A, or carrier hanger 49 M005 667.",,,0820-27-150C,2700A-1 EC-089-14,,PT055,,1,
PT435,Differential companion flange,driveline,underbody,yes,Mazda,,,,https://www.atkinsrotary.com/Rear-Differential/Rear-Differential-Hardware/79-85-Mazda-Rx7-Rear-Differential-Hardware/,,,,"check: catalogue prints ""'81 & '83"", likely a misprint for '82; check the flange is the one on the car. fasteners: pinion lock nut 0223-27-030 (EC-089-06), washer 0223-27-012 (EC-089-01) Held with coupling flange holder 49 0259 710A to undo the nut, pulled with bearing puller set 49 0839 425C (1985 FSM 9-13, 9-14). Atkins stocks the lock nut 0223-27-030 and washer 0223-27-012; it lists the driveline bolt as 1456-25-123 with nut 1456-25-125 for 81-85 where the catalogue gives 1393-25-123 - check which the car has.",,,0223-27-020C,2700A-1 EC-089-04 EC-089-01 EC-089-06,,PT434,,1,
PT436,Differential pinion oil seal,driveline,underbody,yes,Mazda,,,,https://www.atkinsrotary.com/79-82-Rx7-Rear-Differential-Pinion-Seal-0223-27-018.html,,,,"'81-'82 No longer available from Mazda; Atkins sells an aftermarket seal under 0223-27-018 (79-82; 83-85 changed to M005-27-165 with the big flange). National/Timken 710326 is the rx7club cross-reference for 1979-86. Measure the seal drag with a torque wrench before the pinion nut is tightened, and subtract it from the preload reading (1985 FSM 9-19).",,,0223-27-018,2700A-1 EC-089-02,,PT434,,1,
PT437,Final drive gear set (ring gear and drive pinion),driveline,underbody,yes,Mazda,,,,https://mazdatrix.com/product/ring-pinion-3-909-short-nose/,,,,"ratio 3.909 per catalogue; check the tag or count teeth. Setup parts: pinion bearing distance piece 0305-27-171; selective pinion spacers 3.08-3.47 mm 0223-27-401A to -415A; ring gear reamer bolts 8051-27-235 (D10.0) or 8051-27-236 (D10.2) x10 Ring gear and pinion are replaced only as a set (1985 FSM 9-16); Mazdatrix sells a new Mazda 3.909 short-nose set M037-27-110B for 74-85 non-turbo axles. Pinion height is set by the selective spacer: average the two side-bearing bore readings from the pinion model gauge and subtract the number electric-pencilled on the pinion end divided by 100; spacers step 0.03 mm (1985 FSM 9-17 to 9-19). Contact pattern is read with red lead: toe/flank contact means a thinner spacer, heel/face a thicker one (9-25).",,,8051-27-110D,2700A-1 EC-089-11 EC-089-15 EC-089-19 EC-089-20; 2700A-2 EC-090-12 EC-090-13 EC-090-14 EC-090-15 EC-090-16 EC-090-17 EC-090-18 EC-090-19 EC-090-20 EC-090-21 EC-090-22 EC-090-23 EC-090-24 EC-090-25,,PT434,,1,
PT438,Drive pinion front bearing,driveline,underbody,yes,Mazda,,,,https://www.atkinsrotary.com/86-92-N-A-Rx7-Rear-Differential-Middle-Pinion-Bearing-0755-27-210.html,,,,"Atkins sells the front pinion bearing 0755-27-210 (79-85 front; 86-91 middle), replacing 0755-27-141 and 8051-27-142.",,,0755-27-210,2700A-1 EC-089-12,,PT434,,1,
PT439,Drive pinion rear bearing,driveline,underbody,yes,Mazda,,,,https://www.atkinsrotary.com/72-85-Rx7-Rear-Differential-Rear-Pinion-Bearing-0221-27-210.html,,,,"Atkins sells the rear pinion bearing 0221-27-210 with race (72-85 rotary cars), replacing 0221-27-141. Pressed onto the pinion over the selected height spacer (1985 FSM 9-19).",,,0221-27-210,2700A-1 EC-089-13,,PT434,,1,
PT440,Differential case,driveline,underbody,yes,Mazda,,,,,,,,"S and GS open differential Open case, 12A S and GS; the LSD case is the two-piece clutch type and its parts are different. Side bearings are pressed on with a pipe of 41 mm bore or more and 47 mm outside or less, until the press force rises sharply (1985 FSM 9-21).",,,0290-27-231B (alternative 0290-27-231C),2700A-1 EC-089-17 EC-089-18,,PT434,,1,
PT441,Differential side gears,driveline,underbody,yes,Mazda,,,,,,,,"thrust washers selective 2.00-2.20 mm: 0290-27-252, -256, -253, -259, -254 Backlash to the pinion gears is set by the selective thrust washer behind each side gear; washer marks 0, 05, 1, 15, 2 are 2.00 to 2.20 mm in 0.05 steps (1985 FSM 9-20).",,,0820-27-251A,2700A-1 EC-089-22 EC-089-23 EC-089-24 EC-089-25 EC-089-26 EC-089-27,,PT440,,2,
PT442,Differential pinion gears,driveline,underbody,yes,Mazda,,,,,,,,Inserted through the case windows 180 degrees apart and rotated 90 degrees to line up with the pinion shaft holes (1985 FSM 9-20).,,,0221-27-255C,2700A-2 EC-090-01,,PT440,,2,
PT443,Differential pinion shaft,driveline,underbody,yes,Mazda,,,,,,,,"retaining pin 0114-27-262 Lock (knock) pin is driven out with a drift and staked with a punch after refitting (1985 FSM 9-14, 9-21).",,,0305-27-261,2700A-2 EC-090-05 EC-090-07,,PT440,,1,
PT444,Differential side bearings,driveline,underbody,yes,Mazda,,,,https://www.atkinsrotary.com/79-92-N-A-Rx7-Rear-Differential-Side-Carrier-Bearing-0221-27-350.html,,,,"preload set by adjust screws 0290-27-301 x2 with lock plates 0290-27-302 x2 Atkins sells the side carrier bearing 0221-27-350 (79-91 non-turbo), replacing 0221-27-305, 0221-27-305A and G0A0-27-350; two per car. Pulled with bearing puller set 49 0839 425C; keep each outer race with its own bearing; adjusters turn with differential wrench 49 0259 720 (1985 FSM 9-13, 9-14, 9-24).",,,0221-27-350,2700A-2 EC-090-11 EC-090-09 EC-090-10,,PT440,,2,
PT445,Rear brake backing plates,brakes,corners,yes,Mazda,,,,,,,,"fasteners: bolts 3728-26-132 x8 (EC-087-01); plugs 0710-26-288 x2, 3648-26-288 x2 Carries the two shoe-adjusting hole plugs and the arrow that marks the star-wheel direction (S-002 11-10..11). Figure: S-005 Engine-Chassis PDF p.87 (2610A-1).",,,FA01-26-280 (R) FA01-26-290 (L),2610A-1 EC-087-03 EC-087-04 EC-087-01 EC-087-05 EC-087-06,,PT426,,2,
PT446,Rear brake shoe upper return springs,brakes,corners,yes,Mazda,,,,https://www.vividracing.com/-p-153924953.html,,,,"Raybestos H17275 and Centric 118.45003 appear in search-result titles as rear drum hardware kits for the 81-85 RX-7; neither listing could be opened (Vivid Racing 403, RockAuto does not render), so fitment and contents are unverified: check that a kit includes this part before buying.",,,FA01-26-341,2610A-1 EC-087-09,,PT445,,2,
PT447,Rear brake shoe lower return springs,brakes,corners,yes,Mazda,,,,https://www.vividracing.com/-p-153924953.html,,,,"Raybestos H17275 and Centric 118.45003 appear in search-result titles as rear drum hardware kits for the 81-85 RX-7; neither listing could be opened (Vivid Racing 403, RockAuto does not render), so fitment and contents are unverified: check that a kit includes this part before buying.",,,1011-26-342,2610A-1 EC-087-10,,PT445,,2,
PT448,Rear brake back springs,brakes,corners,yes,Mazda,,,,,,,,GA02-26-315: the digit blank in the illustration list is printed in the S-005 numeric index (group 2610A) and matches its D-code 26 315,,,GA02-26-315,2610A-1 EC-087-08,,PT445,2026-09-26,2,
PT449,Rear brake shoe hold-down springs,brakes,corners,yes,Mazda,,,,https://www.amazon.com/Mazda-FA01-26-345-Drum-Brake-Spring/dp/B00KWENV1O,,,,"Genuine FA01-26-345 is listed on Amazon (page did not load; price unknown); the 1985 manual calls it the shoe retaining spring, removed with its guide pin (S-002 11-9).",,,FA01-26-345,2610A-1 EC-087-11,,PT445,,4,
PT450,Rear brake shoe hold-down pins,brakes,corners,yes,Mazda,,,,https://www.ebay.com/itm/145956343438,,,,Genuine FA01-26-391 hold-down pins are listed on eBay (page did not load; price unknown).,,,FA01-26-391,2610A-1 EC-087-12,,PT445,,4,
PT451,Rear wheel cylinder boot sets,brakes,corners,yes,Mazda,,,,,,,,Item 13 'Cup & Boot set' in the 1985 rear drum structural view (S-002 11-8); no listing found.,,,BB62-89-334,2610A-1 EC-087-19,,PT049,,2,
PT452,Rear wheel cylinder bleeder screws,brakes,corners,yes,Mazda,,,,https://mazdatrix.com/product-category/brakes/brake-hardware/,,,,cap 0259-33-693 Mazdatrix stocks the 79-85 rear drum bleeder 0259-33-691 at 6.58 USD.,,,0259-33-691,2610A-1 EC-087-27 EC-087-28,,PT049,,2,
PT453,Rear brake self-adjusters,brakes,corners,yes,Mazda,,,,https://www.atkinsrotary.com/81-85-Rx7-Right-Brake-Shoe-Adjuster-FA01-26-630.html,,,,"FA01-26-630 (R) and FA01-26-640 (L) are discontinued by Mazda: NLA at Atkins Rotary (75 USD when stocked) and at Mazdatrix. Adjust through hole A in the backing plate: turn the star wheel in the arrow direction until the wheel locks, then back off 3-4 notches (S-002 11-10..11).",,,FA01-26-630 (R) FA01-26-640 (L),2610A-1 EC-087-17 EC-087-18,,PT445,,2,
PT454,Rear brake adjuster pawl levers,brakes,corners,yes,Mazda,,,,,,,,Pushed clear through hole B in the backing plate while the star wheel is backed off (S-002 11-11).,,,FA01-26-808 (R) FA01-26-818 (L),2610A-1 EC-087-22 EC-087-23,,PT453,,2,
PT455,Rear parking brake operating levers,brakes,corners,yes,Mazda,,,,https://www.atkinsrotary.com/81-85-rx7-rear-right-drum-parking-brake-shoe-lever-fa01-26-810-.html,,,,"pivot pins FA01-26-832 (R), GA02-26-832 (L) The parking brake cable hooks straight onto this lever (S-002 11-9). Atkins Rotary has the right-hand lever FA01-26-810 at 25 USD, 'no longer available but quite a few left'.",,,FA01-26-800 (R) FA01-26-810 (L),2610A-1 EC-087-20 EC-087-21 EC-087-24 EC-087-25,,PT445,,2,
PT456,Rear coil spring upper rubber seats,suspension,corners,yes,Mazda,,,,https://www.atkinsrotary.com/79-85-Rx7-Rear-Suspension-Spring-Isolator-8871-28-013.html,,,,"check: -013B up to serial FB331 700131, -013C from 700132; read the VIN serial Current service part 8871-28-013C (Atkins 23.50 USD, in stock) replaces 8871-28-013, -013A and -013B.",,,8871-28-013B or 8871-28-013C,2800A-1 EC-091-02 EC-091-03,,PT057,2026-09-26,2,
PT457,Rear shock absorbers (damper set),suspension,corners,yes,Mazda,,,,https://www.atkinsrotary.com/79-85-Rx7-Rear-Shock-Absorber-8871-99-281.html,,,,the shock half of PT057. fasteners: lower mount bolts 1243-28-111 x2 (EC-091-05) Catalogue damper set FA01-99-281A (S-005 2800A-1). Mazdatrix sells OEM FA24-28-700 (144.97 USD) and KYB 343140 (54.65 USD); Atkins sells KYB 343140 as its 8871-99-281 replacement (65 USD).,,,FA01-99-281A,2800A-1 EC-091-12 EC-091-05,,PT057,,2,
PT458,Rear shock upper mount bushings,suspension,corners,yes,Mazda,,,,https://www.atkinsrotary.com/79-85-Rx7-Front-End-Link-Bushing-Washer-0223-28-776.html,,,,"retainers 0223-28-776 x4, grommets 0259-28-778 x2 Bushing 8871-28-775 x4 (S-005 2800A-1); retainer 0223-28-776 still sold (Atkins 5.25 USD).",,,8871-28-775,2800A-1 EC-091-13 EC-091-14 EC-091-15,,PT457,,4,
PT459,Rear bump stoppers,suspension,corners,yes,Mazda,,,,,,,,,,,8871-28-320,2800A-1 EC-091-11,,PT057,,2,
PT460,Rear upper links,suspension,underbody,yes,Mazda,,,,https://atkinsrotary.com/store/79-85-rx7-energy-suspension-rear-4-links-bushing-kit-11-3104g-.html,,,,"catalogue calls it LINK; drawn as the upper trailing link. Pivot bolts 0305-28-111B (EC-091-04), shared with the lower links, 8 in all Catalogue LINK 8871-28-200 x2 (S-005 2800A-1). Energy Suspension 11.3104G (94 USD) re-bushes all four upper and lower links.",,,8871-28-200,2800A-1 EC-091-09 EC-091-04,,,,2,
PT461,Rear lower links,suspension,underbody,yes,Mazda,,,,https://www.atkinsrotary.com/79-85-Rx7-Rear-Lower-Suspension-Lateral-End-Link-8871-28-300A.html,,,,"pivot bolts 0305-28-111B, 8 in all across upper and lower links Lower link 8871-28-300A still sold new (Atkins 187 USD, in stock).",,,8871-28-300A,2800A-1 EC-091-10 EC-091-04,,,,2,
PT462,Watt link arms,suspension,underbody,yes,Mazda,,,,https://www.atkinsrotary.com/79-85-rx7-energy-suspension-watts-link-bushing-kit-11-7102g-.html,,,,"run from the centre bracket on the differential out to the body Catalogue R 8871-28-160, L 8871-28-170 (S-005 2800A-1). Energy Suspension urethane Watt link bushing kit 11.7102G (40.36 USD at Atkins) re-bushes both links; each link goes in with its painted mark to the front and outside (S-002 13-15).",,,8871-28-160 (R) 8871-28-170 (L),2800A-1 EC-091-06 EC-091-07,,PT463,,2,
PT463,Watt link centre bracket,suspension,underbody,yes,Mazda,,,,https://www.atkinsrotary.com/79-85-Rx7-Watts-Link-Pivot-Bracket-8871-28-180.html,,,,"bolted to the differential carrier; the Watt link arms pivot on it. Washer 0866-34-158 (EC-091-16) Genuine Mazda 8871-28-180 still sold new (Atkins, 139 USD, in stock); the seller notes it bends when the car hits a kerb and pairs it with link nuts B037-28-091.",,,8871-28-180,2800A-1 EC-091-08 EC-091-16,,PT055,,1,
PT464,"Rear stabilizer bar, 18 mm",suspension,underbody,yes,Mazda,,,,,,,,"'81-'82 18 mm bar The 1985 manual treats the rear bar as optional ('if equipped', S-002 13-16); the 1981-83 catalogue lists one 18 mm bar 8871-28-151A for '81 and '82 models.",,,8871-28-151A,2810A-1 EC-092-02,,,,1,
PT465,Rear stabilizer bar mount bushings,suspension,underbody,yes,Mazda,,,,https://mazdatrix.com/product-category/suspension/anti-sway-bars/sway-bar-parts/,,,,for the 18 mm bar The catalogue gives 8871-28-156 for the 18 mm bar (S-005 2810A-1) but Mazdatrix lists 8871-28-156 as 17 mm and discontinued; measure the bar before ordering bushings.,,,8871-28-156,2810A-1 EC-092-05,,PT464,,2,
PT466,Rear stabilizer control link brackets,suspension,underbody,yes,Mazda,,,,,,,,"check: fitted from serial FB331 510973 (Oct 1980); a 1982 car should be later, read the VIN serial Catalogue FA01-28-120B from serial FB331 510973 (S-005 2810A-1).",,,FA01-28-120B,2810A-1 EC-092-09,,PT464,,2,
PT467,Rear stabilizer support brackets,suspension,underbody,yes,Mazda,,,,,,,,"check: fitted from serial FB331 501693; a 1982 car should be later, read the VIN serial",,,FA01-28-155,2810A-1 EC-092-11,,PT464,,2,
PT468,Rear stabilizer control link bushings,suspension,underbody,yes,Mazda,,,,https://www.atkinsrotary.com/79-85-Rx7-Rear-End-Link-Bushing-0710-28-775.html,,,,"retainers 0710-28-776 x8; spacers 8871-28-157 x2 Bushing 0710-28-775 is still sold (Atkins 4.50 USD, Mazdatrix 5.15 USD; eight per car); Energy Suspension end-link set 9.8123 is the urethane alternative.",,,0710-28-775,2810A-1 EC-092-14 EC-092-15 EC-092-13,,PT464,,8,
PT469,"Steering wheel, 4-spoke",steering,dash,yes,Mazda,,,,https://www.ebay.com/b/Steering-Wheels-Horns-for-Mazda-RX-7/33704/bn_1435875,,,,"Standard wheel is urethane 8180-32-980B; a leather wheel 8344-32-980B (00) was a GS option - check which is on the car. Fasteners: set-screw 8871-32-740B (EC-093-08); cup set 8871-32-984 (EC-093-23) Nut 40-50 N·m (S-038 T:7). Mark wheel and shaft before removal and pull with a puller; never hammer the column shaft end, it is collapsible and the blow damages the bearing (S-002 p.10A-5, 1985). Only used wheels are on the market (eBay). Figure: S-005 Engine-Chassis PDF p.93 (3200A-1).",,,8180-32-980B (colour variant 00),3200A-1 EC-093-16 EC-093-17 EC-093-18 EC-093-19,,,,1,
PT470,Steering wheel core cover,steering,dash,yes,Mazda,,,,,,,,,,,8871-32-049C (colour variant 00),3200A-1 EC-093-05 EC-093-06,,PT469,,1,
PT471,Horn cap (horn pad),steering,dash,yes,Mazda,,,,https://www.ebay.com/b/Steering-Wheels-Horns-for-Mazda-RX-7/33704/bn_1435875,,,,"The pad levers off the wheel (protect the spokes) and covers the horn contact set 8871-32-750 (S-005 EC-093, 4-spoke); the contact grounds the GL relay-coil wire through the column, so the wheel nut wrench sounds the horns unless the battery or the horn/stop 15 A fuse is out. Used only (eBay).",,,8871-32-800 (colour variant 01),3200A-1 EC-093-13 EC-093-14,,PT469,,1,
PT472,Steering wheel emblem,steering,dash,yes,Mazda,,,,,,,,,,,8531-32-811,3200A-1 EC-093-15,,PT471,,1,
PT473,Horn contact set,electrical,dash,yes,Mazda,,,,,,,,"The sliding horn contact in the wheel hub Carries the horn relay coil ground (GL via column connector E-01) to the steering shaft; the relay does the horn current, so the contact only carries coil current (S-001 p22). Horn ground runs through the column shaft and a strap across the collapsible joint (rx7club).",,,8871-32-750,3200A-1 EC-093-10,,PT469,,1,
PT474,Horn contact terminal,electrical,dash,yes,Mazda,,,,,,,,,,,UA47-32-018,3200A-1 EC-093-02,,PT469,,1,
PT475,Steering gear housing,steering,engine_bay,yes,Mazda,,,,https://www.atkinsrotary.com/82-85-rx7-steering-gear-box-housing-fa24-32-120-.html,,,,"Atkins Rotary listed FA24-32-120 at 350 USD for 82-83 and 84-85 without power steering; NLA, out of stock. Housing-to-frame bolts 44-53 N·m with the alignment shim kept in place.",,,FA24-32-120,3210A-1 EC-094-08,,PT053,,1,
PT476,Steering worm and ball nut,steering,engine_bay,yes,Mazda,,,,,,,,"Serviced only as a unit: the 1985 manual says do not disassemble the worm shaft and ball nut, and to replace the whole gear if the nut does not run freely on the worm (S-002 p.10A-7).",,,FA24-32-130,3210A-1 EC-094-10,,PT053,,1,
PT477,Steering sector shaft,steering,engine_bay,yes,Mazda,,,,,,,,"The pre-1983 non-hardened shaft; adjusting shims 0208-32-188 x2 (EC-094-21) No longer sold separately (about 200 USD when it was; jimrothe.com); an rx7club owner with two 1982 cars reports the sector shafts differ within the year at the tapered-roller bearing seat (early: removable bearing set, later: a lip). Bush clearance wear limit 0.1 mm; adjusting-screw end clearance 0-0.1 mm (S-038 T:6).",,,FA24-32-141A,3210A-1 EC-094-13,,PT053,,1,
PT478,Steering worm bearings,steering,engine_bay,yes,Mazda,,,,,,,,,,,8871-32-182,3210A-1 EC-094-19,,PT053,,2,
PT479,Steering gear adjusting shim kit,steering,engine_bay,yes,Mazda,,,,,,,,Worm bearing preload shims,,,8180-32-140,3210A-1 EC-094-11,,PT053,,1,
PT480,Steering gear end cover kit,steering,engine_bay,yes,Mazda,,,,,,,,Lock nut 230-260 N·m (S-038 T:8); the end cover screws in to set worm bearing preload before the lock nut is tightened.,,,FA24-32-150,3210A-1 EC-094-15,,PT053,,1,
PT481,Steering gear side cover kit,steering,engine_bay,yes,Mazda,,,,,,,,"Carries the sector shaft adjusting screw Side cover bolts 45-55 N·m with sealing agent (S-002 p.10A-8, 1985). The flathead adjusting screw is the weak part: hand-tight only, over-tightening stops return-to-centre (rx7club).",,,FA24-32-170,3210A-1 EC-094-17,,PT053,,1,
PT482,Steering gear seal kit,steering,engine_bay,yes,Mazda,,,,,,,,,,,8871-32-180,3210A-1 EC-094-18,,PT053,,1,
PT483,Steering gear fixing bracket,steering,engine_bay,yes,Mazda,,,,,,,,"FA24-32-420 (S-005 numeric index, group 3210A): FA01-32-420 to serial FB331 525551, FA24-32-420 after it; the car is serial 652095 (vehicle.vin), so FA24-32-420",,,FA24-32-420,3210A-1 EC-094-27,,PT053,2026-09-26,1,
PT484,Pitman arm,steering,engine_bay,yes,Mazda,,,,https://www.atkinsrotary.com/79-85-Rx7-Rebuilt-Pitman-Arm-1757-32-220.html,,,,"NLA from Mazda (Atkins Rotary); Atkins Rotary sells a rebuilt arm at 199.95 USD, out of stock. Nut 150-180 N·m on matched serrations; pulled with SST 49 0223 695E.",,,1757-32-220,3210A-1 EC-094-22,,PT053,,1,
PT485,Pitman shaft dust seal,steering,engine_bay,yes,Mazda,,,,,,,,,,,8545-32-278,3210A-1 EC-094-23,,PT053,,1,
PT486,Steering column dust cover,steering,engine_bay,yes,Mazda,,,,,,,,Bushing 8871-32-412 (EC-094-25) with it,,,8871-32-411,3210A-1 EC-094-24,,PT053,,1,
PT487,Steering column bushing,steering,dash,yes,Mazda,,,,,,,,Split by VIN serial: FB331 up to 610823 = 8182-32-071; 610824-652105 = 8182-32-071A; 652106 on = 1244-32-071A - check the VIN serial. Clip 8871-32-862 (EC-094-04),,,8182-32-071 8182-32-071A 1244-32-071A,3210A-1 EC-094-01 EC-094-02 EC-094-03,,PT053,,1,
PT488,Steering center link,steering,underbody,yes,Mazda,,,,,,,,"No new or reproduction centre link listed by Atkins Rotary or Mazdatrix. Joint nuts: pitman arm 30-45, idler arm 25-35, tie-rods 30-45 N·m, new split pins (S-038 T:7). Figure: S-005 Engine-Chassis PDF p.95 (3230A-1).",,,8871-32-261,3230A-1 EC-095-02,,,,1,
PT489,Steering idler arm,steering,underbody,yes,Mazda,,,,https://www.atkinsrotary.com/79-85-Rx7-idler-arm-8871-32-320a-.html,,,,"Recall campaign 17510 covers the idler arm in some states - check whether done. Washer 0866-32-341 (EC-095-09) Recall campaign 17510 (1986-02-01) replaced the idler arm free on '79-'83 RX-7s in the road-salt states because the pin corrodes and seizes; a modified arm went into production from March 1983 - check for a replacement arm on the car. New arms: OEM 8871-32-320A NLA (Atkins 475 USD), Atkins aftermarket 99 USD NLA, Moog K9369 listed but reported unavailable; the usual repair is new bushes (PT490). Bracket bolts 44-55 N·m; revolving torque 20-60 N at 135 mm.",,,8871-32-320A,3230A-1 EC-095-06 EC-095-07,,PT488,,1,
PT490,Idler arm bushings,steering,underbody,yes,Mazda,,,,https://www.atkinsrotary.com/79-85-Rx7-Idler-Arm-Bushing-1524-32-329B.html,,,,"Atkins Rotary 10.75 USD each, in stock, two per car (replaces 0866-32-329C, 1524-32-329A); Mazdatrix 12.14 USD. Worn bushes show as up-and-down play and a clunk; pack with lithium NLGI No. 2 on assembly.",,,1524-32-329B,3230A-1 EC-095-08,,PT489,,2,
PT491,Tie rods,steering,corners,yes,Mazda,,,,https://www.atkinsrotary.com/79-85-Rx7-Tie-Rod-Threaded-Adjuster-Stud-2113-32-365.html,,,,"The adjuster stud between the two ball joints, M14x1.5 x 113.5 mm (Atkins Rotary, 19.95 USD, in stock; Mazdatrix 22.37 USD); jam nuts 9992-21-400 (inside) and 9994-41-400 (outside), lock nuts 70-80 N·m. Toe-in is reset by turning the studs equally.",,,2113-32-365,3230A-1 EC-095-10,,PT488,,2,
PT492,Tie rod ball joint sets,steering,corners,yes,Mazda,,,,https://atkinsrotary.com/store/79-85-Rx7-Inner-Tie-Rod-End-8531-32-240A.html,,,,"Which joints this set and the ?021-99-324 set are (outer vs inner) is read from the figure - check on the drawing before ordering Atkins Rotary's inner tie rod end 8531-32-240A 'replaces 8531-99-322A', so this set is the INNER joint (centre-link end) and 8021-99-324 (PT493) the outer - check against the figure. Atkins 95 USD in stock, Mazdatrix 84.28 USD; Moog ES2192R.",,,8531-99-322A,3230A-1 EC-095-01,,PT491,2026-09-26,2,
PT493,Steering linkage ball joint sets,steering,underbody,yes,Mazda,,,,https://www.atkinsrotary.com/79-85-Rx7-Outer-Tie-Rod-End-8021-32-280.html,,,,"The S-005 numeric index prints B021-99-324 (group 3230A); B and 8 are not told apart in the scan, and 8021- matches the dust seals 8021-32-279 - confirm with a dealer lookup before ordering Atkins Rotary sells the outer (knuckle-arm) tie rod end as 8021-32-280, 59.25 USD, aftermarket to OEM spec since Mazda discontinued it; the 8021- prefix supports reading the index's B021-99-324 as 8021-99-324 and places this set at the knuckle arm. Moog ES2355. Sealed, no lubrication service.",,,8021-99-324,3230A-1 EC-095-05,,PT488,,2,
PT494,Steering linkage ball joint dust seals,steering,underbody,yes,Mazda,,,,https://www.atkinsrotary.com/79-92-Rx7-Tie-Rod-Dust-Boot-8021-32-279.html,,,,"8021-32-279 x4 and one 8531-32-279 (the digit blank in the illustration list is printed in the S-005 numeric index, group 3230A) Atkins Rotary lists the 8021-32-279 boot for 79-91 at 15.95 USD, out of stock. Fitted with installer 49 8038 785 after packing with lithium NLGI No. 2 grease (S-002 p.10A-12).",,,8021-32-279 8531-32-279,3230A-1 EC-095-03 EC-095-04,,PT488,,5,
PT495,Front hub grease caps,brakes,corners,yes,Mazda,,,,,,,,"Catalogue 'cap, hub' 0419-33-071, qty 2 (S-005 Engine-Chassis p.97); 'grease cap' in the 1985 manual, first off when the hub comes apart (S-002 p.9-5). No listing found (one search).",,,0419-33-071,3300A-1 EC-097-06,,PT042,,2,
PT496,Front caliper mounting adapters,brakes,corners,yes,Mazda,,,,,,,,"'Mounting adapter' in the 1985 structural view, item 11, bolted to the knuckle; the caliper support and pad clips hang on it (S-002 p.11-4). No listing found.",,,8871-33-260A (R) 8871-33-270A (L),3300A-1 EC-097-09 EC-097-10,,PT056,,2,
PT497,Front caliper pistons,brakes,corners,yes,Mazda,,,,,,,,"Two versions listed; the <A> piece is the alternative - check which is fitted before ordering Removed by blowing compressed air into the fluid hole against a wood block; scoring or rust means a new piston or caliper, minor marks polish out with crocus cloth (S-002 p.11-6). Bore is 50.80 mm (S-038 p.8).",,,8341-33-651 8341-33-651A,3300A-1 EC-097-11 EC-097-12,,PT050,2026-09-26,2,
PT498,Front caliper bleeder screws,brakes,corners,yes,Mazda,,,,https://mazdatrix.com/product-category/brakes/,"Mazdatrix 562-426-7960, mazdatrix.inc@gmail.com (https://www.mazdatrix.com)",,,"With rubber cap 0259-33-693 Mazdatrix sells the bleeder 0233-33-691 (79-92 single-piston front) at 10.11 USD, in stock 2026-09-27. Bleed with a tube into a jar of fluid, front and rear circuits separately, reservoir kept at least 3/4 full (S-002 p.11-24).",,,0233-33-691,3300A-1 EC-097-13 EC-097-14,,PT050,,2,
PT499,Front caliper slide pins,brakes,corners,yes,Mazda,,,,,,,,"Catalogue 'pin' 8341-33-699, qty 2, sold on its own; 8341-49-290A is 'all the pins' (S-005 Engine-Chassis p.97). Grease from the pad kit goes on the pin at every pad change (S-002 p.11-5).",,,8341-33-699,3300A-1 EC-097-15,,PT050,,2,
PT500,Front caliper seal kit,brakes,corners,yes,Mazda,,,,https://www.atkinsrotary.com/80-92-Rx7-Single-Piston-Front-Brake-Caliper-Kit-8341-49-240.html,Atkins Rotary 360-832-1990 (https://www.atkinsrotary.com/contact-us/),,,"Grease 8341-49-270 is sold for it One kit does both front calipers and includes the grease: Atkins 49.95 USD, Mazdatrix 45.71 USD, both in stock 2026-09-27. The kit's two greases (orange and red) go where the 1985 figure shows; piston seal and dust boot are never reused (S-002 p.11-7).",,,8341-49-240,3300A-1 EC-097-18 EC-097-19,,PT050,,1,
PT501,Front caliper boot kit,brakes,corners,yes,Mazda,,,,https://mazdatrix.com/product-category/brakes/,,,,Mazdatrix lists the 81-85 caliper boot kits as discontinued by Mazda (2026-09-27); Atkins' seal-kit page refers to a companion boot kit but no listing was checked. Boot and retainer come off first in the 1985 overhaul (S-002 p.11-6).,,,8341-49-250,3300A-1 EC-097-20,,PT050,,1,
PT502,Front brake pad attachment (clips and shims),brakes,corners,yes,Mazda,,,,https://www.atkinsrotary.com/store/79-85-12A-Rx7-Front-Brake-Pad-Hardware-Kit-8341-49-290A.html,Atkins Rotary 360-832-1990 (https://www.atkinsrotary.com/contact-us/),,,"Atkins sells the hardware kit 8341-49-290A for 79-85 12A at 69.99 USD, in stock 2026-09-27; the catalogue says it carries all the pins (S-005 Engine-Chassis p.97). The anti-rattle spring and shims come out with the pads (S-002 p.11-5).",,,8341-49-290A,3300A-1 EC-097-22,,PT050,,1,
PT503,Front strut damper inserts,suspension,corners,yes,Mazda,,,,https://mazdatrix.com/product/strut-kyb-insert-81-85-front-xgslse/,,,,"Catalogue DAMPER, SUB SET-FRONT FA01-49-790 (S-005 3400A-1); Mazdatrix sells the OEM successor FA24-49-790 (137.78 USD) and KYB cartridge 363010 (70.41 USD) for 81-85 non-GSL-SE cars.",,,FA01-49-790,3400A-1 EC-098-22,,PT056,,2,
PT504,Front strut damper set,suspension,corners,yes,Mazda,,,,,,,,"Catalogue name partly illegible (""SF?, DAMPER"", 34 760S) - check what it is before ordering. O-ring 8171-34-731 (EC-098-17) The partly illegible catalogue row is D-code 34760S, part 8171-34-970, qty 2, with O-ring 8171-34-731 (S-005 3400A-1); the drawing boxes it with the cap nut and seal of the oil-filled strut, so it reads as the seal/cap set. check against the parts counter.",,,8171-34-970,3400A-1 EC-098-18 EC-098-17,,PT056,2026-09-26,2,
PT505,Front coil springs,suspension,corners,yes,Mazda,,,,https://www.atkinsrotary.com/79-85-Rx7-Racing-Beat-Spring-Set-14080.html,,,,"R and L differ Right F001-34-011A and left FA01-34-011A (S-005 3400A-1) have different free lengths, 325 and 334.5 mm (S-038 T:7). Racing Beat 14080 is a drop-in stiffer, 1 in lower set if stock springs are not found.",,,F001-34-011A (R) FA01-34-011A (L),3400A-1 EC-098-04 EC-098-05,,PT056,,2,
PT506,Front spring upper seats,suspension,corners,yes,Mazda,,,,,,,,,,,FA01-34-340A,3400A-1 EC-098-12,,PT056,,2,
PT507,Front spring rubber seats,suspension,corners,yes,Mazda,,,,,,,,,,,FA01-34-012,3400A-1 EC-098-06,,PT056,,2,
PT508,Front strut mounting blocks,suspension,corners,yes,Mazda,,,,https://www.atkinsrotary.com/store/79-85-Rx7-Front-Top-Strut-Mount-FA01-34-390A.html,,,,"Spacer FA01-34-384 and adjusting plate 1011-34-013 with it Mount FA01-34-390A is still sold new (Atkins 108 USD, Mazdatrix 128.85 USD). The thrust bearing gets a thin coat of rubber grease on both sides and the block goes back with its triangle mark where it was (S-002 13-8).",,,FA01-34-390A,3400A-1 EC-098-13 EC-098-14 EC-098-07,,PT056,,2,
PT509,Front strut damper caps,suspension,corners,yes,Mazda,,,,,,,,,,,1011-34-019,3400A-1 EC-098-09,,PT508,,2,
PT510,Front strut dust covers,suspension,corners,yes,Mazda,,,,https://mazdatrix.com/product/strut-boot-81-85-front/,,,,"FA01-34-015 is sold new by Mazdatrix as a strut boot (38.16 USD) and by Atkins as a front bump stop (33 USD); the catalogue calls it COVER, DUST.",,,FA01-34-015,3400A-1 EC-098-08,,PT056,,2,
PT511,Front bound bumpers,suspension,corners,yes,Mazda,,,,https://www.atkinsrotary.com/Suspension-and-Steering/Mazda-Shocks-and-Struts-and-Parts/Mazda-Suspension-Bump-Stops-and-Dust-Boots/79-85-Mazda-Rx7-Suspension-Bump-Stops/,,,,Bound bumper 8871-34-111A is no longer available from Mazda (Atkins lists it NLA).,,,8871-34-111A,3400A-1 EC-098-10,,PT056,,2,
PT512,Steering knuckle arms,suspension,corners,yes,Mazda,,,,,,,,Stopper bolt 0603-32-315 Removal of the knuckle arm needs puller 49 0727 575 and the tie-rod end puller 49 0118 850C (S-002 13-9).,,,8871-32-301C (R) 8871-32-311C (L),3400A-1 EC-098-01 EC-098-02 EC-098-03,,PT056,,2,
PT513,Steering stoppers,suspension,corners,yes,Mazda,,,,,,,,,,,1243-34-159,3400A-1 EC-098-11,,PT512,,2,
PT514,Front lower arms and ball joints,suspension,corners,yes,Mazda,,,,https://mazdatrix.com/product/front-lower-control-arm-ball-joint-79-85/,,,,"Arm bolt 8001-28-114 (3410A-1 EC-099-15) The factory manual services the arm and ball joint only as an assembly: the ball joint is checked with a spring scale at the knuckle-arm tie-rod hole and the assembly replaced below 4 N (14 oz) (S-038 T:6, S-002 13-9). Mazda arms are NLA (Atkins lists R 8871-49-310 260 USD and L 8871-49-320 250 USD, both out of stock, also numbered FA54-49-310); Mazdatrix sells a press-in ball joint 8871-49-300 (49.74 USD) to rebuild the arm, and Atkins lists adjustable aftermarket arms (14006, 995 USD). Removal needs pullers 49 0118 850C (tie-rod end) and 49 0727 575 (knuckle arm) (S-002 13-9).",,,8871-49-310 (R) 8871-49-320 (L),3400A-1 EC-098-20 EC-098-21,,PT517,,2,
PT515,Front lower arm bushings,suspension,corners,yes,Mazda,,,,https://mazdatrix.com/product/susp-bush-stock-79-85-control-arm/,,,,"OEM 8173-34-460B is in stock at Mazdatrix (27.55 USD); the urethane alternative is Energy Suspension 11.3101 (pair, 12.50 USD at Atkins, reuses the outer shell). Pressed out toward the front and pressed in from the front with tool 49 0419 530, with no lubricant on bushing or bore (S-002 13-10).",,,8173-34-460B,3400A-1 EC-098-15,,PT514,,2,
PT516,Front ball joint dust seals,suspension,corners,yes,Mazda,,,,https://mazdatrix.com/product/boot-ball-joint-79-85-control-arm/,,,,check on the figure that this seal is the ball joint boot OEM 8531-34-565 in stock at Mazdatrix (15.28 USD). Fill the new boot with lithium grease and press it on with installer 49 8038 785 (S-002 13-10).,,,8531-34-565,3400A-1 EC-098-16,,PT514,2026-09-26,2,
PT517,Front crossmember,suspension,underbody,yes,Mazda,,,,,,,,Nuts 1391-39-349 x4,,,8871-34-800C,3410A-1 EC-099-17 EC-099-20,,,,1,
PT518,Tension rods,suspension,underbody,yes,Mazda,,,,,,,,"Nuts 8871-34-133A x4, bolts 8871-34-134A x4, spacer 8871-34-135A x2 No new tension rod is listed by Atkins Rotary or Mazdatrix; what wears is the bushings (PT519). Fitted with the front end into the bracket first: set nut A, then torque nut B, then the two rear nuts at the arm (S-002 13-12).",,,8871-34-131A,3410A-1 EC-099-01 EC-099-02 EC-099-03 EC-099-04,,PT514,,2,
PT519,Tension rod cushions,suspension,underbody,yes,Mazda,,,,https://www.atkinsrotary.com/79-85-rx7-front-suspension-tension-rod-bushing-8871-34-136b-.html,,,,"Retainers 8871-34-137A x4 Two per side, four per car. OEM 8871-34-136B is 12.50 USD each at Atkins (out of stock); the polyurethane set is Energy Suspension 11.7101G (23 USD, in stock). The flat face of the bushing goes toward the bracket (S-002 13-12).",,,8871-34-136B,3410A-1 EC-099-05 EC-099-06,,PT518,,4,
PT520,Tension rod brackets,suspension,underbody,yes,Mazda,,,,,,,,"Nuts 8871-34-222 x4 (EC-099-14) Comes off and goes on together with the stabilizer bar; the bracket bolts are torqued first, then the bar and tension rod hung from it (S-002 13-11, 13-12).",,,8871-34-850D (R) 8871-34-860D (L),3410A-1 EC-099-18 EC-099-19,,,,2,
PT521,Front stabilizer bar,suspension,underbody,yes,Mazda,,,,https://www.atkinsrotary.com/79-85-Rx7-Racing-Beat-Front-Sway-Bar-14100.html,,,,"Protector 8871-34-152 x2 (81-82) Stock bar diameter about 23 mm (Energy Suspension's bushing fitment; one owner measured 24 mm): check with calipers. Mazda no longer lists the bar; the usual replacement is Racing Beat 14100 (1.125 in OD, 229.95 USD, keeps the stock links). Removed together with the tension rod brackets (S-002 13-11). The 81-82 protector 8871-34-152 is a catalogue row only.",,,8871-34-151,3410A-1 EC-099-07 EC-099-08,,,,1,
PT522,Stabilizer bushings,suspension,underbody,yes,Mazda,,,,https://mazdatrix.com/product-category/suspension/anti-sway-bars/sway-bar-parts/,,,,"Retainers 0223-28-776 x8 Eight per car. Mazda has discontinued 1243-34-153 (Mazdatrix 4.88 USD each while stock lasts); the polyurethane 8-piece front end link bushing kit is 9.8106 (13.97 USD, Mazdatrix), or Energy Suspension 9.8123G replaces both links whole (23.99 USD, Atkins).",,,1243-34-153,3410A-1 EC-099-09 EC-099-16,,PT521,,8,
PT523,Stabilizer mounting bushings,suspension,underbody,yes,Mazda,,,,https://odparts.ca/products/energy-suspension-79-85-mazda-rx7-black-23mm-front-sway-bar-bushings,,,,"Plates FA01-34-155 x2 Mazda has discontinued 8871-34-156A; the replacement is Energy Suspension 11.5101G (pair, sized for a 23 mm bar). Fitted with the split (open end) toward the front, under plate FA01-34-155, and final-tightened after the car is lowered and bounced (S-002 13-12).",,,8871-34-156A,3410A-1 EC-099-11 EC-099-10,,PT521,,2,
PT524,Stabilizer link bolts,suspension,underbody,yes,Mazda,,,,https://www.atkinsrotary.com/79-85-Rx7-Front-Sway-Bar-End-Link-Bolt-0603-34-157A.html,,,,"Spacers 0603-34-158 x2 Bolt 0603-34-157A (6.25 USD) and spacer 0603-34-158 (5.00 USD) are in stock at Atkins; discontinued at Mazdatrix. Stack per side: bolt, retainer, rubber bushing, bar, bushing, retainer, spacer, retainer, bushing, lower arm, bushing, retainer, nut (S-002 13-10, 13-12).",,,0603-34-157A,3410A-1 EC-099-12 EC-099-13,,PT521,,2,
PT525,Road wheels,wheels,corners,yes,Mazda,,,,https://www.wheel-size.com/size/mazda/rx-7/1982/,,,,"Two factory options: alloy cross-design FA01-89-376 or steel 5JX13 9965-38-503 (Sunbeam Silver K3) - check which is on the car. Balancing weights 9965-53-00xx (steel) or 9965-59-00xx (alloy), 10-60 g The 1981-83 parts catalogue lists the cross-design alloy wheel (5½-JJ x 13) for the '82 GS and GSL, while rx7.org's 1982 equipment list (S-013) gives the GS styled steel wheels (5-J x 13) and only the GSL aluminium wheels - check which is on the car.",,,FA01-89-376 9965-38-503 (colour K3),3700A-1 EC-100-13 EC-100-14 EC-100-15 3700A-2 EC-101-13 EC-100-22 EC-100-23 EC-100-24 EC-100-25 EC-100-26 EC-100-27 EC-100-28 EC-100-29 3700A-2 EC-101-01 EC-101-02 EC-101-03 EC-101-04 EC-101-05 EC-101-06 EC-101-07 EC-101-08 EC-101-09 EC-101-10 EC-101-11 EC-101-12,,,2026-09-26,4,
PT526,Wheel nuts,wheels,corners,yes,Mazda,,,,https://www.atkinsrotary.com/81-85-12A-Rx7-Lug-Bolt-1029-33-165.html,,,,"Plated 1029-33-165 or painted 8531-33-165, by wheel fitted - check Catalogued as 'bolt, wheel set' but these are the lug nuts; 1029-33-165 is no longer available from Mazda (Atkins Rotary stocks it); open-top M12x1.5 19 mm nuts from Mazdatrix fit all RX-7 studs.",,,1029-33-165 8531-33-165,3700A-1 EC-100-01 EC-100-02,,PT525,,16,
PT527,Wheel lock bolt and key kit,wheels,corners,yes,Mazda,,,,,,,,Alloy wheels only - check it is fitted,,,F001-86-260,3700A-1 EC-100-04,,PT525,,1,
PT528,Wheel centre emblems (alloy),wheels,corners,yes,Mazda,,,,,,,,Alloy cross-design wheel only - check,,,FA01-37-191,3700A-1 EC-100-07,,PT525,,4,
PT529,Wheel centre caps (steel),wheels,corners,yes,Mazda,,,,,,,,"Steel wheel only - check. Emblem 8871-37-192, rubber set 8531-37-193C",,,8871-37-190,3700A-1 EC-100-06 EC-100-08 EC-100-10,,PT525,,4,
PT530,Tyres,wheels,corners,yes,Mazda,,,,,,,,"Factory 185/70HR-13, black wall 0000-78-648 or white wall 0000-78-6485; the tyres now fitted are not recorded - check make and size 1982 factory data gives 185/70 HR 13 (GS/GSL) or 165 HR 13 (S) front and rear at 180 kPa (26 psi) cold.",,,0000-78-648 0000-78-6485,3700A-1 EC-100-19 EC-100-20 EC-100-18,,PT525,,4,
PT531,Tyre valves,wheels,corners,yes,Mazda,,,,https://slime.com/products/tire-valves-tr413-tubeless,,,,"TR413 TR413 is the common rubber snap-in valve for a 0.453 in (11.5 mm) rim hole, still sold everywhere.",,,9963-60-4130,3700A-1 EC-100-21,,PT525,,5,
PT532,Spare wheel (mini),wheels,cargo,yes,Mazda,,,,,,,,4T x 15; see parts bulletin T-2-1,,,9965-04-4050,3700A-1 EC-100-11 EC-100-12,,,,1,
PT533,Spare tyre (mini),wheels,cargo,yes,Mazda,,,,https://www.speedytire.com/tires/bridgestone/tempa-spare-tracompa/t135-70d15-138673,,,,Factory size T135/70 D 15 at 420 kPa (60 psi); the Bridgestone Tracompa in this size was listed out of stock when checked.,,,0000-78-559,3700A-1 EC-100-17,,PT532,,1,
PT534,Spare tyre clamp,wheels,cargo,yes,Mazda,,,,,,,,,,,8531-56-961,3700A-2 EC-101-14,,PT532,,1,
PT535,Jack,wheels,cargo,yes,Mazda,,,,,,,,,,,8871-37-790D,3700A-2 EC-101-15,,,,1,
PT536,Jack handle,wheels,cargo,yes,Mazda,,,,,,,,,,,0305-68-810A,3700A-2 EC-101-16,,PT535,,1,
PT537,Exhaust front pipe,engine,underbody,yes,Mazda,,,,,,,,"Gaskets 1480-40-325 x2, studs N326-40-353 x4, flange nuts 8134-40-355 x4",,,N201-40-310A,4000A-1 EC-103-06 EC-103-26 EC-103-32 EC-103-27,,,,1,
PT538,Monolith catalytic converter,engine,underbody,yes,Mazda,,,,,,,,"81-82. Gasket 1480-40-356, nuts 8118-40-355 x4",,,N201-40-400,4000A-1 EC-103-33 EC-103-29 EC-103-28,,PT537,,1,
PT539,Catalytic converter,engine,underbody,yes,Mazda,,,,,,,,"81-82. Plugs 1480-40-318A x2 with lock washers 8021-20-548; gasket 1480-40-375. Emission recall campaigns 23702/2370C (4000A-2 EC-104-16) - confirm whether done This is the 2-bed pellet rear converter: split air from the air control valve is injected between its two beds; a heat hazard sensor under the floor lights the overheat lamp (S-006 p69, p71).",,,N231-40-300,4000A-1 EC-103-01 EC-103-03 EC-103-04 EC-103-31,,,2026-09-26,1,
PT540,Exhaust intermediate pipe,engine,underbody,yes,Mazda,,,,https://mazdatrix.com/product/connecting-pipe-81-82-83-rx7/,,,,"81-82. Brackets 8871-40-010 and 1480-40-080B, plate 1480-40-070, spacer 1480-40-073, washer 1480-40-077, insulator 1480-40-085A, stop rubber 1114-40-108B The Mazda pipe 1480-40-200 is discontinued; Racing Beat's stainless connecting pipe 16204 (81-83) is the listed replacement.",,,1480-40-200,4000A-1 EC-103-08 EC-103-10 EC-103-11 EC-103-13 EC-103-17 EC-103-18 EC-103-19 EC-103-20,,,,1,
PT541,Main silencer (muffler),engine,rear,yes,Mazda,,,,https://mazdatrix.com/product/muffler-power-pulse-81-82/,,,,81-82. Covers 8871-40-551 x2 Replacement: Racing Beat Power Pulse muffler 16433 for 1981-82 RX-7 ($519.75 at Mazdatrix; no gaskets or hangers).,,,1480-40-500,4000A-1 EC-103-37 EC-103-39,,,,1,
PT542,Exhaust tail funnel,engine,rear,yes,Mazda,,,,,,,,,,,8871-40-560,4000A-1 EC-103-40,,PT541,,1,
PT543,Exhaust hangers,engine,underbody,yes,Mazda,,,,https://www.atkinsrotary.com/79-92-Rx7-Exhaust-Hanger-1114-40-160.html,,,,"1114-40-061 x2 and 1114-40-160 x5; insulators 8871-40-401 x3 and 8871-40-405A; washers 0820-40-166 x9, plates 8871-40-180 x3, hooks 1480-40-270 and 1480-40-280A Hanger rubber 1114-40-160 is available new (Atkins Rotary, fits 79-91 RX-7), superseding 0820-40-161 and 1114-40-161.",,,1114-40-061 1114-40-160,4000A-1 EC-103-07 EC-103-21 EC-103-22 EC-103-23 EC-103-24 EC-103-25 EC-103-35 EC-103-36,,,,7,
PT544,Air injection check valve,engine,engine_bay,yes,Mazda,,,,,,,,"81-82. The Weber conversion may have removed or blocked the factory air injection - confirm what is on the car Per the catalogue figure 4000A-1 (S-005 EC-103) this check valve sits at the upper end of the split-air pipe (N201-40-740A) that carries air-pump air to the catalytic converter, joined by the air hose 1480-40-728 and pre-air pipe 1480-40-750; it is not the check valve inside the air control valve. Mazda no longer lists N201-20-730; the later RX-7 check valve 1480-13-730 is a different part.",,,N201-20-730,4000A-1 EC-103-05,not-fitted,,,1,
PT545,Air injection pipe,engine,engine_bay,yes,Mazda,,,,,,,,"Bracket 1480-40-640A, gasket 1480-13-621. The Weber conversion may have removed or blocked the factory air injection - check what is on the car S-005 figure 4000A-1 draws it as the long split-air pipe running from the check valve (N201-20-730) back to the catalytic converter.",,,N201-40-740A,4000A-2 EC-104-04 EC-104-01 EC-104-03,,PT544,,1,
PT546,Air injection hose,engine,engine_bay,yes,Mazda,,,,,,,,The Weber conversion may have removed or blocked the factory air injection - check what is on the car,,,1480-40-728,4000A-2 EC-104-05,,PT545,,1,
PT547,Pre-air pipe,engine,engine_bay,yes,Mazda,,,,,,,,The Weber conversion may have removed or blocked the factory air injection - confirm what is on the car,,,1480-40-750,4000A-2 EC-104-06,not-fitted,,,1,
PT548,Exhaust heat protector No. 1,engine,underbody,yes,Mazda,,,,,,,,"81-82. Washers 1480-40-815 x2, guards 8545-40-815 x4 No new or reproduction part was found in two searches; a used shield is the likely source.",,,N201-40-811,4000A-2 EC-104-07 EC-104-09 EC-104-10,,,,1,
PT549,Exhaust heat protector No. 2,engine,underbody,yes,Mazda,,,,,,,,No new or reproduction part was found; a used shield is the likely source.,,,1480-40-820,4000A-2 EC-104-11,,,,1,
PT550,"Exhaust heat protector, upper",engine,underbody,yes,Mazda,,,,,,,,No new or reproduction part was found; a used shield is the likely source.,,,N201-40-830,4000A-2 EC-104-12,,,,1,
PT551,Exhaust heat protector No. 4,engine,underbody,yes,Mazda,,,,,,,,81-82 No new or reproduction part was found; a used shield is the likely source.,,,1480-40-841A,4000A-2 EC-104-13,,,,1,
PT552,Floor service cover plug,body,cabin,yes,Mazda,,,,https://parts.gcmazda.com/p/Mazda__626/PLUG--SERVICE-COVER/105320985/0559-58-868.html,,,,"Diagram: S-005 Engine-Chassis p.104 (fig 4000A-2 exhaust system, item 58-868C 'plug, service cover'), the plug in the floor over the exhaust tunnel. The same number is still in the Mazda dealer catalogue as a 626 part, so it can be ordered through any Mazda dealer.",,,0559-58-868,4000A-2 EC-104-15,,,,1,
PT553,Brake pedal,brakes,cabin,yes,Mazda,,,,,,,,"Only A/T pedal listed after the 81 range is FA05-43-030 (control switch, A/T GSL); no 82 A/T GS entry - check the pedal on the car. Return spring 0088-41-352A, pedal pipe 0866-43-062, spacer FA16-43-063, plate 8872-43-090; the A/T fork (EC-108-27) has no part number Catalogue page 4300A-1 (S-005 Engine-Chassis p.108, sheet 1-N9) read from the image: brake pedal FA01-43-030 '81 M/T S and GS and FA03-43-030 '81 A/T S and GS, both without control switch and both only to FB331 500001-521855; FA02-43-303 M/T GSL and FA05-43-030 A/T GSL, with control switch, no serial limit. The only A/T pedal listed past serial 521855 is FA05-43-030, so a 1982 A/T GS most likely carries it - check the pedal on the car. Suspended type; height is set by turning the stop light switch in its lock nut, free travel by the push rod lock nut (S-002 p.11-25).",,,FA05-43-030,4300A-1 EC-108-18 EC-108-20 EC-108-22 EC-108-25 EC-108-27 EC-108-04,,,,1,
PT554,Brake pedal bushings,brakes,cabin,yes,Mazda,,,,,,,,"Catalogue 'bushing, pedal' 1015-46-085, qty 2 on A/T (4 on M/T, which has the clutch pedal too), item 43022 (S-005 Engine-Chassis p.108). No listing found.",,,1015-46-085,4300A-1 EC-108-09,,PT553,,2,
PT555,Brake pedal pad,brakes,cabin,yes,Mazda,,,,https://www.jimellismazdaparts.com/products/Mazda/B2200/PEDAL-PAD/1808973/022543028A.html,,,,"Catalogue 'pad, pedal' 0225-43-028A qty 1 on A/T; M/T cars use 8871-43-028A x2 (S-005 Engine-Chassis p.108). The same number is still sold as a B2200 pedal pad by Mazda dealers (Jim Ellis listing, page not opened).",,,0225-43-028A,4300A-1 EC-108-11,,PT553,,1,
PT556,Brake pedal stopper rubbers,brakes,cabin,yes,Mazda,,,,,,,,"Catalogue 'rubber, stopper' B001-43-029, qty 2 on A/T, 3 on M/T (S-005 Engine-Chassis p.108). No listing found.",,,B001-43-029,4300A-1 EC-108-13,,PT553,,2,
PT557,Stop lamp switch,lighting,cabin,yes,Mazda,,,,https://mazdatrix.com/product/switch-brake-light-82-88-w-cruise/,Mazdatrix 562-426-7960 (https://www.mazdatrix.com),,,"Catalogue lists 2 - check how many are fitted and what the second one switches The switch position sets brake pedal height (190 +5/-0 mm, S-038 T:6; procedure S-002 11-25). Mazdatrix sells H003-66-490A as the 82-88 brake light switch for cars with cruise control, which may explain the catalogue qty 2 - check.",,,B001-66-490A,4300A-1 EC-108-29,,PT553,,2,mazdatrix
PT558,Foot rest,body,cabin,yes,Mazda,,,,,,,,"Diagram: S-005 Engine-Chassis p.108 (fig 4300A-1, item 43-041 'rest, foot'). The bare rest is not listed by Atkins Rotary or Mazdatrix; only its pad FA01-43-042 is sold new (two searches, 2026-09-27).",,,FA01-43-041,4300A-1 EC-108-19,,,,1,
PT559,Foot rest pad,body,cabin,yes,Mazda,,,,https://www.atkinsrotary.com/81-85-Rx7-Dead-Pedal-Pad-FA01-43-042.html,,,,"Diagram: S-005 Engine-Chassis p.108 (fig 4300A-1, item 43-042 'pad, foot rest', GS and GSL). New Mazda FA01-43-042 at Atkins Rotary, 6.75 USD, in stock 2026-09-27, fits 1981-85.",,,FA01-43-042,4300A-1 EC-108-30,,PT558,,1,
PT560,Brake fluid reservoir,brakes,engine_bay,yes,Mazda,,,,https://www.atkinsrotary.com/79-92-Rx7-Brake-Master-to-Reservoir-Seal-0305-49-686B.html,,,,"Seated on elbow joint bushings 0305-49-686B x2 The two rubber seals between the reservoir and the master cylinder (0305-49-686B) are 4.50 USD each at Atkins Rotary, in stock. Keep the reservoir at least 3/4 full while bleeding (S-002 11-24). No listing for the reservoir FA07-49-680 itself was found.",,,FA07-49-680,4340A-1 EC-110-04 EC-110-19,,PT051,,1,
PT561,Brake fluid reservoir cap,brakes,engine_bay,yes,Mazda,,,,https://www.atkinsrotary.com/Brake-System/Brake-Master-Cylinders/79-85-Rx7-Brake-Master-Cylinders/,,,,"Atkins Rotary sells B093-49-580 as the 72-91 master cylinder cap (15.25 USD, in stock); Mazdatrix lists the 79-85 brake fluid cap under GA02-49-580B, discontinued by Mazda. Check which number the cap on the car carries.",,,B093-49-580,4340A-1 EC-110-05,,PT560,,1,
PT562,Brake fluid level indicator,electrical,engine_bay,yes,Mazda,,,,,,,,"The level warning switch A float switch in the reservoir cap: closes BR to B (ground X-13) at low level and lights the 1.4 W BRAKE warning lamp, the same lamp the parking brake switch lights (S-001 p16).",,,3597-43-540,4340A-1 EC-110-02,,PT560,,1,
PT563,Brake fluid level float,brakes,engine_bay,yes,Mazda,,,,,,,,,,,8531-43-542,4340A-1 EC-110-03,,PT562,,1,
PT564,Master cylinder parts set,brakes,engine_bay,yes,Mazda,,,,https://spareto.com/oe/g00149610,,,,"Joint bolt G001-49-652 Not stocked by Atkins Rotary (they list only the 84-88 kit HA18-49-610A); an rx7club thread names G001-49-610 as the 81-83 S/GS kit and FA18-49-610 as the GSL kit. Spareto cross-references G001-49-610 to Frenkit 120058, Autofren Seinsa D1485 and ERT 200334 (about 5 EUR each, 28-day dispatch).",,,G001-49-610,4340A-1 EC-110-14 EC-110-18,,PT051,,1,
PT565,Master cylinder inner parts kit,brakes,engine_bay,yes,Mazda,,,,https://spareto.com/products/frenkit-repair-kit-brake-master-cylinder/120058,,,,Frenkit 120058 lists G001-49-640 among its OE numbers; its piston diameter of 20.6 mm matches the 20.64 mm bore.,,,G001-49-640,4340A-1 EC-110-16,,PT051,,1,
PT566,Brake booster repair kit,brakes,engine_bay,yes,Mazda,,,,,,,,"No listing found for F001-49-720. The factory kit furnishes the silicone grease that goes on the valve rod and plunger, the whole reaction disc, the diaphragm's outer bead and both seal lips (S-002 11-22..23); the valve rod and plunger are serviced only as an assembly (S-002 11-21).",,,F001-49-720,4340A-1 EC-110-20,,PT052,,1,
PT567,Brake booster vacuum hoses and pipes,brakes,engine_bay,yes,Mazda,,,,https://www.autopartone.com/products/81-83-mazda-rx7-oem-brake-booster-vacuum-hose,,,,"None of the four catalogued factory lines survive; a new vacuum line runs from the brake booster solenoid directly to one independent rotor's intake manifold, confirmed 2026-09-26. The factory hose carried a press-fit one-way check valve marked with a flow arrow; air must pass from the booster end to the engine end only, and a bad valve is replaced with the hose (S-002 11-20). Check whether the new line fitted since the Weber conversion carries a check valve. Used OEM two-piece hose sets with clamps sell at Autopartone (30 USD).",,,G001-43-640 1480-43-830A 8871-43-836 FA01-43-840,4340A-1 EC-110-06 EC-110-09 EC-110-10 EC-110-11,,PT052,2026-09-26,4,
PT568,Brake pipe valve (proportioning valve),brakes,engine_bay,yes,Mazda,,,,https://www.rx7club.com/1st-generation-specific-1979-1985-18/brake-proportioning-valve-963266/,,,,"Holder FA07-43-750 Catalogue 'valve, brake pipe' FA07-43-900 on both the drum (S, GS) and disc (GSL) piping pages for '81 and '82; the '83 GSL takes FA48-43-900 (S-005 Engine-Chassis p.111-112). The 1985 manual calls it the differential proportioning valve, sits it on the front pipe between master cylinder and the front and rear lines, and says to match the identification mark on the body when reconnecting the pipes (S-002 p.11-2, 11-26). Owners describe one inlet from the master cylinder and outlets marked F (front) and an arrow (rear), a large hex cap with a copper washer over the piston (rx7club threads). No split point or ratio found in any source.",,,FA07-43-900,4360A-1 EC-111-11 EC-111-09,,,,1,
PT569,Front flexible brake hoses,brakes,corners,yes,Mazda,,,,https://www.atkinsrotary.com/81-83-12A-Rx7-Front-Brake-Caliper-Flex-Hose-GA02-43-980.html,Atkins Rotary 360-832-1990 (https://www.atkinsrotary.com/contact-us/),,,"Clips 8001-43-635 x2, 0136-43-635 x3 Atkins sells GA02-43-980 for 81-83 12A at 49.95 USD, in stock 2026-09-27, same hose both sides, two per car. Mazdatrix lists GA02-43-980 as discontinued by Mazda and sells DOT stainless kits instead (81-85 drum 14524-DOT, 68.64 USD). Union torque 25-35 N·m (S-038 p.10). Never let the caliper hang on the hose (S-002 p.9-5).",,,GA02-43-980,4360A-1 EC-111-12 EC-111-04 EC-111-05,,PT050,,2,
PT570,Rear flexible brake hose,brakes,underbody,yes,Mazda,,,,https://mazdatrix.com/product-category/brakes/brake-lines/,,,,"Clips 8001-43-635 x2 Catalogue 'hose no.1, flexible' FA07-43-820, one per car on the drum-brake piping (S-005 Engine-Chassis p.111); mazda-parts.com still lists FA07-43-820 as a flex hose (page blocked, from the search index). Mazdatrix's 81-85 drum DOT stainless kit 14524-DOT (68.64 USD) replaces it with the front hoses. Union torque 25-35 N·m (S-038 p.10).",,,FA07-43-820,4360A-1 EC-111-10 EC-111-06,,,,1,
PT571,"Brake pipe, front (from master cylinder)",brakes,engine_bay,yes,Mazda,,,,,,,,"Catalogue 'pipe, brake-front' FA07-43-360, item 45250, master cylinder to the valve (S-005 Engine-Chassis p.111). No listing found; union nut 13-22 N·m (S-038 p.10).",,,FA07-43-360,4360A-1 EC-111-13,,PT568,,1,
PT572,"Brake pipe, front right",brakes,engine_bay,yes,Mazda,,,,,,,,81-82 '81 and '82 models only; the '83 pipe is FA42-45-280 (S-005 Engine-Chassis p.111). No listing found; union nut 13-22 N·m (S-038 p.10).,,,FA01-45-280,4360A-1 EC-111-14,,PT568,,1,
PT573,"Brake pipe, front left",brakes,engine_bay,yes,Mazda,,,,,,,,"Catalogue item 45320, no year split (S-005 Engine-Chassis p.111). No listing found; union nut 13-22 N·m (S-038 p.10).",,,FA01-45-320,4360A-1 EC-111-16,,PT568,,1,
PT574,"Brake pipe, rear (FA07-43-370)",brakes,underbody,yes,Mazda,,,,,,,,"Protectors 8871-43-785A, 8595-43-609 x7 (to FB331 610655; later serials differ - check), rubber screw 8871-43-608, clips 8173-45-903 x2 The seven 8595-43-609 protectors are listed for '81 and '82 to FB331 610655; the disc-brake page uses six with spacers 1114-43-608B and cushions 1114-43-609A (S-005 Engine-Chassis p.111-112). No listing found; union nut 13-22 N·m (S-038 p.10).",,,FA07-43-370,4360A-1 EC-111-17 EC-111-01 EC-111-02 EC-111-03 EC-111-19,,PT568,,1,
PT575,"Brake pipe, rear (FA54-45-360)",brakes,underbody,yes,Mazda,,,,,,,,"Catalogue item 45360A, the same number on the drum and disc piping pages (S-005 Engine-Chassis p.111-112). No listing found; union nut 13-22 N·m (S-038 p.10).",,,FA54-45-360,4360A-1 EC-111-18,,PT568,,1,
PT576,"Brake pipe, rear axle left",brakes,underbody,yes,Mazda,,,,,,,,Drum-brake axle pipe; the disc-brake page uses FA18-43-650 instead (S-005 Engine-Chassis p.111-112). No listing found; union nut 13-22 N·m (S-038 p.10).,,,FA07-43-650,4360A-1 EC-111-07,,PT570,,1,
PT577,"Brake pipe, rear axle right",brakes,underbody,yes,Mazda,,,,,,,,Drum-brake axle pipe; the disc-brake page uses FA18-43-660 instead (S-005 Engine-Chassis p.111-112). No listing found; union nut 13-22 N·m (S-038 p.10).,,,FA07-43-660,4360A-1 EC-111-08,,PT570,,1,
PT578,Parking brake lever,brakes,dash,yes,Mazda,,,,,,,,"Bolt 8001-44-053, pin 8001-44-054 Catalogue colour code 00 is black (S-005 Engine-Chassis catalogue p113, fig 4400A-1). Adjusting screw for cable tension is on the lever; set so the rear brakes lock at 6-8 notches under 100 N (22 lb) at the grip (S-038 p8).",,,FA01-44-010B (colour variant 00),4400A-1 EC-113-01 EC-113-02 EC-113-11 EC-113-12,,,,1,
PT579,Parking brake release rod,brakes,dash,yes,Mazda,,,,,,,,Spring FA54-44-031,,,FA01-44-032,4400A-1 EC-113-04 EC-113-03,,PT578,,1,
PT580,Parking brake release button,brakes,dash,yes,Mazda,,,,,,,,"Catalogue colour code 00 is black (S-005 Engine-Chassis catalogue p113, fig 4400A-1).",,,0221-44-033 (colour variant 00),4400A-1 EC-113-05 EC-113-06,,PT578,,1,
PT581,Parking brake lever cap,brakes,dash,yes,Mazda,,,,,,,,"Catalogue colour code 00 is black (S-005 Engine-Chassis catalogue p113, fig 4400A-1).",,,FA01-44-034A (colour variant 00),4400A-1 EC-113-07 EC-113-08,,PT578,,1,
PT582,Parking brake ratchet,brakes,dash,yes,Mazda,,,,,,,,,,,1243-44-044A,4400A-1 EC-113-09,,PT578,,1,
PT583,Parking brake sector,brakes,dash,yes,Mazda,,,,,,,,,,,FA01-44-051,4400A-1 EC-113-10,,PT578,,1,
PT584,Parking brake front cable,brakes,underbody,yes,Mazda,,,,https://www.atkinsrotary.com/81-85-Rx7-Front-Parking-Brake-Cable-1480-44-150A.html,,,,"Return spring 0613-41-308; clips 0118-44-375 x2, 0866-44-189; screw 0866-44-187A Still sold new by Atkins Rotary as Mazda 1480-44-150A, fits all 81-85 (in stock, USD 95.50, 2026-09). Atkins says clip 0118-44-375 fits one per rear cable, i.e. the two clips belong at the rear-cable ends, not the front cable; check on the car.",,,1480-44-150A,4400A-1 EC-113-13 EC-113-14 EC-113-15 EC-113-16 EC-113-17,,PT578,,1,
PT585,"Parking brake rear cable, right",brakes,underbody,yes,Mazda,,,,https://www.atkinsrotary.com/Brake-System/E-Brake-Cables/79-85-Mazda-Rx7-Parking-Brake-Cables/,,,,"Clips 8871-44-439 x2, 1011-44-439 x2, 0305-44-471 x2 (both cables) FA54-44-410A is the rear-drum (S and GS) right cable; the GSL disc-brake car uses FA16-44-410B (S-005 p113). Atkins Rotary lists FA54-44-410A at USD 80, out of stock (2026-09); the cable hooks to the operating lever on the rear brake shoe (S-002 Section 11 p9).",,,FA54-44-410A,4400A-1 EC-113-19 EC-113-22 EC-113-23 EC-113-24,,PT584,,1,
PT586,"Parking brake rear cable, left",brakes,underbody,yes,Mazda,,,,https://www.atkinsrotary.com/Brake-System/E-Brake-Cables/79-85-Mazda-Rx7-Parking-Brake-Cables/,,,,"FA54-44-420A is the rear-drum (S and GS) left cable; the GSL disc-brake car uses FA16-44-420A (S-005 p113). Atkins Rotary lists FA54-44-420A as NLA (2026-09), so a good used cable or the front cable plus a rebuild is the route; the cable hooks to the operating lever on the rear brake shoe (S-002 Section 11 p9).",,,FA54-44-420A,4400A-1 EC-113-21,,PT584,,1,
PT587,"Headlamp lid, R and L",lighting,front,yes,Mazda,,,,https://www.atkinsrotary.com/79-85-Rx7-Left-Headlight-Cover-8871-51-621A.html,Atkins Rotary 360-832-1990 (https://www.atkinsrotary.com),,,"fasteners and trim: lid spring 8871-51-401, protector 8871-51-403, cushion rubber 0866-52-451, stopper screw 8871-51-411 Left lid 8871-51-621A: NLA new, Atkins has remaining NOS stock (185 USD). Lid height is set by the adjusting screw and lock nut against the stop rubber (S-002 14-18).",,,8871-51-421A (R) 8871-51-621A (L),5103A-1 BI-033-05 BI-033-06 BI-033-01 BI-033-02 BI-033-04 BI-033-31,,,,2,atkins
PT588,"Headlamp lid hinge, R and L",lighting,front,yes,Mazda,,,,,Atkins Rotary 360-832-1990 (https://www.atkinsrotary.com),,,"fasteners: tilting-hinge shims 8871-51-405 (6), hinge bolts 8871-51-431, bolt bushings 8871-51-432, hinge nuts 8871-51-433 (4 each) After replacing a hinge, redo the lid up-down adjustment; the link snaps onto the ball pivot by finger pressure, not pliers (S-002 14-17, S-045 15:2).",,,8871-51-430C (R) 8871-51-630C (L),5103A-1 BI-033-07 BI-033-08 BI-033-03 BI-033-09 BI-033-11 BI-033-12,,PT587,,2,atkins
PT589,"Headlamp assembly (halogen), R and L",lighting,front,yes,Mazda,,,,,,,,"GS halogen set. Aim with the adjust screws. fasteners: adjust screws 3958-51-021 (4), adjust springs 8871-51-021, retaining rings 8871-51-033, screw grommets 0483-66-061A. LED units sit in the factory buckets, confirmed 2026-09-26. Sealed beam is held by the retaining ring (screws, rotate counterclockwise to remove) and aimed with the two adjusting screws (S-002 14-16, S-045 15:1).",,,FA02-89-661 (R) FA02-89-666 (L),5100A-1 BI-032-03 BI-032-04 BI-032-10 BI-032-06 BI-032-07 BI-032-01,,PT587,2026-09-26,2,
PT590,"Headlamp retractor motor and link assembly, R and L",lighting,front,yes,Mazda,,,,https://www.autopartone.com/products/81-83-mazda-rx7-oem-headlight-motor-right,,,,"fasteners: motor brackets 8871-51-932 (R) 8871-51-942 (L) Used 81-83 motors are sold complete with relay, cover boot and mounting bolts. After fitting, set the motor link at its lowest (automatic stop) position with the knob and slide the motor fore/aft on its bolts to adjust the lid (S-002 14-18).",,,FA01-51-930B (R) FA01-51-940B (L),5103A-1 BI-033-14 BI-033-15 BI-033-18 BI-033-19,,,,2,
PT591,Headlamp retractor rods and link levers,lighting,front,yes,Mazda,,,,https://www.atkinsrotary.com/79-85-Rx7-Short-Headlight-Retractor-Rod-8871-51-936.html,Atkins Rotary 360-832-1990 (https://www.atkinsrotary.com),sa-fb-headlight-bushing-thingiverse-not-a-penguin,,"per side: motor rod, rod A, rod B and a link lever Rod B 8871-51-936 is in stock at Atkins (36.95 USD); rod A 8871-51-934 is NLA (Atkins NOS, includes bushings). A printable TPU bushing for the linkage is in the CAD library.",,,8871-51-933 8871-51-934 8871-51-936 8871-51-935 (R) 8871-51-945 (L),5103A-1 BI-033-20 BI-033-21 BI-033-22 BI-033-23 BI-033-24,,PT590,,,atkins
PT592,Headlamp manual raise knob,lighting,front,yes,Mazda,,,,,,,,"the manual raise knobs work The knob sits on the retractor motor shaft under the boot; disconnect the battery negative before turning it (S-045 15:1, S-002 14-16).",,,8871-51-937,5103A-1 BI-033-25,,PT033,,2,
PT593,Headlamp retractor motor boot,lighting,front,yes,Mazda,,,,,,,,The boot is the cover taken off to reach the manual control knob (S-002 14-16).,,,8871-51-938,5103A-1 BI-033-27,,PT033,,2,
PT594,Headlamp retractor relay,lighting,front,yes,Mazda,,,,,,,,"check: where the two relays are mounted S-001 p.20 draws the relay inside each retractor motor unit (dashed box): coil fed through the motor limit switch, contact switches WR to the motor. So one relay per motor, on the motor - check. The 83-85 relay FA01-51-939 (Atkins, out of stock) is a different part.",,,8871-51-939,5103A-1 BI-033-29,,,2026-09-26,2,
PT595,"Front combination lamp, R and L",lighting,front,yes,Mazda,,,,https://mazdatrix.com/product/lens-assem-fr-signal-nla-81-85-left/,,sa-fb-1157-side-marker-housing-a-thingiverse-not-a-penguin,,"fasteners: cord protector 8545-51-516 S-001 Section F: F-05 (LH) / F-06 (RH) front turn and parking light, 3-pin connector RG (parking 8 W), GR/GO (turn 27 W), B (LH to ground X-13, RH to X-14). Lamp set FA01-89-667 (L) is NLA at Mazdatrix; the Thingiverse 1157 housing (125x36x29 mm, author unsure which lamp) may be this lamp's body - check against the part.",,,FA01-89-662 (R) FA01-89-667 (L),5105A-1 BI-034-02 BI-034-03 BI-034-12,,,,2,
PT596,"Front combination lamp bulb, 1157 (27/8 W)",lighting,front,yes,Mazda,,,,https://normanlamps.com/1157.html,,,,"Trade 1157: S-8 glass, BAY15d double-contact indexed bayonet, 12.8 V 2.10 A (27 W) / 14 V 0.59 A (8 W); front position uses the 27 W filament for turn (GR/GO) and 8 W for parking (RG).",,,0000-11-1157,5105A-1 BI-034-01,,PT595,,2,
PT597,"Front combination lamp lens, R and L",lighting,front,yes,Mazda,,,,https://mazdatrix.com/product/lens-front-signal-81-85-rx7-left/,,,,lens gasket FA01-51-063 Amber lens; FA01-51-071 (L) was in stock new at Mazdatrix (USD 41.06) in 2026-09; FA01-51-061 (R) seen new and used on eBay.,,,FA01-51-061 (R) FA01-51-071 (L),5105A-1 BI-034-05 BI-034-06 BI-034-04,,PT595,,2,
PT598,"Front side turn lamp, R and L",lighting,front,yes,Mazda,,,,https://mazdatrix.com/product/lens-assem-frt-side-nla-81-85-left/,,,,"Catalogue calls it 'side turn lamp' but on the 1982 US car S-001 wires it as the front side marker, F-12 (LH) / F-13 (RH): RG from the light switch and B, lit with the parking lamps, not flashing. FA01-89-668 (L) NLA at Mazdatrix.",,,FA01-89-663 (R) FA01-89-668 (L),5105A-1 BI-034-08 BI-034-09,,,,2,
PT599,"Front side turn lamp bulb, 194 (3.8 W)",lighting,front,yes,Mazda,,,,https://normanlamps.com/194.html,,,,"Trade 194: T-3 1/4 glass wedge, 14 V 0.27 A (3.8 W), 2 MSCP.",,,0000-11-0194,5105A-1 BI-034-07,,PT598,,2,
PT600,"Front side turn lamp lens, R and L",lighting,front,yes,Mazda,,,,https://mazdatrix.com/product/lens-front-marker-nla-81-85-left/,,,,FA01-51-131 (L) listed NLA (discontinued by Mazda) at Mazdatrix; used only.,,,FA01-51-121 (R) FA01-51-131 (L),5105A-1 BI-034-10 BI-034-11,,PT598,,2,
PT601,"Rear combination lamp, R and L",lighting,rear,yes,Mazda,,,,https://mazdatrix.com/product/lens-tail-lt-assem-nla-81-85-left/,,fb-tail-light-housing-rh-scan-printables-giooig13,,"fasteners: protector FA01-51-159 S-001 Section F: F-07 (LH) / F-08 (RH), 6-cavity connector GR/GO turn, RW back-up, one cavity unused, G stop (from stop light checker F-03), RG tail, B ground to X-15; each side holds two 1157 (stop/tail) and two 1156 (turn, back-up). Lamp sets FA01-89-664/669 NLA at Mazdatrix; a 3D scan of the RH housing exists.",,,FA01-89-664 (R) FA01-89-669 (L),5110A-1 BI-035-03 BI-035-04 BI-035-05,,,,2,
PT602,"Rear combination lamp bulb, 1156 (27 W)",lighting,rear,yes,Mazda,,,,https://normanlamps.com/1156.html,,,,"Trade 1156: S-8 glass, BA15s single-contact bayonet, 12.8 V 2.10 A (27 W), 32 MSCP; one per side for turn (GR/GO) and one for back-up (RW).",,,0000-11-1156,5110A-1 BI-035-01,,PT601,,4,
PT603,"Rear combination lamp bulb, 1157 (27/8 W)",lighting,rear,yes,Mazda,,,,https://normanlamps.com/1157.html,,,,"Two per side (S-001 '27/8W x2'): 27 W filaments on G (stop, via stop light checker), 8 W filaments on RG (tail).",,,0000-11-1157,5110A-1 BI-035-02,,PT601,,4,
PT604,"Rear combination lamp lens, R and L",lighting,rear,yes,Mazda,,,,https://mazdatrix.com/product/lens-tail-light-81-85-right/,,,,lens gaskets FA01-51-153A (R) FA01-51-163A (L) FA01-51-151D (R) and FA01-51-161D (L) listed NLA (discontinued by Mazda) at Mazdatrix; used only.,,,FA01-51-151D (R) FA01-51-161D (L),5110A-1 BI-035-06 BI-035-07 BI-035-08 BI-035-09,,PT601,,2,
PT605,License lamp,lighting,rear,yes,Mazda,,,,https://www.atkinsrotary.com/81-85-Rx7-License-Plate-Lamp-Lens-3874-66-371.html,,,,"S-001 Section F: F-04 license light LH and RH, two single-wire connectors RG (from the light switch tail bus) and B (ground X-15), 6 W each.",,,3874-89-665A,5120A-1 BI-036-02,,,,2,
PT606,License lamp bulb (6 W),lighting,rear,yes,Mazda,,,,https://normanlamps.com/89.html,,,,"Mazda 9970-03-060T is 12 V 6 W; a bulb-chart site (S-019) gives trade 89 (13 V 0.58 A, BA15s, G-6), which does not match 6 W exactly - check the base and trade number on the removed bulb.",,,9970-03-060T,5120A-1 BI-036-01,,PT605,,2,
PT607,License lamp lens,lighting,rear,yes,Mazda,,,,https://www.atkinsrotary.com/81-85-Rx7-License-Plate-Lamp-Lens-3874-66-371.html,,,,"lens gasket 3874-66-373 3874-66-371 fits all 81-85 RX-7, two per car; listed No Longer Available at Atkins Rotary (was USD 8.25).",,,3874-66-371,5120A-1 BI-036-03 BI-036-04,,PT605,,2,
PT608,"Rear side turn lamp, R and L",lighting,rear,yes,Mazda,,,,https://www.atkinsrotary.com/81-85-rx7-rear-right-side-marker-lens-fa01-51-551-.html,,,,"The catalogue calls it 'side turn lamp', but S-001 p22 wires it as the rear side marker (F-14 LH / F-15 RH): lit steady from the RG tail bus with the parking lights, not flashed by the turn circuit. Grounds at X-15 (check on the car).",,,FA01-89-673 (R) FA01-89-678 (L),5120A-1 BI-036-06 BI-036-07,,,,2,
PT609,"Rear side turn lamp bulb, 194 (3.8 W)",lighting,rear,yes,Mazda,,,,https://www.1000bulbs.com/product/1127/IND-0194-10PK.html,,,,"Trade number 194 (T-3 1/4 wedge, W2.1x9.5d). Factory rating 12 V 3.8 W (S-005 BI-036-05, S-001 p22); a 194 is 14 V 0.27 A, 2 MSCP. Candela catalogue saved in datasheets/PT609.",,,0000-11-0194,5120A-1 BI-036-05,,PT608,,2,
PT610,"Rear side turn lamp lens, R and L",lighting,rear,yes,Mazda,,,,https://www.atkinsrotary.com/81-85-rx7-rear-right-side-marker-lens-fa01-51-551-.html,,,,"Atkins Rotary sold replica R (FA01-51-551) and L (FA01-51-561) lenses at 20 USD each, now NLA; used OEM lenses turn up (autopart3, red lens, code 232-41786R), so plan on used ones.",,,FA01-51-551 (R) FA01-51-561 (L),5120A-1 BI-036-08 BI-036-09,,PT608,,2,
PT611,Cargo room lamp,lighting,cargo,yes,Mazda,,,,,,,,"S-001 p26 (H-11 luggage compartment light, 5 W): LY feed, constant from the X-04 15 A fuse via X-03; RB return to H-12 luggage compartment light switch, which closes to ground (check on the car). Works with the key out. Catalogue: GS & GSL only.",,,FA01-51-440,5125A-1 BI-038-01,,,,,
PT612,Cargo room lamp bulb (5 W festoon),lighting,cargo,yes,Mazda,,,,https://www.mazdastuff.com/Mazda-3-Cargo-lamp-bulb-p/0000-11-3022-32473.htm,,,,Mazda 0000-11-3022 is still sold as a current Mazda cargo lamp bulb (about 2.29 USD). No source gives the festoon length: measure the old bulb before buying another.,,,0000-11-3022,5125A-1 BI-038-02,,PT611,,,
PT613,Cargo room lamp lens,lighting,cargo,yes,Mazda,,,,,,,,,,,FA01-51-441,5125A-1 BI-038-03,,PT611,,,
PT614,Instrument cluster,electrical,dash,yes,Mazda,,,,https://knownmotors.com/products/81-85-gauge-cluster,,,,"'82 cluster; no whole-cluster number is listed. fasteners: spring nuts 8871-55-425 and 0820-56-905 S-001 p16: the cluster is fed GY from the 10 A meter fuse (IG) and grounded B to X-13 through two 13-cavity round connectors X-05 and X-06; the oil-level, stop-light and alternator warning lamps are linked by diodes inside the printed plate so the alternator lamp circuit also lights them (bulb check). 1982 cluster carries an oil pressure gauge and a voltmeter beside fuel/temp.",,,,5540A-1 BI-049-23 BI-049-24,,,,,
PT615,Meter case,electrical,dash,yes,Mazda,,,,,,,,"1985 manual (S-002 15-22) disassembly order: front lens, plate, voltmeter and oil gauge, tachometer, speedometer, fuel and temp gauge, warning lights lens, meter case, printed plate, bulbs; 1982 order not given, check.",,,FA01-55-441,5540A-1 BI-049-06,,PT614,,,
PT616,Meter print plate (dial face),electrical,dash,yes,Mazda,,,,,,,,,,,FA33-55-442,5540A-1 BI-049-09,,PT614,,,
PT617,Meter window plate,electrical,dash,yes,Mazda,,,,,,,,,,,FA01-55-446,5540A-1 BI-049-26,,PT614,,,
PT618,Warning lamp lens,electrical,dash,yes,Mazda,,,,,,,,,,,FA01-55-444,5540A-1 BI-049-11,,PT614,,,
PT619,Meter hood,electrical,dash,yes,Mazda,,,,,,,,hood springs 8531-55-412 (2),,,8871-55-420A,5540A-1 BI-049-04 BI-049-05,,PT614,,,
PT620,Tachometer,electrical,dash,yes,Mazda,,,,,,,,"Electronic tachometer: GY feed, B ground, signal YG from the trailing ignition coil negative (S-001 p16, section B); the K-008 fault analysis traces its flicker to the shared X-13 ground.",,,FA01-55-461,5540A-1 BI-049-12,,PT614,,,
PT621,Speedometer,electrical,dash,yes,Mazda,,,,,,,,"'82 unit. trip reset knob 1907-75-102A Cable-driven; 1985 manual says a fluctuating or dead needle is checked by removing the cable first, and only if the cable is good is the speedometer replaced.",,,FA33-55-471,5540A-1 BI-049-14 BI-049-16,,PT614,,,
PT622,Speedometer cable,electrical,dash,yes,Mazda,,,,https://www.autopart3.com/products/79-80-81-82-83-84-85-mazda-rx7-oem-speedometer-speedo-cable,,,,"cable clip 8173-18-762 Used OEM FB cables are sold by salvage specialists; the listed fit claims 1979-85 both transmissions, check length against the car.",,,8871-60-070B,5540A-1 BI-049-25 BI-049-01,,PT621,,,
PT623,Fuel and water temperature gauge,electrical,dash,yes,Mazda,,,,,,,,"Both are thermal (bimetal heater-coil) gauges fed from PT624 and grounded through their resistive senders: fuel on Y to C-01, temperature on YW to C-02 (S-001 p16). Factory test: substitute the sender with checker 49 0839 285 and wait 2 minutes.",,,FA27-55-481,5540A-1 BI-049-18,,PT614,,,
PT624,Meter voltage regulator,electrical,dash,yes,Mazda,,,,,,,,"feeds the fuel and temperature gauge S-001 p16: input GY (IG), output to the fuel and water temperature gauges only, ground B via X-05; the oil pressure gauge, tachometer and voltmeter take GY directly, unregulated. Output voltage is not given in any source opened.",,,FA01-55-482,5540A-1 BI-049-17,,PT614,,,
PT625,Panel illumination dimmer resistor,electrical,dash,yes,Mazda,,,,,,,,"knob FA01-55-492, ring nut FA01-55-493 E-05 rheostat (S-001 p20): RG in from the light switch tail circuit, RL out to the dimmed illumination lamps (meter, heater, select lever, switch panel, lighter), B to X-13 via X-02; the radio and stereo lamps take RG directly and are not dimmed.",,,FA01-55-490,5540A-1 BI-049-21 BI-049-19 BI-049-20,,PT614,,,
PT626,"Meter illumination and warning bulb, 194 (3.4 W)",electrical,dash,yes,Mazda,,,,https://www.bulbs.com/product/194,https://www.eiko.com,,,"Trade 194: 14 V 0.27 A T3-1/4 miniature wedge W2.1x9.5d (Eiko datasheet); factory rates it 3.4 W. On the 1982 cluster it lights the meter illumination and the oil level, high beam and retractor indicators (S-001 p16, p20).",,,0000-11-0194,5540A-1 BI-049-27,,PT614,,9,eiko
PT627,"Meter warning bulb, 74 (1.4 W)",electrical,dash,yes,Mazda,,,,https://www.1000bulbs.com/product/1238/IND-0074-10PK.html,https://www.eiko.com,,,"Trade 74: 14 V 0.1 A T1-3/4 sub-miniature wedge W2.1x4.9d (Eiko datasheet); factory 1.4 W, used for the brake, stop light, alternator and coolant level warning lamps (S-001 p16).",,,0000-11-0074,5540A-1 BI-049-28,,PT614,,8,eiko
PT628,Meter bulb socket (1316),electrical,dash,yes,Mazda,,,,https://parts.mazdausa.com/p/Mazda_1986_323/SOCKET/105321227/1316-55-261.html,,,,"check: which socket takes which bulb S-005 fig 5540A-1 (BI p49) draws socket 55261 with bulb 75115, the 194 12 V 3.4 W (PT626): this is the socket for the 194 bulbs. The same Mazda number is still listed by Mazda USA as a tachometer socket for the 1986 323; the page refused an automated read, so availability is unconfirmed.",,,1316-55-261,5540A-1 BI-049-02,,PT614,,9,
PT629,Meter bulb socket (3625),electrical,dash,yes,Mazda,,,,,,,,"check: which socket takes which bulb S-005 fig 5540A-1 (BI p49) draws socket 55261A with bulb 75115A, the 74 1.4 W (PT627): this is the socket for the 74 bulbs. The catalogue lists 6 of these sockets but 8 of the 74 bulbs, so two 74 bulbs sit somewhere else (check on the car). No live listing for 3625-55-261 was found.",,,3625-55-261,5540A-1 BI-049-03,,PT614,,6,
PT630,Warning chime,electrical,dash,yes,Mazda,,,,,,,,"S-001 p.26/p.16: a two-wire chime (connector X-06) fed LY constant off the 15 A fuse; its G side is switched to ground by the Control Processing Unit (key reminder, lights-off) and by the C-10 oscillator (coolant/oil level warnings). The 1985 manual (S-002 p.15-12) calls it the buzzer in the meter.",,,FA01-55-811A,5540A-1 BI-049-22,,,,,
PT631,Cigar lighter,electrical,dash,yes,Mazda,,,,https://www.atkinsrotary.com/Interior/Mazda-Interior-Switches/,,,,"short cord FA01-66-251; heat shield 8871-66-242, protector FA01-66-241 S-001 p.26: H-09 connector LY (element feed, constant, 15 A fuse), RL (illumination bulb, from the panel light control) and B (ground to X-13 via X-02). No 1981-83 lighter listing found; 84-85 and 86-92 (FB01-66-250) lighters are sold, fit unconfirmed.",,,FA01-66-250,6610A-1 BI-097-03 BI-097-05 BI-097-01 BI-097-02,,,,,
PT632,Cigar lighter illumination ring,electrical,dash,yes,Mazda,,,,,,,,Carries the PT633 bulb; the ring itself has no terminal. Bulb wattage is SP-196.,,,8182-66-251,6610A-1 BI-097-04,,PT631,,,
PT633,Cigar lighter bulb (3.4 W),electrical,dash,yes,Mazda,,,,,,,,"3.4 W (SP-196, S-001 p.20) on RL from E-05 panel light control, ground B; so it dims with the dash. Trade number not found in any source; check the bulb type in the car.",,,0000-11-0293,6610A-1 BI-097-06,,PT631,,,
PT634,Power mirror remote control switch,electrical,dash,yes,Mazda,,,,,,,,"works the power mirror heads (PT032); the record says this factory switch is dead S-001 p.28 draws each mirror as ONE motor plus ONE solenoid (LgY-B), not two motors as windows-mirrors.md says; the 1985 manual (S-002 p.15-42) draws the same. The switch energises the solenoid for up/down and reverses the motor. 1982 feed is WG constant (10 A), 1985 is L from ACC.",,,FA01-66-630,6610A-1 BI-097-10,,,,,
PT635,Fuel lid opener switch,electrical,dash,yes,Mazda,,,,,,,,"works the fuel-door solenoid S-001 p.26: H-15 is a 4-cavity connector with two used, LR (20 A constant) and GB to the H-16 solenoid, which grounds at X-15; a momentary contact joins LR to GB.",,,FA01-66-700,6610A-1 BI-097-12,,,,,
PT636,Motor antenna switch,electrical,dash,yes,Mazda,,,,,,,,"S-001 p.24: G-13 'power antenna switch (without radio)', two wires LG and B; it grounds the LG coil side of the G-01 power antenna relay. Cars with the factory radio drive LG from the radio instead.",,,FA07-66-890,6610A-1 BI-097-13,not-fitted,,,,
PT637,Rear wiper switch,electrical,dash,yes,Mazda,,,,,,,,"on the console. confirm: the rear wiper may be optional equipment; look for a wiper on the hatch glass S-001 p.18: D-06 has B, BG and LW: one contact grounds BG (rear wiper motor D-05), the other grounds LW (rear washer motor D-04); both motors are fed L on their own 10 A ignition fuse.",,,FA02-67-540,6610A-1 BI-097-14,not-fitted,,,,
PT638,Combination switch (steering column),electrical,dash,yes,Mazda,,,,https://www.atkinsrotary.com/81-83-Rx7-Combination-Switch-FA01-66-120.html,,fb-turn-signal-canceler-bridge-printables-themagicd,,"the GS switch without cruise. fasteners: band holder BA29-66-129, band-holder bolt 8182-66-124 Atkins Rotary lists FA01-66-120 new at 358.95 USD (2026-09) and the turn-signal switch alone as FA01-66-122. On S-001 it appears as E-01 (light/dimmer/passing, plus the GL horn lead), F-02 (turn/hazard) and D-03 (wiper/washer).",,,FA01-66-120,6611A-1 BI-098-04 BI-098-02 BI-098-08,,,,,
PT639,Light and turn switch,lighting,dash,yes,Mazda,,,,https://www.atkinsrotary.com/81-83-Rx7-Turn-Signal-Switch-FA01-66-122.html,,fb-turn-signal-canceler-bridge-printables-themagicd,,"New FA01-66-122 still sold by Atkins Rotary (99.75 USD, in stock, 81-83 only). Covers E-01 (light, dimmer, passing, horn contact) and F-02 (turn and hazard) on S-001. On S-001 p20 the high-beam indicator hangs on RL and the 1985 manual labels RL high and RY low, the reverse of headlights-popups-illumination.md: check on the car.",,,FA01-66-122,6611A-1 BI-098-06,,PT638,,,
PT640,Wiper and washer switch,electrical,dash,yes,Mazda,,,,https://www.atkinsrotary.com/81-83-Rx7-Windshield-Wiper-Switch-BA30-66-135.html,,,,"Atkins sells an 81-83 wiper switch as BA30-66-135 (95.00 USD), not the catalogue's BA30-66-123; whether it supersedes it is unconfirmed. S-001 p.18 connector D-03: B, LO, LY / LR, LG, LW.",,,BA30-66-123,6611A-1 BI-098-07,,PT638,,,
PT641,Turn signal cancel cam,electrical,dash,yes,Mazda,,,,https://www.atkinsrotary.com/81-85-Rx7-Turn-Signal-Switch-Cancel-Cam-BA29-66-126.html,,fb-turn-signal-canceler-bridge-printables-themagicd,,"Still sold new by Atkins Rotary (5.99 USD, fits all 81-85). The printable canceler bridge in the CAD library is the switch-side part the cam strikes.",,,BA29-66-126,6611A-1 BI-098-01,,PT638,,,
PT642,Horn contact,electrical,dash,yes,Mazda,,,,,,,,S-001 p.22: the horn switch is a ground-side contact on GL through E-01 to the F-16 horn relay coil; it carries only relay coil current.,,,8182-66-127,6611A-1 BI-098-03,,PT638,,,
PT643,Kick-down switch,transmission,cabin,yes,Mazda,,,,https://parts.mazdausa.com/p/Mazda__/SWITCH--KICK-DOWN/105324524/2691-18-660.html,,,,"at the accelerator pedal Screw-in plunger switch with a lock nut at the accelerator pedal, two single-pin connectors (B-32 on S-001): BW feed from the ignition switch, BR out to the kick-down solenoid. Mazda still lists 2691-18-660 (catalogued for the 626 as well).",,,2691-18-660,6620A-1 BI-100-01,,,,,
PT644,"Door switch, R and L",electrical,doors,yes,Mazda,,,,https://www.ebay.com/p/1522105390,,,,adjust washers 0209-66-821 S-001 p.26: single-terminal switch on RY that grounds through its body; RY runs to the interior/spot light and the Control Processing Unit. New genuine B001-66-540 is still listed (about 7.50 USD).,,,B001-66-540,6620A-1 BI-100-02 BI-100-03,,,,2,
PT645,Parking lamp switch,electrical,cabin,yes,Mazda,,,,,,,,"check: what this switch senses and where it sits (it may be the parking-brake warning switch at the lever); the catalogue lists it with the door and kick-down switches Mazda's current catalogue names -66-450 parts 'Switch, parking lamp' and sells them as the park brake warning switch (GJ6G-66-450), which supports this being the S-001 C-04 parking brake switch (one BR wire, to ground). Still check on the car.",,,8871-66-450,6620A-1 BI-100-04,,,,,
PT646,Power window switch,electrical,doors,yes,Mazda,,,,https://www.atkinsrotary.com/81-83-Rx7-Power-Window-Switch-FA03-66-350A.html,,,,"the car has manual windows and no window wiring On 1982 power-window cars each door has its own 4-pin switch (I-06 LH: RL, B, GL, BL; I-07 RH: R, B, G, BL) on a 30 A IG fuse (S-001 p28); FA03-66-350A is one switch that serves either side, still sold new (Atkins, 2026).",,,FA03-66-350A,6615A-1 BI-099-02,not-fitted,,,2,
PT647,"Horn, high tone",electrical,front,yes,Mazda,,,,https://www.1aauto.com/mazda-rx-7-horns/mo-c/516-99,,,,"Single-wire horn: GY from the horn relay F-16, grounded through its bracket; shares the 15 A fuse with the stop lights (S-001 p22). The 1980 manual sets each horn to 3.0 +/- 0.5 A at 12 V with its adjusting screw.",,,3874-66-780,6635A-1 BI-102-02,,,,,
PT648,"Horn, low tone",electrical,front,yes,Mazda,,,,https://www.1aauto.com/mazda-rx-7-horns/mo-c/516-99,,,,"Single-wire horn: GY from the horn relay F-16, grounded through its bracket; shares the 15 A fuse with the stop lights (S-001 p22). Which of F-09/F-10 is the low tone is not shown in S-001; check on the car.",,,3874-66-790,6635A-1 BI-102-03,,,,,
PT649,Auto cruise control,electrical,,yes,Mazda,,,,,,,,"confirm: the factory GS came without cruise (its combination switch is the W/O A.C.C. one); check the engine bay for an actuator and the console for a main switch The 1982 system (S-001 p14, section B): main switch B-31 on a 10 A IG fuse (Br) feeds BrB to the unit B-25 and the actuator B-28; stop B-26 and clutch B-27 switches (Br/RY) cancel; set/coast/resume on the combination switch B-30; vehicle speed switch B-29 (BR).",,,,6640A-1,not-fitted,,,,
PT650,Cruise control actuator,electrical,engine_bay,yes,Mazda,,,,,,,,"spring 8871-13-087A, connector 1700-13-945A, pipe FA02-66-361, protectors FA03-66-312. confirm: the factory GS came without cruise (its combination switch is the W/O A.C.C. one); check the engine bay for an actuator and the console for a main switch A vacuum servo with three solenoid coils (VAC, VENT 1, VENT 2) on a common BrB feed (S-001 p14; coil names from the 1985 manual).",,,FA43-66-310B,6640A-1 BI-103-08 BI-103-01 BI-103-02 BI-103-03 BI-103-06 BI-103-11,not-fitted,PT649,,,
PT651,Cruise control cable,electrical,engine_bay,yes,Mazda,,,,,,,,confirm: the factory GS came without cruise (its combination switch is the W/O A.C.C. one); check the engine bay for an actuator and the console for a main switch The actuator inner cable pulls the carburettor throttle lever; free play is set at an adjusting nut (1985 manual 15-51).,,,FA03-66-311,6640A-1 BI-103-09,not-fitted,PT649,,,
PT652,Cruise control unit,electrical,,yes,Mazda,,,,,,,,"confirm: the factory GS came without cruise (its combination switch is the W/O A.C.C. one); check the engine bay for an actuator and the console for a main switch 13-cavity connector B-25 (12 wires, one cavity unused) (S-001 p14); the 1985 manual tests it through its 13-pin plug with the ACC checker 49 9200 010.",,,FA30-66-320B,6640A-1 BI-103-13,not-fitted,PT649,,,
PT653,Cruise control set switch,electrical,dash,yes,Mazda,,,,,,,,"on the combination switch of cruise cars. confirm: the factory GS came without cruise (its combination switch is the W/O A.C.C. one); check the engine bay for an actuator and the console for a main switch Three momentary contacts SET (BY), COAST (RW) and RESUME (BrW), each to a common B ground, at connector B-30 (S-001 p14).",,,FA02-66-128,6611A-1 BI-098-09,not-fitted,PT649,,,
PT654,Cruise main switch knob,electrical,dash,yes,Mazda,,,,,,,,the drawing shows it on the GSL-only main switch FA03-66-340. confirm: the factory GS came without cruise (its combination switch is the W/O A.C.C. one); check the engine bay for an actuator and the console for a main switch The main switch it caps carries a 3.4 W indicator lamp (S-001 p14).,,,B001-66-422,6610A-1 BI-097-08,not-fitted,PT649,,,
PT655,"Radio, Clarion AM/FM full control",electrical,dash,yes,Mazda,,,,,,,,"factory '82 GS unit. fasteners: screws 0222-66-865A (colour variant 00). check: whether the head unit fitted now is this factory radio S-001 p24 (G-04): switched feed LgW comes through the stereo/deck position G-03 from LR (X-04 20 A, ACC), illumination RG 3.4 W, LG to the power antenna relay; speakers LG/LW (front LH) and LY/LR (front RH) on a 4-pole plug; DIN cord to the main amp. Shaft-type radio, not DIN size (src-wrighthere-stereo). check: what bridges G-03 on a GS with no tape deck.",,,0000-81-481C,6680A-1 BI-104-11 BI-104-17 BI-104-18,,,,,
PT656,Radio knob,electrical,dash,yes,Mazda,,,,,,,,"Knobs pull off the radio shafts; the 1980 manual removes the knobs, then the shaft nuts and bezel (S-045 section 15, other-car).",,,0000-81-0423,6680A-1 BI-104-22,,PT655,,2,
PT657,Radio DIN cord,electrical,dash,yes,Mazda,,,,,,,,"check: FA09-66-910A from serial FB331..633361, FA05-66-910A before; read the VIN serial Joins the radio to the main amplifier (S-001 p24 'DIN CODE' between G-04 and G-08); carries the rear-channel signal. Pinout for '82 not given; 1985 layout recorded as other-car.",,,FA05-66-910A FA09-66-910A,6680A-1 BI-104-23 BI-104-24,,PT655,,,
PT658,Radio earth wire,electrical,dash,yes,Mazda,,,,,,,,"Radio case ground; S-001 p24 draws the radio grounded through its case, not a harness pin. check the earth point on the car.",,,0710-66-868A,6680A-3 BI-106-01,,PT655,,,
PT659,Tuner ornament (blank for cars without a radio),electrical,dash,yes,Mazda,,,,,,,,only on cars without a radio; this car has a head unit,,,FA10-66-900,6680A-2 BI-105-02,not-fitted,,,,
PT660,"Main amplifier, Clarion 5 W x 2",electrical,dash,yes,Mazda,,,,,,,,"check: the factory amplifier behind the head unit is this one S-001 p24 (G-08): power L from connector G-07 (LR, X-04 20 A), outputs LR/LO to rear LH (G-09) and LW/LB to rear RH (G-10); drives only the rear speakers, the radio drives the fronts. 1985 manual's equivalent 'System 3' puts the 5 W x 2 amp under the rear storage area (S-002 15-63, other-car).",,,0000-81-142C,6680A-2 BI-105-03,,,,,
PT661,"Front power amplifier, Clarion 25 W x 2",electrical,dash,yes,Mazda,,,,,,,,"check: the catalogue lists it for GS and GSL with no year and an -83 number; check whether a second amplifier is fitted The '82 GS wiring (S-001 p24) shows only one amplifier, the 5 W x 2 main amp; no front power amp appears, so this part is likely not on a '82 GS. check on the car.",,,0000-81-0287-83,6680A-2 BI-105-09,,,,,
PT662,"Front speaker, 4 in dual cone",electrical,,yes,Mazda,,,,,,,,"Driven directly by the radio: LH G-05 LG/LW, RH G-06 LY/LR (S-001 p24), LH through connector X-02. Factory check (1985 manual, other-car): impedance across one channel should equal the rated impedance, and infinite to body (S-002 15-67, 15-71).",,,0000-81-5210-01,6680A-2 BI-105-22,,,,2,
PT663,Speaker grille,electrical,,yes,Mazda,,,,,,,,No first-gen grille listed at Atkins Rotary (Sept 2026); used only.,,,1247-66-980,6680A-2 BI-105-29,,PT662,,2,
PT664,Rear speaker,electrical,,yes,Mazda,,,,,,,,"check: which is fitted, the 5 in single cone (0000-81-0643) or the 6.5 in coaxial (0000-81-5216-01) The '82 brochure gives two-way coaxial rear speakers only to the GSL (S-004 p15), so the GS rear is most likely the 5 in single cone 0000-81-0643. Driven by the main amp: LH G-09 LR/LO, RH G-10 LW/LB (S-001 p24). check on the car.",,,0000-81-0643 0000-81-5216-01,6680A-2 BI-105-23 BI-105-24,,,2026-09-26,2,
PT665,Speaker cord,electrical,,yes,Mazda,,,,,,,,for the full-control radio Catalogue fig 6680A-2 (S-005 BI p105) draws 66975 running from the dash round the cabin to the rear speakers; it carries the amp-to-rear-speaker circuits LR/LO/LW/LB of S-001 p24. check.,,,FA05-66-970B,6680A-2 BI-105-26,,PT655,,,
PT666,Speaker short cord,electrical,,yes,Mazda,,,,,,,,check: fitted only from serial FB331..633361; read the VIN serial Drawn in the FB331..633361- inset of fig 6680A-2 (S-005 BI p105) next to the amplifier.,,,FA07-66-970,6680A-2 BI-105-25,,PT655,,,
PT667,Audio diode,electrical,,yes,Mazda,,,,,,,,"'82 and '83 models. check: where the two diodes sit in the harness Catalogue fig 6680A-2 (S-005 BI p105) draws the diode (67242A) plugged into the harness at the HEAD LAMP RETRACTOR MOTOR, so the two sit one at each pop-up motor, filed under audio (likely radio noise suppression). check on the car.",,,FA01-67-242,6680A-2 BI-105-30,,,2026-09-26,2,
PT668,Power antenna,electrical,,yes,Mazda,,,,,,,,"fasteners: band FA01-66-946, brackets FA02-66-941 and FA02-66-942, insulation rubber 1757-15-312, protector 8572-51-051. confirm: where it is mounted S-001 page 24 (section G) draws it as G-01 relay, G-02 motor and G-13 switch, fed from the 20 A LR fuse on the switched L line from the ignition switch; the 1985 manual puts the assembly behind the right rear trunk side trim (other year, check where it is on this car). The complete FB assembly FA01-66-930C appears to be no longer available; the 1984-85 FA42-66-930A still lists at Mazda dealers.",,,FA01-66-930C,6680A-2 BI-105-12 BI-105-19 6680A-1 BI-104-07 BI-104-08 BI-104-01 BI-104-02,not-fitted,,,,
PT669,Antenna pole (mast),electrical,,yes,Mazda,,,,https://www.ebay.com/itm/233671328680,,,,"Sellers list the mast as FA42-66-941A for 1981-85 (the pole with its nylon drive cord); FB masts do not interchange with 1979-80 masts. The brittle nylon drive cord is the usual failure. Whether FA42-66-941A replaces FA01-66-941A needs confirming. Part of the power antenna, which may not be fitted: confirm.",,,FA01-66-941A,6680A-2 BI-105-15,not-fitted,PT668,,,
PT670,Antenna feeder cable,electrical,,yes,Mazda,,,,,,,,"1985 manual: to remove the antenna, take out the right rear trunk side trim, then disconnect the feeder and the connector (other year; check). Part of the power antenna, which may not be fitted: confirm.",,,8869-66-936A,6680A-2 BI-105-14,not-fitted,PT668,,,
PT671,Antenna relay,electrical,,yes,Mazda,,,,https://knownmotors.com/products/1981-1983-mazda-rx7-fb-power-antenna-relay-fa0167740,,,,"S-001 G-01 has six wires: LR, R, LY and B on one side, LG and L on the other. The coil runs from LR through a diode to LG, and LG is grounded by the radio or by the G-13 antenna switch. A used FB relay was listed under the number FA01-67-740, which differs from the catalogue's FA01-66-947 (check). Part of the power antenna, which may not be fitted: confirm.",,,FA01-66-947,6680A-2 BI-105-20,not-fitted,PT668,,,
PT672,Antenna bi-metal switch,electrical,,yes,Mazda,,,,,,,,"No test value was found in any source. An rx7club thread (1985 context) says a switch that responds to voltage turns the motor off at the end of travel, which suggests the bi-metal switch is the thermal cut-out at the end of travel (check). Part of the power antenna, which may not be fitted: confirm.",,,FA01-66-948,6680A-2 BI-105-21,not-fitted,PT668,,,
PT673,Windshield washer tank assembly,electrical,engine_bay,yes,Mazda,,,,https://www.atkinsrotary.com/79-83-Rx7-Windshield-Washer-Bottle-0317-67-511A.html,,,,"fasteners: tank bracket 8545-53-225, protector 0866-67-156",,,2522-67-480B,6720A-1 BI-113-02 BI-113-07 BI-113-01,,,,,
PT674,Washer tank,electrical,engine_bay,yes,Mazda,,,,https://www.atkinsrotary.com/79-83-Rx7-Windshield-Washer-Bottle-0317-67-511A.html,,,,"Atkins Rotary sells a 1979-83 12A washer bottle as 0317-67-511A (35 USD, without the cap), a different number from the catalogue's 2522-76-671A; check it fits before buying.",,,2522-76-671A,6720A-1 BI-113-08,,PT673,,,
PT675,Washer tank cap,electrical,engine_bay,yes,Mazda,,,,,,,,,,,BA02-76-673,6720A-1 BI-113-10,,PT673,,,
PT676,Washer pipe (hose),electrical,engine_bay,yes,Mazda,,,,,,,,,,,8871-67-500,6720A-1 BI-113-03,,PT673,,,
PT677,Washer nozzle,electrical,engine_bay,yes,Mazda,,,,https://www.atkinsrotary.com/79-83-Rx7-Front-Windshield-Washer-Nozzle-1011-67-510A.html,,,,"packing 1011-67-511B, clip 1011-67-515B Still sold new as 1011-67-510A for all 1979-83 RX-7s (Atkins Rotary, 21 USD, in stock); the nozzle gasket 1011-67-511B is sold separately.",,,1011-67-510A,6720A-1 BI-113-04 BI-113-05 BI-113-06,,PT676,,,
PT678,Wiper motor,electrical,engine_bay,yes,Mazda,,,,https://www.ebay.com/p/17027485013,,,,"Two-speed permanent-magnet motor with separate LO and HI brushes, common brush on L (IG feed), switched on the ground side by the combination switch; internal cam park (auto-stop) switch on LB grounds the circuit away from park and joins LB to L at park (S-001 p18, S-045 15:4). 1980 factory test: low 43-60 rpm, high 62-95 rpm, under 4 A no load (other-car; check).",,,8872-67-350A,6730A-1 BI-114-07,,,,,
PT679,Wiper motor brush holder,electrical,engine_bay,yes,Mazda,,,,,,,,"Holds the three brushes (common, LO, HI); worn brushes are the factory's first cause of abnormal wiper noise (S-002 15-43).",,,8872-76-612,6740A-1 BI-115-01,,PT678,,,
PT680,Wiper motor gear box,electrical,engine_bay,yes,Mazda,,,,,,,,Gear box carries the worm gear and the cam-operated park switch (terminal LB) that gives auto-stop (S-001 p18).,,,8872-76-610,6740A-1 BI-115-02,,PT678,,,
PT681,Wiper motor stator yoke,electrical,engine_bay,yes,Mazda,,,,,,,,,,,8236-76-614,6740A-1 BI-115-04,,PT678,,,
PT682,Wiper motor rotor (armature),electrical,engine_bay,yes,Mazda,,,,,,,,,,,8236-76-618,6740A-1 BI-115-05,,PT678,,,
PT683,Wiper motor parts set,electrical,engine_bay,yes,Mazda,,,,,,,,newer parts info: Mazda service bulletin 109/83,,,8236-76-619A,6740A-1 BI-115-03 BI-115-06,,PT678,,,
PT684,Wiper linkage and pivots,electrical,engine_bay,yes,Mazda,,,,https://www.printables.com/model/1594937-sa22c-rx7-wiper-refresh-kit,,rx7-sa22c-wiper-refresh-kit-printables-grantd,,"link 8871-76-601B, frame 8871-76-602B. pivot parts: outer bushings 8871-76-604A, inner bushings 8871-76-605A and 8871-76-603A, seal caps 8871-76-655A, cap nuts 8871-76-657, cup washers 8871-76-656A, cover 1175-76-609. fasteners: nuts 0727-87-844, grommets 0824-87-846, band 0305-87-956, clip 0208-66-944A Printable replacement linkage bushings and motor mounts exist (cad rows rx7-sa22c-wiper-refresh-kit-printables-grantd, fb-wiper-grommet-printables-lovc). Factory: insufficient grease in the link joints causes wiper noise (S-002 15-43).",,,8871-76-601B 8871-76-602B,6730A-1 BI-114-09 BI-114-10 BI-114-11 BI-114-12 BI-114-13 BI-114-14 BI-114-15 BI-114-16 BI-114-17 BI-114-01 BI-114-21 BI-114-22 BI-114-23,,PT678,,,
PT685,Wiper arm,electrical,front,yes,Mazda,,,,,,,,"arm cover 8871-76-641; rubber washers 0866-67-301A, spacers 0866-67-302, cap washers 1011-67-375 Park the blades at the upper (park) position before removing the arms (S-045 15:3).",,,8872-67-321,6730A-1 BI-114-04 BI-114-20 BI-114-02 BI-114-03 BI-114-08,,PT684,,2,
PT686,Wiper blade,electrical,front,yes,Mazda,,,,https://www.mywipersize.com/make/mazda/rx-7.php,,,,"Aftermarket fitment lists 17 in blades for 1982, driver and passenger (check by measuring the fitted blade).",,,8562-67-330A,6730A-1 BI-114-05,,PT685,,2,
PT687,Wiper blade refill,electrical,front,yes,Mazda,,,,,,,,,,,8562-76-631A,6730A-1 BI-114-19,,PT686,,2,
PT688,Rear wiper motor,electrical,cargo,yes,Mazda,,,,https://www.atkinsrotary.com/81-84-rx7-rear-windshield-wiper-arm-motor-1480-67-450c-.html,,,,"motor cover 1480-67-435, bracket 1480-76-624A, spacer 1480-67-436. pivot parts: bushings 1480-67-606, 1480-76-607, 1480-76-623, seal cap 0212-66-371. fasteners: nuts 8871-62-635A 0212-66-372A 1480-76-626 0259-87-134, washers 8871-62-636A 1029-76-621 0702-87-132. confirm: the rear wiper may be optional equipment; look for a wiper on the hatch glass The 1982 US brochure (S-004 p15) lists the rear-window wiper/washer as GSL standard equipment and not for S or GS, so on this GS it is either a dealer/optional fit or absent - check on the hatch. New motor 1480-67-450C is no longer available from Mazda (Atkins, 2026); used only.",,,1480-67-450C,6750A-1 BI-116-10 BI-116-08 BI-116-17 BI-116-09 BI-116-18 BI-116-01 BI-116-02 BI-116-03 BI-116-04 BI-116-13 BI-116-14 BI-116-15 BI-116-16 BI-116-24 BI-116-25,not-fitted,,,,
PT689,Rear wiper motor gear box,electrical,cargo,yes,Mazda,,,,,,,,confirm: the rear wiper may be optional equipment; look for a wiper on the hatch glass,,,1480-76-610,6760A-1 BI-117-01,not-fitted,PT688,,,
PT690,Rear wiper motor brush holder plate,electrical,cargo,yes,Mazda,,,,,,,,confirm: the rear wiper may be optional equipment; look for a wiper on the hatch glass,,,1480-76-612,6760A-1 BI-117-02,not-fitted,PT688,,,
PT691,Rear wiper motor brush,electrical,cargo,yes,Mazda,,,,,,,,confirm: the rear wiper may be optional equipment; look for a wiper on the hatch glass Brushes are the wear item the 1985 manual names for abnormal wiper noise (S-002 sec 15 p15-43).,,,8532-76-617,6760A-1 BI-117-04,not-fitted,PT688,,2,
PT692,Rear wiper motor stator yoke,electrical,cargo,yes,Mazda,,,,,,,,confirm: the rear wiper may be optional equipment; look for a wiper on the hatch glass Catalogue BI-117-03 lists qty 2 of 8532-76-614 per motor.,,,8532-76-614,6760A-1 BI-117-03,not-fitted,PT688,,,
PT693,Rear wiper motor rotor (armature),electrical,cargo,yes,Mazda,,,,,,,,confirm: the rear wiper may be optional equipment; look for a wiper on the hatch glass,,,8532-76-618,6760A-1 BI-117-05,not-fitted,PT688,,,
PT694,Rear wiper motor parts set,electrical,cargo,yes,Mazda,,,,,,,,confirm: the rear wiper may be optional equipment; look for a wiper on the hatch glass,,,1410-76-619,6760A-1 BI-117-06,not-fitted,PT688,,,
PT695,Rear wiper arm,electrical,cargo,yes,Mazda,,,,https://mazdatrix.com/product/wiper-arm-79-85-rear/,,,,arm cover 8134-76-641. confirm: the rear wiper may be optional equipment; look for a wiper on the hatch glass Arm 1480-67-421A is discontinued by Mazda (Mazdatrix); the arm bolt cover 8134-76-641 is still sold new by Atkins Rotary and fits only the rear arm.,,,1480-67-421A,6750A-1 BI-116-07 BI-116-20,not-fitted,PT688,,,
PT696,Rear wiper blade,electrical,cargo,yes,Mazda,,,,,,,,confirm: the rear wiper may be optional equipment; look for a wiper on the hatch glass,,,8144-67-330A,6750A-1 BI-116-06,not-fitted,PT695,,,
PT697,Rear wiper blade refill,electrical,cargo,yes,Mazda,,,,,,,,confirm: the rear wiper may be optional equipment; look for a wiper on the hatch glass,,,8144-76-631,6750A-1 BI-116-19,not-fitted,PT696,,,
PT698,Rear washer tank assembly,electrical,,yes,Mazda,,,,,,,,"confirm: where it is mounted. confirm: the rear wiper may be optional equipment; look for a wiper on the hatch glass S-001 Section D p18 draws the rear washer motor (D-04) and rear wiper on the 1982 US diagram; whether the rear wiper and washer are fitted is not recorded, so the tank may be absent - check.",,,1410-67-480C,6750A-1 BI-116-11,not-fitted,,,,
PT699,Rear washer tank,electrical,,yes,Mazda,,,,,,,,confirm: the rear wiper may be optional equipment; look for a wiper on the hatch glass,,,1410-76-671,6750A-1 BI-116-21,not-fitted,PT698,,,
PT700,Rear washer tank cap,electrical,,yes,Mazda,,,,,,,,confirm: the rear wiper may be optional equipment; look for a wiper on the hatch glass,,,1410-76-672A,6750A-1 BI-116-23,not-fitted,PT698,,,
PT701,Rear washer pump,electrical,,yes,Mazda,,,,https://www.amazon.com/Mazda-1410-67-530-Windshield-Washer-Pump/dp/B00KWEZZRW,,,,"confirm: the rear wiper may be optional equipment; look for a wiper on the hatch glass S-001 D-04: 2-pin, LB feed (ACC-side L bus, X-04 10 A rear wiper fuse) and L to the rear wiper & washer switch, which grounds it. 1410-67-530 is still listed as a genuine Mazda washer pump (shared with 626/B-series).",,,1410-67-530,6750A-1 BI-116-22,not-fitted,PT698,,,
PT702,Rear washer hose,electrical,cargo,yes,Mazda,,,,,,,,confirm: the rear wiper may be optional equipment; look for a wiper on the hatch glass,,,1480-67-501A,6750A-1 BI-116-05,not-fitted,PT698,,,
PT703,Rear washer nozzle,electrical,cargo,yes,Mazda,,,,https://www.amazon.com/Mazda-1981-1985-window-washer-1480-67-510/dp/B017N3PWSQ,,,,confirm: the rear wiper may be optional equipment; look for a wiper on the hatch glass New OEM 1480-67-510 rear window washer nozzle listed for 1981-85 RX-7.,,,1480-67-510,6750A-1 BI-116-12,not-fitted,PT702,,,
PT704,Body shell (welded unit body),body,,yes,Mazda,,,,,,fb-rx7-1985-fsm-body-checking-dimensions,,"Grouping row for the welded panels; each panel below is sold on its own Diagrams: S-005 Body-Index p.42-45 (figs 5310A-1, 5310A-2, 5340A-1, 5360A-1); underbody datum holes and point-to-point dimensions S-002 Section 14 p.24 (14-24). 1982 overall dimensions from S-038 p.9: length 4,285, width 1,650 (1,675 over the side protectors), height 1,260 mm. S-047 (printed p.24, PDF p.32) lists high-strength-steel panels for the 323 and 626 only; the RX-7 is not in that table.",,,,5310A-1; 5310A-2; 5340A-1; 5360A-1,,,,1,
PT705,"Key set (all locks, one key)",body,,yes,Mazda,,,,https://www.atkinsrotary.com/81-83-rx7-complete-lock-set-fa01-09-010b-.html,,,,"Serial-matched set of every lock cylinder and keys; also listed: 8001-62-495 (BI-025-10), an undescribed row after the steering-lock set bolts, fitting FB331 501578- - what it is: check. undescribed row: row 8001-62-495 (BI-025-10) The undescribed row after the set bolts on 0900A-1 (S-005 Body-Index p.25) reads RETAINER, LOCK CYLINDER, B001-62-495 (the OCR reads the prefix as B001, not 8001), fitted from FB331 501578-; the same figure lists the buzzer (key reminder) switch BA14-66-156 and the ignition switch BA24-66-155A (from FB331 642150-) as separate parts. Atkins Rotary lists the complete lock set at US$600, no longer available; used ignition lock cylinder and switch sets with key sell for about US$140 (Autopartone, sold out 2026-09-27).",,,FA01-09-010B,0900A-1 BI-025-01,,,2026-09-26,1,
PT706,Keys (primary and blank),body,,yes,Mazda,,,,https://mazdatrix.com/product/key-blank-70-82-rotor-type-b/,,,,"Primary key and key blank share this number; see Mazda parts bulletin A-2-4 Ilco's classic cross-reference gives two blanks for the 1981-82 RX-7 by key code series: X26 / MZ9 for codes 2500-2999 and X27 / MZ10 for codes 3000-3499 (the code is stamped on the lock or the original key; which series this car is, check). Mazdatrix sells a rotor-head blank for 1970-82 Mazdas in two profiles, type A and type B (relief groove on the bottom for type B), US$21 each, matched to the original key.",,,8208-75-901,0900A-1 BI-025-03 BI-025-04 BI-025-14,,PT705,,2,
PT707,Steering lock and ignition key cylinder,body,dash,yes,Mazda,,,,https://www.autopartone.com/products/81-83-mazda-rx7-oem-ignition-lock-cylinder-switch,,,,"Key sub set for the steering lock on the column; shear-head set bolts hold it. fasteners and small parts: bolt, set 8218-66-143 x2 (BI-025-07) Held to the column jacket by two shear-head set bolts; the 1985 manual's procedure (S-002 sec.10A p.10A-14/15) removes the wheel, column covers and combination switch, splits the old bolts with a chisel and tightens the new ones until the heads snap off. The '83 bolt H043-66-154 is sold by Atkins Rotary for 81-95 RX-7s (US$9 each, two per car); the catalogue lists 8218-66-143 for '81-'82 (S-005 Body-Index p.25). No new lock listed; used sets only.",,,GA02-76-290,0900A-1 BI-025-24,,,,1,
PT708,Ignition switch,electrical,dash,yes,Mazda,,,,https://www.atkinsrotary.com/81-83-Rx7-Ignition-Switch-BA24-66-155A.html,,,,"BA14-66-151A up to serial FB331 642149, BA24-66-155A from 642150: check which by the VIN serial S-001: WR in (1.25 sq main link), ACC out L, IG out BY, ST out via 0.5 sq fusible link to BY (inhibitor switch, A/T). BA24-66-155A is NLA at Atkins; BA14-66-151A suggested as substitute; forum says the 84-85 switch fits with one extra wire and different plug colours.",,,BA14-66-151A BA24-66-155A,0900A-1 BI-025-11 BI-025-12,,PT707,,1,
PT709,Key reminder buzzer switch,electrical,dash,yes,Mazda,,,,,,,,"S-001 H-03: normally open, closed with key in the cylinder; joins LY (constant, X-04 15 A) to G at the Control Processing Unit (X-16), which sounds the key reminder buzzer.",,,BA14-66-156,0900A-1 BI-025-13,,PT707,,1,
PT710,"Door lock cylinders, R and L",body,doors,yes,Mazda,,,,https://www.atkinsrotary.com/Chassis-and-Body/Keys-and-Lock-Sets/Door-Locks/,,,,"R FA01-76-210, L FA01-76-220 (key sub sets). fasteners and small parts: fastener, key cylinder 0223-58-961 x2 (BI-025-05); gasket, key cylinder 0223-58-962 x3 (BI-025-06) Diagram: S-005 Body-Index p.25 (fig 0900A-1): key sub sets FA01-76-210 R / FA01-76-220 L are the '81-'82 numbers ('83 uses FA43-); key blank 8208-75-901 ('81-'82, item 75158), primary key 8208-75-901 x2. Ilco cross-reference (PDF p.11): 1981-82 RX-7 all locks = Ilco X26 / MZ9, code series 2500-2999. The complete 81-83 lock set FA01-09-010B is NLA (Atkins, was $600); the key-cylinder gasket 0223-58-962 is in stock at Atkins ($2.40); Mazdatrix sells a 70-82 key blank ($21, type A or B by groove). Removal: S-002 Section 14 p.10 (cylinder held by a clip, rod end to the lock). No new door cylinder found for sale (2026-09-27); used only.",,,FA01-76-210 FA01-76-220,0900A-1 BI-025-16 BI-025-18,,PT801,,2,
PT711,Glove box lock cylinder,body,dash,yes,Mazda,,,,,,,,Key sub set for the glove box lid,,,FA01-76-250,0900A-1 BI-025-20,,,,1,
PT712,Back door (hatch) lock cylinder,body,cargo,yes,Mazda,,,,,,,,"Key sub set Diagram: S-005 Body-Index p.25 (fig 0900A-1, item 75960): FA01-76-260 is the '81-'82 number, '83 uses FA43-76-230. Same key blank as the doors (8208-75-901; Ilco X26 / MZ9). Hatch lock adjustment: S-002 Section 14 p.12 (loosen the lock bolts, align to the striker). No new or used cylinder found for sale (2026-09-27).",,,FA01-76-260,0900A-1 BI-025-22,,PT812,,1,
PT713,Fuel filler lid lock,body,rear,yes,Mazda,,,,,,,,"Keyed lock on the filler lid; the lid is also released by the fuel-door solenoid PT031 Diagram: S-005 Body-Index p.25 (fig 0900A-1, item 42440). Nothing found for sale new or used (two searches, 2026-09-27).",,,FA01-42-440A,0900A-1 BI-025-02,,PT704,,1,
PT714,Front bumper,body,front,yes,Mazda,,,,https://www.atkinsrotary.com/81-85-Rx7-Front-Bumper-Skin-FA01-50-030A.html,,,,"fasteners and small parts: bolt FA01-50-015 x2 (BI-026-04); fastener FA01-50-036 x9 (BI-026-08); fastener FA01-50-037 x5 (BI-026-09); nut, clip 8871-50-825 x4 (BI-026-17) Diagram: S-005 Body-Index p.26 (fig 5000A-1). Genuine skin FA01-50-030A is discontinued by Mazda (Mazdatrix, was $814.77) but Atkins Rotary still stocks it at $875 (primed, with hardware, no headlamp-washer holes; 11.99 lb). Face is urethane; removal and the installed height 450-514 mm at the protector rubber: S-002 Section 14 p.5-6. Urethane repair limits: S-047 p.11-13 (hole under 50 mm, crack under 200 mm).",,,FA01-50-030A,5000A-1 BI-026-07 BI-026-02,,PT704,,1,
PT715,Front bumper reinforcement,body,front,yes,Mazda,,,,,,,,"Diagram: S-005 Body-Index p.26 (fig 5000A-1, item 50040). S-047 (printed p.24) lists 'bumper beam' as 50-100 kg/mm2 high-strength steel for the 323 and 626 only; the RX-7 is not in that table. Nothing for sale found (2026-09-27).",,,FA01-50-150A,5000A-1 BI-026-10,,PT714,,1,
PT716,Front bumper protectors (rubber strips),body,front,yes,Mazda,,,,,,,,"FA01-50-014 x2, FA01-50-016 x2 Diagram: S-005 Body-Index p.26 (fig 5000A-1): FA01-50-014 x2 and FA01-50-016 x2 are for FB331 chassis 500763 onward; early '81 cars (500001-500762) used FA01-50-012 x5 instead. The bumper height spec is measured at the centre of this protector rubber (S-002 Section 14 p.6). Nothing for sale found (2026-09-27).",,,FA01-50-014 FA01-50-016,5000A-1 BI-026-03 BI-026-05,,PT714,,4,
PT717,"Front bumper shock absorbers, R and L",body,front,yes,Mazda,,,,,,,,"R FA01-50-070, L FA01-50-080 Diagram: S-005 Body-Index p.26 (fig 5000A-1). Inspection: measure length A (275.5 +/-2 mm) and replace if out of spec; length B (132.5 +/-1 mm) is set by moving the bracket (S-002 Section 14 p.6, 1985 figures). Atkins' rear shock 8871-50-290 is listed for 79-80 only (a year split, Atkins); no 81-85 front bumper shock found for sale (2026-09-27).",,,FA01-50-070 FA01-50-080,5000A-1 BI-026-15 BI-026-16,,PT714,,2,
PT718,"Front bumper slides, A and B, R and L",body,front,yes,Mazda,,,,,,,,"A (R) FA01-50-040, B (R) FA01-50-042, A (L) FA01-50-050, B (L) FA01-50-052 Diagram: S-005 Body-Index p.26 (fig 5000A-1, items 50042D/50043D/50052D/50053D). Nothing for sale found (2026-09-27).",,,FA01-50-040 FA01-50-042 FA01-50-050 FA01-50-052,5000A-1 BI-026-11 BI-026-12 BI-026-13 BI-026-14,,PT714,,4,
PT719,Front licence plate holder,body,front,yes,Mazda,,,,https://mazdatrix.com/product/license-plate-holder-81-85-front/,,,,"Diagram: S-005 Body-Index p.26 (fig 5000A-1, item 50030). FA01-50-180 is discontinued by Mazda (Mazdatrix); used ones appear at Autopartone ($25, sold out 2026-09-27).",,,FA01-50-180,5000A-1 BI-026-06,,PT714,,1,
PT720,Radiator grille,body,front,yes,Mazda,,,,https://mazdatrix.com/product/grille-front-81-85/,,,,"bracket: bracket, radiator 8871-50-720 (BI-027-02) Diagram: S-005 Body-Index p.27 (fig 5005A-1). FA01-50-711A is discontinued by Mazda (Mazdatrix, was $94.50); used 81-83 grilles with screws sell at Autopartone ($75, sold out 2026-09-27). The grille comes off to remove the front bumper (S-002 Section 14 p.6).",,,FA01-50-711A,5005A-1 BI-027-01,,PT714,,1,
PT721,"Front lamp bezels, R and L",body,front,yes,Mazda,,,,,,,,"R 8871-50-741, L 8871-50-761; frame the front combination lamps Diagram: S-005 Body-Index p.27 (fig 5005A-1, items 50740/50760). Nothing for sale found (two searches, 2026-09-27).",,,8871-50-741 8871-50-761,5005A-1 BI-027-03 BI-027-04,,PT714,,2,
PT722,Rear bumper,body,rear,yes,Mazda,,,,http://www.bumpermegastore.com/1981-1985-mazda-rx7-rear-bumper-cover-fa0150220,,,,"fasteners and service hole covers: bolt FA01-50-015 x2 (BI-028-04); fastener FA01-50-036 (BI-028-05); rivet W023-67-056 x7 (BI-028-18); gasket, hole cover 8871-50-232 x2 (BI-028-14); cover, service hole 8871-50-231 x2 (BI-028-15) Diagram: S-005 Body-Index p.28 (fig 5010A-1). Bumper Megastore sells a reconditioned genuine FA01-50-220 cover ($473.92, 2026-09-27). Face is urethane; removal (service hole cover off from inside the hatch) and the installed height 474-534 mm at the protector rubber: S-002 Section 14 p.6-7. Urethane repair limits: S-047 p.11-13.",,,FA01-50-220,5010A-1 BI-028-10,,PT704,,1,
PT723,Rear bumper reinforcement,body,rear,yes,Mazda,,,,,,,,"Diagram: S-005 Body-Index p.28 (fig 5010A-1, item 50230). S-047 (printed p.24) marks 'bumper beam' as high-strength steel for the 323 and 626 only; the RX-7 is not in that table. Nothing for sale found (2026-09-27).",,,FA01-50-330A,5010A-1 BI-028-11,,PT722,,1,
PT724,Rear bumper protectors (rubber strips),body,rear,yes,Mazda,,,,,,,,"FA01-50-013 x3, FA01-50-014 x2 Diagram: S-005 Body-Index p.28 (fig 5010A-1): FA01-50-013 x3, FA01-50-014 x2. The rear bumper height spec is measured at the centre of this protector rubber (S-002 Section 14 p.7). Nothing for sale found (2026-09-27).",,,FA01-50-013 FA01-50-014,5010A-1 BI-028-02 BI-028-03,,PT722,,5,
PT725,Rear bumper shock absorbers,body,rear,yes,Mazda,,,,,,,,"fasteners and small parts: plate set FA01-50-211 x4 (BI-028-09) Diagram: S-005 Body-Index p.28 (fig 5010A-1, item 50200A). Inspection: measure length A (269 +/-2 mm) and replace if out of spec; length B (113 +/-1 mm) is set by moving the bracket (S-002 Section 14 p.7, 1985 figures). Atkins' 8871-50-290 rear shock is listed for 79-80 only (a year split, Atkins); no 81-85 rear bumper shock found for sale (2026-09-27).",,,FA01-50-280A,5010A-1 BI-028-08,,PT722,,2,
PT726,"Rear bumper slides, A and B, R and L",body,rear,yes,Mazda,,,,,,,,"A (R) FA01-50-230, B (R) FA01-50-232 (catalogue qty unreadable), A (L) FA01-50-240, B (L) FA01-50-242 Diagram: S-005 Body-Index p.28 (fig 5010A-1, items 50042E/50052E/50233B/50243B). Nothing for sale found (2026-09-27).",,,FA01-50-230 FA01-50-232 FA01-50-240 FA01-50-242,5010A-1 BI-028-06 BI-028-07 BI-028-12 BI-028-13,,PT722,,4,
PT727,Rear bumper filler,body,rear,yes,Mazda,,,,,,,,"Diagram: S-005 Body-Index p.28 (fig 5010A-1, item 50311A). Nothing for sale found (2026-09-27).",,,FA01-50-223,5010A-1 BI-028-16,,PT722,,1,
PT728,Rear licence plate holder,body,rear,yes,Mazda,,,,,,,,"Diagram: S-005 Body-Index p.28 (fig 5010A-1, item 50340). Nothing for sale found under FA01-50-380 (2026-09-27); Autopartone's used rear holder is listed for 84-85 only.",,,FA01-50-380,5010A-1 BI-028-17,,PT722,,1,
PT729,Windshield glass,body,,yes,Mazda,,,,https://koolkatzautoglass.com/products/1979-1985-mazda-rx-7-windshield-oem-brand-new,,,,"GS/GSL glass. dams: dam, front w/shield glass 1243-63-902 (BI-093-06); dum 'a' (r) 8871-50-516 (BI-029-07); dum 'b' (r) 8871-50-517 (BI-029-08); dum 'a' (l) 8871-50-526 (BI-029-09); dum 'b' (l) 8871-50-527 (BI-029-10) Diagram: S-005 Body-Index p.93 (fig 6300A-1, item 63901; GS/GSL glass FA01-63-901B, S model FA02-63-901F). Aftermarket glass is NAGS FW00462 (FW 462 GGN): FYG at Kool Katz ($279, green tint with green shade band, 2026-09-27); rx7club reports XYG/PPG/Pilkington mid-grade at about $136 wholesale and one number for all 79-85. Replacement procedure with the piano-wire cut, dam, primer, sealant and cure times: S-002 Section 14 p.20-22 (tool set 49 0305 870A).",,,FA01-63-901B,6300A-1 BI-093-04,,PT704,,1,
PT730,"Windshield moulding, upper, R and L",body,,yes,Mazda,,,,https://www.atkinsrotary.com/79-85-rx7-top-center-windshield-trim-8871-50-950c-.html,,,,"R 8871-99-741B, L 8871-99-742B sets; upper joint 8871-50-950B. fasteners and small parts: clip 1243-50-609 x14 (BI-029-06); fastener, w/shield mldg.-front 8871-50-608 x6 (BI-029-12) Diagram: S-005 Body-Index p.29 (fig 5030A-1). The upper joint is sold as 8871-50-950C (Atkins, $35, NLA with a few left, out of stock 2026-09-27). Clips are still available: 1243-50-609 top/bottom (Atkins $4.75 each, 14 per car - 7 top, 7 bottom; Mazdatrix $5.50 and says 16) and 8871-50-608 side (Atkins $5.12, 6 per car). The upper moulding sets themselves were not found new.",,,8871-99-741B 8871-99-742B 8871-50-950B,5030A-1 BI-029-01 BI-029-02 BI-029-11,,PT729,,2,
PT731,"Windshield moulding, side, R and L",body,,yes,Mazda,,,,https://mazdatrix.com/product/clip-windshield-trim-79-85-side-use-6/,,,,"R 8871-99-743B, L 8871-99-744B sets Diagram: S-005 Body-Index p.29 (fig 5030A-1). Mazdatrix lists the right side windshield trim under 8871-50-680F, discontinued by Mazda (differs from the catalogue set number 8871-99-743B: check which supersedes). Side clip 8871-50-608 (6 per car) is in stock at Mazdatrix ($6.10) and Atkins ($5.12).",,,8871-99-743B 8871-99-744B,5030A-1 BI-029-03 BI-029-04,,PT729,,2,
PT732,"Windshield moulding, lower",body,,yes,Mazda,,,,,,,,"Diagram: S-005 Body-Index p.29 (fig 5030A-1, item 50505T). Nothing found new for 8871-99-745A (2026-09-27); it shares the 1243-50-609 clips with the upper mouldings.",,,8871-99-745A,5030A-1 BI-029-05,,PT729,,1,
PT733,"Drip mouldings, R and L",body,,yes,Mazda,,,,https://www.rx7club.com/1st-generation-specific-1979-1985-18/drip-rail-trim-removal-720542/,,,,"R 8871-50-510C, L 8871-50-520C Diagram: S-005 Body-Index p.30 (fig 5040A-1). Owners remove it by hand (thumbs at the bottom, pull the top) and refit it starting at the bottom with a mallet; the clips break easily and are the usual casualty (rx7club). Nothing for sale found for 8871-50-510C/520C (2026-09-27).",,,8871-50-510C 8871-50-520C,5040A-1 BI-030-01 BI-030-02,,PT704,,2,
PT734,"Side protector mouldings, A to E, R and L",body,,yes,Mazda,,,,https://mazdatrix.com/product-category/exterior/side-rubber-protector-strips/,,,,"R: A FA01-50-681, B FA02-50-682, C FA02-50-683, D FA02-50-684, E FA01-50-685. L: A FA01-50-691, B FA02-50-692, C FA02-50-693, D FA02-50-694, E FA01-50-695 Diagram: S-005 Body-Index p.31 (fig 5060A-1). Mazdatrix (2026-09-27) still stocks the door pieces C (R FA02-50-683 $259.88, L FA02-50-693 $256.35) and the front fender front piece A (R FA01-50-681 $89.64); the other seven are discontinued by Mazda. The protectors add 25 mm to the overall width (1,675 vs 1,650 mm, S-038 p.9).",,,FA01-50-681 FA02-50-682 FA02-50-683 FA02-50-684 FA01-50-685 FA01-50-691 FA02-50-692 FA02-50-693 FA02-50-694 FA01-50-695,5060A-1 BI-031-01 BI-031-02 BI-031-03 BI-031-04 BI-031-05 BI-031-06 BI-031-07 BI-031-08 BI-031-09 BI-031-10,,PT704,,10,
PT735,Door reflector,body,doors,yes,Mazda,,,,,,,,"Catalogue lists qty 1; which door or both: check on the car Diagram: S-005 Body-Index p.39 (fig 5170A-1, item 51545). Nothing found for sale or described online (two searches, 2026-09-27).",,,1243-51-545,5170A-1 BI-039-01,,PT794,,1,
PT736,Side name badges,body,,yes,Mazda,,,,https://www.atkinsrotary.com/79-82-Rx7-Two-Pin-Rx7-Badge-8871-51-721.html,,,,"Diagram: S-005 Body-Index p.39 (fig 5170A-1, item 51721). Genuine 8871-51-721 is in stock at Atkins ($35.95): two-pin chrome fender badge, fixed with speed nuts 0187-69-049A; Atkins lists it for 79-82 while the catalogue carries it through 83: check.",,,8871-51-721,5170A-1 BI-039-02,,PT704,,2,
PT737,Front ornament (MAZDA),body,front,yes,Mazda,,,,https://www.rx7club.com/1st-generation-specific-1979-1985-18/mazda-emblems-990189/,,rx7-emblem-printables-lovc,,"speed nuts shared by both ornaments: nut, speed 0187-69-049A x8 (BI-039-05) Diagram: S-005 Body-Index p.39 (fig 5170A-1, item 51771). rx7club: the 81-83 front ornament F001-51-771 (rear F001-51-781) is a two-pin part, 84-85 changed to F023-51-770A with three pins (rears differ only by metal vs plastic clips); the thread found most numbers still in Mazda inventory with only F001-51-781 unavailable, Mazdatrix lists none of them, and a chrome 626 badge of the same shape is the usual substitute. Free printable front/rear plates: cad rx7-emblem-printables-lovc.",,,F001-51-771,5170A-1 BI-039-03,,PT704,,1,
PT738,Rear ornament (MAZDA),body,rear,yes,Mazda,,,,https://www.rx7club.com/1st-generation-specific-1979-1985-18/mazda-emblems-990189/,,,,"Diagram: S-005 Body-Index p.39 (fig 5170A-1). Held by speed nuts 0187-69-049A (catalogue lists 8 per car, shared with the front ornament F001-51-771). rx7club owners report F001-51-781 no longer available from Mazda (2026-09-27); the 81-83 rear badge mounts with metal clips where the 84-85 F023-51-780 uses plastic, and a chrome 626 badge is the same shape.",,,F001-51-781,5170A-1 BI-039-04,,PT704,,1,
PT739,Cowl grille,body,engine_bay,yes,Mazda,,,,https://parts.patrickmazda.com/a/Mazda__RX-7/105411650__9376905/COWL--EXTRACTOR-GRILLES/AUFA04-5180.html,,fb-rx7-cowl-grill-protector-printables-jtso,,"fasteners and small parts: protector, cowl grille 8531-50-792 x3 (BI-040-03); fastener G001-50-242 x5 (BI-040-02); rubber, cushion 0259-42-459 x4 (BI-040-01) Diagram: S-005 Body-Index p.40 (fig 5180A-1). The printable 'cowl grill protector' (CAD row fb-rx7-cowl-grill-protector-printables-jtso) is the protector clip 8531-50-792 that holds this grille, not the grille itself. No new grille found online (two searches, 2026-09-27); a Mazda dealer diagram page (Patrick Mazda, fig 5180) exists but refused to load.",,,8871-50-791A,5180A-1 BI-040-04,,PT704,,1,
PT740,Rear finisher panel,body,rear,yes,Mazda,,,,https://www.atkinsrotary.com/81-85-Rx7-Tail-Light-Finisher-FA07-50-840C.html,,,,"fasteners and small parts: protector, rear finisher FA01-50-855 x2 (BI-040-06); screw G030-50-950 x4 (BI-040-07) Diagram: S-005 Body-Index p.40 (fig 5180A-1). Plastic finisher between the tail lamps, all 81-85. Atkins Rotary lists the genuine FA07-50-840C at US$283.50, out of stock; Mazdatrix lists it at US$286.47 as discontinued by Mazda (2026-09-27). Used examples appear on eBay.",,,FA07-50-840C,5180A-1 BI-040-05,,PT704,,1,
PT741,"Body air extractors, R and L",body,rear,yes,Mazda,,,,https://parts.patrickmazda.com/a/Mazda__RX-7/105411650__9376905/COWL--EXTRACTOR-GRILLES/AUFA04-5180.html,,,,"R 8871-51-911A, L 8871-51-961A: cabin air outlets. packing: packing 0305-68-951 x2 (BI-040-15) Diagram: S-005 Body-Index p.40 (fig 5180A-1). Cabin flow-through air outlets behind the rear quarter windows, sealed by packing 0305-68-951. Nothing beyond the catalogue found online (two searches, 2026-09-27).",,,8871-51-911A 8871-51-961A,5180A-1 BI-040-10 BI-040-11,,PT704,,2,
PT742,"Extractor grilles, R and L",body,rear,yes,Mazda,,,,,,,,"R 8871-51-901C, L 8871-51-951C Diagram: S-005 Body-Index p.40 (fig 5180A-1). Nothing beyond the catalogue found online (two searches, 2026-09-27); used only.",,,8871-51-901C 8871-51-951C,5180A-1 BI-040-08 BI-040-09,,PT741,,2,
PT743,Rear spoiler,body,cargo,yes,Mazda,,,,https://www.atkinsrotary.com/Chassis-and-Body/Mazda-Rear-Spoilers-and-Parts/,,,,"Protectors FA16-51-966 x6 listed from FB331 507335-: fitted or not by VIN serial, check. fasteners and small parts: grommet, screw FA16-51-962A x2 (BI-040-13); protector FA16-51-966 x6 (BI-040-14) Described by owners as an unpainted one-piece natural-rubber spoiler held by seven threaded studs moulded into the rubber (10 mm nuts), five metal slots taking plugs into the body, and self-tapping screws at the leading tips (rx7club thread, S-005 cited there; check on the car). No new or reproduction one-piece spoiler found; Atkins Rotary's 79-85 rear wing (US$350) is no longer available, used only.",,,FA16-51-960B,5180A-1 BI-040-12,,,,1,
PT744,Hood,body,engine_bay,yes,Mazda,,,,https://advancarbon.com/1979-1985-mazda-rx-7-carbon-fiber-hood/,,,,"cushion rubbers (8545-56-801B is the alternative number for 8545-56-801A): rubber, cushion 0187-52-231 x2 (BI-041-03); rubber, cushion 8545-56-801A x2 (BI-041-09); <an> 8545-56-801B x2 (BI-041-10); cushion 8871-56-785 (BI-041-13) Diagram: S-005 Body-Index p.41 (fig 5230A-1). Steel panel (rx7club, all first-gen hoods are steel). Removal, installation and adjustment: S-002 Section 14 p.5 (14-5): mark the hinge positions, remove the stay, two people lift it off; fore-aft, side and height adjust at the hinge bolts. Both hood bump stops are NLA at Atkins (front 8545-56-801B, rear 8871-56-785). Aftermarket: Advan Carbon AC769HC carbon-fibre hood, US$1,299, about 15 lb, bolt-on to the factory hinges.",,,8871-74-250,5230A-1 BI-041-02,,PT704,,1,
PT745,Hood hinges,body,engine_bay,yes,Mazda,,,,https://www.autopartone.com/products/81-83-mazda-rx7-oem-hood-hinges,,,,Diagram: S-005 Body-Index p.41 (fig 5230A-1). Used only: Autopartone sells a used 81-83 pair with bolts at US$45; Known Motors a used 1979-91 pair at US$15 (2026-09-27). Hood alignment is made at these hinge bolts (S-002 Section 14 p.5).,,,8871-52-410,5230A-1 BI-041-04,,PT744,,2,
PT746,Hood stay (prop rod) and holder,body,engine_bay,yes,Mazda,,,,,,fb-hood-prop-bushing-printables-themagicd,,"Stay 8871-52-511B, holder 8871-52-518 Diagram: S-005 Body-Index p.41 (fig 5230A-1). The pivot bushing of the stay is a free print (CAD row fb-hood-prop-bushing-printables-themagicd); a Miata NA rod clip is reported to fit the later FB holder (CAD row miata-na-hood-rod-clip-thingiverse-jigsawnz). Remove the stay before lifting the hood off (S-002 Section 14 p.5).",,,8871-52-511B 8871-52-518,5230A-1 BI-041-05 BI-041-06,,PT744,,1,
PT747,Hood lock (latch),body,engine_bay,yes,Mazda,,,,https://www.ebay.com/itm/126881236175,,,,"return springs: spring, return 1011-56-672A (BI-041-07); spring, return 0305-52-863B (BI-041-08) Diagram: S-005 Body-Index p.41 (fig 5230A-1). Adjust by loosening the lock attaching bolts and moving the lock to meet the striker (S-002 Section 14 p.5). New latches are not listed by the rotary specialists; used 79-85 latches appear on eBay (2026-09-27).",,,1708-56-620D,5230A-1 BI-041-11,,PT704,,1,
PT748,Hood release cable,body,engine_bay,yes,Mazda,,,,,,,,"fasteners and small parts: clamp, release wire 0223-52-302 (BI-041-01) Diagram: S-005 Body-Index p.41 (fig 5230A-1). No listing for 8871-56-710A found (two searches, 2026-09-27); Atkins and Mazdatrix carry only the 86-91 (FB01-56-710C) and 93-95 cables.",,,8871-56-710A,5230A-1 BI-041-12,,PT747,,1,
PT749,Hood weatherstrip,body,engine_bay,yes,Mazda,,,,https://www.rx7club.com/1st-generation-specific-1979-1985-18/hood-weatherstripping-832058/,,,,"Diagram: S-005 Body-Index p.41 (fig 5230A-1). rx7club owners report 8871-56-787A NLA from Mazda; no reproduction found, generic universal strip or cleaning the original is what owners do (2026-09-27).",,,8871-56-787A,5230A-1 BI-041-14,,PT744,,1,
PT750,Front spoiler (air dam),body,front,yes,Mazda,,,,https://kaminari.com/products/k070520-mazda-rx7-sereis-2-3-sa-fb-1981-1985-air-dam-spoiler-frp,,,,"fasteners and small parts: nut, clip 8871-50-825 x4 (BI-042-01) Diagram: S-005 Body-Index p.42 (fig 5310A-1). Held by four clip nuts 8871-50-825. No genuine or exact reproduction found; Kaminari K070520 is an FRP air dam for the 81-85 SA/FB at US$384; its page does not say whether it copies the factory shape (2026-09-27).",,,FA01-51-980B,5310A-1 BI-042-02,,PT714,,1,
PT751,"Front fenders, R and L",body,front,yes,Mazda,,,,https://www.realmazdaparts.com/oem-parts/mazda-fender-fa0152111d,,,,"R FA01-52-111D, L FA01-52-211D. stays, set plate, clip nuts and brackets: stay (r), fender FA01-52-130A (BI-042-04); stay (l), fender FA01-52-230A (BI-042-07); plate, set-fender 8871-52-151 (BI-042-05); nut, clip-front fender 8545-52-841 x2 (BI-042-09); bracket (r), fender FA01-53-290 (BI-042-15); bracket (l), fender FA01-54-290 (BI-042-23) Diagram: S-005 Body-Index p.42 (fig 5310A-1). Mazda dealer sites still list FA01-52-111D (R) and FA01-52-211D (L) as 1981-85 fenders, superseding FA01-52-111/-111B/-111C; availability not verified (2026-09-27). The 1985 body checking drawing shows the front fender fixing nut and cross-section G-G (S-002 Section 14 p.24).",,,FA01-52-111D FA01-52-211D,5310A-1 BI-042-03 BI-042-06,,PT704,,2,
PT752,Nose panel,body,front,yes,Mazda,,,,,,,,Diagram: S-005 Body-Index p.42 (fig 5310A-1). AutoFit lists an aftermarket 'header panel 79-85 (RX7)' but its page did not load (2026-09-27); nothing else beyond the catalogue found.,,,8871-52-810G,5310A-1 BI-042-08,,PT704,,1,
PT753,Radiator shroud panel (core support),body,front,yes,Mazda,,,,https://www.kustomcuts.com.au/product-category/mazda-rx7-generation-1-parts/radiator-shroud-panels/,,,,Diagram: S-005 Body-Index p.42 (fig 5310A-1). Steel core support. Kustom Cuts (AU) sells aluminium and stainless radiator cooling panels (AU$225-299) for the SA/FB; the listings do not say how they mount or whether this panel stays (2026-09-27).,,,FA54-53-100,5310A-1 BI-042-10,,PT704,,1,
PT754,"Front wheel aprons, R and L",body,engine_bay,yes,Mazda,,,,,,,,"Aprons R F003-53-210G, L F003-54-210G; reinforcements R 8871-53-285C, L 8871-54-285C. closing plates: plate (r), closing-rear 8871-53-240A (BI-042-12); plate (r), closing FA01-53-270A (BI-042-13); plate (l), closing-rear 8871-54-240A (BI-042-20); plate (l), closing FA01-54-270A (BI-042-21) Diagram: S-005 Body-Index p.42 (fig 5310A-1). Nothing beyond the catalogue found online (2026-09-27).",,,F003-53-210G F003-54-210G 8871-53-285C 8871-54-285C,5310A-1 BI-042-11 BI-042-19 BI-042-14 BI-042-22,,PT704,,2,
PT755,"Front side frames, R and L",body,engine_bay,yes,Mazda,,,,,,,,"R FA01-53-310H, L FA01-54-310H Diagram: S-005 Body-Index p.42 (fig 5310A-1). The 1985 body checking dimensions (S-002 Section 14 p.24) take the front frame basic hole A on these frames as the datum for the underbody check; no reproduction rails found online (2026-09-27).",,,FA01-53-310H FA01-54-310H,5310A-1 BI-042-16 BI-042-24,,PT704,,2,
PT756,"Dash panel, lower (firewall)",body,engine_bay,yes,Mazda,,,,,,,,Diagram: S-005 Body-Index p.42 (fig 5310A-1). Nothing beyond the catalogue found online (2026-09-27).,,,FA01-53-400E,5310A-1 BI-042-17,,PT704,,1,
PT757,"Dash panel, upper",body,engine_bay,yes,Mazda,,,,,,,,Diagram: S-005 Body-Index p.42 (fig 5310A-1). Nothing beyond the catalogue found online (2026-09-27).,,,FA01-53-510,5310A-1 BI-042-18,,PT704,,1,
PT758,"Front splash shields, R and L",body,engine_bay,yes,Mazda,,,,,,,,"R FA01-56-130, L FA01-56-140. fasteners B001-68-032 (colour variants 00 black, 08 white) and rivets (W023-67-056 from FB331 605980-, check by VIN serial): fastener B001-68-032 x2 (BI-042-36); black 00 (BI-042-37); white 08 (BI-042-38); rivet W023-67-056 x2 (BI-042-35) Diagram: S-005 Body-Index p.42 (fig 5310A-1). No new or reproduction 81-85 front splash shield found online (two searches, 2026-09-27); the FD numbers FD01-56-130H/140H are a different car.",,,FA01-56-130 FA01-56-140,5310A-1 BI-042-25 BI-042-26,,PT751,2026-09-26,2,
PT759,Splash shields (pair),body,engine_bay,yes,Mazda,,,,,,,,Diagram: S-005 Body-Index p.42 (fig 5310A-1). Nothing beyond the catalogue found online (2026-09-27).,,,8871-56-191C,5310A-1 BI-042-27,,PT704,,2,
PT760,"Seal rubbers, R and L",body,engine_bay,yes,Mazda,,,,,,,,"R 8871-56-791A, L 8871-56-792A. seal plates: plate (r), seal 8871-56-365 (BI-042-28); plate (l), seal 8871-56-366 (BI-042-29) Diagram: S-005 Body-Index p.42 (fig 5310A-1). Nothing beyond the catalogue found online (2026-09-27).",,,8871-56-791A 8871-56-792A,5310A-1 BI-042-33 BI-042-34,,PT704,,2,
PT761,"Engine bay side panels, R and L",body,engine_bay,yes,Mazda,,,,,,,,"R 8871-56-370D, L 8871-56-380D Diagram: S-005 Body-Index p.42 (fig 5310A-1). Nothing beyond the catalogue found online (2026-09-27).",,,8871-56-370D 8871-56-380D,5310A-1 BI-042-30 BI-042-31,,PT704,,2,
PT762,Upper cowling panel,body,engine_bay,yes,Mazda,,,,,,,,Diagram: S-005 Body-Index p.42 (fig 5310A-1). Nothing beyond the catalogue found online (2026-09-27).,,,8871-56-391,5310A-1 BI-042-32,,PT704,,1,
PT763,"Instrument panel brackets, R and L",body,dash,yes,Mazda,,,,,,,,"R 8871-70-260, L 8871-71-260 Diagram: S-005 Body-Index p.42 (fig 5310A-1) and p.43 (fig 5310A-2). Nothing beyond the catalogue found online (2026-09-27).",,,8871-70-260 8871-71-260,5310A-1 BI-042-39; 5310A-2 BI-043-01,,PT704,,2,
PT764,Cowl panel,body,engine_bay,yes,Mazda,,,,,,,,Diagram: S-005 Body-Index p.43 (fig 5310A-2). Nothing beyond the catalogue found online (2026-09-27).,,,FA01-74-040A,5310A-2 BI-043-02,,PT704,,1,
PT765,Rear drain hoses,body,cargo,yes,Mazda,,,,https://www.rx7club.com/1st-generation-specific-1979-1985-18/where-does-hatch-drain-799723/,,,,"Service item: a blocked drain puts water in the car Diagram: S-005 Body-Index p.44 (fig 5340A-1). The two hoses run from the hatch drain holes and exit under the rear bumper, one each side; a blocked or displaced hose fills the rear inner fender wells and is the number one rust point (rx7club). Clear by pulling the drain plugs inside each rear inner fender and in the spare-tyre well and drying the wells.",,,8871-56-751A,5340A-1 BI-044-02,,PT704,,2,
PT766,"Cowl side panels, R and L",body,cabin,yes,Mazda,,,,,,,,"R 8871-70-020E, L FA16-71-020C Diagram: S-005 Body-Index p.44 (fig 5340A-1). Nothing beyond the catalogue found online (2026-09-27).",,,8871-70-020E FA16-71-020C,5340A-1 BI-044-03 BI-044-17,,PT704,,2,
PT767,"Roof rails, inner and outer, R and L",body,,yes,Mazda,,,,,,,,"Inner R 8871-70-051D, L 8871-71-051D; outer R 8871-70-251, L 8871-71-251 Diagram: S-005 Body-Index p.44 (fig 5340A-1). The 1985 Body Shop Manual (S-047 p.24 (PDF page 32)) lists 'roof rails inner' in its high-strength-steel table with no model marked (the table covers only the 323 and 626); no RX-7 panel is marked, so treat as mild steel for repair.",,,8871-70-051D 8871-71-051D 8871-70-251 8871-71-251,5340A-1 BI-044-04 BI-044-18 BI-044-07 BI-044-21,,PT704,,4,
PT768,"Quarter panels, R and L",body,rear,yes,Mazda,,,,,,,,"Suffix unreadable: both the illustration list and the S-005 numeric index print a character after FA01-70-100 / FA01-71-100 that reads as 1, which is no Mazda suffix - confirm the current number with a dealer lookup before ordering Diagram: S-005 Body-Index p.44 (fig 5340A-1). No new or reproduction FB quarter panel found online (two searches, 2026-09-26); used only.",,,FA01-70-100 FA01-71-100,5340A-1 BI-044-05 BI-044-19,,PT704,,2,
PT769,"Hinge pillars, inner and outer, R and L",body,doors,yes,Mazda,,,,,,,,"Inner R FA54-70-210A, L FA54-71-210B; outer R 8871-70-220C, L 8871-71-220C Diagram: S-005 Body-Index p.44 (fig 5340A-1). S-047 p.24 (PDF page 32) lists 'hinge pillars inner' in its high-strength-steel table with no model marked; no RX-7 panel is HSS there.",,,FA54-70-210A FA54-71-210B 8871-70-220C 8871-71-220C,5340A-1 BI-044-06 BI-044-20 BI-044-27 BI-044-29,,PT704,,4,
PT770,"Front pillars, inner, R and L",body,cabin,yes,Mazda,,,,,,,,"R 8871-70-240C, L 8871-71-240C Diagram: S-005 Body-Index p.44 (fig 5340A-1). S-047 p.24 (PDF page 32) marks 'front pillars inner' as high-strength steel for the 323 only; the RX-7 is not in that table.",,,8871-70-240C 8871-71-240C,5340A-1 BI-044-08 BI-044-22,,PT704,,2,
PT771,"Side sill panels, R and L",body,doors,yes,Mazda,,,,,,,,"R 8871-70-271B, L 8871-71-271B Diagram: S-005 Body-Index p.44 (fig 5340A-1). No reproduction FB sill/rocker panel found online (Pac Performance, Wankelshop, rx7parts.com, Rotary Response checked 2026-09-26); the only Mazda rocker numbers online are FC (FCY1-70-271B).",,,8871-70-271B 8871-71-271B,5340A-1 BI-044-09 BI-044-23,,PT704,,2,
PT772,"Rain rails, R and L",body,,yes,Mazda,,,,,,,,"R 8871-70-311A, L 8871-71-311A Diagram: S-005 Body-Index p.44 (fig 5340A-1).",,,8871-70-311A 8871-71-311A,5340A-1 BI-044-10 BI-044-24,,PT704,,2,
PT773,"Roof headers, front and rear",body,,yes,Mazda,,,,,,,,"Front 8871-70-640A, rear FA01-70-700A (normal roof, no sunroof) Diagram: S-005 Body-Index p.44 (fig 5340A-1). S-047 p.24 (PDF page 32) lists 'front header' in its high-strength-steel table with no model marked; no RX-7 panel is HSS there.",,,8871-70-640A FA01-70-700A,5340A-1 BI-044-11 BI-044-13,,PT704,,2,
PT774,Roof panel,body,,yes,Mazda,,,,,,,,"Catalogue row has no description; by its place (normal roof, after the headers) it is the roof panel: check Diagram: S-005 Body-Index p.44 (fig 5340A-1). Headlining removal that exposes the roof inner side: S-002 Section 14 p.13 (top ceiling, full roof).",,,8871-74-030,5340A-1 BI-044-26,,PT704,2026-09-26,1,
PT775,Rear end panel,body,rear,yes,Mazda,,,,https://www.pacperformance.com.au/replacement-panels,,,,"Diagram: S-005 Body-Index p.44 (fig 5340A-1). Pac Performance (AU) sells a reproduction 'Gen1 series 2/3 rear beaver tail light panel' at AU$825 inc GST (2026-09-26); mazda.oempartsonline.com lists FA54-70-750 as a 1985 RX-7 rear body panel, whether it supersedes FA01-70-750C is not verified: check. S-047 p.24 (PDF page 32) lists 'rear end plate' in its HSS table with no model marked.",,,FA01-70-750C,5340A-1 BI-044-15,,PT704,,1,
PT776,Rear skirt panel,body,rear,yes,Mazda,,,,,,,,Diagram: S-005 Body-Index p.44 (fig 5340A-1).,,,FA01-70-791,5340A-1 BI-044-16,,PT704,,1,
PT777,"Rear fender panels, R and L",body,rear,yes,Mazda,,,,https://www.ebay.co.uk/p/1813799923,,,,"R FA01-70-400A, L FA01-71-400B Diagram: S-005 Body-Index p.44 (fig 5340A-1). Genuine LH rear fender/quarter 8871-71-400K (the SA-series number) appears on eBay UK, sold out (2026-09-26); the FB numbers FA01-70-400A/FA01-71-400B were not found on sale. Used panels only.",,,FA01-70-400A FA01-71-400B,5340A-1 BI-044-28 BI-044-30,,PT704,,2,
PT778,Front floor pan,body,underbody,yes,Mazda,,,,https://www.rx7club.com/1st-generation-specific-1979-1985-18/floor-pan-replacement-help-425090/,,fb-rx7-1985-fsm-body-checking-dimensions,,"Diagram: S-005 Body-Index p.45 (fig 5360A-1). No reproduction FB floor pan is sold (2026-09-26); owners on rx7club fabricate patches from flat cold-rolled sheet (one planned 20 gauge; replies advise thicker than 20 gauge, bead-rolled for stiffness, and never galvanised). Underbody datum holes and dimensions: S-002 Section 14 p.24 (14-24).",,,FA01-53-600B,5360A-1 BI-045-04,,PT704,,1,
PT779,Rear floor pan,body,underbody,yes,Mazda,,,,https://www.rx7club.com/1st-generation-specific-1979-1985-18/floor-pan-replacement-help-425090/,,fb-rx7-1985-fsm-body-checking-dimensions,,"Diagram: S-005 Body-Index p.45 (fig 5360A-1). No reproduction FB floor pan is sold (2026-09-26); patch panels are fabricated from flat cold-rolled sheet (rx7club: thicker than 20 gauge advised, bead-rolled, never galvanised). Underbody datum holes and dimensions: S-002 Section 14 p.24 (14-24).",,,FA01-53-700G,5360A-1 BI-045-05,,PT704,,1,
PT780,"Rear side frames, R and L",body,underbody,yes,Mazda,,,,,,fb-rx7-1985-fsm-body-checking-dimensions,,"R FA01-53-810D, L FA01-54-810H Diagram: S-005 Body-Index p.45 (fig 5360A-1). The rear frame basic holes B and C and the automatic-transmission rear-frame checking dimensions are on S-002 Section 14 p.24 (14-24). S-047 p.24 (PDF page 32) marks 'rear side frame' as high-strength steel for the 626 only; the RX-7 is not in that table.",,,FA01-53-810D FA01-54-810H,5360A-1 BI-045-06 BI-045-13,,PT704,,2,
PT781,Floor cross members,body,underbody,yes,Mazda,,,,,,fb-rx7-1985-fsm-body-checking-dimensions,,"8871-53-161; No. 3 FA01-53-900A; No. 4 FA01-53-940E, or FA01-53-940F which needs bolts 9978-01-025 x2 and washers 9995-21-000 x2; No. 5 FA54-53-930 Diagram: S-005 Body-Index p.45 (fig 5360A-1). S-047 p.24 (PDF page 32) lists 'cross member No. 1' in its high-strength-steel table with no model marked; no RX-7 panel is HSS there.",,,8871-53-161 FA01-53-900A FA01-53-940E FA01-53-940F FA54-53-930,5360A-1 BI-045-02 BI-045-07 BI-045-08 BI-045-09 BI-045-11,,PT704,,4,
PT782,"Torque boxes, R and L",body,underbody,yes,Mazda,,,,,,fb-rx7-1985-fsm-body-checking-dimensions,,"R FA01-53-391B, L 8871-54-391C Diagram: S-005 Body-Index p.45 (fig 5360A-1).",,,FA01-53-391B 8871-54-391C,5360A-1 BI-045-03 BI-045-12,,PT704,,2,
PT783,"Inner side sill panels, R and L",body,underbody,yes,Mazda,,,,,,fb-rx7-1985-fsm-body-checking-dimensions,,"R 8871-53-951B, L 8871-54-951A Diagram: S-005 Body-Index p.45 (fig 5360A-1). No reproduction inner sill found online (2026-09-26).",,,8871-53-951B 8871-54-951A,5360A-1 BI-045-10 BI-045-14,,PT704,,2,
PT784,"Floor decks, R and L",body,cargo,yes,Mazda,,,,,,,,"R FA01-56-510, L FA01-56-541A. brackets: bracket, deck 8871-56-560A x2 (BI-045-17) Diagram: S-005 Body-Index p.45 (fig 5360A-1).",,,FA01-56-510 FA01-56-541A,5360A-1 BI-045-15 BI-045-16,,PT704,,2,
PT785,Jack bracket,body,cargo,yes,Mazda,,,,,,,,Diagram: S-005 Body-Index p.45 (fig 5360A-1).,,,8871-53-050A,5360A-1 BI-045-01,,PT704,,1,
PT786,Floor drain plugs and hole covers,body,underbody,yes,Mazda,,,,https://parts.mazdausa.com/p/Mazda__RX-7/COVER--HOLE/105321178/1011-56-051.html,,,,"Drain plugs 0118-56-241 x18, 0118-56-242B x3, 0222-61-622 x3; hole covers 1011-56-051 x2, plastic B001-56-051 x10 (from FB331 633361-, check by VIN serial); service hole covers 8545-56-052 x2, 8545-56-053 x2, 0810-56-639 x3. Replace any missing: they keep water and exhaust out. seal rubbers: rubber, seal 0222-66-971 x2 (BI-046-25) Diagram: S-005 Body-Index p.46 (fig 5370A-1). Hole cover 1011-56-051 is still listed as a genuine part at parts.mazdausa.com (page found 2026-09-26, returned 403; the search listing shows US$5.32 and fitment 1986-92 RX-7, the same number as the 1981-83 catalogue). The 1982 group 5370A is also on PartSouq's Mazda EPC.",,,0118-56-241 0118-56-242B 0222-61-622 1011-56-051 B001-56-051 8545-56-052 8545-56-053 0810-56-639,5370A-1 BI-046-07 BI-046-09 BI-046-20 BI-046-02 BI-046-03 BI-046-04 BI-046-06 BI-046-21,,PT704,,,
PT787,Engine under cover,body,underbody,yes,Mazda,,,,https://partsouq.com/en/catalog/genuine/unit?c=Mazda&cid=483+&q=&ssd=%24HAxLcgAHS0FWV1gEJUwBBAR0TFBbUg4lSQFNXVlUX3QFWVxJBk1SR3JGSmkrSA52e0UDXAVGXCpE%24&uid=26594&vid=981011074,,,,Diagram: S-005 Body-Index p.46 (fig 5370A-1). No new or used FB engine under cover found online (2026-09-26).,,,FA54-56-111C,5370A-1 BI-046-05,,PT704,,1,
PT788,"Front towing hooks, R and L",body,underbody,yes,Mazda,,,,https://technotoytuning.com/mazda/sa/front-tow-hook-sa-fb-rx7,,,,"R FA01-53-170B, L FA01-54-170B Diagram: S-005 Body-Index p.46 (fig 5370A-1). Techno Toy Tuning sells an aftermarket bolt-on front tow hook (US$45, either side) that uses the factory tow-hook mounting points; the Mazda hooks were not found on sale.",,,FA01-53-170B FA01-54-170B,5370A-1 BI-046-10 BI-046-11,,PT704,,2,
PT789,Rear towing hook,body,underbody,yes,Mazda,,,,https://www.ebay.com/itm/186701052328,,,,"Diagram: S-005 Body-Index p.46 (fig 5370A-1). A used '79-85 Mazda RX7 Rear Tow Hook SA FB' from an '82 GSL was on eBay (item 186701052328, 2026-09-26); the listing itself could not be opened.",,,8871-56-271E,5370A-1 BI-046-12,,PT704,,1,
PT790,Tie-down hook,body,underbody,yes,Mazda,,,,https://partsouq.com/en/catalog/genuine/unit?c=Mazda&cid=483+&q=&ssd=%24HAxLcgAHS0FWV1gEJUwBBAR0TFBbUg4lSQFNXVlUX3QFWVxJBk1SR3JGSmkrSA52e0UDXAVGXCpE%24&uid=26594&vid=981011074,,,,"8871-56-281B up to FB331 622565, 8871-56-281D from 622566: check which by the VIN serial Diagram: S-005 Body-Index p.46 (fig 5370A-1). PartSouq carries the RX-7 1982 group 5370A in Mazda's EPC (page not opened): check the VIN-break there.",,,8871-56-281B 8871-56-281D,5370A-1 BI-046-13 BI-046-14,,PT704,,1,
PT791,Floor heat insulators (exhaust),body,underbody,yes,Mazda,,,,https://partsouq.com/en/catalog/genuine/unit?c=Mazda&cid=483+&q=&ssd=%24HAxLcgAHS0FWV1gEJUwBBAR0TFBbUg4lSQFNXVlUX3QFWVxJBk1SR3JGSmkrSA52e0UDXAVGXCpE%24&uid=26594&vid=981011074,,,,"Front 1480-56-430B; 1480-56-451B; No. 2 front 1480-56-440C; No. 4 rear 8871-56-420E; No. 1 rear 1480-56-410A Diagram: S-005 Body-Index p.46 (fig 5370A-1). No FB floor heat insulator found on sale, new or used (2026-09-26).",,,1480-56-430B 1480-56-451B 1480-56-440C 8871-56-420E 1480-56-410A,5370A-1 BI-046-15 BI-046-16 BI-046-17 BI-046-18 BI-046-19,,PT704,,5,
PT792,Fuel tank protector,body,underbody,yes,Mazda,,,,https://partsouq.com/en/catalog/genuine/unit?c=Mazda&cid=483+&q=&ssd=%24HAxLcgAHS0FWV1gEJUwBBAR0TFBbUg4lSQFNXVlUX3QFWVxJBk1SR3JGSmkrSA52e0UDXAVGXCpE%24&uid=26594&vid=981011074,,,,"fastener 0866-69-885A (colour 00 black) and clip nut: fastener, protector 0866-69-885A (BI-046-26); black 00 (BI-046-27); nut, clip-protector 8871-50-825 (BI-046-01) Diagram: S-005 Body-Index p.46 (fig 5370A-1). Not found on sale (2026-09-26).",,,8871-56-970D,5370A-1 BI-046-22,,PT704,,1,
PT793,Fuel tank insulators,body,underbody,yes,Mazda,,,,https://partsouq.com/en/catalog/genuine/unit?c=Mazda&cid=483+&q=&ssd=%24HAxLcgAHS0FWV1gEJUwBBAR0TFBbUg4lSQFNXVlUX3QFWVxJBk1SR3JGSmkrSA52e0UDXAVGXCpE%24&uid=26594&vid=981011074,,,,8871-56-981C; tank insulator 8871-56-990A Diagram: S-005 Body-Index p.46 (fig 5370A-1). Not found on sale (2026-09-26).,,,8871-56-981C 8871-56-990A,5370A-1 BI-046-23 BI-046-24,,PT704,,2,
PT794,"Front doors, R and L",body,doors,yes,Mazda,,,,https://rotaryresponse.com/RX7%20SA%20FB.htm,,,,"note               Door body R FA54-58-010H, L FA54-59-010H. support rubbers, grommets, door cushions and insulation (0305-72-852A, '82-'83): rubber, support 0286-57-318 x2 (BI-068-01); grommet, screw 8544-72-502 x4 (BI-068-19); cushion, door 0259-58-906 x2 (BI-070-11); insulation 0305-72-852A x2 (BI-070-12) Diagram: S-005 Body-Index p.68 (fig 5800A-1); door structural view (glass, regulator, lock, checker, weatherstrips) S-002 Section 14 p.8 (14-8). Rotary Response lists used 79-85 doors (a rust-free left door, price by email, 2026-09-26); 'Mazda Rx7 FB 1981-1985 Door Skins' are offered on eBay (item 226856960882, not opened; new or used not stated).",,,FA54-58-010H FA54-59-010H,5800A-1 BI-068-02 BI-068-03,,PT704,,2,
PT795,"Door outer panels, R and L",body,doors,yes,Mazda,,,,,,,,"note               R 8981-58-020E as printed (8871-58-020E by pattern: check), L 8871-59-020E The catalogue's numerical index (S-005 Body-Index p.156) also prints the right panel as 8981-58-020E, so the figure and the index agree; the 8871 pattern is not settled: check. No new or reproduction outer door skin found; used doors only.",,,8981-58-020E 8871-59-020E,5800A-1 BI-068-04 BI-068-05,,PT794,,2,
PT796,"Door glass, R and L",body,doors,yes,Mazda,,,,,,,,"R 8871-58-501E, L 8871-59-501E Removal per the 1985 manual (S-002 sec.14 p.14-9): regulator handle, inner handle cover, arm rest, trim, inner handle, watershield, then the glass-to-regulator screws and grommets. New glass not found.",,,8871-58-501E 8871-59-501E,5800A-1 BI-068-06 BI-068-07,,PT794,,2,
PT797,Door glass guides and channels,body,doors,yes,Mazda,,,,https://www.atkinsrotary.com/79-85-Rx7-Window-Channel-Seal-8871-58-605C.html,,,,"Guide A R 8871-58-603, L 8871-59-603; channel 8871-58-605C x2 Mazda has discontinued the channel seal 8871-58-605C; Atkins Rotary makes a reproduction (USD 84 each, one per side, fits either side, 2026-09-26). Guides A (8871-58-603 / -59-603) not found for sale.",,,8871-58-603 8871-59-603 8871-58-605C,5800A-1 BI-068-08 BI-068-09 BI-068-10,,PT796,,4,
PT798,Door seaming welt,body,doors,yes,Mazda,,,,,,,,"Colour variant (01 black, 12 red, 29 tan, 34 brown) follows the trim colour: check on the car. colour variant rows: black 01 (BI-068-12); red 12 (BI-068-13); tan 29 (BI-068-14); brown 34 (BI-068-15)",,,"FA02-68-911 (colour variants 01, 12, 29, 34)",5800A-1 BI-068-11,,PT794,,2,
PT799,"Door weatherstrips, R and L",body,doors,yes,Mazda,,,,https://www.atkinsrotary.com/Chassis-and-Body/Weather-Strips-Seals/79-85-Mazda-Rx7-Weather-Strips-and-Seals/,,,,"R 8871-58-760, L 8871-59-760. fasteners and small parts: fastener 0305-58-762 x42 (BI-068-18) Still genuine Mazda: Atkins Rotary lists R 8871-58-760 and L 8871-59-760 at USD 107 each, in stock 2026-09-26; dealer sites (Tasca, RealMazdaParts) also list both numbers.",,,8871-58-760 8871-59-760,5800A-1 BI-068-16 BI-068-17,,PT794,,2,
PT800,"Front door hinges, upper and lower",body,doors,yes,Mazda,,,,https://www.autopart3.com/products/79-80-81-82-83-84-85-mazda-rx7-oem-door-hinge-lower-right,,,,"Upper R 8871-58-210, L 8871-59-210; lower R B032-58-240, L 8531-59-240A. spacers: spacer, hinge-upper 1011-58-231 x2 (BI-069-03); spacer, hinge-lower 8531-58-231A x2 (BI-069-06) No new 79-85 hinges found (Atkins' hinge category lists only the 86-88 lower left); used OEM lower right sold by Autopart3 (USD 95, 2026-09-26).",,,8871-58-210 8871-59-210 B032-58-240 8531-59-240A,5830A-1 BI-069-01 BI-069-02 BI-069-04 BI-069-05,,PT794,,4,
PT801,"Front door locks, R and L",body,doors,yes,Mazda,,,,,,fb-door-lock-guide-printables-lovc,,"R 8871-58-310E, L 8871-59-310E. rod holders and joints: holder, rod 0305-58-309 x4 (BI-069-12); joint 1243-58-314 x2 (BI-069-17) Catalogue (S-005 p.69) gives 8871-58-310E / -59-310E for '81 and '82 models, FQ23-58-310 / -59-310 for '83. The 1985 manual (S-002 sec.14 p.14-11) says to fit a new outer-handle nylon bush whenever the lock is reinstalled (the catalogue lists the bushing as 1243-58-411, S-005 p.69 item 58411) and to adjust the inner handle for play. No new latch found; used only.",,,8871-58-310E 8871-59-310E,5830A-1 BI-069-13 BI-069-15,,PT794,,2,
PT802,Front door strikers,body,doors,yes,Mazda,,,,,,,,"On the lock (B) pillars of the body, not the hinge pillars Adjustable in-and-out and up-and-down by loosening its attaching screws (S-002 sec.14 p.14-9). 8531-58-361 not found for sale new; Atkins lists only the 86-91 and 93-95 strikers.",,,8531-58-361,5830A-1 BI-069-39,,PT704,,2,
PT803,Door inner handles,body,doors,yes,Mazda,,,,https://knownmotors.com/products/79-85-interior-door-handle,,,,"Used only (Known Motors, USD 15, sold out 2026-09-26); no new 8545-58-330 found.",,,8545-58-330,5830A-1 BI-069-18,,PT801,,2,
PT804,Door inner handle covers,body,doors,yes,Mazda,,,,https://www.atkinsrotary.com/79-85-Rx7-Inner-Door-Handle-Cup-Trim-8116-58-303.html,,rx7-door-opener-cup-printables-udopoerzgen,,"Colour variant (00 black, 12 red, 27 brown, 29 tan) follows the trim colour: check on the car. colour variant rows: black 00 (BI-069-08); red 12 (BI-069-09); brown 27 (BI-069-10); tan 29 (BI-069-11) Atkins Rotary stocks 8116-58-303 in black and tan (USD 18, fits either side); red and grey no longer available. Mazdatrix sells a machined aluminium black pair (8116-58-303-AL, USD 45) and lists the Mazda colours as discontinued. A free printable cup (cad row) also exists.",,,"8116-58-303 (colour variants 00, 12, 27, 29)",5830A-1 BI-069-07,,PT803,,2,
PT805,"Door outer handles, R and L",body,doors,yes,Mazda,,,,https://www.atkinsrotary.com/79-85-Rx7-Black-Door-Handle-8871-59-410C.html,,,,"R 8871-58-410C, L 8871-59-410C. bushings: bushing 1243-58-411 x2 (BI-069-29) Genuine handles still sold: Atkins Rotary USD 97 (listed under 8871-59-410C, says it fits either side: check against the R/L catalogue numbers). Fit a new outer-handle nylon bush when the lock is reinstalled (S-002 sec.14 p.14-11; the catalogue lists it as 1243-58-411, S-005 p.69 item 58411).",,,8871-58-410C 8871-59-410C,5830A-1 BI-069-30 BI-069-31,,PT801,,2,
PT806,Door lock knobs,body,doors,yes,Mazda,,,,,,,,colour variant row: black 00 (BI-070-10),,,G030-58-316A (colour variant 00),5830A-2 BI-070-09,,PT801,,2,
PT807,"Window regulators (manual), R and L",body,doors,yes,Mazda,,,,https://www.atkinsrotary.com/79-85-Rx7-Window-Regulator.html,,,,"R 8871-58-560A, L 8871-59-560A Manual regulators still sold by Atkins Rotary (USD 210, driver or passenger side, manufacturer field reads Mazda, the page does not say genuine or reproduction, 2026-09-26). Catalogue (S-005 p.69): 8871-58-560A / -59-560A are the S and GS manual units, FA02-58-560 / -59-560 the GSL power units. Adjustment (S-002 sec.14 p.14-10): glass raised fully, horizontal by moving the regulator guide, fore-and-aft by the glass-guide adjusting bolt.",,,8871-58-560A 8871-59-560A,5830A-1 BI-069-33 BI-069-35,,PT794,,2,
PT808,Window crank handles,body,doors,yes,Mazda,,,,https://www.atkinsrotary.com/Chassis-and-Body/Doors-and-Parts/Mazda-Window-Crank-Handles/,,,,"Colour variant (02 black, 12 red, 27 brown, 29 tan) follows the trim colour: check on the car. colour variant rows and handle gaskets: black 02 (BI-069-20); red 12 (BI-069-21); brown 27 (BI-069-22); tan 29 (BI-069-23); gasket, regulator handle 0259-58-305B x2 (BI-069-32) Atkins Rotary lists 8038-58-580A in red (-11) and brown (-72) as no longer available and grey (-65, 84-85) out of stock (USD 35, 2026-09-26); Mazdatrix lists the red one. Catalogue figure p.69 prints the number as 8036-58-580A but the index p.156 reads 8038-58-580A.",,,"8038-58-580A (colour variants 02, 12, 27, 29)",5830A-1 BI-069-19,,PT807,,2,
PT809,Window crank handle caps,body,doors,yes,Mazda,,,,,,,,Colour variant follows the trim colour: check on the car. colour variant rows: black 02 (BI-070-05); red 12 (BI-070-06); brown 27 (BI-070-07); tan 29 (BI-070-08),,,"8037-58-585 (colour variants 02, 12, 27, 29)",5830A-2 BI-070-04,,PT808,,2,
PT810,Window crank escutcheons,body,doors,yes,Mazda,,,,,,,,Colour variant follows the trim colour: check on the car. colour variant rows: black 00 (BI-069-25); red 12 (BI-069-26); brown 27 (BI-069-27); tan 29 (BI-069-28),,,"0223-58-375A (colour variants 00, 12, 27, 29)",5830A-1 BI-069-24,,PT808,,2,
PT811,"Back door (hatch) hinges, R and L",body,cargo,yes,Mazda,,,,https://www.atkinsrotary.com/Chassis-and-Body/Rear-Hatch-Parts/rear-hatch-hinges/,,,,"R 8871-62-210B; L 8871-63-210B (blank in the illustration list, printed in the S-005 numeric index, group 6230A). hinge shims: shim 'a' (r), hinge 8871-62-231 (BI-092-04); shim 'b', hinge 8871-62-232A x2 (BI-092-05); shim 'd', hinge 8871-62-233 x2 (BI-092-06); shim 'c' (r), hinge 8871-62-241A (BI-092-07); shim 'a' (l), hinge 8871-63-231 (BI-092-23); shim 'c' (l), hinge 8871-63-241A (BI-092-24) The left hinge number resolves: the catalogue's numerical index (S-005 Body-Index p.157) prints 8871-63-210B against figure 6230A-1, and Atkins Rotary lists 8871-63-210B (left) and 8871-62-210B (right) at USD 65 each, both out of stock 2026-09-26. Alignment (S-002 sec.14 p.14-12): weatherstrip top, headlining rear end and rear header pads off, then loosen the hinge nuts with the hatch closed.",,,8871-62-210B 8871-63-210B,6230A-1 BI-092-03 BI-092-22,,PT704,,2,
PT812,Back door (hatch) lock,body,cargo,yes,Mazda,,,,https://www.rx7club.com/1st-generation-specific-1979-1985-18/hatch-latch-differences-1093370/,,,,"GS/GSL lock; its latch switch is broken (see PT030). fasteners and small parts: clip G030-58-315 x2 (BI-092-01) The 1985 manual's figure of this lock (S-002 sec.14 p.14-12, fig 47U14X-034) shows a switch built into the lock body with contact points A and B beside the key cylinder; the lock is adjusted to the striker by loosening its attaching bolts. rx7club: 1981-85 GS/GSL use the power latch FA01-62-310, S models the manual FA02-62-310; the 1979 latch (8871-62-310B) has a different bolt spacing from the 1980 one (3.990 vs 4.320 in between the diagonal holes, measured by a member) and the thread says little interchanges between 1979-80 and 1981-85. No new latch found.",,,FA01-62-310C,6230A-1 BI-092-08,,PT704,,1,
PT813,Back door remote control opener,body,cargo,yes,Mazda,,,,,,,,GS/GSL; whether this is the same unit as the hatch release solenoid PT030 or the cable opener it drives: check,,,8341-62-315,6230A-1 BI-092-10,,PT812,,1,
PT814,Back door lock striker,body,cargo,yes,Mazda,,,,,,,,"striker nut and shims: nut, striker FA01-62-365 (BI-092-12); shim 'a', striker FA01-62-366 (BI-092-13); shim 'b', striker 8871-62-367 (BI-092-14) 8871-62-361 is the same striker loop for all 1979-85 cars (rx7club hatch-latch thread); the lock, not the striker, is moved to align (S-002 sec.14 p.14-12).",,,8871-62-361,6230A-1 BI-092-11,,PT704,,1,
PT815,Back door damper stays (gas struts),body,cargo,yes,Mazda,,,,https://www.liftsupportsdepot.com/strong-arm-4709-gas-charged-hatchback-lift-support/,,,,"Service item: weak struts let the hatch fall. pins, brackets, nuts and shims: pin, damper 8871-62-621 x2 (BI-092-17); bracket, damper 8871-62-631 x2 (BI-092-18); nut, damper 8871-62-635A x2 (BI-092-19); shim 'a', damper 8871-62-636A x2 (BI-092-20); shim 'b', damper 8871-62-637 x2 (BI-092-21) Catalogue (S-005 p.92): S and GS cars take 8341-89-621 x2; the GSL right stay is 1482-89-621 (carries the rear wiper/defroster wiring). Atkins Rotary sells 1482-89-621 as '79-85 Rx7 Rear Hatch Strut' (USD 30, in stock); aftermarket StrongArm 4709 and TRW TSG127001 (USD 12.40) fit 79-85. The 1985 manual: never disassemble the stay, and drill a 2-3 mm hole at the cylinder's lower end to vent it before discarding (S-002 sec.14 p.14-12).",,,8341-89-621,6230A-1 BI-092-15,,PT704,,2,
PT816,Back door room lamp switch,electrical,cargo,yes,Mazda,,,,,,,,Door switch that lights the cargo lamp when the hatch opens S-001 H-12 (luggage compartment light switch): single RB wire from the 5 W luggage lamp; the switch closes to body ground when the hatch opens.,,,0305-60-690,6230A-1 BI-092-02,,PT704,,1,
PT817,Rear window weatherstrip,body,cargo,yes,Mazda,,,,https://www.atkinsrotary.com/79-85-Rx7-Rear-Hatch-Seal-8871-62-761D.html,,,,"Diagram: S-005 Body-Index p.93 (fig 6300A-1, item 63-932, qty 1). Seals the glass hatch to the body. New OEM 8871-62-761D at Atkins Rotary (142.78 USD, supersedes 8871-62-761, -761B, -761C) and a Mazdatrix reproduction 8871-62-761D-MZ (53.75 USD), both in stock 2026-09-27.",,,8871-62-761D,6300A-1 BI-093-09,,PT037,,1,
PT818,Rear window moulding,body,cargo,yes,Mazda,,,,https://www.partrequest.com/catalog/mouldings-and-trim/mazda/mazda-rx-7,,,,"Diagram: S-005 Body-Index p.93 (fig 6300A-1, item 63-935, qty 1); the moulding around the rear (hatch) window glass. No new or reproduction moulding found online (two searches, 2026-09-27); used only.",,,8871-63-935A,6300A-1 BI-093-10,,PT037,,1,
PT819,"Side (quarter) window glass, R and L",body,rear,yes,Mazda,,,,https://www.plastics4performance.com/mazda-rx7-fb-lexan-polycarbonate-right-rear-quarter-window,,,,"R FA01-62-950D, L FA01-63-950D. packing, dams, plates, spacers, speed nuts and sheets: packing 1029-51-902 x2 (BI-093-03); dam, side window 8871-63-942 x4 (BI-093-12); plate (r), glass FA01-62-970 (BI-093-14); plate (l), glass FA01-63-970 (BI-093-16); spacer 8871-62-966A x2 (BI-093-18); nut, speed 0187-69-049A x4 (BI-093-19); spacer 'a' 8871-63-911 x2 (BI-093-20); spacer 'c' 0839-70-449 x3 (BI-093-21); sheet 'a', side window 0256-70-526A x2 (BI-093-22) Bonded-in glass: removal and fitting follow the windshield method (S-002 sec.14 p.14-22: garnish and glass plate screw off, rear pillar trim, glass nut, damper stay end off, then saw the sealant with piano wire). No new glass found; Plastics4Performance makes pre-curved Lexan polycarbonate replacements (3/4/5 mm, made to order, UK) and salvage listings carry used glass.",,,FA01-62-950D FA01-63-950D,6300A-1 BI-093-11 BI-093-13,,PT704,,2,
PT820,"Side window mouldings, R and L",body,rear,yes,Mazda,,,,,,,,"R 8871-62-960A, L 8871-63-960A",,,8871-62-960A 8871-63-960A,6300A-1 BI-093-15 BI-093-17,,PT819,,2,
PT821,"Side window garnishes, R and L",body,rear,yes,Mazda,,,,https://www.atkinsrotary.com/79-85-Rx7-Right-Rear-Quarter-Window-Trim-FA01-51-881A.html,,,,"R FA01-51-881A, L FA01-51-891A Atkins Rotary lists the right (FA01-51-881A) and left (FA01-51-891A) garnishes as no longer available at USD 50 (2026-09-26); its SKU field prints them as 8871-51-881A and 8871-51-891. The catalogue (S-005 p.93, fig 6300A-1 items 51881A / 51891A) prints FA01-51-881A and FA01-51-891A.",,,FA01-51-881A FA01-51-891A,6300A-1 BI-093-01 BI-093-02,,PT819,,2,
PT822,Instrument panel frame (dashboard structure),body,dash,yes,Mazda,,,,,,rx7-dash-scan-thingiverse-cabentley22,,"The 1985 manual's instrument-panel structural view (S-002 sec.14 p.14-2) numbers 32 pieces from the horn cap to the panel itself: column covers, combination switch, switch panels, glove pocket lid and compartment, ash tray, centre panel, radio, clock, garnishes, meter hood and cluster come off before the panel bolts (4); the 1985 dash differs in detail from the '82. The only CAD is a partial dash scan whose generation is not stated.",,,FA01-60-400F,5560A-1 BI-051-14,,,,1,
PT823,Dashboard crash pad (padded dash top),body,dash,yes,Mazda,,,,https://mazdatrix.com/product/dash-cover-rx7-79-83-black/,https://www.justdashes.com/mazda/rx7/1980-82-mazda-rx-7-dash-pad-restoration/,,,"The '82 pad (from serial 529439). Colour not recorded - check on the car New pads are not sold; the options are a glued-on cap (Mazdatrix MZTX-24-707B black US$157.30 or burgundy US$236.25; Accuform ACCU-400 high-temperature ABS dash cap for 1978-83, US$183.59) or restoration of the original pad by Just Dashes, Van Nuys CA (818-780-9005).",,,"FA01-60-350B (colour variants 00, 10, 29, 70, 81)",5560A-1 BI-051-08 BI-051-09 BI-051-10 BI-051-11 BI-051-12 BI-051-13,,PT822,,1,
PT824,Dash upper garnish (windscreen base),body,dash,yes,Mazda,,,,,,,,"Also: seaming rubber 8562-60-712; garnish caps 8871-60-701 x3 (colour variants 00, 11, 28, 71, 75) and screws 8871-60-702 x3 (BI-051-36, BI-051-22, BI-051-28). Colour not recorded - check on the car",,,"8341-60-710A (colour variants 00, 01, 10, 28, 29, 81)",5560A-1 BI-051-22 BI-051-23 BI-051-24 BI-051-25 BI-051-26 BI-051-27 BI-051-28 BI-051-29 BI-051-30 BI-051-31 BI-051-32 BI-051-33 BI-051-34 BI-051-35 BI-051-36,,PT822,,1,
PT825,Defroster grilles (dash top),climate,dash,yes,Mazda,,,,https://www.atkinsrotary.com/81-83-rx7-black-dash-vent-8341-60-713-01-.html,,,,"Colour not recorded - check on the car No longer supplied by Mazda; Atkins Rotary sells a black reproduction (8341-60-713-01, fits left or right, about $25 in 2026); the red (-10) version is listed NLA.",,,"8341-60-713 (colour variants 01, 10, 28, 29, 81)",5560A-1 BI-051-15 BI-051-16 BI-051-17 BI-051-18 BI-051-19 BI-051-20,,PT824,,2,
PT826,"Dash side garnish, right",body,dash,yes,Mazda,,,,,,,,Colour not recorded - check on the car,,,"FA01-55-330A (colour variants 00, 10, 29, 70, 81)",5560A-1 BI-051-37 BI-051-38 BI-051-39 BI-051-40; 5560A-2 BI-052-01 BI-052-02,,PT822,,1,
PT827,"Dash side garnish, left",body,dash,yes,Mazda,,,,,,,,Colour not recorded - check on the car,,,"FA01-55-340A (colour variants 00, 10, 29, 70, 81)",5560A-2 BI-052-03 BI-052-04 BI-052-05 BI-052-06 BI-052-07 BI-052-08,,PT822,,1,
PT828,Dashboard insulator,body,dash,yes,Mazda,,,,,,,,,,,FA01-68-620B,6860A-1 BI-125-01,,PT822,,1,
PT829,Dash upper insulator,body,dash,yes,Mazda,,,,,,,,,,,8871-68-664B,6860A-1 BI-125-05,,PT822,,1,
PT830,Glove box tray,body,dash,yes,Mazda,,,,,,,,"Also: stay 8871-64-162A, striker 8871-64-101, cushion rubbers x2 (0633-62-879 up to serial 608442, 0259-58-612 from 608443 - check by VIN serial) (BI-052-21, BI-052-19, BI-052-09, BI-052-10) A printable glove box catch scanned from a 1985 FB exists (cad row fb-glove-box-catch-printables-themagicd); whether the '82 striker 8871-64-101 matches it, check.",,,8871-64-161B,5560A-2 BI-052-09 BI-052-10 BI-052-19 BI-052-20 BI-052-21,,PT822,,1,
PT831,Glove box lid,body,dash,yes,Mazda,,,,https://www.partrequest.com/catalog/glove-boxes/mazda/mazda-rx-7,,,,"Also: stopper 8871-64-043, lid set plate 8871-64-050A, rubber stopper 0275-55-195A (BI-052-17, BI-052-18, BI-051-01). Colour not recorded - check on the car No new or reproduction lid found; Atkins Rotary and Mazdatrix list no glove box parts for 79-85, used only (salvage listings).",,,"FA01-64-030 (colour variants 00, 10, 29, 70, 81)",5560A-2 BI-052-11 BI-052-12 BI-052-13 BI-052-14 BI-052-15 BI-052-16 BI-052-17 BI-052-18; 5560A-1 BI-051-01 BI-052-18,,PT830,,1,
PT832,Glove box lamp switch,electrical,dash,yes,Mazda,,,,,,,,"S-001 H-02: BL (from the 3.4 W glove box lamp) and a ring-terminal B to ground (X-02, X-13).",,,0305-60-690,5560A-1 BI-051-21,,PT830,,1,
PT833,Glove box lamp bulb (12V 3.4W),lighting,dash,yes,Mazda,,,,https://normanlamps.com/194.html,,,,"S-001 H-01: 3.4 W, fed LO from a 20 A fuse, grounded through the lid switch H-02 on BL. North American equivalent is trade 194 (T-3 1/4 wedge); check.",,,0000-11-0194,5560A-1 BI-051-02,,PT830,,1,
PT834,"Glove side panel (lower dash, right)",body,dash,yes,Mazda,,,,,,,,Colour variants 29 (serial 600001-700000) and 81 (from 700001) are serial-dependent. Colour not recorded - check on the car,,,"FA01-55-310 (colour variants 00, 10, 29, 70, 81)",5500A-1 BI-047-23 BI-047-24 BI-047-25 BI-047-26 BI-047-27 BI-047-28,,PT822,,1,
PT835,Lower dash switch panel (driver side),body,dash,yes,Mazda,,,,,,,,"FA01-55-320A: the digit blank in the illustration list is settled by the S-005 numeric index - 320A is the 5500A number with colours 00 10 29 70 81 (the 81 on 5500A-2, BI-048-01); 340A is a 5560A garnish and 310 the glove-side panel",,,"FA01-55-320A (colour variants 00, 10, 29, 70, 81)",5500A-1 BI-047-29 BI-047-30 BI-047-31 BI-047-32 BI-047-33; 5500A-2 BI-048-01,,PT822,,1,
PT836,Choke cable and knob (factory),fuel,dash,yes,Mazda,,,,,,,,"Also: choke wire pad G001-67-061, grommet 0305-60-052A (BI-048-05, BI-048-07). It served the factory carburettor, which is gone (Weber 45 DCOE, PT006) - confirm whether the cable is still in the dash and whether it connects to anything No cold-start hardware remains since the Weber conversion.",,,8871-60-050A,5500A-2 BI-048-05 BI-048-06 BI-048-07,replaced,PT835,,1,
PT837,Dash center panel (radio and heater control surround),body,dash,yes,Mazda,,,,https://www.autopart3.com/products/81-82-83-mazda-rx7-oem-dash-radio-climate-control-bezel-trim-cover-panel,,,,"FA01-55-210 is for cars without full control (to serial 633360), FA02-55-210 for cars with full control - check which is fitted (what the full-control option is is not stated in the catalogue) and the VIN serial Used only: Autopart3 lists a grey 81-83 radio and climate-control bezel at US$287 (sold out 2026-09-27). An rx7club member has had the FB radio surround, column bezels and switch surrounds 3D-scanned for reprinting but has not released the files.",,,FA01-55-210 (colour variants 01) or FA02-55-210 (colour variants 01),5500A-1 BI-047-05 BI-047-06 BI-047-07 BI-047-08,,PT822,,1,
PT838,Center panel switch decoration panel,body,dash,yes,Mazda,,,,,,,,,,,FA01-55-215A,5500A-1 BI-047-04,,PT837,,1,
PT839,Center panel decoration panel,body,dash,yes,Mazda,,,,,,,,,,,FA01-55-212,5500A-1 BI-047-19,,PT837,,1,
PT840,Center panel illumination lamp case,lighting,dash,yes,Mazda,,,,,,,,,,,8249-55-213,5500A-1 BI-047-01,,PT837,,1,
PT841,Center panel lamp box,lighting,dash,yes,Mazda,,,,,,,,,,,FA01-55-216,5500A-1 BI-047-16,,PT837,,1,
PT842,Center panel illumination bulb (12V 3.4W),lighting,dash,yes,Mazda,,,,https://normanlamps.com/194.html,,,,"Likely the S-001 E-10 switch panel illumination (3.4 W, RL/B from dimmer E-05); the mapping is not stated in any source, check. Trade 194 equivalent.",,,0000-11-0194,5500A-1 BI-047-15,,PT837,,1,
PT843,Illumination optical fibre,lighting,dash,yes,Mazda,,,,,,,,The drawing routes it toward the ash tray,,,FA01-55-251,5500A-1 BI-047-18,,PT837,,1,
PT844,Center panel illumination bulb and socket,lighting,dash,yes,Mazda,,,,,,,,"Carries the two 1.4 W bulbs (PT845); S-001 lists a 1.4 W heater illumination E-06 (RL, B) which is probably one of these, check.",,,8871-55-280,5500A-1 BI-047-21,,PT837,,2,
PT845,Center panel illumination bulbs (1.4W),lighting,dash,yes,Mazda,,,,https://normanlamps.com/74.html,,,,"North American equivalent is trade 74 (14 V 0.10 A, T-1 3/4 subminiature wedge); check the bulb in the socket.",,,0000-11-0074,5500A-1 BI-047-22,,PT844,,2,
PT846,Ash tray,body,dash,yes,Mazda,,,,https://www.autopart3.com/search?q=81-83+mazda+rx7+dash,,,,"Discontinued by Mazda (Mazdatrix); used 81-83 dash ash trays sell for US$75-125 and the holder bracket US$58 (Autopart3, 2026-09-27).",,,FA01-64-610 (colour variants 00),5500A-2 BI-048-13 BI-048-14,,PT837,,1,
PT847,Ash tray inner,body,dash,yes,Mazda,,,,https://mazdatrix.com/product-category/interior/dash-parts/,,,,"Mazdatrix lists the 81-83 ash tray inner as 64-6300-FA01-00 (FA01-64-630-00), discontinued.",,,FA01-64-630 (colour variants 00),5500A-2 BI-048-15 BI-048-16,,PT846,,1,
PT848,Ash tray illumination lens,lighting,dash,yes,Mazda,,,,,,,,,,,FA01-55-221,5500A-1 BI-047-03,,PT837,,1,
PT849,Digital clock,electrical,dash,yes,Mazda,,,,,,,,"GS digital type. Also: spring nuts 0820-56-905 x2 (BI-048-04) S-001 H-10 auto clock: 4-cavity connector B (ground), RG (illumination, light switch), LY (constant, X-04 15 A, keeps time), GY (ignition, X-04 10 A, display).",,,FA01-55-710,5500A-2 BI-048-02 BI-048-04,,PT822,,1,
PT850,"Steering column cover, right half",body,dash,yes,Mazda,,,,https://mazdatrix.com/product-category/interior/column-covers/,,,,"Also: key cylinder holder G001-60-261 (BI-048-12) Mazdatrix lists FA01-60-220A as the 81-83 UPPER column cover and FA01-60-230 as the LOWER, both discontinued by Mazda, and the 1985 manual calls the pair upper and lower (S-002 sec.14 p.14-2): whether these halves split upper/lower rather than right/left, check on the car.",,,FA01-60-220,5500A-2 BI-048-08 BI-048-12,,,,1,
PT851,"Steering column cover, left half",body,dash,yes,Mazda,,,,https://mazdatrix.com/product-category/interior/column-covers/,,,,"Mazdatrix lists FA01-60-230 as the 81-83 LOWER column cover (FA01-60-220A the upper), discontinued by Mazda; the right/left naming here, check on the car.",,,FA01-60-230,5500A-2 BI-048-11,,,,1,
PT852,Key cylinder illumination lamp cover and lens,lighting,dash,yes,Mazda,,,,,,,,"Covers S-001 H-05 ignition switch light (3.4 W, LY feed, GL to the control processing unit which times it).",,,FA01-60-241 (cover) FA01-60-242 (lens),5500A-2 BI-048-09 BI-048-10,,PT850,,1,
PT853,Front console,body,dash,yes,Mazda,,,,https://www.ebay.com/b/Interior-Consoles-Parts-for-Mazda-RX-7/262189/bn_1435866,,,,"Also: front bracket 8871-64-370A, center bracket FA01-64-381, front console caps 8871-64-901 x4 (colour variants 00, 11, 70, 71, 75) (BI-053-36, BI-053-37, BI-054-24). Colour not recorded - check on the car No new 79-85 front console found: Atkins Rotary's console categories start at 1986. Used only (eBay consoles category, PartRequest). The 1985 manual's instrument panel structural view (S-002 sec.14 p.14-2) numbers the brake cover, coin box, rear console and two switch panels as separate pieces around it.",,,"FA01-64-320B (colour variants 00, 10, 29, 70, 81)",5570A-1 BI-053-19 BI-053-20 BI-053-21 BI-053-22 BI-053-23 BI-053-24 BI-053-36 BI-053-37; 5570A-2 BI-054-24 BI-054-25 BI-054-26 BI-054-27 BI-054-28 BI-054-29 BI-053-37,,,,1,
PT854,Automatic shift position indicator panel,transmission,dash,yes,Mazda,,,,,,,,Also: boot panel springs 8871-55-216 x2 (BI-053-01) Colour code 01 = silver metallic (S-005 BI-053). Lit from behind by the shift indicator bulb and socket (PT855) on the RL illumination bus through connector E-07. No new or reproduction A/T indicator found; Atkins stocks only the M/T upper plate FA01-64-350A-01.,,,FA03-64-350 (colour variants 01),5570A-1 BI-053-01 BI-053-30 BI-053-31,,PT853,,1,
PT855,Shift indicator bulb and socket,lighting,dash,yes,Mazda,,,,,,,,"Socket for S-001 E-07 select lever illumination (RL from dimmer E-05, B ground).",,,0305-66-580A (alternative 1840-55-240),5570A-1 BI-053-03 BI-053-04,,PT854,,1,
PT856,Shift indicator bulb (12V 3.4W),lighting,dash,yes,Mazda,,,,https://normanlamps.com/194.html,,,,"S-001 E-07: 3.4 W, dimmer-controlled RL feed. Trade 194 equivalent; check.",,,0000-11-0194,5570A-1 BI-053-05,,PT855,,1,
PT857,"Parking brake lever cover, right",body,dash,yes,Mazda,,,,,,,,Also: brake cover ring FA01-64-225 (BI-053-18). Colour not recorded - check on the car,,,"FA01-64-221 (colour variants 00, 10, 29, 70, 81)",5570A-1 BI-053-06 BI-053-07 BI-053-08 BI-053-09 BI-053-10 BI-053-11 BI-053-18,,PT853,,1,
PT858,"Parking brake lever cover, left",body,dash,yes,Mazda,,,,,,,,Colour not recorded - check on the car,,,"FA01-64-222 (colour variants 00, 10, 29, 70, 81)",5570A-1 BI-053-12 BI-053-13 BI-053-14 BI-053-15 BI-053-16 BI-053-17,,PT853,,1,
PT859,Console switch panel,body,dash,yes,Mazda,,,,https://octoclassic.com/es/producto/mazda-rx7-s2-center-console-switch-panel-ashtray-black-fa01-64-451,,,,"Listed alongside a coin box used without it - check whether the switch panel or the coin box is fitted Octoclassic (Spain) lists FA01-64-451 new in black at EUR 75.60 (2026-09-27), described as the series-2 (81-83) console switch panel.",,,FA01-64-451 (colour variants 01),5570A-1 BI-053-32 BI-053-33,,PT853,,1,
PT860,Console coin box,body,dash,yes,Mazda,,,,,,,,"Fitted only on cars without the console switch panel; this GS has the power mirror switch - check whether a coin box or a switch panel is in the console The 1985 manual's instrument panel view (S-002 sec.14 p.14-2, item 10) shows the coin box in the same console position as the switch panels.",,,FA02-64-451 (colour variants 01),5570A-1 BI-053-34 BI-053-35,,PT853,,1,
PT861,Rear console (large type),body,cabin,yes,Mazda,,,,https://www.ebay.com/b/Interior-Consoles-Parts-for-Mazda-RX-7/262189/bn_1435866,,,,"Also: rear bracket 8871-64-415, center-rear bracket FA01-64-430 (BI-053-38, BI-054-14). Colour not recorded - check on the car No new rear console found; used only. A printable cup-holder tray for its compartment is already in the CAD table (sa-fb-cup-holders-thingiverse-logicallucario).",,,"FA01-64-410C (colour variants 00, 10, 29, 70, 81)",5570A-2 BI-054-01 BI-054-02 BI-054-03 BI-054-04 BI-054-05 BI-054-06 BI-054-14; 5570A-1 BI-053-38 BI-054-14,,,,1,
PT862,Rear console lid,body,cabin,yes,Mazda,,,,,,,,"Also: hinge spring FA01-64-413A, lid stopper 8871-64-412 (BI-054-21, BI-054-22). Colour not recorded - check on the car",,,"FA01-64-420B (colour variants 00, 10, 29, 70, 81)",5570A-2 BI-054-15 BI-054-16 BI-054-17 BI-054-18 BI-054-19 BI-054-20 BI-054-21 BI-054-22,,PT861,,1,
PT863,Switch panel case (small type),body,cabin,yes,Mazda,,,,,,,,Small type - check whether this is fitted,,,"FA02-64-411 (colour variants 00, 10, 29, 70, 81)",5570A-2 BI-054-07 BI-054-08 BI-054-09 BI-054-10 BI-054-11 BI-054-12,,PT861,,1,
PT864,Power mirror switch,body,dash,yes,Mazda,,,,https://knownmotors.com/products/1981-1983-mazda-rx7-fb-power-mirror-switch,,,,"Dead (see PT032). Where it mounts is not shown in the figure - check Six-terminal rocker: one feed (WG, 10 A fuse shared with the hazard flasher), one ground, LH and RH select leads and two leads common to both mirrors; test it with an ohmmeter against the 1985 manual's continuity table (S-002 p.15-42). Used only: Known Motors USD 30, sold out 2026-09-27; no new FA02-66-600A found (Atkins lists only the 86-91 FB02-66-600B).",,,FA02-66-600A,6900A-2 BI-129-03,,PT859,,1,
PT865,"Defroster nozzle, right",climate,dash,yes,Mazda,,,,,,,,No new or reproduction source found in 2026; used parts from FB breakers only.,,,8871-60-121,5580A-1 BI-055-01,,PT822,,1,
PT866,"Defroster nozzle, left",climate,dash,yes,Mazda,,,,,,,,No new or reproduction source found in 2026; used parts from FB breakers only.,,,8871-60-141,5580A-1 BI-055-02,,PT822,,1,
PT867,Defroster hoses,climate,dash,yes,Mazda,,,,,,,,,,,8871-61-251A,5580A-1 BI-055-07,,,,2,
PT868,"Side demister ducts, right",climate,dash,yes,Mazda,,,,,,,,Two duct sections,,,8871-61-181 8871-61-183A,5580A-1 BI-055-03 BI-055-05,,PT822,,2,
PT869,"Side demister ducts, left",climate,dash,yes,Mazda,,,,,,,,Two duct sections,,,8871-61-182 8871-61-184A,5580A-1 BI-055-04 BI-055-06,,PT822,,2,
PT870,"Ventilation duct, center",climate,dash,yes,Mazda,,,,,,,,,,,8871-64-750A,5580A-1 BI-055-08,,PT822,,1,
PT871,"Ventilation duct, right",climate,dash,yes,Mazda,,,,,,,,,,,8871-64-761,5580A-1 BI-055-09,,PT822,,1,
PT872,"Ventilation duct No. 1, left",climate,dash,yes,Mazda,,,,,,,,,,,8871-64-771A,5580A-1 BI-055-10,,PT822,,1,
PT873,"Ventilation duct No. 2, left",climate,dash,yes,Mazda,,,,,,,,,,,8871-64-780B,5580A-1 BI-055-11,,PT822,,1,
PT874,"Ventilation duct No. 3, left",climate,dash,yes,Mazda,,,,,,,,,,,8871-64-773,5580A-1 BI-055-12,,PT822,,1,
PT875,Center vent louver guide and holder,climate,dash,yes,Mazda,,,,https://www.rx7club.com/1st-generation-specific-1979-1985-18/how-you-remove-dash-center-vents-986953/,,fb-s2-center-dash-vent-printables-jtso,,"Owners report the centre vent grates snap into a housing held by a small two-screw plate, the housing screwed into the dash pad from behind; removal usually needs the dash out (forum; check).",,,8871-64-811A (guide) 8871-64-812 (holder),5580A-1 BI-055-13 BI-055-14,,PT870,,1,
PT876,Center vent louvers,climate,dash,yes,Mazda,,,,,,fb-s2-center-dash-vent-printables-jtso,,No new part found; a free public-domain printable model of the 1981-83 centre vent louvre pieces exists.,,,8570-64-815B,5580A-1 BI-055-15,,PT875,,2,
PT877,Side vent louvers,climate,dash,yes,Mazda,,,,,,,,Also: louver guides 8871-64-820 x2 (BI-055-16),,,8341-64-825,5580A-1 BI-055-16 BI-055-17,,PT822,,2,
PT878,"Front seat, right (passenger)",body,cabin,yes,Mazda,,,,https://www.partrequest.com/catalog/seats/mazda/mazda-rx-7,,,,"No whole-seat part number; sold as the cushion, back, recliner and adjusters below The 1985 manual's seat structural view (S-002 sec.14 p.14-3) shows both the high-back and the head-rest type: two adjusters, reclining knuckle and knuckle cover, cushion, back, hinge cover, washer, bush and bolt. Inspection: adjuster lever and knuckle move smoothly (grease the moving parts), adjustment lever not worn, mounting bolts tight. No torque given there.",,,,,,,,1,
PT879,"Seat cushion, right",body,cabin,yes,Mazda,,,,,,,,"S & GS: cloth-velour FA07 or vinyl FA08 - check cloth-velour or vinyl, and the colour, on the car",,,"FA07-88-110 (colour variants 00, 10, 70) or FA08-88-110 (colour variants 00, 70)",5700A-1 BI-056-15 BI-056-16 BI-056-17 BI-056-18 BI-056-19 BI-056-20 BI-056-21,,PT878,,1,
PT880,"Seat cushion cover, right",body,cabin,yes,Mazda,,,,https://www.racingbeateurope.com/rx7-81-83-lo-back-seat-covers-4461-p.asp,,,,"Cloth-velour FA07 or vinyl FA08 - check cloth-velour or vinyl, and the colour, on the car Reproduction covers: Racing Beat kit 4461 for 81-83 lo-back seats with non-leather trim, fabric-backed vinyl in black, burgundy or briar brown, covers for a pair with hog rings and pliers, made to order (GBP 431.52 ex VAT at Racing Beat Europe, 8-10 weeks, 2026-09-27; racingbeat.com Upholstery Kits 1975-85 in the US). Original cloth-velour not reproduced.",,,"FA07-88-111 (colour variants 00, 10, 70) or FA08-88-111 (colour variants 00, 70)",5700A-1 BI-056-26 BI-056-27 BI-056-28 BI-056-29 BI-056-30 BI-056-31 BI-056-32,,PT879,,1,
PT881,"Seat cushion frame and pad, right",body,cabin,yes,Mazda,,,,https://www.rx7club.com/1st-generation-specific-1979-1985-18/seats-good-shape-check-foam-1143144/,,,,"First number non-high-back, second high-back - check the seat type No new foam found. Owners report the denser foam blocks in the bolster sides crumble away; the cover is held by hog rings (about half must come off to peel the cover back).",,,FA02-88-120 or 8871-88-120A,5700A-2 BI-057-12 BI-057-13,,PT879,,1,
PT882,"Seat back, right",body,cabin,yes,Mazda,,,,,,,,"S & GS: cloth-velour FA07 or vinyl FA08 - check cloth-velour or vinyl, and the colour, on the car",,,"FA07-88-130 (colour variants 00, 10, 70) or FA08-88-130 (colour variants 00, 70)",5700A-2 BI-057-14 BI-057-15 BI-057-16 BI-057-17 BI-057-18 BI-057-19 BI-057-20,,PT878,,1,
PT883,"Seat back cover, right",body,cabin,yes,Mazda,,,,https://www.racingbeateurope.com/rx7-81-83-lo-back-seat-covers-4461-p.asp,,,,"Cloth-velour FA07 or vinyl FA08 - check cloth-velour or vinyl, and the colour, on the car Covered by the same Racing Beat kit 4461 as the cushion cover (pair, vinyl, made to order).",,,"FA07-88-131 (colour variants 00, 10, 70) or FA08-88-131 (colour variants 00, 70)",5700A-2 BI-057-25 BI-057-26 BI-057-27 BI-057-28 BI-057-29 BI-057-30 BI-057-31,,PT882,,1,
PT884,"Seat back frame and pad, right",body,cabin,yes,Mazda,,,,https://www.rx7club.com/1st-generation-specific-1979-1985-18/seats-good-shape-check-foam-1143144/,,,,"First number non-high-back, second high-back - check the seat type No new foam found; see the cushion frame and pad for the bolster-foam failure owners report.",,,FA02-88-140 or 8871-88-140,5700A-3 BI-058-04 BI-058-05,,PT882,,1,
PT885,"Seat recliner knuckle, right",body,cabin,yes,Mazda,,,,,,,,"First number is used with a knuckle cover, second without - check. Also, both seats: knuckle screws 2155-57-109 x8, bushings 8531-88-106 x2, washers 8531-88-105 x2, knuckle cover screws 1243-88-117 x2 (BI-056-01, BI-056-12, BI-056-13, BI-057-11) Service per the 1985 manual (S-002 sec.14 p.14-3): must move smoothly, grease the moving parts. Not found for sale new; used recline lever assemblies from 1983 GS donors appear on PartRequest.",,,8183-88-101 or 8531-88-101,5700A-1 BI-056-01 BI-056-04 BI-056-05 BI-056-12 BI-056-13; 5700A-2 BI-057-11,,PT878,,1,
PT886,"Recliner knuckle cover, right",body,cabin,yes,Mazda,,,,,,,,'82 non-high-back type - check the seat type and whether a cover is fitted,,,"8183-88-120 (colour variants 00, 10, 70)",5700A-2 BI-057-07 BI-057-08 BI-057-09 BI-057-10,,PT885,,1,
PT887,"Recliner knob, right",body,cabin,yes,Mazda,,,,,,,,Catalogue qty 2 covers both seats; used without a knuckle cover - check,,,0305-57-081 (colour variants 00),5700A-1 BI-056-02 BI-056-03,,PT885,,1,
PT888,"Seat hinge cover, right",body,cabin,yes,Mazda,,,,,,,,Catalogue qty 2 covers both seats,,,8531-88-107,5700A-1 BI-056-14,,PT878,,1,
PT889,"Seat slide adjuster No. 1, right",body,cabin,yes,Mazda,,,,,,,,"Service per the 1985 manual (S-002 sec.14 p.14-3): adjuster lever must move smoothly, grease the moving parts, check the lever for wear and the mounting bolts for looseness.",,,8183-88-102,5700A-1 BI-056-06,,PT878,,1,
PT890,"Seat slide adjuster No. 2, right",body,cabin,yes,Mazda,,,,,,,,,,,F005-88-103,5700A-1 BI-056-07,,PT878,,1,
PT891,"Front seat, left (driver)",body,cabin,yes,Mazda,,,,https://www.racingbeateurope.com/rx7-81-83-lo-back-seat-covers-4461-p.asp,,,,"No whole-seat part number; sold as the cushion, back, recliner and adjusters below The 1982 brochure (S-004 p.15) lists reclining bucket seats with all-vinyl or vinyl-and-velour upholstery for the S and GS; only the GSL had tweed seats with adjustable headrests, which suggests the S/GS seat is the high-back type without a separate head restraint - check the seat type. The 1985 manual (S-002 sec.14 p.14-3) shows the seat as adjusters, reclining knuckle, knuckle cover, cushion, back, hinge cover, washer, bush and bolt; inspection is that the adjuster lever and knuckle move smoothly (grease them) and the mounting bolts are tight.",,,,,,,,1,
PT892,"Seat cushion, left",body,cabin,yes,Mazda,,,,https://www.racingbeateurope.com/rx7-81-83-lo-back-seat-covers-4461-p.asp,,,,"note               S & GS: cloth-velour FA07 or vinyl FA08 - check cloth-velour or vinyl, and the colour, on the car Catalogue (S-005 Body-Index p.58) gives FA07-88-160 cloth-velour and FA08-88-160 vinyl for S and GS, black 00, red 10, brown 70 (vinyl: black 00, brown 70 only). No new Mazda cushion found; Racing Beat's 81-83 lo-back cover kit (vinyl, black, burgundy or briar brown, built to order) is the reproduction route for the cover.",,,"FA07-88-160 (colour variants 00, 10, 70) or FA08-88-160 (colour variants 00, 70)",5700A-3 BI-058-10 BI-058-11 BI-058-12 BI-058-13 BI-058-14 BI-058-15 BI-058-16,,PT891,,1,
PT893,"Seat cushion cover, left",body,cabin,yes,Mazda,,,,https://www.racingbeateurope.com/rx7-81-83-lo-back-seat-covers-4461-p.asp,,,,"Cloth-velour FA07 or vinyl FA08 - check cloth-velour or vinyl, and the colour, on the car Reproduction: Racing Beat 81-83 lo-back seat covers, fabric-backed heavyweight vinyl, sold as a pair with hog rings and pliers, for seats originally in non-leather covers, built to order (8-10 weeks, not returnable), GBP 431.52 ex VAT at Racing Beat Europe 2026-09-27 (racingbeat.com refused the fetch). Check the seat type before ordering: the kit is for the lo-back seat.",,,"FA07-88-161 (colour variants 00, 10, 70) or FA08-88-161 (colour variants 00, 70)",5700A-3 BI-058-21 BI-058-22 BI-058-23 BI-058-24 BI-058-25 BI-058-26 BI-058-27,,PT892,,1,
PT894,"Seat cushion frame and pad, left",body,cabin,yes,Mazda,,,,https://www.rx7club.com/1st-generation-specific-1979-1985-18/seats-good-shape-check-foam-1143144/,,,,"First number non-high-back, second high-back - check the seat type No new frame-and-pad found. Owners report (rx7club) the pad is two densities and the dense bolster inserts crumble with age, tearing the cover at the bolster seam; repair is new foam cut to the frame under a new cover.",,,FA02-88-170 or 8871-88-170,5700A-4 BI-059-07 BI-059-08,,PT892,,1,
PT895,"Seat back, left",body,cabin,yes,Mazda,,,,https://www.racingbeateurope.com/rx7-81-83-lo-back-seat-covers-4461-p.asp,,,,"note               S & GS: cloth-velour FA07 or vinyl FA08 - check cloth-velour or vinyl, and the colour, on the car Catalogue (S-005 Body-Index p.57) gives FA07-88-130/FA08-88-130 pattern for the right and the same colours (black 00, red 10, brown 70; vinyl black 00, brown 70). No new Mazda seat back found.",,,"FA07-88-180 (colour variants 00, 10, 70) or FA08-88-180 (colour variants 00, 70)",5700A-4 BI-059-09 BI-059-10 BI-059-11 BI-059-12 BI-059-13 BI-059-14 BI-059-15,,PT891,,1,
PT896,"Seat back cover, left",body,cabin,yes,Mazda,,,,https://www.racingbeateurope.com/rx7-81-83-lo-back-seat-covers-4461-p.asp,,,,"Cloth-velour FA07 or vinyl FA08 - check cloth-velour or vinyl, and the colour, on the car. The catalogue prints the right-hand numbers (FA07/FA08-88-131) here, likely a misprint for -181 - check Catalogue p.57 lists the right back trim as FA07-88-131 (cloth-velour) / FA08-88-131 (vinyl), so the left should follow the -181 pattern of the cushion (-161); the print stays unresolved. Reproduction cover: the Racing Beat 81-83 lo-back kit (pair, cushion and back).",,,"FA07-88-131 (colour variants 00, 10, 70) or FA08-88-131 (colour variants 00, 70)",5700A-4 BI-059-20 BI-059-21 BI-059-22 BI-059-23 BI-059-24 BI-059-25 BI-059-26,,PT895,,1,
PT897,"Seat back frame and pad, left",body,cabin,yes,Mazda,,,,https://www.rx7club.com/1st-generation-specific-1979-1985-18/seats-good-shape-check-foam-1143144/,,,,"First number non-high-back, second high-back - check the seat type Catalogue (S-005 Body-Index p.58) prints the right back frame as FA02-88-140 (non-high-back) or 8871-88-140 (high-back), matching the left numbers here. No new frame-and-pad found; see the rx7club foam thread.",,,FA02-88-190 or 8871-88-190,5700A-4 BI-059-31 BI-059-32,,PT895,,1,
PT898,"Seat recliner knuckle, left",body,cabin,yes,Mazda,,,,,,,,"note               First number is used with a knuckle cover, second without - check Catalogue (S-005 Body-Index p.58) gives FA09-88-151 (with knuckle cover) or 8532-88-151 (without) for the left, qty 1; knuckle screws 2155-57-109 x8 and, with a cover, 1243-88-117 x2. 1985 manual inspection (S-002 sec.14 p.14-3): the knuckle must move smoothly, grease the moving parts. Not found for sale new.",,,FA09-88-151 or 8532-88-151,5700A-3 BI-058-06 BI-058-07,,PT891,,1,
PT899,"Recliner knuckle cover, left",body,cabin,yes,Mazda,,,,,,,,"'82 non-high-back type - check the seat type and whether a cover is fitted Catalogue (S-005 Body-Index p.57-58) gives the right cover as F007-88-120 ('81) or 8183-88-120 ('82), non-high-back type only; the '82 left is 8183-88-170. Not found for sale.",,,"8183-88-170 (colour variants 00, 10, 70)",5700A-4 BI-059-03 BI-059-04 BI-059-05 BI-059-06,,PT898,,1,
PT900,"Recliner knob, left",body,cabin,yes,Mazda,,,,,,,,"Catalogue qty 2 covers both seats; used without a knuckle cover - check Catalogue (S-005 Body-Index p.56) prints 0305-57-081 black 00, qty 2, used without a knuckle cover. Not found for sale under this number.",,,0305-57-081 (colour variants 00),5700A-1 BI-056-02 BI-056-03,,PT898,,1,
PT901,"Seat hinge cover, left",body,cabin,yes,Mazda,,,,,,,,Catalogue qty 2 covers both seats Fitted with bushing 8531-88-106 x2 and washer 8531-88-105 x2 (S-005 Body-Index p.56). Not found for sale.,,,8531-88-107,5700A-1 BI-056-14,,PT891,,1,
PT902,"Seat slide adjuster No. 3, left",body,cabin,yes,Mazda,,,,,,sa-seat-knob-8038-88-109-printables-grantd,,"note               Catalogue (S-005 Body-Index p.58) gives F005-88-152, left seat. Not found for sale new; the only related CAD is the 79-80 rail knob 8038-88-109 (printable, close fit only).",,,F005-88-152,5700A-3 BI-058-08,,PT891,,1,
PT903,"Seat slide adjuster No. 4, left",body,cabin,yes,Mazda,,,,,,,,"note               Catalogue (S-005 Body-Index p.58) gives FA07-88-153, left seat. Not found for sale new.",,,FA07-88-153,5700A-3 BI-058-09,,PT891,,1,
PT904,"Front seat belt assembly, right",body,cabin,yes,Mazda,,,,https://www.seatbeltplanet.com/i-30499062-1978-1985-mazda-rx-7-driver-or-passenger-seat-belt.html,,,,"'82 part to serial 622565; colour black, wine/red, brown or tan/black - check the colour and VIN serial Catalogue (S-005 Body-Index p.66): '81 belts were 8872-57-610A/B, the '82 FA30-57-610 covers FB331 600001-622565 in black 00, wine/red 12, brown 24, tan/black 29. No genuine belt found; Seatbelt Planet sells a new retractable 3-point belt with end-release buckle for 1978-85 RX-7, either side, USD 170.95, no mounting hardware. 1985 manual (S-002 sec.14 p.14-4): do not disassemble the retractor; fit the retractor bolt so the retractor sits vertical; removal is rear floor mat, floor plate, anchor bolt, retractor bolt.",,,"FA30-57-610 (colour variants 00, 12, 24, 29)",5790A-1 BI-066-15 BI-066-16 BI-066-17 BI-066-18 BI-066-19,,,,1,
PT905,"Seat belt A (buckle side), right",body,cabin,yes,Mazda,,,,https://www.seatbeltplanet.com/i-30499062-1978-1985-mazda-rx-7-driver-or-passenger-seat-belt.html,,,,"Check the colour Catalogue (S-005 Body-Index p.66): FA30-57-620 for '82 and '83; black 00, red 12, brown/black 24, tan/black 29 to serial FB331 700000, dark tan 75 from 700001. Not found new; the Seatbelt Planet kit replaces the whole belt.",,,"FA30-57-620 (colour variants 00, 12, 24, 29)",5790A-1 BI-066-24 BI-066-25 BI-066-26 BI-066-27 BI-066-28,,PT904,,1,
PT906,"Seat belt B, right",body,cabin,yes,Mazda,,,,https://www.seatbeltplanet.com/i-30499062-1978-1985-mazda-rx-7-driver-or-passenger-seat-belt.html,,,,"note               Catalogue qty 2 covers both seats; check the colour Catalogue (S-005 Body-Index p.66) gives FA30-57-630 for '82 and '83, qty 2 (black 00, red/black 12, brown 24, tan/black 29). Not found new.",,,"FA30-57-630 (colour variants 00, 12, 24, 29)",5790A-1 BI-066-01 BI-066-02 BI-066-03 BI-066-04 BI-066-05,,PT904,,1,
PT907,"Front seat belt assembly, left",body,cabin,yes,Mazda,,,,https://www.seatbeltplanet.com/i-30499062-1978-1985-mazda-rx-7-driver-or-passenger-seat-belt.html,,,,"'82 part to serial 622565; the blank colour code is 00 (S-005 numeric index); check the colour and VIN serial Catalogue (S-005 Body-Index p.66-67): the '82 FA30-57-670 covers FB331 600001-622565 in black 00, wine/red 12, brown 24, tan/black 29 ('81 was 8872-57-670A/B). Same replacement kit as the right (Seatbelt Planet, USD 170.95). 1985 manual (S-002 sec.14 p.14-4): anchor bolts 39-55 N-m; retractor sits vertical; do not disassemble the retractor.",,,"FA30-57-670 (colour variants 00, 12, 24, 29)",5790A-1 BI-066-38 BI-066-39 BI-066-40; 5790A-2 BI-067-01 BI-067-02,,,,1,
PT908,"Seat belt A (buckle side), left",body,cabin,yes,Mazda,,,,https://www.seatbeltplanet.com/i-30499062-1978-1985-mazda-rx-7-driver-or-passenger-seat-belt.html,,,,"Check the colour The driver's buckle carries the seat belt warning switch (S-001 sec.H device H-04, wires Br and BrW to the control processing unit); the 1985 manual (S-002 sec.15 p.15-25) tests it as continuity with the belt out, none with the belt in. Catalogue (S-005 Body-Index p.67): FA30-57-680 for '82 and '83; black 00, red 12, brown/black 24, tan/black 29 to serial FB331 700000, dark tan 75 from 700001.",,,"FA30-57-680 (colour variants 00, 12, 24, 29)",5790A-2 BI-067-07 BI-067-08 BI-067-09 BI-067-10 BI-067-11,,PT907,,1,
PT909,"Seat belt B, left",body,cabin,yes,Mazda,,,,https://www.seatbeltplanet.com/i-30499062-1978-1985-mazda-rx-7-driver-or-passenger-seat-belt.html,,,,Same part as the right; check the colour,,,"FA30-57-630 (colour variants 00, 12, 24, 29)",5790A-1 BI-066-01 BI-066-02 BI-066-03 BI-066-04 BI-066-05,,PT907,,1,
PT910,"Door trim panel, right",body,doors,yes,Mazda,,,,https://lrbspeed.com/product/fb-aluminum-door-panel/,,,,"Vinyl FA01-68-420D or cloth FA02-68-420D (FA01-68-420A also listed) - check the material and colour. Also, both doors: trim fasteners 0208-58-921 x22 and caps 0187-58-922 x22 (BI-072-03, BI-072-04) Catalogue figure 5840A-1 (S-005 Body-Index p.72) read from the page: FA01-68-420A is S/GS red 10 only; FA01-68-420D vinyl and FA02-68-420D cloth, S and GS, black 00, red 10, brown 70; the brochure (S-004 p.15) gives matching fabric door trim to the GSL only. No factory-style reproduction found; LRB Speed makes brushed 1.5 mm aluminium door panels for the 79-85 FB (pair from USD 166, with pull straps and hardware, factory mounting points). Atkins reproduces the trim clip 0208-58-921 (USD 3.50) and grommet 0187-58-922 (USD 4.00). Removal (S-002 sec.14 p.14-9): regulator handle, inner handle cover, arm rest, then the trim panel.",,,"FA01-68-420A (colour variants 10) or FA01-68-420D (colour variants 00, 10, 70) or FA02-68-420D (colour variants 00, 10, 70)",5840A-1 BI-072-03 BI-072-04 BI-072-05 BI-072-06 BI-072-07 BI-072-08 BI-072-09 BI-072-10 BI-072-11 BI-072-12 BI-072-13 BI-072-14,,,,1,
PT911,"Door trim panel, left",body,doors,yes,Mazda,,,,https://lrbspeed.com/product/fb-aluminum-door-panel/,,,,"note               Vinyl FA01-68-450D or cloth FA02-68-450D - check the material and colour Catalogue (S-005 Body-Index p.72-73) gives FA01-68-450D vinyl and FA02-68-450D cloth for S and GS, black 00, red 10, brown 70. Same reproduction (LRB Speed aluminium pair) and clips (Atkins 0208-58-921, 0187-58-922) as the right.",,,"FA01-68-450D (colour variants 00, 10, 70) or FA02-68-450D (colour variants 00, 10, 70)",5840A-1 BI-072-32 BI-072-33 BI-072-34 BI-072-35; 5840A-2 BI-073-01 BI-073-02 BI-073-03 BI-073-04,,,,1,
PT912,"Door pull handle, right",body,doors,yes,Mazda,,,,https://www.atkinsrotary.com/81-83-Rx7-Right-Black-Inside-Door-Pull-Handle-FA01-69-371A-00.html,,,,"Also: pull handle cap FA01-69-372, pull handle caps FA01-69-374 x6 for both doors (BI-073-26, BI-073-36). Check the colour Catalogue (S-005 Body-Index p.73): black 00, red 10, tan 29 (from serial FB331 600001), brown 80; fixed by two 998306625 screws. Discontinued by Mazda: Atkins lists FA01-69-371A-00 black at USD 29.25 as no longer available and Mazdatrix lists it discontinued (2026-09-27); used only.",,,"FA01-69-371A (colour variants 00, 10, 29, 80)",5840A-2 BI-073-16 BI-073-17 BI-073-18 BI-073-19 BI-073-20 BI-073-26 BI-073-27 BI-073-28 BI-073-29 BI-073-30 BI-073-36 BI-073-37; 5840A-3 BI-074-01 BI-074-02 BI-074-03,,PT910,,1,
PT913,"Door pull handle, left",body,doors,yes,Mazda,,,,https://www.partrequest.com/catalog/interior-door-handles/mazda/mazda-rx-7,,,,"Also: pull handle cap FA01-69-392 (BI-073-31). Check the colour Catalogue (S-005 Body-Index p.73): black 00, red 10, tan 29 (from serial FB331 600001), brown 80. The right handle is discontinued at Atkins and Mazdatrix; no listing for the left found; used only.",,,"FA01-69-391A (colour variants 00, 10, 29, 80)",5840A-2 BI-073-21 BI-073-22 BI-073-23 BI-073-24 BI-073-25 BI-073-31 BI-073-32 BI-073-33 BI-073-34 BI-073-35,,PT911,,1,
PT914,"Door glass weatherstrip, outer (both doors)",body,doors,yes,Mazda,,,,https://www.atkinsrotary.com/Chassis-and-Body/Weather-Strips-Seals/79-85-Mazda-Rx7-Weather-Strips-and-Seals/79-85-Rx7-Outer-Door-Window-Seal-8871-58-781.html,,,,"The catalogue print (S-005 Body-Index p.72, item 58 811A) reads 8871-53-781 or 8871-58-781; Atkins and eBay OEM listings use 8871-58-781, which matches the D-code - check. Mazda has discontinued it; Atkins Rotary makes a reproduction (USD 25 each, fits either side, two per car, 2026-09-27).",,,8871-53-781,5840A-1 BI-072-01,,,,2,
PT915,"Door glass weatherstrip, inner (both doors)",body,doors,yes,Mazda,,,,https://www.atkinsrotary.com/Chassis-and-Body/Weather-Strips-Seals/79-85-Mazda-Rx7-Weather-Strips-and-Seals/79-85-Rx7-Inner-Window-Weatherstrip-8871-58-791.html,,,,"note               Catalogue (S-005 Body-Index p.72, item 58 821A) gives 8871-58-791, qty 2. Mazda has discontinued it; Atkins Rotary makes a reproduction (USD 25 each, fits either side, two per car, 2026-09-27).",,,8871-58-791,5840A-1 BI-072-02,,,,2,
PT916,Headliner (ceiling top),body,cabin,yes,Mazda,,,,https://www.newstalgiaparts.com/p/48630/1980-1985-mazda-rx7-headliner,,,,"The catalogue lists only the '81 normal-roof headliner (FA01-68-030C) and the sunroof one - check the roof type and the headliner fitted. Also: fasteners 8006-68-865 x8, FA56-68-965 x6, ceiling clips 0305-70-335 x4 (BI-120-02, BI-120-04, BI-120-05) Catalogue (S-005 Body-Index p.118) lists the top ceiling as FA01-68-030C for the '81 normal roof and FA04-68-030C / FA04-68-070A for the sunroof; no '82-83 normal-roof number appears on the page. The 1985 manual (S-002 sec.14 p.14-13) removes it after the mirror, sun visors, seaming welts, front pillar trims, rear center trims, seat belt anchor bolts, rear quarter trims and the upper weatherstrip, then the listing wires; it is refitted warmed to 30-50 C, listing wires in from the centre outwards, rear end onto the body flange, front end into the body's inserting point, sides glued to the body flange over double-sided tape. Owners report the board is vacuum-formed fibreboard recovered with foam-backed cloth and spray adhesive (rx7club). Newstalgia sells a 1978-85 RX7 headliner fabric kit, F526 solid roof (front-to-back bows) or F561 factory sunroof, USD 269.95, bows reused - check the roof type first.",,,,6800A-3 BI-120-02 BI-120-04 BI-120-05,,,,1,
PT917,"Roof trim garnish, front",body,cabin,yes,Mazda,,,,https://www.ebay.com/b/Interior-Trims-for-Mazda-RX-7/33705/bn_1435876,,,,"Colour 70 from serial 642606, 71 before - check. Also: front ceiling plate 8871-53-041 (BI-118-17) Colour not recorded; no new or reproduction part found, used only (eBay RX-7 interior trim listings). The 1985 manual removes the seaming welts and rear center trims before the headliner (S-002 sec.14 p.14-13).",,,"FA01-68-021 (colour variants 01, 10, 29, 70, 71)",6800A-1 BI-118-01 BI-118-02 BI-118-03 BI-118-04 BI-118-05 BI-118-06 BI-118-17,,PT916,,1,
PT918,"Roof side garnish, right",body,cabin,yes,Mazda,,,,https://www.ebay.com/b/Interior-Trims-for-Mazda-RX-7/33705/bn_1435876,,,,"Colour not recorded - check on the car Colour not recorded; no new or reproduction part found, used only (eBay RX-7 interior trim listings).",,,"FA01-68-960C (colour variants 00, 11, 29, 70)",6800A-1 BI-118-12 BI-118-13 BI-118-14 BI-118-15 BI-118-16,,PT916,,1,
PT919,"Roof side garnish, left",body,cabin,yes,Mazda,,,,https://www.ebay.com/b/Interior-Trims-for-Mazda-RX-7/33705/bn_1435876,,,,"Colour not recorded - check on the car Colour not recorded; no new or reproduction part found, used only (eBay RX-7 interior trim listings).",,,"FA01-68-970B (colour variants 00, 11, 29, 70)",6800A-1 BI-118-18 BI-118-19 BI-118-20 BI-118-21 BI-118-22,,PT916,,1,
PT920,"Front pillar trim, right",body,cabin,yes,Mazda,,,,https://www.ebay.com/b/Interior-Trims-for-Mazda-RX-7/33705/bn_1435876,,,,"Also, both sides: front pillar trim fasteners FA01-68-172 x2 (from serial 533894), upper sealers 8871-68-175 x2 (BI-119-04, BI-119-05, BI-119-06). Colour not recorded - check on the car The 1985 manual removes the front pillar trims before the headliner (S-002 sec.14 p.14-13). The only free CAD is a 1979-80 SA A-pillar trim 8871-68-171 (cad row sa-a-pillar-trim-8871-68-171-printables-grantd); the '81-83 FA01-68-710 carries a different number - check the fit before printing. Colour not recorded; no new or reproduction part found, used only (eBay RX-7 interior trim listings).",,,"FA01-68-710 (colour variants 00, 11, 29, 70)",6800A-1 BI-118-38 BI-118-39 BI-118-40; 6800A-2 BI-119-01 BI-119-02 BI-119-04 BI-119-05 BI-119-06,,,,1,
PT921,"Front pillar trim, left",body,cabin,yes,Mazda,,,,https://www.ebay.com/b/Interior-Trims-for-Mazda-RX-7/33705/bn_1435876,,,,"Colour not recorded - check on the car See PT920 for the 1979-80 A-pillar CAD and the 1985 removal order. Colour not recorded; no new or reproduction part found, used only (eBay RX-7 interior trim listings).",,,"FA01-68-190 (colour variants 00, 11, 29, 70)",6800A-2 BI-119-07 BI-119-08 BI-119-09 BI-119-10 BI-119-11,,,,1,
PT922,"Center pillar trim, right (68 110A)",body,cabin,yes,Mazda,,,,https://lrbspeed.com/product/fb-quarter-trim-and-upper-b-pillar-trim/,,,,"The catalogue lists two center pillar trims per side (dcodes 68 110A/68 120C and 68 221/68 241); which is upper and which lower is not stated. Colour not recorded - check on the car LRB Speed sells a laser-cut 1.5 mm aluminium replacement for the upper B-pillar trim together with the quarter trim (1979-85, stock mounting holes, from USD 179, made to order) - a replacement, not a reproduction of the moulded panel. Colour not recorded; no new or reproduction part found, used only (eBay RX-7 interior trim listings).",,,"FA01-68-110A (colour variants 00, 11, 29, 70)",6800A-1 BI-118-28 BI-118-29 BI-118-30 BI-118-31 BI-118-32,,,,1,
PT923,"Center pillar trim, left (68 120C)",body,cabin,yes,Mazda,,,,https://lrbspeed.com/product/fb-quarter-trim-and-upper-b-pillar-trim/,,,,"The catalogue lists two center pillar trims per side (dcodes 68 110A/68 120C and 68 221/68 241); which is upper and which lower is not stated. Colour not recorded - check on the car See PT922 (LRB Speed aluminium upper B-pillar trim). Colour not recorded; no new or reproduction part found, used only (eBay RX-7 interior trim listings).",,,"FA01-68-120A (colour variants 00, 11, 29, 70)",6800A-1 BI-118-33 BI-118-34 BI-118-35 BI-118-36 BI-118-37,,,,1,
PT924,"Center pillar trim, right (68 221)",body,cabin,yes,Mazda,,,,https://lrbspeed.com/product/fb-quarter-trim-and-upper-b-pillar-trim/,,,,"The catalogue lists two center pillar trims per side (dcodes 68 110A/68 120C and 68 221/68 241); which is upper and which lower is not stated. Colour not recorded - check on the car See PT922 (LRB Speed aluminium upper B-pillar trim). Colour not recorded; no new or reproduction part found, used only (eBay RX-7 interior trim listings).",,,"8871-68-221A (colour variants 00, 11, 29, 70)",6800A-2 BI-119-17 BI-119-18 BI-119-19 BI-119-20 BI-119-21,,,,1,
PT925,"Center pillar trim, left (68 241)",body,cabin,yes,Mazda,,,,https://lrbspeed.com/product/fb-quarter-trim-and-upper-b-pillar-trim/,,,,"The catalogue lists two center pillar trims per side (dcodes 68 110A/68 120C and 68 221/68 241); which is upper and which lower is not stated. Colour not recorded - check on the car See PT922 (LRB Speed aluminium upper B-pillar trim). Colour not recorded; no new or reproduction part found, used only (eBay RX-7 interior trim listings).",,,"8871-68-241A (colour variants 00, 11, 29, 70)",6800A-2 BI-119-27 BI-119-28 BI-119-29 BI-119-30 BI-119-31,,,,1,
PT926,"Center trim garnish, right",body,cabin,yes,Mazda,,,,https://www.ebay.com/b/Interior-Trims-for-Mazda-RX-7/33705/bn_1435876,,,,"Colour not recorded - check on the car Colour not recorded; no new or reproduction part found, used only (eBay RX-7 interior trim listings).",,,"FA01-68-981 (colour variants 00, 11, 29, 70)",6800A-2 BI-119-12 BI-119-13 BI-119-14 BI-119-15 BI-119-16,,,,1,
PT927,"Center trim garnish, left",body,cabin,yes,Mazda,,,,https://www.ebay.com/b/Interior-Trims-for-Mazda-RX-7/33705/bn_1435876,,,,"Colour not recorded - check on the car Colour not recorded; no new or reproduction part found, used only (eBay RX-7 interior trim listings).",,,"FA01-68-991 (colour variants 00, 11, 29, 70)",6800A-2 BI-119-22 BI-119-23 BI-119-24 BI-119-25 BI-119-26,,,,1,
PT928,"Rear pillar trim, right",body,cargo,yes,Mazda,,,,https://www.ebay.com/b/Interior-Trims-for-Mazda-RX-7/33705/bn_1435876,,,,"Colour not recorded - check on the car The 1985 manual removes the rear side pillar trim to take out the hatch glass (S-002 sec.14 p.14-11). Colour not recorded; no new or reproduction part found, used only (eBay RX-7 interior trim listings).",,,"8871-68-271A (colour variants 00, 11, 29, 70)",6800A-2 BI-119-32 BI-119-33 BI-119-34 BI-119-35 BI-119-36,,,,1,
PT929,"Rear pillar trim, left",body,cargo,yes,Mazda,,,,https://www.ebay.com/b/Interior-Trims-for-Mazda-RX-7/33705/bn_1435876,,,,"Colour not recorded - check on the car See PT928. Colour not recorded; no new or reproduction part found, used only (eBay RX-7 interior trim listings).",,,"8871-68-291A (colour variants 00, 11, 29, 70)",6800A-2 BI-119-37 BI-119-38 BI-119-39 BI-119-40; 6800A-3 BI-120-01,,,,1,
PT930,"Front side trim (kick panel), right",body,cabin,yes,Mazda,,,,https://lrbspeed.com/product/fb-front-interior-kick-panels/,,,,"Also, both sides: fasteners 0208-58-921 x10 (BI-122-01). Colour not recorded - check on the car The kick-panel fastener 0208-58-921 is the same clip Atkins Rotary sells as the 79-85 door panel clip (S-348). LRB Speed sells 1.5 mm aluminium kick panels in an '81-85 variant with the OEM speaker opening, stock mounting holes, from USD 55, made to order. Colour not recorded; no new or reproduction part found, used only (eBay RX-7 interior trim listings).",,,"FA03-68-370 (colour variants 12, 72, 77, 85)",6840A-1 BI-122-01 BI-122-03 BI-122-04 BI-122-05 BI-122-06 BI-122-07,,,,1,
PT931,"Front side trim (kick panel), left",body,cabin,yes,Mazda,,,,https://lrbspeed.com/product/fb-front-interior-kick-panels/,,,,"Colour not recorded - check on the car See PT930 (Atkins clip 0208-58-921, LRB Speed aluminium kick panel). Colour not recorded; no new or reproduction part found, used only (eBay RX-7 interior trim listings).",,,"FA03-68-390 (colour variants 12, 72, 77, 85)",6840A-1 BI-122-13 BI-122-14 BI-122-15 BI-122-16 BI-122-17,,,,1,
PT932,"Quarter trim, right",body,cabin,yes,Mazda,,,,https://rotaryresponse.com/RX7%20SA%20FB.htm,,,,"Vinyl FA01-68-520D or leather FA04-68-520D - check the material and colour Rotary Response (S-257) lists used 81-83 quarter trim pairs in brown vinyl and in brown cloth with vinyl trim, price on request; LRB Speed sells a 1.5 mm aluminium replacement with the upper B-pillar trim (from USD 179). The 1985 manual removes the seat belt anchor bolts, then the rear quarter trim panels, before the headliner (S-002 sec.14 p.14-13). Material and colour still to be checked on the car.",,,"FA01-68-520D (colour variants 01, 10, 70) or FA04-68-520D (colour variants 10, 29, 70)",6840A-1 BI-122-23 BI-122-24 BI-122-25 BI-122-26 BI-122-28 BI-122-29 BI-122-30 BI-122-31,,,,1,
PT933,"Quarter trim, left",body,cabin,yes,Mazda,,,,https://rotaryresponse.com/RX7%20SA%20FB.htm,,,,"Vinyl FA01-68-550D, cloth FA02-68-550E or leather FA04-68-550D - check the material and colour See PT932 (Rotary Response used pairs, LRB Speed aluminium, 1985 removal order). Material and colour still to be checked on the car.",,,"FA01-68-550D (colour variants 01, 10, 70) or FA02-68-550E (colour variants 00, 10, 70) or FA04-68-550D (colour variants 10, 70)",6840A-1 BI-122-32 BI-122-33 BI-122-34 BI-122-35 BI-122-36 BI-122-37 BI-122-38 BI-122-39 BI-122-40; 6840A-2 BI-123-01 BI-123-02,,,,1,
PT934,"Front scuff plate, right",body,cabin,yes,Mazda,,,,https://www.ebay.com/b/Interior-Trims-for-Mazda-RX-7/33705/bn_1435876,,,,"Colour not recorded - check on the car Colour not recorded; no new or reproduction part found, used only (eBay RX-7 interior trim listings).",,,"8871-68-710 (colour variants 00, 10, 29, 70)",6840A-2 BI-123-03 BI-123-04 BI-123-05 BI-123-06 BI-123-07,,,,1,
PT935,"Front scuff plate, left",body,cabin,yes,Mazda,,,,https://www.ebay.com/b/Interior-Trims-for-Mazda-RX-7/33705/bn_1435876,,,,"Colour not recorded - check on the car Colour not recorded; no new or reproduction part found, used only (eBay RX-7 interior trim listings).",,,"8871-68-720 (colour variants 00, 10, 29, 70)",6840A-2 BI-123-08 BI-123-09 BI-123-10 BI-123-11 BI-123-12,,,,1,
PT936,"Wheel-arch trim (tire house), right",body,cargo,yes,Mazda,,,,https://www.ebay.com/b/Interior-Trims-for-Mazda-RX-7/33705/bn_1435876,,,,"Colour not recorded - check on the car Colour not recorded; no new or reproduction part found, used only (eBay RX-7 interior trim listings).",,,"8871-68-770 (colour variants 00, 11, 29, 70)",6840A-2 BI-123-13 BI-123-14 BI-123-15 BI-123-16 BI-123-17,,,,1,
PT937,"Wheel-arch trim (tire house), left",body,cargo,yes,Mazda,,,,https://www.ebay.com/b/Interior-Trims-for-Mazda-RX-7/33705/bn_1435876,,,,"Colour not recorded - check on the car Colour not recorded; no new or reproduction part found, used only (eBay RX-7 interior trim listings).",,,"8871-68-790 (colour variants 00, 11, 29, 70)",6840A-2 BI-123-18 BI-123-19 BI-123-20 BI-123-21 BI-123-22,,,,1,
PT938,"Cargo side trim, right",body,cargo,yes,Mazda,,,,https://lrbspeed.com/product/fb-rear-quarter-trim-and-hatch-bulkhead-panels/,,,,"Also, both sides: trim caps 8871-68-851 x4 (colour variants 00, 11, 70, 71), trim hooks 8871-68-855 x2 (BI-123-23, BI-124-09). Colour not recorded - check on the car LRB Speed sells 1.5 mm aluminium cargo side (rear quarter) trims for 1979-85 with a stock speaker opening or none, stock mounting holes, from USD 104 with the hatch bulkhead panel, made to order. Colour not recorded; no new or reproduction part found, used only (eBay RX-7 interior trim listings).",,,"8871-68-861A (colour variants 00, 11, 29, 70)",6840A-2 BI-123-23 BI-123-24 BI-123-25 BI-123-26 BI-123-27 BI-123-28 BI-123-29 BI-123-30 BI-123-31 BI-123-32; 6840A-3 BI-124-09,,,,1,
PT939,"Cargo side trim, left",body,cargo,yes,Mazda,,,,https://lrbspeed.com/product/fb-rear-quarter-trim-and-hatch-bulkhead-panels/,,,,"Colour not recorded - check on the car See PT938 (LRB Speed aluminium cargo side trim). Colour not recorded; no new or reproduction part found, used only (eBay RX-7 interior trim listings).",,,"8871-68-871A (colour variants 00, 11, 29, 70)",6840A-2 BI-123-33 BI-123-34 BI-123-35 BI-123-36 BI-123-37,,,,1,
PT940,Cargo end trim,body,cargo,yes,Mazda,,,,https://lrbspeed.com/product/fb-rear-quarter-trim-and-hatch-bulkhead-panels/,,,,"1480-68-890C with the cargo lamp, 8341-68-890C without - check whether a cargo lamp is fitted LRB Speed's aluminium hatch bulkhead panel fits '81-85 only and is offered with the stock hatch (cargo) light cut-out or blank, matching the catalogue's with/without-cargo-lamp variants - check the lamp before ordering either. Colour not recorded; no new or reproduction part found, used only (eBay RX-7 interior trim listings).",,,"1480-68-890C (colour variants 00, 11, 29, 70) or 8341-68-890C (colour variants 00, 11, 29, 70)",6840A-2 BI-123-38 BI-123-39; 6840A-3 BI-124-01 BI-124-02 BI-124-03 BI-124-04 BI-124-05 BI-124-06 BI-124-07 BI-124-08,,,,1,
PT941,"Floor pad, front (under carpet)",body,cabin,yes,Mazda,,,,https://www.stockinteriors.com/autocarpet/8162,,,,"No separate pad is sold; the reproduction molded carpet kits carry their own jute pad heat-bonded to the carpet (Stock Interiors 8162 complete kit USD 278.95, passenger area padded, cargo area not; ACC cargo carpet via Raybuck from USD 146.76 with optional mass backing). Catalogue S-005 Body-Index p.125 lists the front pad FA01-68-651A and rear pad 1480-68-654A beside the front mat FA01-68-671B.",,,FA01-68-651A,6860A-1 BI-125-02,,,,1,
PT942,"Floor pad, rear (under carpet)",body,cabin,yes,Mazda,,,,https://www.stockinteriors.com/autocarpet/8162,,,,See PT941: the reproduction carpet's bonded jute pad replaces it; no separate rear pad found. The catalogue (S-005 Body-Index p.125) lists the rear mat in small and large types by serial and model year; the pad 1480-68-654A is one for all.,,,1480-68-654A,6860A-1 BI-125-03,,,,1,
PT943,Floor silencer (30 x 30 cm),body,cabin,yes,Mazda,,,,,,,,"Catalogue S-005 Body-Index p.126 gives the floor silencer 0208-76-071 as 30 cm x 30 cm, one per car; where it sits on the floor is not stated - check when the carpet is up.",,,0208-76-071,6860A-2 BI-126-03,,,,1,
PT944,Front floor carpet,body,cabin,yes,Mazda,,,,https://www.stockinteriors.com/AutoCarpet.asp?Itemid=8162,,,,"Also: fasteners 0866-69-885A x7 (colour 00) (BI-126-01). Check the colour Catalogue (S-005 BI p125, fig 6860A-1) lists the front mat FA01-68-671B in black 00, red 11, brown 70 only. No new Mazda carpet found; reproduction is a molded 79-85 RX-7 kit (Stock Interiors complete kit, passenger area plus rear cargo, heat-and-pressure molded to the floor pan, jute padding bonded on, USD 278.95 in plush cut pile on 2026-09-27; ACC make the same kit).",,,"FA01-68-671B (colour variants 00, 11, 70)",6860A-1 BI-125-08 BI-125-09 BI-125-10 BI-125-11; 6860A-2 BI-126-01 BI-126-02,,,,1,
PT945,Rear floor carpet,body,cabin,yes,Mazda,,,,https://www.stockinteriors.com/autocarpet/2849,,,,"FA02-68-677A with the small rear console, FA03-68-677 with the large one - check the console and colour Catalogue (S-005 BI p125) splits the rear mat four ways: FA02-68-677 (small rear console) and FA01-68-677 (large console) for the '81 model, serial 500001-600000; FA02-68-677A (small console) and FA03-68-677 (large console) for '82 and '83, both in black 00, red 11, brown 70, tan 72. Reproduction: the Stock Interiors 79-85 passenger-area carpet (molded) covers it.",,,"FA02-68-677A (colour variants 00, 11, 70, 72) or FA03-68-677 (colour variants 00, 11, 70, 72)",6860A-1 BI-125-16 BI-125-17 BI-125-18 BI-125-19 BI-125-20 BI-125-25 BI-125-26 BI-125-27 BI-125-28 BI-125-29,,,,1,
PT946,Cargo floor mat,body,cargo,yes,Mazda,,,,https://www.stockinteriors.com/autocarpet/2850,,,,"Also: mat set plate 8871-68-696B (colour 65) (BI-125-34). Colour not recorded - check on the car Reproduction: Stock Interiors 79-85 RX-7 rear deck carpet, molded, no padding, USD 124.95 (2026-09-27); RayBuck sells the same cargo area as a 1/8 in textured non-skid vinyl mat. No new Mazda mat found.",,,"FA01-68-695C (colour variants 11, 77, 85)",6860A-1 BI-125-30 BI-125-31 BI-125-32 BI-125-33 BI-125-34 BI-125-35,,,,1,
PT947,"Cargo floor pad, left",body,cargo,yes,Mazda,,,,,,,,,,,FA01-68-666,6860A-1 BI-125-06,,,,1,
PT948,Cargo side pads,body,cargo,yes,Mazda,,,,,,,,,,,8871-68-667A,6860A-1 BI-125-07,,,,2,
PT949,Storage boxes (behind the seats),body,cargo,yes,Mazda,,,,https://www.ebay.com/b/Rear-Interior-Parts-Accessories-for-Mazda-RX-7/33694/bn_31197671,,,,"Also: lock plates FA42-69-752 x2 (BI-130-17). Colour not recorded - check on the car Catalogue (S-005 BI p130, fig 6900A-3): FA01-69-760 is the '81 and '82 box, FA42-69-760A the '83; tan 29 from serial 600001. Used only; no new or reproduction box found (eBay rear-interior category is the place to watch).",,,"FA01-69-760 (colour variants 00, 11, 29, 70)",6900A-3 BI-130-07 BI-130-08 BI-130-09 BI-130-10 BI-130-11 BI-130-17,,,,2,
PT950,Storage box pad,body,cargo,yes,Mazda,,,,,,,,,,,FA01-68-658,6860A-1 BI-125-04,,PT949,,1,
PT951,Storage box strikers,body,cargo,yes,Mazda,,,,,,,,Listed from serial 629395 - check the VIN serial,,,1011-64-461A (colour variants 00),6900A-1 BI-128-06 BI-128-07,,PT949,,2,
PT952,Coat hanger,body,cabin,yes,Mazda,,,,,,,,"Also: fastener FA24-68-032 (colour variants 00, 11, 70, 71) (BI-128-08). Two numbers listed (0376-69-941 and 0376-69-941B) - check which is fitted",,,0376-69-941 (colour variants 01) or 0376-69-941B (colour variants 01),6900A-3 BI-130-18 BI-130-19 BI-130-20 BI-130-21; 6900A-1 BI-128-08 BI-128-09 BI-128-10 BI-128-11 BI-128-12,,,,1,
PT953,Cargo room strap A,body,cargo,yes,Mazda,,,,https://www.rx7club.com/1st-generation-specific-1979-1985-18/these-cargo-straps-retarded-just-me-1135290/,,,,"Colour not recorded - check on the car Owners on rx7club say the two cargo-room straps are cinch-buckle straps sized to hold the lift-off sunroof panel in the cargo area, not general loads; the catalogue fits them to every car (fig 6900A-2/3). Colours black 00, wine 10, brown 20, tan 29 (tan from serial 600001).",,,"8341-69-570 (colour variants 00, 10, 20, 29)",6900A-2 BI-129-29 BI-129-30 BI-129-31 BI-129-32; 6900A-3 BI-130-01,,,,1,
PT954,Cargo room strap B,body,cargo,yes,Mazda,,,,https://www.rx7club.com/1st-generation-specific-1979-1985-18/these-cargo-straps-retarded-just-me-1135290/,,,,"Colour not recorded - check on the car Same as strap A: cinch-buckle strap for the lift-off sunroof panel (rx7club); colours black 00, wine 10, brown 20, tan 29 (tan from serial 600001) (S-005 BI p130).",,,"8341-69-580 (colour variants 00, 10, 20, 29)",6900A-3 BI-130-02 BI-130-03 BI-130-04 BI-130-05 BI-130-06,,,,1,
PT955,"Sun visor, right",body,cabin,yes,Mazda,,,,https://www.autopartone.com/products/81-85-mazda-rx7-oem-sun-visor,,,,"Colour not recorded - check on the car Catalogue (S-005 BI p129, fig 6900A-2): black 02, red 10, tan 28 (from serial 600001), brown 70. Used only: Autopartone lists an 81-83 black OEM pair at USD 68 (sold out 2026-09-27); single visors appear on eBay. The 1985 manual (S-002 sec 14 p14-13) has the visors and the mirror off before the headliner comes out.",,,"8341-69-270 (colour variants 02, 10, 28, 70)",6900A-2 BI-129-12 BI-129-13 BI-129-14 BI-129-15 BI-129-16,,,,1,
PT956,"Sun visor, left",body,cabin,yes,Mazda,,,,https://www.autopartone.com/products/81-85-mazda-rx7-oem-sun-visor,,,,"Normal-roof type. Colour not recorded - check on the car Catalogue (S-005 BI p129): 8341-69-320 is the normal-roof left visor, FA04-69-320 the sunroof one; colours black 02, red 10, tan 28 (from serial 600001), brown 70. Used only (Autopartone 81-83 pair, eBay).",,,"8341-69-320 (colour variants 02, 10, 28, 70)",6900A-2 BI-129-24 BI-129-25 BI-129-26 BI-129-27 BI-129-28,,,,1,
PT957,Interior mirror with map lamp,body,cabin,yes,Mazda,,,,https://www.atkinsrotary.com/Chassis-and-Body/Light-Lenses-and-Assemblies/Dome-Lights/81-85-Rx7-Dome-Light-Lens-FA01-51-351A.html,,,,"GS type. Also: plate FA01-51-356, brackets A FA01-51-357 and B FA01-51-358, rubber stopper FA01-69-232 (BI-128-03, BI-128-04, BI-128-05, BI-129-18) The mirror houses the car's interior (dome) light and the map (spot) light: catalogue fig 6900A-2 (S-005 BI p129) gives it lens FA01-51-351A, bulb 0000-11-3175 (A12V 10W) for the interior lamp, and for the GS/GSL map lamp the socket and holder FA01-51-354, spot lamp FA01-51-355A and bulb 0000-11-0194 (A12V 5W). S-001 sec H draws it as H-06 'interior and spot light': one 5 W lamp on a three-way switch (on / door / off) and one 6 W spot lamp on its own switch, fed by LY from the 15 A constant fuse with RY to the door switches - the wattages in the two sources disagree, check the bulbs fitted. Lens new at Atkins (USD 41.50); owners (rx7club) say the white lens pulls off, two Phillips screws hold the assembly and one of them grounds the switch contact, which breaks with age.",,,FA01-69-220A,6900A-2 BI-129-04 BI-129-18; 6900A-1 BI-128-03 BI-128-04 BI-128-05 BI-129-18,,,,1,
PT958,Map lamp (spot lamp),lighting,cabin,yes,Mazda,,,,,,,,"This is the spot (map) half of wiring-diagram device H-06 'Interior and spot light' (S-001 PDF p.26): constant LY feed, its own on/off switch, bulb to case ground; the existing unassigned S-001 spec 'Spot (map) light 6 W' belongs to this lamp. Catalogue figure 6900A-3 (S-005 Body PDF p.130) draws it inside the W/MAP LAMP interior mirror, GS and GSL only.",,,FA01-51-355A,6900A-1 BI-128-02,,PT957,,1,
PT959,Map lamp socket and holder,lighting,cabin,yes,Mazda,,,,,,,,"Figure 6900A-3 (S-005 Body PDF p.130) shows socket 51354 carrying the wedge bulb 69170K (0000-11-0194, PT962), not the 10 W festoon 69170J; PT961's parent should probably be PT957 and PT962's PT959 - check on the car.",,,FA01-51-354,6900A-1 BI-128-01,,PT958,,1,
PT960,Interior mirror lamp lens,lighting,cabin,yes,Mazda,,,,https://www.atkinsrotary.com/81-85-Rx7-Dome-Light-Lens-FA01-51-351A.html,,,,"Still sold new as Mazda FA01-51-351A (Atkins Rotary, USD 41.50, fits 1981-85); reproductions are also listed on eBay.",,,FA01-51-351A,6900A-2 BI-129-17,,PT957,,1,
PT961,Interior mirror lamp bulb (12V 10W),lighting,cabin,yes,Mazda,,,,https://www.replacementlightbulbs.com/lampde3175.html,,,,"Figure 6900A-3 draws 69170J as a festoon in the mirror body, present with or without the map lamp, so it is the interior (dome) lamp bulb; trade DE3175 (10 W, SV8.5 festoon) matches the catalogue rating. The 1982 wiring diagram labels the interior lamp 5 W, not 10 W - check the bulb in the car.",,,0000-11-3175,6900A-2 BI-129-06,,PT959,,1,
PT962,Interior mirror lamp bulb (12V 5W per catalogue),lighting,cabin,yes,Mazda,,,,https://hdsupplysolutions.com/wcsstore/ExtendedSitesCatalogAssetStore/product/fm/additional/37/370008_Specification-PDF.pdf,,,,"Catalogue number 0000-11-0194 is 3.4W elsewhere in the book; which lamp takes it is not stated - check Figure 6900A-3 draws 69170K as a wedge bulb in socket 51354, so this is the map (spot) lamp bulb; Mazda 0000-11-0194 is the trade-194 wedge (3.4/3.8 W elsewhere in S-005), while S-001 labels the spot lamp 6 W and this row says 5 W - check on the car.",,,0000-11-0194,6900A-2 BI-129-07,,PT957,,1,
PT963,"Outside mirror base, right",body,doors,yes,Mazda,,,,,,,,"Also: mirror gasket 8341-69-115 (BI-129-02) Catalogue: base (R), mirror 8341-69-131 'use with remote control mirror', GS and GSL, from chassis FB331-503736; the manual-mirror base is a different part, 8871-69-117A (S-005 Body-Index p.128). Sold only with a used mirror; no separate listing found (two searches, 2026-09-27).",,,8341-69-131,6900A-1 BI-128-20; 6900A-2 BI-129-02,,PT032,,1,
PT964,"Outside mirror base, left",body,doors,yes,Mazda,,,,,,,,"Also: mirror gasket 8341-69-116 (BI-129-11) Catalogue: base (L), mirror 8341-69-191 'use with remote control mirror', from chassis FB331-503736; the manual-mirror bases are 8871-69-177 (to FB331-507335) and 8871-69-177A (S-005 Body-Index p.129). Sold only with a used mirror; no separate listing found (two searches, 2026-09-27).",,,8341-69-191,6900A-2 BI-129-08 BI-129-11,,PT032,,1,
PT965,Tool bag,body,cargo,yes,Mazda,,,,,,,,,,,8173-69-670,6870A-1 BI-127-03,,,,1,
PT966,Tool set,body,cargo,yes,Mazda,,,,,,,,,,,3781-69-650,6870A-1 BI-127-02,,PT965,,1,
PT967,Wheel nut wrench,wheels,cargo,yes,Mazda,,,,,,,,,,,0810-68-070E,6870A-1 BI-127-01,,PT965,,1,
PT968,Model plate,body,,yes,Mazda,,,,https://www.rx7club.com/1st-generation-specific-1979-1985-18/1st-gen-rx7-vin-number-locations-908604/,,,,"Where it is fixed is not stated - check The 1985 manual (S-002 sec G p9) draws the chassis number plate on top of the firewall in the engine bay; rx7club owners say the 1st gen has a screw-on data plate under the hood, the chassis number stamped into the firewall (right or left by vintage), a driver's door-post sticker with the VIN and build date, and a dash tag visible through the windscreen. Which of these is 8595-69-011B and where it sits on this car - check.",,,8595-69-011B,6930A-1 BI-131-01,,,2026-09-26,1,
PT969,Tire pressure label,wheels,,yes,Mazda,,,,,,,,,,,8871-69-014C,6930A-1 BI-131-03,,,,1,
PT970,Temporary spare tire label,wheels,cargo,yes,Mazda,,,,,,,,,,,FA02-69-073A,6930A-1 BI-131-05,,,,1,
PT971,Caution label (MVSS),body,,yes,Mazda,,,,https://www.rx7club.com/1st-generation-specific-1979-1985-18/1st-gen-rx7-vin-number-locations-908604/,,,,"Almost certainly the FMVSS certification sticker: rx7club owners place a sticker with the VIN, build date and other data on the driver's door post on every 1st gen after early 1979. Location on this car - check.",,,8374-69-034A,6930A-1 BI-131-06,,,,1,
PT972,Fuel label,fuel,rear,yes,Mazda,,,,,,,,Colour black or white - check,,,"FA01-69-065 (colour variants 00, 01)",6930A-1 BI-131-07 BI-131-08 BI-131-09,,,,1,
PT973,Emission control label,engine,engine_bay,yes,Mazda,,,,http://www.blackdragonauto.com/,,,,"N223-69-036 California '82, N221-69-036 Federal '82 (N233-69-036 California, year not stated) - confirm which. It describes the factory emission set-up; the factory carburettor is gone (PT006), so it may no longer match the car Reproduction first-gen RX-7 under-hood and emission labels are sold by Black Dragon Automotive (rx7club thread); check that a 1982 label is in their catalogue.",,,N223-69-036 or N221-69-036 or N233-69-036,6930A-1 BI-131-12 BI-131-13 BI-131-15,not-fitted,,,1,
PT974,Vacuum hose routing label,engine,engine_bay,yes,Mazda,,,,https://www.ebay.com/itm/144712889309,,,,"'82. Drawn for the factory carburettor, which is gone (PT006). The label is gone or illegible, not on the car, confirmed 2026-09-26. A reproduction 1982 RX-7 vacuum hose routing decal made from an NOS original was listed on eBay; the listing did not open, so check the details.",,,N221-69-044,6930A-1 BI-131-17,not-fitted,,2026-09-26,1,
