id,category,item,value,unit,source,page,confidence,system,part,applies,note
SP-001,Identity,Model / chassis code,FB (US 1981-85); VIN prefix JM1FB33,,"S-006,S-005,S-024",S-006 PDF p.7 (VIN decode); S-005 group 1840A (VIN ranges FB331..600001-),primary,,,,"17-digit VIN from 1981: J=Japan, M=Mazda, 1=passenger car, FB=RX-7, body code, check digit, year code (B=1981, C=1982), plant, serial from 500001. Parts catalogue VIN ranges read FB331..600001-622565 (thru Oct 1981 production) and FB331..622566- (from Nov 1981). 1979-80 cars were SA22C."
SP-002,Identity,VIN model-year code for 1982,C (10th character),,S-006,PDF p.7,primary,,,,"Year A=1980, B=1981, C=1982 per Mazda training manual."
SP-003,Identity,Engine model,12A,,"S-002,S-006",S-002 p.1-3; S-006 PDF p.37 (printed 47),primary,,,,"Twin-rotor carburetted rotary, longitudinal, catalyst-equipped from 1981."
SP-004,Identity,Trim (this car),GS,,S-004,p.15,primary,,,,"GS adds to S: halogen headlamps, tinted glass, 4-speaker AM/FM with amp, digital clock, electric remote mirrors, cargo light, electric hatch release, map light, storage console, 185/70HR13 tyres. GSL (not this car) adds 4-wheel discs, LSD, sunroof, power windows, cruise."
SP-005,Identity,Transmission (this car),3-speed automatic (JATCO 3N71B type),,"S-004,S-002,S-024",S-004 p.14; S-002 p.7B-3,primary,,PT054,,"Brochure: '3-speed automatic optional for GS and GSL'. 1985 FSM p.7B-3 describes the 1985 L4N71B as the 'conventional model 3N71B' plus overdrive, confirming the earlier unit; Wikipedia names JATCO 3N71B."
SP-006,Identity,Alternator Mazda part number (1981-83 service unit),N221-18-300R (remanufactured),,S-005,Engine-Chassis p.1-J5 (group 1830A),primary,,PT025,,"1982-83 internals carry N221-24-xxx numbers (stator N221-24-501, rectifier N221-24-510, regulator N221-24-520, rotor N221-24-540, pulley N221-24-530); 1981 used 8173-24-xxx. Amp rating not printed in the catalogue."
SP-007,Identity,Starter Mazda part number (A/T),N202-18-400R (remanufactured),,S-005,Engine-Chassis group 1840A,primary,,PT026,,M/T starter is N221-18-400R. Catalogue also lists automatic transmission complete 8872-19-090B ('81 & '82 models) and torque converter 1758-19-100.
SP-008,Identity,Ignition coil Mazda part numbers,"1480-18-100 (Hanshin) or 8245-18-100 (Mitsubishi), qty 2",,S-005,Engine-Chassis group 1800A,primary,,PT013,,Leading and trailing coils share one part number; two makers were fitted.
SP-009,Identity,Spark plug Mazda part number,"N201-18-600 (NGK BR8EQ-14 or Denso W25EDR-14), qty 4",,S-005,Engine-Chassis group 1800A,primary,,PT019,,
SP-010,Engine,Displacement,573 x 2 (1146 total),cc,"S-002,S-006,S-003",S-002 p.1-3; S-006 PDF p.37 (printed 47); S-003 T:1,primary,engine,PT001,,35.0 cu in x 2.
SP-011,Engine,Compression ratio,9.4:1,,"S-004,S-006,S-002",S-004 p.14; S-006 PDF p.37 (printed 47); S-002 p.1-3,primary,engine,PT001,,
SP-012,Engine,"Maximum power (SAE net), 1981-82 rating",100 @ 6000,hp @ rpm,"S-004,S-006",S-004 p.14; S-006 PDF p.37 (printed 47),primary,engine,PT001,,"1983-85 12A re-rated 101 hp @ 6000 (S-002 p.1-3, S-015). Same engine; rating change only."
SP-013,Engine,"Maximum torque (SAE net), 1981-82 rating",105 @ 4000,lb-ft @ rpm,"S-004,S-006",S-004 p.14; S-006 PDF p.37 (printed 47),primary,engine,PT001,,1983-85 rated 107 lb-ft @ 4000 (S-002 p.1-3).
SP-014,Engine,"Compression pressure, standard",7-9 (100-128),kg/cm2 (psi),S-006,PDF p.37 (printed 47),primary,engine,PT001,,"Table prints '@ 2500 rpm' for the 12A standard value; the limit row and all other engines say 250 rpm cranking, and S-002 p.1-12 specifies cranking speed 240-250 rpm - treat as 250 rpm cranking."
SP-015,Engine,"Compression pressure, minimum limit",6 (85) @ 250 rpm cranking,kg/cm2 (psi),"S-006,S-002,S-003",S-006 PDF p.37 (printed 47); S-002 p.1-12; S-003 T:1,primary,engine,PT001,,
SP-016,Engine,"Compression, max difference between chambers",1.5 (21),kg/cm2 (psi),"S-002,S-003",S-002 p.1-12; S-003 T:1,primary,engine,PT001,,Cranking speed 240-250 rpm with Mazda tester 49 0820 280K.
SP-017,Engine,Intake port timing,"opens 32 deg ATDC, closes 40 deg ABDC",,"S-002,S-003",S-002 p.1-3; S-003 T:1,primary,engine,PT001,,Primary port; 1985 12A and 1980 12A agree.
SP-018,Engine,Idle speed (A/T),750 in 'D',rpm,"S-002,S-006,S-003",S-002 p.0-8 and 0-17; S-006 PDF p.37 (printed 47); S-003 T:3,primary,engine,PT001,,"Set with idle-compensator tube disconnected and plugged, accessories off, engine warm, dash pot/throttle opener clear of idle stop. M/T 750 rpm in neutral. 1980 spec was 750 +/-25."
SP-019,Engine,Oil pressure at idle,70-180 (10-26),kPa (psi),S-038,Lubricating system,primary,engine,PT001,,"At 3000 rpm: 450-550 kPa (64-78 psi). 1980 and 1985 FSM: 90-270 kPa (13-38 psi). Measured at the rear-housing gauge port, engine warm, A/T in D."
SP-020,Engine,Oil pressure at 3000 rpm,450-550 (64-79),kPa (psi),"S-002,S-003",S-002 p.2-5; S-003 T:1,primary,engine,PT001,,1980 FSM: 4.5-5.5 kg/cm2 (64-78 psi).
SP-021,Engine,Oil pressure control valve (front cover) opening,1100 (156),kPa (psi),S-038,Lubricating system,primary,engine,PT001,,"Pressure regulator valve (rear housing) 500 kPa (71.1 psi) at 3000 rpm, spring free length 46.4 mm; control valve spring 73.0 mm; oil filter relief valve opens 80-120 kPa (11-17 psi). 1985 FSM: 900 kPa (S-002 p.2-3)."
SP-022,Engine,Oil pump type,"Trochoid, chain driven",,"S-002,S-003",S-002 p.2-3; S-003 T:1,primary,engine,PT001,,1980 FSM: 5.0 L/min at 1000 rpm; chain slack limit 12 mm.
SP-023,Engine,Engine oil grade,"API SD, SE or SF",,"S-002,S-003",S-002 p.2-3; S-003 T:2,primary,engine,PT001,,"Viscosity by temperature: 10W-30 (0 to 85 F), 10W-40 (0 to 100 F), 10W-50, 20W-40, 20W-50 (above 15 F), 5W-30 below 0 F (S-002 p.2-3 chart; S-003 T:2)."
SP-024,Engine,Oil metering pump delivery,2.0-2.4 cc per 6 min at 2000 rpm,,S-038,Lubricating system,primary,engine,PT002,not-fitted,1980: 2.0-2.5 cc (S-003 T:2). The pump is removed on this car and the engine runs on premix (PT002).
SP-025,Engine,Alternator/fan belt deflection,13-17 (0.51-0.67) at 10 kg (22 lb) push,mm (in),S-002,p.3-3,primary,engine,PT005,,Measured midway between alternator and eccentric-shaft pulleys. 1980 spec 15 +/-2 mm (S-003 T:1). Air-pump belt 11-13 mm.
SP-026,Engine,Eccentric shaft to alternator pulley ratio,1 : 2.08,,S-038,"Electrical system, alternator",primary,engine,PT001,,1980 spec 1 : 1.82 (S-003 T:3).
SP-027,Fuel,Fuel tank capacity,63 (16.6 US gal per brochure; 16.4 US gal per 1985 FSM),L,"S-004,S-006,S-002",S-004 p.15; S-006 PDF p.21 (printed 27); S-002 p.4A-16,primary,fuel,,,Enlarged from 55 L (14.5 gal) for 1981. Both gallon figures are conversions of 63 L.
SP-028,Fuel,Fuel pump type,"Electric, relay controlled (fuel pump cut relay)",,"S-004,S-001,S-002",S-004 p.14; S-001 PDF p.12-14 (sect B); S-002 p.4A-6,primary,fuel,PT007,replaced,Fed by 10A FUEL PUMP fuse (BLg wire) from the IG (BW) circuit; wiring diagram section B shows the pump and control circuit.
SP-029,Fuel,"Fuel pump pressure (1985 FSM, 12A)",20-25 (2.84-3.54),kPa (psi),S-002,p.4A-16,primary,fuel,PT007,replaced,Feeding capacity 1400 cc/min or more. DISAGREES with 1980 value below - both kept.
SP-030,Fuel,Fuel pump pressure (1980 FSM),0.26-0.33 (3.7-4.1),kg/cm2 (psi),S-003,T:2,primary,fuel,PT007,replaced,1980 spec for the same style Nikki carburettor; carburettor-safe range is about 3-4 psi either way.
SP-031,Fuel,Carburettor,"Nikki downdraft, 2-stage 4-barrel, 28 x 34 mm throat (pri x sec)",,"S-002,S-004,S-003",S-002 p.4A-16; S-004 p.14; S-003 T:2,primary,fuel,PT006,replaced,"Venturi primary 20 x 13 x 6.5 mm, secondary 28 x 10 mm. 1985 A/T jets: primary main #91, secondary #160; 1980 primary main #93."
SP-032,Fuel,Fuel filter,"Cartridge, paper element",,"S-002,S-003",S-002 p.4A-16; S-003 T:2,primary,fuel,PT009,replaced,
SP-033,Fuel,Dash pot setting speed,3800-4200 (in neutral),rpm,S-002,p.4A-16,primary,fuel,PT006,replaced,1985 spec. Throttle opener (A/C) 1150-1250 rpm.
SP-034,Fuel,Choke,"Semi-automatic (manual choke knob), with choke and check relay",,"S-004,S-001",S-004 p.15; S-001 PDF p.10,primary,fuel,PT006,replaced,Alternator L terminal (WB) feeds the choke and check relay (wiring section B).
SP-035,Ignition,Ignition system type,"Breakerless (contactless igniter) distributor, twin coils leading/trailing, igniters on distributor housing",,"S-002,S-018,S-001",S-002 p.5-3; S-018; S-001 PDF p.12,primary,ignition,PT014,,"12 V negative ground. 1981+ 4-electrode plugs, both plugs fired at all times (S-016)."
SP-036,Ignition,"Ignition timing, leading",0 deg TDC (yellow mark),deg,"S-006,S-002,S-003",S-006 PDF p.37 (printed 47); S-002 p.5-36 and 1-3; S-003 T:3,primary,ignition,,,"At idle, timing light on front leading plug lead, indicator pin on front cover. 1980 tolerance 0 +/-1 deg."
SP-037,Ignition,"Ignition timing, trailing",20 deg ATDC (red mark),deg,"S-006,S-002,S-003",S-006 PDF p.37 (printed 47); S-002 p.5-36 and 1-3; S-003 T:3,primary,ignition,,,1980 tolerance 20 +/-2 deg.
SP-038,Ignition,Spark plug type,"NGK BR8EQ14 standard (BR7EQ14 hotter, BR9EQ14 colder); Nippon Denso W25EDR14 (W22EDR14 / W27EDR14)",,"S-006,S-002,S-017,S-005",S-006 PDF p.37 (printed 47); S-002 p.0-16; S-017; S-005 group 1800A,primary,ignition,PT019,,"Resistor, 4-electrode. Use anti-seize on first threads (S-002 p.0-16)."
SP-039,Ignition,Spark plug gap,1.4 +/-0.05 (0.055 +/-0.002),mm (in),"S-006,S-002,S-017",S-006 PDF p.37 (printed 47); S-002 p.0-16 and 5-3,primary,ignition,PT019,,1980 2-electrode plugs (BR7ET etc.) used 1.05 mm - do not use the 1980 figure.
SP-040,Ignition,Spark plug tightening torque,13-18 (9-13),N-m (ft-lb),"S-002,S-003",S-002 p.5-32; S-003 T:7,primary,ignition,PT019,,
SP-041,Ignition,Distributor pick-up coil resistance (1981 spec),1050 +/-10%,ohm,S-006,PDF p.37 (printed 47),primary,ignition,PT014,,DISAGREES with 1985 value below; the 1981-82 distributor/igniter differs from 1985. Check the car's own unit.
SP-042,Ignition,Distributor pick-up coil resistance (1985 spec),650 +/-50 at 20 C,ohm,S-002,p.5-34,primary,ignition,PT014,other-car,"Both leading and trailing pick-ups. No 1982 source gives it (S-038 has none) and the years disagree (S-006, 1981: 1050 ohm) - measure the car's pick-up coils before relying on either."
SP-043,Ignition,Ignition coil primary resistance,0.9 +/-0.09 at 20 C,ohm,S-038,"Electrical system, ignition coil",primary,ignition,PT013,,"Leading and trailing coils, type LB-84 or FTC-3, the same figure. 1985 coils: 1.35 +/-10% (S-002 p.5-37). Measure warm."
SP-044,Ignition,High-tension lead resistance limit,16000 +/-40% max,ohm,S-002,p.5-37,primary,ignition,PT017,,
SP-045,Ignition,Distributor air gap,0.5-0.9 (0.020-0.035),mm (in),S-038,"Electrical system, distributor",primary,ignition,PT014,,1980: 0.2-0.6 mm (S-003 T:3).
SP-046,Ignition,"Centrifugal advance, 12A","L and T: 0 deg at 500 rpm, 10 deg at 1750 rpm",,S-038,"Electrical system, distributor",primary,ignition,PT014,,1980: max 10 deg at 1500; 1985: 12.5 deg at 2063 (S-002 p.5-3). The distributor turns at eccentric-shaft speed.
SP-047,Ignition,"Vacuum advance, 12A","L: 0 deg at -100 mmHg, 7.5 deg at -250 mmHg; T: 0 deg at -100 mmHg, 15 deg at -400 mmHg",,S-038,"Electrical system, distributor",primary,ignition,PT014,,1985: L 4.5 deg at 190 mmHg (S-002 p.5-3).
SP-048,Ignition,Ignition (IG) feed protection,0.5 sq mm fusible link on BW wire from ignition switch IG terminal,,S-001,PDF p.9 and p.10,primary,ignition,,,"Ignition system box on the schematic is fed unfused from BW after this link; the 15A ENGINE fuse feeds emission control, charging (IG side) and A/T kick-down."
SP-049,Ignition,Tachometer signal,YG wire from trailing (T) ignition coil to cluster tachometer,,S-001,PDF p.16 (sect C),primary,ignition,,,
SP-050,Cooling,Coolant capacity (with heater),9.5 (10.0 US qt),L,"S-002,S-003",S-002 p.3-2; S-003 T:2,primary,cooling,,,1980 FSM: 8.5 L (9.0 qt) without heater.
SP-051,Cooling,Thermostat,"wax type; starts 80.5-83.5 C (177-183 F), full open 95 C (203 F), lift 8 mm min",,S-002,p.3-2,primary,cooling,PT022,,"1980 FSM: starts 82 +/-1.5 C, full open 95 C, lift 8-10 mm (S-003 T:2)."
SP-052,Cooling,Radiator cap valve pressure,75-105 (11-15),kPa (psi),"S-002,S-003",S-002 p.3-2; S-003 T:2,primary,cooling,PT020,,1980 FSM: 0.9 +/-0.15 kg/cm2 (13 +/-2 psi). System pressure test max 1.05 kg/cm2 (15.13 psi) (S-002 p.0-16).
SP-053,Cooling,Radiator,"Corrugated-fin, with expansion (coolant recovery) tank",,"S-002,S-003",S-002 p.3-2; S-003 T:2,primary,cooling,PT020,,
SP-054,Cooling,Cooling fan,410 mm (16.1 in) x 7 blades; fan drive holds the fan under 800 rpm at 4200 engine rpm,,S-038,Cooling system,primary,cooling,,,1980 FSM the same (S-003 T:2); 1985 FSM p.3-2: 390 mm x 8 blades (S-002).
SP-055,Cooling,Water pump,"Centrifugal, V-belt driven; 150-160 L/min at 6500 engine rpm (1980 spec)",,"S-002,S-003",S-002 p.3-2; S-003 T:2,primary,cooling,PT021,,
SP-056,Cooling,Antifreeze,Ethylene-glycol base; increase concentration when below -29 C (-20 F),,S-002,p.3-2,primary,cooling,,,
SP-057,Cooling,Sub-zero starting assist,"Reservoir of 90% antifreeze / 10% water, electric pump (except California)",,"S-003,S-001",S-003 T:3; S-001 PDF p.10,primary,cooling,,replaced,Sub-zero motor and sensor shown on wiring section A (BW/BLg wires).
SP-058,Electrical,System voltage,"12 V, negative ground",V,"S-002,S-004",S-002 p.5-3; S-004 p.14,primary,electrical,,,
SP-059,Electrical,Battery capacity (1982 brochure),45 Ah; 55 Ah with automatic transmission (except California),Ah,S-004,p.14,primary,electrical,PT024,,A GS automatic Federal car therefore left the factory with the 55 Ah battery.
SP-060,Electrical,"Battery type (1985 FSM, JIS)",50D20L : 50 Ah; 65D23L : 55 Ah (20-hour rate),,S-002,p.5-3,primary,electrical,PT024,other-car,"1985 data, JIS size codes; the 1982 battery is NS70S (SP-061, S-038). Measure the battery tray and hold-down before buying."
SP-061,Electrical,Battery type,"NS70S 55 Ah (automatic, except California); G60-5 / Y60-5 45 Ah (California, and manual)",,S-038,"Electrical system, battery",primary,electrical,PT024,,Specific gravity at 20 C fully charged 1.260 (G60-5/Y60-5) or 1.280 (NS70S); recharge at 1.200/1.220. 1980 FSM the same types plus N50-S / K60-5 (S-003 T:3).
SP-062,Electrical,Battery BCI group (retail fitment),Group 35 predominant; 26R also listed,,S-022,,unverified,electrical,PT024,,"Retail listing for 1985 RX-7, not a Mazda figure; no factory CCA published. Verify tray/hold-down before buying."
SP-063,Electrical,"Fusible link, MAIN","1.25 sq mm (black), battery + to fuse block / ignition switch (WR wire)",,"S-001,S-002",S-001 PDF p.9-10; S-002 p.15-13,primary,electrical,,,"1985 FSM locates the links at the front left suspension tower; 12A vehicles carry three links: MAIN 1.25sq, HEADLIGHT 0.3sq, RETRACTOR 0.3sq."
SP-064,Electrical,"Fusible link, HEADLIGHT","0.3 sq mm (brown), battery to headlight circuit (WR wire, section E)",,"S-001,S-002",S-001 PDF p.9 and p.20; S-002 p.15-13,primary,electrical,,,
SP-065,Electrical,"Fusible link, RETRACTOR / light switch","0.3 sq mm (brown), battery to light switch and retractable-headlight relay (WG wire)",,"S-001,S-002",S-001 PDF p.9 and p.20; S-002 p.15-13,primary,electrical,,,
SP-066,Electrical,"Fusible link, ignition (IG) line",0.5 sq mm (green) on BW wire after ignition switch IG terminal,,"S-001,S-002",S-001 PDF p.9-10; S-002 p.15-13 (0.5sq = green),primary,electrical,,,Second 0.5 sq link protects the hot-start relay / hot-start motor circuit (S-001 PDF p.10).
SP-067,Electrical,Starter motor rating (A/T),2.0 kW (M/T 1.2 kW),kW,"S-002,S-003",S-002 p.5-3; S-003 T:3,primary,electrical,PT026,,Reduction-type starter with magnetic switch.
SP-068,Electrical,Starter free-running test (A/T),"11.5 V, less than 100 A, 3500 rpm min (1985) / 6600 rpm min (1980)",,"S-002,S-003",S-002 p.5-3; S-003 T:3,primary,electrical,PT026,,
SP-069,Electrical,"Starter lock test (A/T, 1980 spec)","5.0 V, less than 1050 A, 2.2 m-kg (15.9 ft-lb)",,S-003,T:3,primary,electrical,PT026,,Only published starter-current figure found; treat as worst-case cranking draw for cable sizing. M/T starter: less than 600 A.
SP-070,Electrical,Starter solenoid pull-in voltage,less than 8 V to close contacts,V,S-003,T:3,primary,electrical,PT026,,
SP-071,Electrical,Starter brush wear limit,11.5 (0.45),mm (in),"S-002,S-003",S-002 p.5-3; S-003 T:3,primary,electrical,PT026,,Standard 17 mm (1985) / 18.5 mm (1980).
SP-072,Electrical,Instrument feed,"10A fuse (GY) from IG feeds oil-pressure, fuel and water-temp gauges through the instrument voltage regulator; voltmeter and tacho direct",,S-001,PDF p.16 (sect C),primary,electrical,,,"Sender units: fuel tank unit (Y), water temp (YW), oil pressure (BrY). Oil level sensor and coolant level sensor drive warning lights via oscillator C-10."
SP-073,Electrical,Warning-light / chime module,"Control Processing Unit (CPU) drives seat-belt, key reminder, lights-on chime; test-light bulb must not exceed 3.4 W on CPU circuits",,"S-001,S-002,S-006",S-001 PDF p.26; S-002 p.15-3 and 15-12; S-006 PDF p.18,primary,electrical,,,
SP-074,Electrical,Wiring colour code convention,"Two letters: base colour then stripe (B black, Br brown, G green, L blue, Lb light blue, Lg light green, R red, Y yellow, W white, O orange, Gy grey, P pink)",,"S-001,S-002",S-001 PDF p.7; S-002 p.15-4,primary,electrical,,,"Schematic line styles: solid = battery feed, dashed = IG feed, dash-dot = ACC feed (S-001 PDF p.9 legend)."
SP-075,Electrical,Headlamp retractor motors,"Two DC motors (LH/RH) with up/down limit switches, fed through retractable-headlight relay (WG) and light switch",,S-001,PDF p.20 (sect E),primary,electrical,PT033,,Retractor indicator lamp 3.4 W in cluster.
SP-076,Electrical,Horn relay,"Yes - horn relay (F-16) fed by 15A STOP/HORN fuse (GW), two horns (LH/RH)",,S-001,PDF p.22 (sect F),primary,electrical,,,
SP-077,Charging,Alternator type,"Integral IC regulator, B/L/R/F terminals, B terminal fed direct from battery via 1.25 sq main fusible link",,"S-002,S-001,S-005",S-002 p.5-3 and 5-6; S-001 PDF p.10; S-005 group 1830A,primary,electrical,PT025,,Charge-lamp/L terminal (WB) also drives the choke and check relay. Type number A5T30574 in the 1985 FSM is Mitsubishi numbering; maker not stated in the parts catalogue.
SP-078,Charging,"Alternator rated output (1985 FSM, 12A)",12 V - 55 A (Mitsubishi A5T30574),V-A,S-002,p.5-3,primary,electrical,PT025,other-car,"13B in 1985 used A5T40374 12V-60A. Output test hot: more than 51 A at 13.5 V, 2500 alternator rpm. The 1982 rating is 50 A (SP-079, S-038)."
SP-079,Charging,Alternator rated output,12 V - 50 A; load test 36 A at 13.5 V under 2500 rpm; 12 poles,V-A,S-038,"Electrical system, alternator",primary,electrical,PT025,,"Two brushes 18 mm, wear limit 8 mm, spring 3.15-4.26 N. 1980 FSM: 55 A, load test 39 A (S-003 T:3); 1985: 55 A (SP-078). Read the rating stamped on the car's own alternator before sizing loads."
SP-080,Charging,"Alternator rated output, 1981-85 base cars (enthusiast chart)",50 A (60 A on GSL-SE),A,"S-014,S-038",,primary,electrical,PT025,,rx7.org cross-reference chart; no part number. Read the rating stamped on the car's own alternator before sizing PMU charge input.
SP-081,Charging,Regulated voltage,14.2-15.2,V,S-002,p.5-3,primary,electrical,PT025,,IC regulator; 1980 external-regulator value not published.
SP-082,Charging,Alternator rotor coil resistance,2.0-2.6,ohm,S-002,p.5-15,primary,electrical,PT025,,Between slip rings.
SP-083,Charging,Alternator brush length,standard 16.5 mm (0.65 in); wear limit 8 mm (0.31 in),mm,"S-002,S-003",S-002 p.5-3; S-003 T:3,primary,electrical,PT025,,1980 standard 18 mm.
SP-084,Charging,Charging (IG) feed fuse,15A ENGINE fuse (BW) supplies alternator IG/R terminal,A,S-001,PDF p.9 and p.10,primary,electrical,,,
SP-085,Drivetrain,Final drive ratio,3.909,,"S-004,S-002,S-003",S-004 p.14; S-002 p.9-2; S-003 T:5,primary,driveline,PT055,,43-tooth ring gear (S-002 p.9-2). 13B cars used 4.076.
SP-086,Drivetrain,Rear axle type,"Banjo housing, semi-floating shafts, hypoid gear, straight-bevel differential; open diff on GS (LSD standard GSL)",,"S-002,S-004",S-002 p.9-2; S-004 p.15,primary,driveline,PT055,,
SP-087,Drivetrain,Differential oil,"API GL-5, SAE 90 above -18 C (0 F), SAE 80W below; LSD requires GL-5 SAE 90 limited-slip lubricant",,"S-002,S-003",S-002 p.9-2 and 0-24; S-003 T:5,primary,driveline,PT055,,
SP-088,Drivetrain,Differential oil capacity,1.2 (1.3 US qt) open diff; 1.6 (1.7 US qt) LSD,L,"S-002,S-003",S-002 p.9-2; S-003 T:5,primary,driveline,PT055,,
SP-089,Drivetrain,Rear wheel bearing end play,0-0.1 (0-0.004),mm (in),S-003,T:5,primary,driveline,PT055,,
SP-090,Drivetrain,Propeller shaft run-out limit,0.4 (0.016),mm (in),S-003,T:5,primary,driveline,,,
SP-091,Drivetrain,Live axle location,"4-link with Watt linkage, coil springs, rear stabilizer bar",,"S-004,S-002",S-004 p.14; S-002 p.13-2,primary,driveline,,,
SP-092,Transmission,Automatic gear ratios,"1st 2.458, 2nd 1.458, 3rd 1.000, reverse 2.181",,"S-004,S-003",S-004 p.14; S-003 T:4,primary,transmission,PT054,,Brochure and 1980 FSM (3N71B) agree.
SP-093,Transmission,ATF type,ATF Type F (Ford M2C33-F),,"S-002,S-003",S-002 p.0-24; S-003 T:4,primary,transmission,PT054,,"Check level engine idling, warm, selector in P, between L and F marks."
SP-094,Transmission,"ATF capacity (3N71B, 1980 FSM)","6.2 (6.6 US qt), Type F",L,S-003,T:4,primary,transmission,PT054,,1980 3N71B figure; drain-and-fill takes less. 1985 L4N71B (with OD) holds 7.5 L - not applicable to the 1982 3-speed.
SP-095,Transmission,Torque converter stall speed (3N71B),"2300-2550 in break-in, 2350-2600 after break-in",rpm,S-038,Automatic transmission,primary,transmission,PT054,,"1980: 2250-2500 in break-in, 2300-2550 after (S-003 T:5)."
SP-096,Transmission,Manual gear ratios (5-speed),"3.674 / 2.217 / 1.432 / 1.000 / 0.825, reverse 3.542",,"S-038,S-004",S-038 Manual transmission; S-004 p.14,primary,transmission,,not-fitted,"1982 figures, the same as 1980. Not fitted to this car (3-speed automatic)."
SP-097,Transmission,A/T electrical,"Inhibitor (neutral safety) switch A-06 (BY/GY, BW/RW), kick-down solenoid fed by 15A ENGINE fuse, select-lever illumination 3.4 W",,S-001,"PDF p.10, p.12, p.20",primary,transmission,PT054,,
SP-098,Suspension,Front suspension,"Independent MacPherson strut, coil springs, stabilizer bar, tension rods",,"S-004,S-002",S-004 p.14; S-002 p.13-2,primary,suspension,,,
SP-099,Suspension,Rear suspension,"Live axle, 4-link, Watt linkage, coil springs, stabilizer bar, double-acting shocks",,"S-004,S-002",S-004 p.14; S-002 p.13-2,primary,suspension,,,
SP-100,Suspension,Front coil spring (1985 spec),"wire dia 12.0 mm, coil dia 123 mm",,S-002,p.13-2,primary,suspension,PT056,,"1980 spec: rate 2.16 kg/mm, free length L 334.5 / R 325 mm (S-003 T:7)."
SP-101,Suspension,Rear coil spring (1980 spec),"rate 1.8 kg/mm, free length 323.5 mm",,S-003,T:7,primary,suspension,PT057,,1985 FSM lists 6.05 active coils.
SP-102,Suspension,Front wheel alignment: toe-in,3 +/-3 (0.12 +/-0.12),mm (in),"S-002,S-003",S-002 p.10A-3; S-003 T:6,primary,suspension,,,1980: 0-6 mm.
SP-103,Suspension,Front wheel alignment: camber,1 deg 00' +/-30',,"S-002,S-003",S-002 p.10A-3; S-003 T:6,primary,suspension,,,13-inch-tyre cars; 14-inch (GSL-SE) 0 deg 35'.
SP-104,Suspension,Front wheel alignment: caster (1985 spec),"RH 4 deg 10' +/-30', LH 3 deg 40' +/-30'",,S-002,p.10A-3,primary,suspension,,,"DISAGREES with 1980 spec RH 4 deg 30', LH 4 deg 00' (S-003 T:6). Use the alignment shop's database for 1982 and check against both."
SP-105,Suspension,King-pin inclination / trail,10 deg 44' / 20 mm (0.79 in),,"S-002,S-003",S-002 p.10A-3; S-003 T:6,primary,suspension,,,
SP-106,Suspension,"Ride height, 1980 spec (ground to wheel-arch reference)","front 364 +/-20 mm, rear 358 +/-20 mm",mm,S-003,T:7,primary,suspension,,,1980 body; check applicability to 1982.
SP-107,Steering,Steering gear,"Recirculating ball-nut, variable ratio 17.0-20.0 : 1, manual",,"S-004,S-002,S-003",S-004 p.14; S-002 p.10A-3; S-003 T:6,primary,steering,PT053,,Power steering not offered on 1982 GS.
SP-108,Steering,Turns lock-to-lock / turning diameter,3.7 turns; 31.5 ft turning diameter,,S-004,p.14,primary,steering,,,1980 FSM minimum turning radius 4.8 m (15 ft 9 in) agrees.
SP-109,Steering,Steering wheel free play,5-20 (0.2-0.8),mm (in),S-002,p.10A-3,primary,steering,PT053,,1980 limit 40 mm.
SP-110,Steering,Maximum wheel angle,"inside 39 deg 40' +/-2 deg, outside 32 deg 14' +/-2 deg",,"S-002,S-003",S-002 p.10A-3; S-003 T:6,primary,steering,,,
SP-111,Steering,Steering gear oil,"API GL-4 SAE 90, 290 cc (0.31 US qt, 0.26 Imp qt)",,S-038,Steering,primary,steering,PT053,,"The OCR of S-038 reads 190 cc, but its own conversions (0.31 US qt, 0.26 Imp qt) are 290 cc, as in 1980 (S-003 T:6); 1985: 0.325 L (S-002 p.10A-3)."
SP-112,Brakes,Brake layout (GS),"Power-assisted front discs, self-adjusting rear drums, dual diagonal hydraulic circuits, differential proportioning valve",,"S-004,S-002",S-004 p.14-15; S-002 p.11-2,primary,brakes,,,GSL: 4-wheel discs. 1985 rear disc caliper bore 34.93 mm if ever retrofitted.
SP-113,Brakes,Front disc,202 mm effective dia x 18 mm thick; wear limit 17 mm (0.6693 in); lateral run-out max 0.1 mm,,"S-002,S-003",S-002 p.11-2 and 11-7; S-003 T:6,primary,brakes,PT042,,
SP-114,Brakes,Front caliper piston bore,50.80 (2.0),mm (in),"S-002,S-003",S-002 p.11-2; S-003 T:6,primary,brakes,PT050,,Single-piston sliding caliper; pad lining limit 1 mm (S-002 p.11-8).
SP-115,Brakes,Rear drum,"200 mm (7.874 in) dia, limit 201 mm; leading/trailing shoes, self-adjuster; lining limit 1.0 mm",,"S-002,S-003",S-002 p.11-2; S-003 T:6,primary,brakes,PT047,,
SP-116,Brakes,Rear wheel cylinder bore,19.05 (0.75),mm (in),"S-002,S-003",S-002 p.11-2; S-003 T:6,primary,brakes,PT049,,
SP-117,Brakes,Master cylinder,"Tandem with fluid-level sensor, bore 20.64 mm (0.813 in)",,"S-002,S-003",S-002 p.11-2; S-003 T:6,primary,brakes,PT051,,Level sensor feeds the brake warning light via checker C-03 (S-001 PDF p.16).
SP-118,Brakes,Brake booster,"Vacuum multiplier, 8 in",,S-002,p.11-2,primary,brakes,PT052,,Brochure p.14 also mentions the vacuum servo (text cropped in scan).
SP-119,Brakes,Brake fluid,DOT-3 or DOT-4 (FMVSS 116) or SAE J1703a,,S-002,p.11-2 and 0-21,primary,brakes,,,"Change every 30,000 mi / 30 months; annually in humid climates or hard use (S-002 p.0-14 and p.0-21)."
SP-120,Brakes,Brake pedal,free play 7-9 mm (0.28-0.35 in); height 190 +5/-0 mm (7.48 in) from floor,,"S-002,S-003",S-002 p.11-2; S-003 T:6,primary,brakes,,,
SP-121,Brakes,Parking brake,"Mechanical on rear wheels, floor lever; 6-8 notches at 100 N (22 lb) pull",,S-038,"Brakes, parking brake lever travel",primary,brakes,,,1980 FSM: 3-7 notches at 10 kg (S-003 T:6).
SP-122,Brakes,Stop-lamp checker,Stop light checker F-03 lights cluster warning if a stop bulb fails,,"S-001,S-006",S-001 PDF p.22 and p.16; S-006 PDF p.21 (printed 27),primary,brakes,,,Added for 1981.
SP-123,Wheels,Bolt pattern,4 x 110 mm (4 x 4.33 in),,S-021,,unverified,wheels,,,"Enthusiast table only, universally reported for 1979-85. S-038 (1982 Technical Data) gives the wheel size (5-J x 13 steel, 5.5-JJ x 13 aluminium) but no bolt circle, and the 1985 wheel section was corrupt; check on the car when a wheel is off."
SP-124,Wheels,Wheel stud thread,M12 x 1.5,,S-023,,secondary,wheels,,,Rotary-specialist vendor lug nut listing 'fits all RX-7'.
SP-125,Wheels,Wheel nut torque,9-11 m-kg (65-80 ft-lb),,S-003,T:8 ('Wheel bolts'),primary,wheels,,,1980 FSM tightening-torque table; no 1981-85 Mazda page captured. Re-torque after 50 miles.
SP-126,Wheels,"Standard wheel, GS",5J x 13 styled steel wheel (WDC),,"S-004,S-003",S-004 p.14; S-003 T:6,primary,wheels,,,"GSL: 5.5JJ x 13 aluminium, optional on GS/S with 185/70HR13."
SP-127,Wheels,Wheel offset (stock),ET 20 (5Jx13 and 5.5Jx13),mm,S-020,,unverified,wheels,,,"wheel-size.com listing. S-038 (1982 Technical Data) gives the wheel size (5-J x 13 steel, 5.5-JJ x 13 aluminium) but no offset; check on the car when a wheel is off."
SP-128,Wheels,"Tyre size, GS",185/70HR13 (S: 165HR13); compact spare,,"S-004,S-003",S-004 p.14-15; S-003 T:6,primary,wheels,,,
SP-129,Wheels,Tyre pressure (1980 FSM),1.8 kg/cm2 (26 psi) front and rear,,S-003,T:6,primary,wheels,,,Verify against the 1982 door-jamb placard.
SP-130,Wheels,Wheel run-out limit,"radial 1.0 mm, lateral 1.0 mm (steel); 0.5 mm aluminium",mm,S-003,T:6,primary,wheels,,,
SP-131,Dimensions,Wheelbase,95.3 (2420),in (mm),"S-004,S-003",S-004 p.14; S-003 T:7,primary,,,,
SP-132,Dimensions,"Track, front / rear",55.9 / 55.1,in,S-004,p.14,primary,,,,1980 FSM: 1420 / 1400 mm (56 / 55 in).
SP-133,Dimensions,Overall length,170.1,in,S-004,p.15,primary,,,,1979-80 body: 169 in (4285 mm) (S-003 T:7); the 1981 body has urethane bumpers (S-006 PDF p.21).
SP-134,Dimensions,Overall width,65.7,in,S-004,p.15,primary,,,,1980 FSM 1675 mm (66 in) with side protector.
SP-135,Dimensions,Overall height,49.6,in,S-004,p.15,primary,,,,1980 FSM 1260 mm (50 in).
SP-136,Dimensions,Ground clearance,5.7,in,S-004,p.15,primary,,,,1980 FSM 160 mm (6 in).
SP-137,Dimensions,Interior: headroom / legroom / shoulder room,37.2 (36.8 with sunroof) / 41.5 / 51.4,in,S-004,p.15,primary,,,,
SP-138,Dimensions,Seating capacity,2,,S-003,T:7,primary,,,,
SP-139,Weights,"Curb weight, base (5-speed, no A/C)",2290,lb,S-004,p.15,primary,,,,1982 US brochure figure for the 5-speed without A/C. The automatic (Federal) adds 35 lb and A/C 55 lb (S-004 p.15).
SP-140,Weights,Curb weight adders,"+35 lb automatic (Federal), +25 lb automatic (California), +55 lb air conditioning",lb,S-004,p.15,primary,,,,
SP-141,Weights,"Curb weight, GS automatic Federal (derived)",2325 (2380 with A/C),lb,S-004,p.15,primary,,,,Derived: 2290 + 35 (+55). Not a printed figure; weigh the car for the real number.
SP-142,Weights,Front/rear weight distribution,50:50 (approx.),,S-024,,unverified,,,,"Wikipedia claim; no Mazda figure found (S-038 and S-004, the 1982 sources, give none)."
SP-143,Capacities,"Engine oil, total with filter (1981-82 spec)",5.2 (5.5 US qt); oil pan 4.2 (4.4 US qt),L,"S-006,S-003",S-006 PDF p.37 (printed 47) ('Full cap 5.2 L'); S-003 T:2,primary,,PT001,,Applies to the 1981-82 12A with the front-mounted (below radiator) oil cooler. DISAGREES with 1985 figure below because the 1983+ 12A moved the cooler to the engine top (S-016).
SP-144,Capacities,Engine oil capacity,full 5.2 (5.5 US qt); oil pan 4.2 (4.4 US qt),L,S-038,Lubricating system,primary,,,,1983-85 12A (S-002 p.2-3): 4.6 L total with filter. Fill to the dipstick.
SP-150,Capacities,Front strut damper fluid (1980 spec),225 +5/-0 cc,cc,S-003,T:7,primary,,,,Only relevant if rebuilding original struts.
SP-160,Torque,Eccentric shaft pulley bolt,100-120 N-m (72-87 ft-lb),,"S-002,S-003",S-002 p.1-50; S-003 T:7,primary,,,,New washer when pulley removed.
SP-161,Torque,Engine tension bolts (12A),"32-38 N-m (23-27 ft-lb), oiled threads, in sequence",,"S-002,S-003",S-002 p.1-47; S-003 T:7,primary,,,,
SP-162,Torque,Flywheel / counterweight lock nut,400-500 N-m (289-362 ft-lb),,"S-002,S-003",S-002 p.1-48; S-003 T:7,primary,,,,A/T uses counterweight + drive plate.
SP-163,Torque,Drive plate to torque converter,3.5-5.0 m-kg (25-36 ft-lb); drive plate to converter weight 4.2-6.3 m-kg (30-46 ft-lb),,S-003,T:7,primary,,,,
SP-164,Torque,Converter housing to engine,3.2-4.7 m-kg (23-34 ft-lb); housing to transmission case 4.5-5.5 m-kg (33-40 ft-lb),,S-003,T:7,primary,,,,
SP-166,Torque,Oil pan bolts,"8-11 N-m (6-8 ft-lb), evenly",,"S-002,S-003",S-002 p.1-51; S-003 T:7,primary,,,,
SP-167,Torque,Oil pump sprocket nut,32-47 N-m (23-34 ft-lb),,S-002,p.1-49,primary,,,,1980 FSM 3.0-3.5 m-kg (22-25 ft-lb).
SP-168,Torque,Water pump,18-27 N-m (13-20 ft-lb),,S-002,p.1-56,primary,,,,
SP-169,Torque,Intake manifold,1.9-2.6 m-kg (14-19 ft-lb),,S-003,T:7,primary,,,,
SP-170,Torque,Oil cooler pipe (front cover side / cooler side),40-50 N-m (29-36 ft-lb) / 60-85 N-m (43-61 ft-lb),,S-002,p.1-56,primary,,,,
SP-171,Torque,Ring gear bolts,75-85 N-m (51-61 ft-lb),,"S-002,S-003",S-002 p.9-21; S-003 T:7,primary,,,,
SP-172,Torque,Pinion (companion flange) nut,"130 N-m (94 ft-lb) then tighten to set preload, max 180 N-m (130 ft-lb)",,"S-002,S-003","S-002 p.9-19; S-003 T:7 (13-18 m-kg, 94-130 ft-lb)",primary,,,,Collapsible spacer - replace if 180 N-m exceeded.
SP-173,Torque,Propeller shaft yoke to axle companion flange,3.5-3.8 m-kg (25-27 ft-lb),,S-003,T:7,primary,,,,
SP-174,Torque,Steering wheel nut,40-50 N-m (29-36 ft-lb),,S-038,"Tightening torque, steering",primary,,,,1980: 3.0-4.0 m-kg (22-29 ft-lb) (S-003 T:7).
SP-175,Torque,Pitman arm to sector shaft,15-18 m-kg (108-130 ft-lb),,S-003,T:7,primary,,,,
SP-176,Torque,Tie rod / idler / pitman to centre link and knuckle arm,3.0-4.5 m-kg (22-33 ft-lb); tie-rod lock nut 7-8 m-kg (51-58 ft-lb),,S-003,T:7-8,primary,,,,
SP-177,Torque,Steering gear housing / idler bracket to frame,4.4-5.5 m-kg (32-40 ft-lb),,S-003,T:7,primary,,,,
SP-178,Torque,Suspension arm ball joint to knuckle arm,6-8 m-kg (43-58 ft-lb),,S-003,T:8,primary,,,,
SP-179,Torque,Knuckle arm to strut,6.4-9.5 m-kg (46-69 ft-lb),,S-003,T:8,primary,,,,
SP-180,Torque,Tension rod to lower arm / to bracket,5.5-6.9 m-kg (40-50 ft-lb) / 11-15 m-kg (80-108 ft-lb),,S-003,T:8,primary,,,,1985 FSM p.13-12: tension rod nut 110-150 N-m (80-108 ft-lb) agrees.
SP-181,Torque,Front stabilizer bar to lower arm,2.4-3.5 m-kg (17-25 ft-lb),,S-003,T:8,primary,,,other-car,"1980 FSM figure. S-038 (1982) prints 12-18 against this joint, but its OCR text loses which column (N-m or ft-lb) - read the page image before using either."
SP-182,Torque,Rear upper / lower links and Watt link bracket,7.7-10.5 m-kg (56-76 ft-lb),,"S-003,S-002",S-003 T:8; S-002 p.13-15,primary,,,,Tighten with vehicle at ride height.
SP-183,Torque,Rear shock absorber to axle / Watt link to axle,6.5-8.2 m-kg (47-59 ft-lb),,"S-003,S-002",S-003 T:8; S-002 p.13-14,primary,,,,
SP-184,Torque,Brake tube union nut / flexible hose union,13-22 N-m (10-16 ft-lb) / 25-35 N-m (18-26 ft-lb),,S-038,"Tightening torque, brake",primary,,,,1980: 1.3-2.2 / 2.2-2.7 m-kg (S-003 T:8).
SP-185,Torque,"Standard bolts, 6T grade",8 mm 1.6-2.3 m-kg (12-17 ft-lb); 10 mm 3.2-4.7 (23-34); 12 mm 5.6-8.2 (41-59); 14 mm 7.7-10.5 (56-76),,S-003,T:8,primary,,,,Unless otherwise specified.
SP-186,Torque,"Standard bolts, 8T grade",8 mm 1.8-2.7 m-kg (13-20 ft-lb); 10 mm 3.7-5.5 (27-40); 12 mm 6.4-9.5 (46-69); 14 mm 10.4-14.0 (75-101),,S-003,T:8,primary,,,,
SP-187,Torque,Seat-belt anchor bolts,39-55 N-m (28.2-39.8 ft-lb),,S-002,p.0-25,primary,,,,
SP-188,Bulbs,"Headlamp, standard sealed beam (S trim)",50/40 W x 2,W,S-001,PDF p.20 (sect E),primary,lighting,,other-car,"Retractable round sealed beams; trade number not printed. The figure is 1982 (S-001) but for the S trim: this car is a GS (halogen headlamps, S-004 p.15) and now carries LED units (PT035). Aftermarket charts list H6024-size units (S-019, unverified)."
SP-189,Bulbs,"Headlamp, halogen (GS/GSL standard)",60/50 W x 2,W,"S-001,S-004",S-001 PDF p.20 ('halogen lights 60/50W'); S-004 p.15,primary,lighting,,,GS has halogen headlamps as standard equipment. Sealed-beam halogen H6054-type per S-019 (unverified).
SP-190,Bulbs,High-beam indicator (cluster),3.4 W,W,S-001,PDF p.20,primary,lighting,,,
SP-191,Bulbs,Headlamp retractor indicator (cluster),3.4 W,W,S-001,PDF p.20,primary,lighting,,,
SP-192,Bulbs,Instrument (meter) illumination,"3.4 W each, dimmer controlled (instrument panel light control E-05)",W,S-001,PDF p.20,primary,lighting,,,Quantity not stated on the diagram.
SP-193,Bulbs,Heater control illumination,1.4 W,W,S-001,PDF p.20,primary,lighting,,,
SP-194,Bulbs,Select-lever (A/T) illumination,3.4 W,W,S-001,PDF p.20,primary,lighting,,,
SP-195,Bulbs,Switch panel illumination,3.4 W,W,S-001,PDF p.20,primary,lighting,,,
SP-196,Bulbs,Cigarette lighter illumination,3.4 W,W,S-001,PDF p.20,primary,lighting,,,
SP-197,Bulbs,Radio illumination / stereo illumination,3.4 W / 1.4 W,W,S-001,PDF p.20,primary,lighting,,,
SP-198,Bulbs,Front turn signal,27 W x 2,W,S-001,PDF p.22 (sect F),primary,lighting,,,"Aftermarket trade number 1157 (dual-filament park/turn) per S-019, unverified."
SP-199,Bulbs,Rear turn signal,27 W x 2,W,S-001,PDF p.22,primary,lighting,,,S-019 lists 1156 (single filament).
SP-200,Bulbs,Turn signal indicators (cluster),3.4 W x 2,W,S-001,PDF p.22,primary,lighting,,,
SP-201,Bulbs,Stop / tail,27/8 W x 2 per side (4 bulbs),W,S-001,PDF p.22,primary,lighting,,,Dual filament; S-019 lists 1157. Stop-lamp checker monitors these.
SP-202,Bulbs,Back-up lights,27 W x 2,W,S-001,PDF p.22,primary,lighting,,,S-019 lists 1156.
SP-203,Bulbs,Licence plate lights,6 W x 2,W,S-001,PDF p.22,primary,lighting,,,S-019 lists 89.
SP-204,Bulbs,Front parking lights,8 W x 2,W,S-001,PDF p.22,primary,lighting,,,"The same bulb as the front turn signal (SP-198): one dual-filament 1157 (BAY15d, 27/8 W) per side - F-05 / F-06 'Front turn & parking light', one 3-wire connector (RG park, GR/GO turn, B ground) on the 1982 diagram p.22 (01-REFERENCE factory-circuits/1982RX7WiringDiagram.pdf); Atkins sells 0000-11-1157A for 79-91. Corrected 2026-09-23 - the earlier note said a separate bulb"
SP-205,Bulbs,Front side marker,3.8 W x 2,W,S-001,PDF p.22,primary,lighting,,,S-019 lists 194.
SP-206,Bulbs,Rear side marker,3.8 W x 2,W,S-001,PDF p.22,primary,lighting,,,
SP-207,Bulbs,Interior (dome) light,5 W,W,S-001,PDF p.26 (sect H),primary,lighting,,,Combined interior and spot (map) light unit H-06. S-019 lists DE3021 festoon.
SP-208,Bulbs,Spot (map) light,6 W,W,S-001,PDF p.26,primary,lighting,,,GS/GSL with sunroof got the map light in the dome assembly (S-006 PDF p.21 (printed 27)).
SP-209,Bulbs,Luggage compartment (cargo) light,5 W,W,S-001,PDF p.26,primary,lighting,,,
SP-210,Bulbs,Glove box light,3.4 W,W,S-001,PDF p.26,primary,lighting,,,
SP-211,Bulbs,Seat belt warning light,3.4 W,W,S-001,PDF p.26,primary,lighting,,,
SP-212,Bulbs,Ignition key cylinder illumination,3.4 W,W,S-001,PDF p.26,primary,lighting,,,
SP-213,Bulbs,"Warning lights (cluster): brake, stop-lamp, alternator, coolant level",1.4 W each,W,S-001,PDF p.16 (sect C),primary,lighting,,,
SP-214,Bulbs,Warning light (cluster): oil level,3.4 W,W,S-001,PDF p.16,primary,lighting,,,
SP-215,Fuses,"Fuse: TAIL (10 A, R wire, BATT)",10,A,S-001,PDF p.9,primary,electrical,,,"Feeds light switch for tail lights, licence lights, side marker lights, front parking lights (section F). 1982 schematic (S-001 PDF p.9). Feed: BATT = always live via MAIN link; ACC = ignition switch ACC; IG = ignition switch IG."
SP-216,Fuses,"Fuse: STOP / HORN (15 A, GW wire, BATT)",15,A,S-001,PDF p.9,primary,electrical,,,"Stop lights, horn relay and horns (section F)."
SP-217,Fuses,"Fuse: ROOM / warning (15 A, LY wire, BATT)",15,A,S-001,PDF p.9,primary,electrical,,,"Seat belt warning, ignition key reminder buzzer, ignition switch light, lights-off chime, auto clock, cigarette lighter, interior and spot light, luggage compartment light (section H)."
SP-218,Fuses,"Fuse: OPENER (20 A, LR wire, BATT)",20,A,S-001,PDF p.9,primary,electrical,,,"Glass hatch release solenoid, fuel-door release solenoid (section H)."
SP-219,Fuses,"Fuse: HAZARD / MIRROR (10 A, WG wire, BATT)",10,A,S-001,PDF p.9,primary,electrical,,,"Remote control mirrors (I), turn and hazard flasher battery feed (F), heater and A/C relay feed (G)."
SP-220,Fuses,"Fuse: BLOWER (20 A, LO wire, ACC)",20,A,S-001,PDF p.9,primary,electrical,,,"Heater and air conditioner blower, glove box light."
SP-221,Fuses,"Fuse: RADIO (20 A, LR wire, ACC)",20,A,S-001,PDF p.9,primary,electrical,,,"Radio and stereo, power antenna."
SP-222,Fuses,"Fuse: DEFOG (15 A, Y wire, ACC)",15,A,S-001,PDF p.9,primary,electrical,,,Rear window defroster.
SP-223,Fuses,"Fuse: WIPER (10 A, L wire, ACC)",10,A,S-001,PDF p.9,primary,electrical,,,Front wiper and washer; also LB feed to meters.
SP-224,Fuses,"Fuse: METER (10 A, LB wire, ACC)",10,A,S-001,PDF p.9,primary,electrical,,,Meters and warning lights (ACC side).
SP-225,Fuses,"Fuse: BACK-UP / METER (10 A, GY wire, IG)",10,A,S-001,PDF p.9 and p.16,primary,electrical,,,"Back-up lights, gauges and warning lights (instrument panel GY feed), turn-signal IG feed, auto clock, seat-belt warning."
SP-226,Fuses,"Fuse: ENGINE (15 A, BW wire, IG)",15,A,S-001,PDF p.9,primary,electrical,,,"Emission control unit, alternator IG, A/T kick-down. Ignition coils/igniters are fed directly from the BW line after the 0.5 sq link."
SP-227,Fuses,"Fuse: POWER WINDOW (30 A, BL wire, IG)",30,A,S-001,PDF p.9,primary,electrical,,,Power windows (GSL/option).
SP-228,Fuses,"Fuse: CRUISE (10 A, Br wire, IG)",10,A,S-001,PDF p.9,primary,electrical,,,Cruise control unit (option).
SP-229,Fuses,"Fuse: FUEL PUMP (10 A, BLg wire, IG via BW)",10,A,S-001,PDF p.9,primary,electrical,,,Electric fuel pump.
SP-230,Fuses,Fuse block total,15 fuses (10/15/20/30 A) plus spares; fusible links at front left suspension tower,,"S-001,S-002",S-001 PDF p.9; S-002 p.15-13,primary,electrical,,,"1985 12A block for comparison: HORN/STOP 15, HAZARD 15, TAIL/ILLUM 10, OPENER 20, CIGAR 10, RADIO/ANT 20, METER/BACK 15, ENGINE 20, POWER WIND 30, BLOWER 20, DEFOG 15, WIPER 15, R.WIPER 10, AIR COND 15."
SP-231,Charging,Ionic IC-12V40-S9H maximum charge voltage,14.6 +/- 0.1,V,S-036,,secondary,electrical,,not-fitted,"Part of 02-PROJECTS/01-electrical, not fitted - the car runs on its lead-acid battery. Recommended float 13.9 +/- 0.1 V. This matters because the factory regulated-voltage specification for this car is 14.2-15.2 V (SP-081) and the TOP of that band is above the pack's ceiling: in spec for the car and safe for the battery are not the same range. Which one this alternator sits in is measured at install (02-PROJECTS/01-electrical checks). If it is high the fix is the regulator, never the battery."
SP-232,Charging,Ionic IC-12V40-S9H discharge cut-off,8.0,V,S-036,,secondary,electrical,,not-fitted,"Part of 02-PROJECTS/01-electrical, not fitted. Output range 8.0-14.6 V. The BMS opens at the bottom of that, and a LiFePO4 gives no slow-crank warning first: it is fine, then it is dead, and it can need a charger to wake the BMS. That is what the monthly app check (PR-002) exists for and what the sleeping-current reading is measured against."
SP-233,Charging,Ionic IC-12V40-S9H self-heater - trigger and draw,not published,,S-036,,unverified,electrical,,not-fitted,"Part of 02-PROJECTS/01-electrical, not fitted. Self-heating LiFePO4 packs of this class energise the pad from an ACTIVE CHARGING SOURCE between about -20 and +5 C and stop at +10 C, and take nothing from the pack's own capacity when no charger is connected. If that holds for the S9H the heater is not on the sleeping budget at all. Ionic has not published the S9H's own figures; the electrical build has asked for them. Operating range -4 to 140 F (-20 to 60 C) is published."
SP-234,Dimensions,"Underbody: front frame basic holes (A), left to right",800 (31.50),mm (in),S-002,S-002 p.14-24 (Body checking dimensions),primary,body,,,A is the front frame basic hole on each side rail. Checked on the page: A to the opposite rear hole B is 2387.2 = sqrt(2250^2 + ((800+795)/2)^2)
SP-235,Dimensions,"Underbody: rear frame basic holes (B), left to right",795 (31.30),mm (in),S-002,S-002 p.14-24 (Body checking dimensions),primary,body,,,
SP-236,Dimensions,"Underbody: front frame basic hole (A) to rear frame basic hole (B), lengthwise",2250 (88.58),mm (in),S-002,S-002 p.14-24 (Body checking dimensions),primary,body,,,Diagonal A to the opposite B: 2387.2 (93.99)
SP-237,Dimensions,"Underbody: rear frame basic holes (C), left to right",890 (35.04),mm (in),S-002,S-002 p.14-24 (Body checking dimensions),primary,body,,,"The page gives B to C diagonals 1466.2 and 1343.6 and a 2990.4 / 3095.6 pair from a front rail point; their end points are not labelled unambiguously, so they are not transcribed - read them off the page"
SP-238,Dimensions,"Underbody: rear upper arm fixing holes (F), left to right",1048 (41.26),mm (in),S-002,S-002 p.14-24 (Body checking dimensions),primary,suspension,,,
SP-239,Dimensions,"Underbody: front frame basic hole (A) height, and fender fixing nut spacing","A 220 (8.66) above the datum line; front fender fixing nuts 1324 (52.13) apart; a third width on the same view, 1060 (41.73) - what it spans is not labelled, confirm on the page",mm (in),S-002,S-002 p.14-24 (Body checking dimensions),primary,body,,,
SP-240,Dimensions,"Underbody: l1 (engine side, from the front frame basic hole), automatic","right 897 (35.32), left 910 (35.83); lR 26.85 (1.06), lL 32.5 (1.28)",mm (in),S-002,S-002 p.14-24 (Body checking dimensions),primary,body,,,"Manual: right 932, left 945; lR 24, lL 35. The page's side view shows l1 measured lengthwise from A; what point it ends on is not legible - check on the page"
SP-241,Engine,Oil pressure at idle,70-180 (10-26),kPa (psi),S-038,S-038 T:2,primary,engine,PT001,,
SP-242,Engine,Oil pressure control valve (front cover) operating pressure,1100 (156),kPa (psi),S-038,S-038 T:2,primary,engine,PT001,,Pressure regulator valve (rear housing) 500 kPa (71.1 psi) at 3000 rpm; oil filter relief valve opens 80-120 kPa (11-17 psi).
SP-243,Engine,Oil metering pump delivery,2.0-2.4 cc per 6 min at 2000 rpm,,S-038,S-038 T:2,primary,engine,PT002,replaced,"Factory design: the metering pump feeds the carburettor. On this car the carburettor is gone and the pump is removed, its ports blocked off - the engine runs on premix."
SP-244,Engine,Eccentric shaft to alternator pulley ratio,1 : 2.08,,S-038,S-038 T:3,primary,engine,PT001,,Alternator rpm at a 750 rpm idle is about 1560.
SP-245,Charging,Alternator,"12 V 50 A, 12 poles; load test 36 A at 13.5 V below 2500 rpm; brush 18 mm, wear limit 8 mm",,S-038,S-038 T:3,primary,electrical,PT025,,Read the rating stamped on the car's own alternator before sizing the PMU charge input.
SP-246,Ignition,"Ignition coil primary resistance, leading and trailing",0.9 +/-0.09 at 20 C (68 F); coil type LB-84 or FTC-3,ohm,S-038,S-038 T:3,primary,ignition,PT013,,
SP-247,Ignition,Distributor air gap,0.5-0.9 (0.020-0.035),mm (in),S-038,S-038 T:3,primary,ignition,PT014,,
SP-248,Ignition,"Centrifugal advance, leading and trailing",starts 0 deg at 500 rpm; maximum 10 deg at 1750 rpm,,S-038,S-038 T:3,primary,ignition,PT014,,The distributor turns at eccentric-shaft speed on a rotary.
SP-249,Ignition,Vacuum advance,"leading: 0 deg at -100 mmHg, maximum 7.5 deg at -250 mmHg; trailing: 0 deg at -100 mmHg, maximum 15 deg at -400 mmHg",,S-038,S-038 T:3,primary,ignition,PT014,,
SP-250,Cooling,Cooling fan,"410 mm (16.1 in), 7 blades; fan drive below 800 rpm at 4200 engine rpm",,S-038,S-038 T:2,primary,cooling,,,Water pump pulley ratio 1 : 1.18 (T:2).
SP-251,Transmission,Torque converter stall speed,2350-2600 after break-in (2300-2550 during break-in),rpm,S-038,S-038 T:4,primary,transmission,PT054,,
SP-252,Steering,Steering gear oil,"API GL-4 SAE 90, 190 cc (0.31 US qt)",,S-038,S-038 T:6,primary,steering,PT053,,
SP-253,Brakes,Parking brake lever travel,6-8 notches at 100 N (22 lb),,S-038,S-038 T:6,primary,brakes,,,
SP-254,Torque,Steering wheel nut,40-50 N-m (29-36 ft-lb),,S-038,S-038 T:7,primary,,,,
SP-255,Torque,Front stabilizer bar to suspension lower arm,12-18 N-m (9-13 ft-lb),,S-038,S-038 T:8,primary,,,,
SP-256,Torque,Brake tube union nut / flexible hose union,13-22 N-m (9-16 ft-lb) / 25-35 N-m (18-25 ft-lb),,S-038,S-038 T:8,primary,,,,
SP-257,Charging,Output current test (1985 FSM),90% or more of nominal output at 2500-3000 engine rpm with all loads on,,S-002,"p.5-8, 5-9",primary,electrical,PT025,other-car,1985 12A procedure; no 1982 equivalent found. Nominal for this car is 50 A per S-038.
SP-258,Charging,"On-car check, key OFF (1980 FSM)",R terminal (BW) and L terminal (WB) both 0 V; B terminal equals battery voltage,V,S-045,80RX7_5 p.5:1-5:2,primary,electrical,PT025,,1980 unit has the same R/L/B/F terminals as the 1982 diagram (S-001 p.10).
SP-259,Charging,"On-car check, key ON engine stopped: L terminal voltage",about 0.5 (1980); 1-3 is normal field current (1985); near battery voltage = fault,V,"S-045,S-002",S-045 5:1; S-002 p.5-7,primary,electrical,PT025,other-car,"1980 FSM: if L reads near battery voltage, ground F to the rear bracket - L falls = regulator fault, L stays = alternator fault."
SP-260,Charging,Alternator to mounting bracket clearance,"0.15 max; shim with 0.15, 0.3 or 0.5 mm adjust shims",mm,S-045,80RX7_5 p.5:5,primary,electrical,PT025,other-car,1980 FSM installation step.
SP-261,Charging,Replacement WAI Global 12278N (new),"12 V 50 A; OE N22118300 / N22118300R00, Mitsubishi A002T21278, A002T23477, A003T21278, A005T20374",A,S-073,Alternator / Generator,secondary,electrical,PT025,,
SP-262,Charging,Replacement Pure Energy 14550 / Remy 14307 (reman),"55 A; OE N22118300, 817318300B",A,S-073,Alternator / Generator,secondary,electrical,PT025,,55 A units are listed for this car as well as 50 A; read the stamp on the car's own unit.
SP-263,Charging,Stator winding,"three-phase, star (Y) connected, feeding a 6-diode bridge",,S-001,PDF p.10 (A-08 internal),primary,electrical,PT264,,Drawn inside the 'alternator with regulator' symbol.
SP-264,Charging,Stator tests,continuity between every pair of leads; no continuity from any lead to the core,,"S-002,S-045",S-002 p.5-15; S-045 5:3,primary,electrical,PT264,,
SP-265,Charging,Stator lead unsoldering time limit,5 max (1985); 20 max (1980),s,"S-002,S-045",S-002 p.5-14; S-045 5:2,primary,electrical,PT264,other-car,Heat damages the rectifier; use a 200 W class iron.
SP-266,Charging,Rotor coil resistance between slip rings (1980 FSM),5-6,ohm,S-045,80RX7_5 p.5:4 (PDF p.6),primary,electrical,PT265,other-car,Differs from the 1985 figure 2.0-2.6 ohm (SP-082). No 1982 figure found.
SP-267,Charging,Rotor ground test,no continuity between either slip ring and the rotor core,,"S-002,S-045",S-002 p.5-15; S-045 5:4,primary,electrical,PT265,,Rough slip rings: skim on a lathe or fine sandpaper (1985).
SP-268,Charging,Replacement 6202 bearing size,15 x 35 x 11 (bore x OD x width),mm,S-073,"Alternator / Generator End Bearing (Schaeffler 62022Z, front)",secondary,electrical,PT266,,Mazda number 9960-62-202 encodes the 6202 size; check on the old bearing.
SP-269,Charging,Replacement Timken 6202-2RS load ratings,"dynamic 7600, static 3700; grease speed limit 15000 rpm; 0.050 kg",N,S-077,product page,secondary,electrical,PT266,,
SP-270,Charging,Front bearing replacement,"press in with a socket on the outer race only; pre-lubricated, no lubrication",,"S-002,S-045",S-002 p.5-13; S-045 5:5,primary,electrical,PT266,,
SP-271,Charging,Replacement 6201-2RS bearing size (slip-ring end),12 x 32 x 10 (bore x OD x width),mm,S-076,product page,secondary,electrical,PT267,,"RockAuto lists 6201-2RS types (SKF 62012RSJ, National 201CC) as commutator-end for this car; check on the old bearing."
SP-272,Charging,Replacement Timken 6201-2RS load ratings,"dynamic 6800, static 3000; grease speed limit 16000 rpm; 0.040 kg",N,S-076,product page,secondary,electrical,PT267,,
SP-273,Charging,Rear bearing fitting,"press on with the outer-race groove toward the slip rings; stopper spring in the groove, its raised part in the deepest (chamfered) part",,S-002,"p.5-13, 5-18",primary,electrical,PT267,other-car,
SP-274,Charging,Rectifier layout,"6 main diodes (3 positive, 3 negative) plus a 3-diode trio feeding L and the field",,"S-001,S-002",S-001 PDF p.10; S-002 p.5-6,primary,electrical,PT268,,
SP-275,Charging,Rectifier diode test,positive side: continuity only from diode lead to heat sink; negative side: only from heat sink to lead; trio: one direction only,,"S-002,S-045","S-002 p.5-16, 5-17; S-045 5:4",primary,electrical,PT268,,
SP-276,Charging,Replacement AS-PL ARC5017,"6 x 25 A main diodes, 80 mm mounting centres, 93.2 mm OD; crosses Mazda N221-24-510, Mitsubishi A860T06070 / MD607568, Mobiletron RM-66",,S-075,product page,secondary,electrical,PT268,,
SP-277,Charging,"Regulator check: L to R continuity, coupler off",35-100 (continuity outside this = regulator fault),ohm,S-002,p.5-7,primary,electrical,PT269,other-car,
SP-278,Charging,Adjustment voltage at L terminal,"14.7 +/- 0.5 at 20 C, about 2500 rpm, charge current under 5 A",V,S-002,"p.5-9, 5-10",primary,electrical,PT269,other-car,Overcharge test: B terminal reaching 15.5 V or more = regulator fault.
SP-279,Charging,Replacement IM204 (Transpo-type),"12 V, A-circuit, R-L terminals, 14.6 V set; crosses N221-24-520, 8173-24-520, MD607372, MD607570",V,S-074,product page,secondary,electrical,PT269,,
SP-280,Charging,Replacement SMP VR163 / Wells 1V1083,"crosses N22124520, 817324520, MD607372, MD607570",,S-073,Voltage Regulator,secondary,electrical,PT269,,
SP-281,Charging,Number of brushes,2,,S-038,T:3,primary,electrical,PT270,,
SP-282,Charging,Brush spring pressure,3.15-4.26 (11-15 oz),N,S-038,T:3,primary,electrical,PT270,,
SP-283,Charging,Brush spring pressure limit,"210 g (7.4 oz) or less = replace; new 300-440 g, measured with the brush 2 mm out",g,"S-002,S-045",S-002 p.5-16; S-045 5:5,primary,electrical,PT270,,1980 gives the same 210 g limit and 315-426 g standard; S-038 (1982) gives 3.15-4.26 N (321-434 g).
SP-284,Charging,Brush soldering,pigtail soldered so the wear-limit line stands 2-3 out of the holder,mm,S-002,p.5-14,primary,electrical,PT270,other-car,
SP-285,Charging,Replacement SMP JX106,"alternator brush; crosses 817324522, MD602783, MD607373",,S-073,Alternator / Generator Brush,secondary,electrical,PT270,,
SP-286,Charging,Rear bracket heating to free the rear bearing,"200 W iron on the bearing box 3-4 min, to 50-60 C (122-144 F)",C,S-002,"p.5-12, 5-18",primary,electrical,PT273,other-car,
SP-287,Electrical,"Starter lock test (A/T, 1982)","4.0 V, less than 1100 A, 31 N-m (22.4 ft-lb)",,S-038,T:3,primary,electrical,PT026,,"1982 figure; SP-069 is the 1980 value (5.0 V, 1050 A). M/T: 5.0 V, under 600 A, 9.6 N-m."
SP-288,Electrical,"Starter free-running test (A/T, 1982)","11.5 V, less than 100 A, more than 3500 rpm",,S-038,T:3,primary,electrical,PT026,,Confirms the 1985 figure in SP-068 for this year.
SP-289,Electrical,Number of brushes (A/T),4,,S-038,T:3,primary,electrical,PT026,,"M/T: 3. Brush length 17 mm, wear limit 11.5 mm as SP-071."
SP-290,Electrical,Starter brush spring tension (A/T),14-26 (49-92 oz),N,S-038,T:3,primary,electrical,PT026,,
SP-291,Electrical,Commutator mica undercut,0.5-0.8 (0.020-0.031 in),mm,S-038,T:3,primary,electrical,PT026,,
SP-292,Electrical,Armature shaft to bush clearance,less than 0.2 (0.008 in),mm,S-038,T:3,secondary,electrical,PT026,,"The A/T column prints '0 mm (0.008 in)', read as a misprint of the M/T 'less than 0.2 mm (0.008 in)'."
SP-293,Electrical,Armature shaft end play,0.1-0.5 (0.004-0.02 in),mm,S-038,T:3,primary,electrical,PT026,,
SP-294,Electrical,Pinion to stop-collar clearance (pinion gap),0.5-2.0 (0.020-0.079 in),mm,S-038,T:3,primary,electrical,PT026,,Set with washers between the magnetic switch and the front bracket; more washers = smaller gap (S-002 p.5-22).
SP-295,Electrical,Commutator outer diameter limit (1985 FSM),31 (1.22 in) or less = replace armature,mm,S-002,p.5-26,primary,electrical,PT026,other-car,
SP-296,Electrical,Commutator runout limit (1985 FSM),0.05 (0.002 in),mm,S-002,p.5-26,primary,electrical,PT026,other-car,
SP-297,Electrical,"Replacement Pure Energy / Remy / TerrePower 16717 (reman, A/T)","interchange N20218400, N20218400A, N20218400B, Mitsubishi M2T50581",,S-073,Starter Motor,secondary,electrical,PT026,,
SP-298,Electrical,Voltage required to close solenoid contacts,less than 8,V,S-038,T:3,primary,electrical,PT275,,1982 confirmation of SP-070 (1980).
SP-299,Electrical,Magnetic switch tests (1980 FSM),"pull-in: 12 V across S and M pulls the plunger; hold-in: with M grounded and S at 12 V, the plunger stays in when the M lead is removed; return: 12 V across M and body, plunger pushed in by hand, is not pulled",,S-045,80RX7_5 p.5:9,primary,electrical,PT275,other-car,
SP-300,Electrical,On-car check at S terminal while cranking,8 V or more at S with no action = starter fault; under 8 V = wiring fault,V,S-002,p.5-20,primary,electrical,PT275,,A hot switch may not work even at 8 V or more. S-038 (1982): the solenoid closes at less than 8 V.
SP-301,Electrical,Replacement SMP SS298 / Wells 1M1169,"3-terminal starter solenoid; interchange 887224736, 175724760, MD602074",,S-073,Starter Solenoid,secondary,electrical,PT275,,"Listed for the A/T, and for the M/T to 10/1981."
SP-302,Electrical,Number of brushes (A/T starter),4,,S-038,T:3,primary,electrical,PT278,,M/T starter has 3
SP-303,Electrical,"Brush length, standard (A/T starter)",17,mm,S-038,T:3,primary,electrical,PT278,,0.67 in; S-002 p.5-3 and p.5-27 (1985) give the same
SP-304,Electrical,"Brush spring tension, standard",14-26,N,S-038,T:3,primary,electrical,PT278,,"49-92 oz; S-002 p.5-27 (1985) gives 1.4-2.6 kg for a new brush, measured when the spring leaves the brush"
SP-305,Electrical,"Brush spring force, replace at or below",0.9,kg,S-002,5-27,primary,electrical,PT278,other-car,31.75 oz; 1985 manual only; measure with a spring balance at the moment the spring leaves the brush
SP-306,Electrical,Brush holder insulation test,no continuity between insulated brush holder and plate,,S-002,5-27,primary,electrical,PT278,,1985 manual; brush must also slide freely in its holder
SP-307,Electrical,Mica undercut depth,0.5-0.8,mm,S-038,T:3,primary,electrical,PT277,,0.020-0.031 in; S-002 p.5-3/5-26 (1985) same; 1985 says undercut when the mica depth has fallen to 0.2 mm or less
SP-308,Electrical,Armature shaft end play,0.1-0.5,mm,S-038,T:3,primary,electrical,PT277,,"0.004-0.02 in, both transmissions"
SP-309,Electrical,Commutator runout limit,0.05,mm,S-002,5-26,primary,electrical,PT277,other-car,"0.002 in; at or above this, skim on a lathe or replace; check with the armature on V blocks, bearings without play; 1985 manual"
SP-310,Electrical,"Commutator outer diameter, replace at or below",31,mm,S-002,5-26,primary,electrical,PT277,other-car,"1.22 in; 1985 manual, the text does not say which starter type it applies to"
SP-311,Electrical,Armature coil ground test,no continuity between commutator and core,,S-002,5-25,primary,electrical,PT277,,1985 manual; replace the armature if there is continuity
SP-312,Electrical,"Clearance between armature shaft and bush, limit",0.2,mm,S-038,T:3,unverified,electrical,PT286,,"M/T column reads less than 0.2 mm (0.008 in); in the A/T column the scan shows '0 mm (0.008 in)', and 0.2 is read from the inch figure; confirm on a clean copy"
SP-313,Electrical,Armature bearings (reduction starter),ball bearing at each end of armature,,S-002,"5-24, 5-28, 5-29",primary,electrical,PT286,other-car,1985 reduction starter; grease both at assembly; confirm on the car
SP-314,Electrical,Pinion gap (pinion to stop collar),0.5-2.0,mm,S-038,T:3,primary,electrical,PT282,,"0.020-0.079 in; S-002 p.5-3/5-30 (1985) same. Measure with the pinion shifted out by 12 V on S (no more than 20 s); shims between the solenoid and the front bracket set it, and more shims make the gap smaller"
SP-315,Electrical,"Pinion shaft thrust gap (axial play), max",0.5,mm,S-002,5-29,primary,electrical,PT283,other-car,"0.02 in; 1985 reduction starter; set with the adjusting washer under the centre bracket C washer, centre bracket bolt tight"
SP-316,Electrical,Overrunning clutch check,"turns freely one way, locks the other",,S-002,5-28,primary,electrical,PT283,,"1985 manual; if it turns both ways or runs rough, replace the pinion shaft assembly"
SP-317,Electrical,Assembly lubrication,grease armature shaft gear and reduction gear,,S-002,5-29,primary,electrical,PT284,other-car,1985 manual; the lubricant grade is not given
SP-318,Electrical,Assembly lubrication,grease lever sliding part; slight film on the plunger,,S-002,5-29,primary,electrical,PT285,other-car,1985 manual; the lever must face the correct way
SP-319,Electrical,Field coil open-circuit test,continuity between field connector and brush,,S-002,5-26,primary,electrical,PT276,,1985 manual; replace the yoke assembly if open
SP-320,Electrical,Field coil ground test,no continuity between field connector and yoke,,S-002,5-27,primary,electrical,PT276,,1985 manual; also replace the yoke if the field coil or core is loose
SP-321,Electrical,"Battery type, automatic transmission except California (1982 FSM)",NS70S,,S-038,T:3 (PDF p.5),primary,electrical,PT024,,"Same table: California G60-5 or Y60-5; manual except California G60-5, Y60-5 or NS70S. Agrees with the 1980 figure in SP-061 and the brochure SP-059."
SP-322,Electrical,"Battery capacity, NS70S (20-hour rate, 1982 FSM)",55,Ah,S-038,T:3 (PDF p.5),primary,electrical,PT024,,G60-5 / Y60-5: 45 Ah.
SP-323,Electrical,Battery voltage and terminal ground (1982 FSM),12,V,S-038,T:3 (PDF p.5),primary,electrical,PT024,,Negative ground.
SP-324,Electrical,"Specific gravity at 20 C, fully charged, NS70S",1.280,,S-038,T:3 (PDF p.5),primary,electrical,PT024,,G60-5 / Y60-5: 1.260.
SP-325,Electrical,"Specific gravity at 20 C, recharge at, NS70S",1.220,,S-038,T:3 (PDF p.5),primary,electrical,PT024,,G60-5 / Y60-5: 1.200.
SP-326,Electrical,"Quick charge rate (battery out, vent caps off)",6-20,A,S-002,5-5,primary,electrical,PT024,other-car,"1985 FSM: 6 A or above, max 20 A. Slow charge (caps may stay on): under 5 A. No 1982 figure found."
SP-327,Electrical,Specific gravity vs charge (1985 FSM table),1.280 = 100 %; 1.220 = 75 % (65D23L 1.230),,S-002,5-5,primary,electrical,PT024,other-car,1985 JIS batteries; the 1.280 full-charge figure matches the 1982 NS70S value.
SP-328,Electrical,Replacement Supercharge NS70: overall length,259,mm,S-078,1,secondary,electrical,PT024,,"Width 173 mm, case height 202 mm, total height 223 mm. Datasheet of a modern sealed JIS NS70, not the 1982 battery; measure the tray, check."
SP-329,Electrical,Replacement Supercharge NS70: width,173,mm,S-078,1,secondary,electrical,PT024,,
SP-330,Electrical,Replacement Supercharge NS70: total height,223,mm,S-078,1,secondary,electrical,PT024,,Case height 202 mm.
SP-331,Electrical,Replacement Supercharge NS70: cold cranking amps,615,A,S-078,1,secondary,electrical,PT024,,"70 Ah (20 h), reserve capacity 95 min, weight 17.29 kg."
SP-332,Electrical,Replacement Supercharge NS70: capacity (20-hour),70,Ah,S-078,1,secondary,electrical,PT024,,
SP-333,Electrical,"Replacement Supercharge NS70: terminal post bottom diameter, positive / negative",19.5 / 17.9,mm,S-078,1,secondary,electrical,PT024,,"SAE taper 1:9, post height 18.5 +/- 1.5 mm, polarity layout D (positive left). Charging max 14.8 V, float 13.5-13.8 V at 25 C."
SP-334,Body,Clamp nut (catalogue hardware code),999400602,,S-005,"EC p.61, fig 1850A-1",primary,electrical,PT288,,"Printed on the figure at the clamp bar; size not given, check on the car."
SP-335,Body,Carrier mounting bolt (catalogue hardware code),997960612,,S-005,"EC p.61, fig 1850A-1",primary,electrical,PT288,,"Printed on the figure at the carrier 53260; quantity not given, check on the car."
SP-336,Electrical,Cable clip fasteners (catalogue hardware codes),992761410; 992891053; 997860612,,S-005,"EC p.61, fig 1850A-1",primary,electrical,PT289,,"Printed beside clips 67290 / 67293 and the cable run; which fastener holds which clip is not legible, check on the car. 999400600 is also shown at clip 67290."
SP-337,Electrical,"Positive cable identification (1985 GS, forum)","solid black, with a branch to the fusible link box",,S-080,,unverified,electrical,PT289,other-car,Owner report on a 1985 GS; the negative there is black with a yellow tracer. Confirm on the car before disconnecting.
SP-338,Electrical,Disconnect / reconnect order,negative cable removed first and installed last,,S-002,5-5,primary,electrical,PT290,,1985 FSM warning; the 1980 FSM (S-045 sec.5 p.5:2) also says disconnect the negative cable before removing the alternator.
SP-339,Electrical,Ground X-13 locations,LH front suspension tower; under dashboard LH,,S-001,30,primary,electrical,PT027,,two B eyelets on one node; check on the car
SP-340,Electrical,"X-01 front to engine harness connector, cavities",22,count,S-001,30,primary,electrical,PT027,,"3+5+3 per row, two rows; check on the car"
SP-341,Electrical,"X-02 front to in-panel harness connector, cavities",22,count,S-001,30,primary,electrical,PT027,,"3+5+3 per row, two rows; check on the car"
SP-342,Electrical,"X-03 front to rear harness connector, cavities",22,count,S-001,30,primary,electrical,PT027,,"3+5+3 per row, two rows; check on the car"
SP-343,Electrical,Fusible link conductor size,0.3,mm2,S-001,30,primary,electrical,PT316,,"X-07 block, both brown links; the 1985 manual p15-13 gives the same sizes for 12A cars"
SP-344,Electrical,Insulation colour,brown,,S-001,30,primary,electrical,PT316,,catalogue S-005 BI-107 agrees
SP-345,Electrical,Circuits protected,retractable headlight motor; headlights,,S-001,30,primary,electrical,PT316,,block labels RETRACTOR and HEAD(LIGHT); 1985 p15-13 says RETRACTOR 0.3sq and HEADLIGHT 0.3sq
SP-346,Electrical,Catalogue rating as printed,10M OHM,,S-005,BI-107,primary,electrical,PT316,,printed as '(10M OHM)'; meaning unclear
SP-347,Electrical,Location,"front LH suspension tower, link block",,S-002,15-13,primary,electrical,PT316,other-car,1985 12A cars; S-001 X-07 only labels it 'FROM BATTERY'
SP-348,Electrical,Fusible link conductor size,1.25,mm2,S-001,"10, 30",primary,electrical,PT317,,MAIN; 1985 manual p15-13 gives the same
SP-349,Electrical,Insulation colour,black,,S-001,30,primary,electrical,PT317,,catalogue S-005 BI-107 agrees
SP-350,Electrical,Catalogue rating as printed,7M OHM,,S-005,BI-107,primary,electrical,PT317,,printed as '(7M OHM)'; meaning unclear
SP-351,Electrical,Location,"front LH suspension tower, link block",,S-002,15-13,primary,electrical,PT317,other-car,1985 12A cars
SP-352,Electrical,Fuse positions in use,15,count,S-001,30,primary,electrical,PT310,,"7 x 10 A, 4 x 15 A, 3 x 20 A, 1 x 30 A; the catalogue's '82 fuse quantities (8/5/4/1) are one more of each of 10, 15 and 20 A, which suggests spares"
SP-353,Electrical,Spare fuse positions (1985 block),4,count,S-002,15-13,primary,electrical,PT310,other-car,"1985 block drawing labels four positions 'Spare' (two in the centre column, one on each side)"
SP-354,Electrical,Location,under dash LH,,S-005,BI-107 (fig 6700A-1),primary,electrical,PT310,,figure draws it below the LH dash; check on the car
SP-355,Electrical,Rating,10,A,S-005,BI-107,primary,electrical,PT312,,
SP-356,Electrical,Positions on the '82 fuse block,7,count,S-001,30,primary,electrical,PT312,,"outputs: LB, L (ACC); Br, BLg (IG via BW); WG, R (battery); GY (IG via BY)"
SP-357,Electrical,Rating,15,A,S-005,BI-107,primary,electrical,PT313,,
SP-358,Electrical,Positions on the '82 fuse block,4,count,S-001,30,primary,electrical,PT313,,"outputs: Y (ACC); GW, LY (battery); BW (IG via BY)"
SP-359,Electrical,Rating,20,A,S-005,BI-107,primary,electrical,PT314,,
SP-360,Electrical,Positions on the '82 fuse block,3,count,S-001,30,primary,electrical,PT314,,"outputs: LO, LR (ACC); LR (battery)"
SP-361,Electrical,Rating,30,A,S-005,BI-107,primary,electrical,PT315,,
SP-362,Electrical,Positions on the '82 fuse block,1,count,S-001,30,primary,electrical,PT315,,outputs: BL (IG via BW) power windows
SP-363,Electrical,Contact type,"normally open, single",,S-001,22,primary,electrical,PT300,,
SP-364,Electrical,Supply fuse,15,A,S-001,"22, 30",primary,electrical,PT300,,"WR -> 15 A -> GW, shared with stop lamps"
SP-365,Electrical,Location,under dash LH beside the CPU,,S-005,BI-101 (fig 6630A-1),primary,electrical,PT300,,the 1985 manual p15-11 agrees; check on the car
SP-366,Electrical,Supply fuse (radio/antenna),20,A,S-001,24,primary,electrical,PT307,,accessory-side 20 A -> LR; 1985 p15-75 also calls it the radio or antenna fuse (20 A)
SP-367,Electrical,"Continuity, relay terminals a-c at rest",yes,,S-002,15-75,primary,electrical,PT307,other-car,1985 relay; a-c corresponds to LR-R on the 1982 connector if the pin layout is the same - confirm
SP-368,Electrical,"Continuity, relay terminals e-g at rest",yes,,S-002,15-75,primary,electrical,PT307,other-car,corresponds to LY-B on the 1982 connector - confirm
SP-369,Electrical,"Coil continuity, meter (-) on b, (+) on h",yes,,S-002,15-75,primary,electrical,PT307,other-car,"diode in series with the coil, so the check is polarity-dependent; b/h correspond to LG/LR on the 1982 connector - confirm"
SP-370,Electrical,Harness check: L to ground,"battery voltage with radio ON, key at ACC",,S-002,15-75,primary,electrical,PT307,other-car,
SP-371,Electrical,Harness check: R to ground,"battery voltage with radio OFF, key at ACC",,S-002,15-75,primary,electrical,PT307,other-car,
SP-372,Electrical,"Motor test: + on L, - on R",mast UP,,S-002,15-75,primary,electrical,PT307,other-car,
SP-373,Electrical,"Motor test: + on R, - on LY",mast DOWN,,S-002,15-75,primary,electrical,PT307,other-car,
SP-374,Electrical,Connector cavities,8,count,S-001,24,primary,electrical,PT307,,"7 used, 1 not used; check on the car"
SP-375,Electrical,Location,under dash LH beside the horn relay and CPU,,S-002,15-11,primary,electrical,PT307,other-car,
SP-376,Electrical,Identity,hot start relay (3-point relay),,S-083,,secondary,electrical,PT308,replaced,seller listing; the catalogue location agrees; confirm on the car
SP-377,Electrical,Contact type,"normally open, single",,S-001,10,primary,electrical,PT308,replaced,A-03 hot start relay
SP-378,Electrical,Connector cavities,6,count,S-001,10,primary,electrical,PT308,replaced,4 used; confirm on the car
SP-379,Electrical,Location,LH front engine bay beside the choke & check relay,,S-005,BI-101 (fig 6630A-1),primary,electrical,PT308,replaced,1985 p15-11 shows the 12A hot start relay in the same place; confirm on the car
SP-380,Electrical,Fusible link conductor size,0.5,mm2,S-001,10,primary,electrical,PT322,,"A-02 fusible link, printed '0.5sq'; check on the car"
SP-381,Electrical,Fusible link colour code,G (green),,S-001,10,primary,electrical,PT322,,printed '(G)' on the A-02 connector detail; check on the car
SP-382,Electrical,Connector X-01 (front to engine harness) cavities,22,count,S-001,30,primary,electrical,PT321,,"two rows of 3+5+3; 20 wired, 2 unused (dot view); check on the car"
SP-383,Electrical,Connector X-03 (front to rear harness) cavities,22,count,S-001,30,primary,electrical,PT318,,"two rows of 3+5+3; 21 wired, 1 unused; check on the car"
SP-384,Electrical,Connector X-02 (front to inpane harness) cavities,22,count,S-001,30,primary,electrical,PT325,,"two rows of 3+5+3, all 22 wired; check on the car"
SP-385,Electrical,Connector X-12 (front to inpane harness) cavities,10,count,S-001,30,primary,electrical,PT325,,"2 rows of 5, plus a separate 2-pin connector (RL, GL); check on the car"
SP-386,Electrical,Connector X-10 (to transmission harness) cavities,6,count,S-001,30,primary,electrical,PT323,,"A/T version; plus X-17, two 1-pin connectors (BL, BY); check on the car"
SP-387,Brakes,"Level sensor continuity, float below MIN",continuity,,S-002,15-24,primary,electrical,PT562,other-car,1985 workshop manual Section 15; no 1982 figure found
SP-388,Brakes,"Level sensor continuity, float above MAX",none,,S-002,15-24,primary,electrical,PT562,other-car,1985 workshop manual Section 15
SP-389,Brakes,Warning circuit test,jumper BR to B with the engine running and parking brake released: BRAKE lamp lights,,S-002,15-24,primary,electrical,PT562,other-car,1985 workshop manual Section 15
SP-390,Electrical,Warning lamp it lights (brake warning light),1.4,W,S-001,16,primary,electrical,PT562,,Section C; shared with parking brake switch C-04 and brake warning light checker C-03
SP-391,Electrical,"Warning circuit feed fuse (meter, GY)",10,A,S-001,16,primary,electrical,PT562,,"IG BY through X-04 10 A to GY, then the lamp to BR"
SP-392,Electrical,"Circuit fuse (DEFOG, Y wire)",15,A,S-001,24,primary,electrical,PT036,,"X-04 fuse block, ACC side (L feed from the ignition switch ACC terminal) (S-001 p24, p30)"
SP-393,Electrical,Defroster indicator lamp,3.4,W,S-001,24,primary,electrical,PT036,,"Lamp in the combination meter on LG via X-05, not in the switch"
SP-394,Electrical,Relay in circuit,none - switch carries grid current,,S-001,24,primary,electrical,PT036,,
SP-395,Electrical,Switch continuity test,"continuity pressed ON, none OFF",,S-002,15-35,primary,electrical,PT036,,1985 workshop manual
SP-396,Electrical,Replacement Atkins Rotary B001-66-460: availability,"NLA, listed at 45 USD",,S-089,web,secondary,electrical,PT036,,Atkins lists fitment 1981-83
SP-397,Electrical,"Filament centre voltage, switch ON",6,V,S-002,15-35,primary,electrical,PT037,,"Same figure (approx. 6 V) in the 1980 manual S-045 Section 15 p15:5; near 12 V = break on the negative side, near 0 V = break on the positive side"
SP-398,Electrical,Repair paint,Mazda silver paint 2835-77-600,,S-002,15-35,primary,electrical,PT037,,S-045 (1980) p15:5 gives the same part number and names it Dupont No. 4817
SP-399,Electrical,Repair paint drying,"24 h at 20 C, or 30 min at 60 C",,S-002,15-35,primary,electrical,PT037,,also S-045 p15:5
SP-400,Electrical,Circuit fuse,15,A,S-001,24,primary,electrical,PT037,,
SP-401,Electrical,Ground point,X-15 via D-07 (or X-18 without rear wiper),,S-001,24,primary,electrical,PT037,,check on the car
SP-402,Electrical,Functions in the unit,"turn/hazard flasher, intermittent wiper relay, lights-off reminder oscillator, ignition switch light timer, buzzer, seat belt timer, noise suppressor",,S-006,24,primary,electrical,PT301,,"1981 training manual; the 1982 wiring diagram S-001 (sections D, F, H) draws the same functions on the one unit X-16"
SP-403,Electrical,Location,"under the dashboard, driver's side",,S-006,24,primary,electrical,PT301,other-car,1981 training manual; rx7club: by the hood release
SP-404,Electrical,Connector,X-16: 17-way plus separate 1-way (GB),,S-001,30,primary,electrical,PT301,,check on the car
SP-405,Electrical,Ground check,continuity between B (terminal J) and body,,S-002,15-33,primary,electrical,PT301,other-car,1985 workshop manual
SP-406,Electrical,Turn signal test,battery voltage on GW with turn switch on and IG ON; flashing signal on GB,,S-002,15-32,primary,electrical,PT301,other-car,1985 workshop manual
SP-407,Electrical,Intermittent wiper test,ground LO with IG ON: wiper runs intermittently; else check L and LW voltage,,S-002,15-45,primary,electrical,PT301,other-car,1985 workshop manual
SP-408,Electrical,Seat belt warning lamp on-time,6,s,S-002,15-25,primary,electrical,PT301,other-car,about 6 s; 1985 workshop manual
SP-409,Electrical,Seat belt warning lamp,3.4,W,S-001,26,primary,electrical,PT301,,
SP-410,Electrical,Ignition switch light,3.4,W,S-001,26,primary,electrical,PT301,,timed by the CPU on GL
SP-411,Electrical,Flasher load per side (front 27 W + rear 27 W + indicator 3.4 W),57.4,W,S-001,22,primary,electrical,PT301,,sum of the bulb ratings on the diagram
SP-412,Electrical,"Hazard feed fuse (WG, constant)",10,A,S-001,22,primary,electrical,PT301,,
SP-413,Electrical,"Turn feed fuse (GY, ignition)",10,A,S-001,22,primary,electrical,PT301,,
SP-414,Electrical,"Wiper / INT feed fuse (L, accessory)",10,A,S-001,18,primary,electrical,PT301,,
SP-415,Electrical,Replacement Atkins Rotary FA02-67-577: availability,"out of stock, listed at 199 USD, fitment 1981-85",,S-088,web,secondary,electrical,PT303,,"conflicts with the catalogue, which limits FA02-67-577 to '81 serials to 503735 (S-005 BI-101-11)"
SP-416,Electrical,Connector C-10 cavities used,"6-way: G, YB, LR, YR (two of six cavities not used); B on a separate 1-way",,S-001,16,primary,electrical,PT305,,check on the car
SP-417,Electrical,Replacement Atkins Rotary FA30-67-690A: availability,"NLA, listed at 70 USD, fitment 1981-85",,S-087,web,secondary,electrical,PT305,,
SP-418,Electrical,Location,left front fender near the battery,,S-087,web,secondary,electrical,PT305,,the 1985 relay location figure (S-002 p15-11) also shows the oscillator at the left front; check
SP-419,Electrical,Wiper switch INT position contacts,AS-SWL and INT-E closed,,S-002,15-15,primary,electrical,PT029,other-car,1985 combination switch table: INT grounds the CPU LO line
SP-420,Electrical,"Horn circuit fuse (HORN STOP, GW)",15,A,S-001,22,primary,electrical,PT473,,shared with stop lights
SP-421,Electrical,Switching,ground-side: contact grounds the horn relay coil,,S-001,22,primary,electrical,PT473,,
SP-422,Electrical,"Meter circuit fuse (X-04, IG side, GY out)",10,A,S-001,16,primary,electrical,PT614,,
SP-423,Electrical,Harness connectors to the cluster,"X-05 and X-06, round 13-cavity with centre key",,S-001,30,primary,electrical,PT614,,cavity count read from the connector face drawing; check on the car
SP-424,Electrical,Voltmeter scale,8 to 16,V,S-002,15-18,secondary,electrical,PT614,other-car,"1985 Section 15; the 1982 cluster also has a voltmeter (S-001 p16), scale confirm"
SP-425,Electrical,Voltmeter allowable indication error,2 needle widths,,S-002,15-18,secondary,electrical,PT614,other-car,1985 Section 15
SP-426,Electrical,Gauge test tool (resistance checker),49 0839 285,,S-045,15:6,secondary,electrical,PT614,,1980 Section 15; same tool in 1985 S-002 p15-19
SP-427,Electrical,Tachometer allowable range at 1000 rpm,880 to 1060,rpm,S-002,15-18,secondary,electrical,PT620,other-car,"1985 Section 15, at 20 C; tester on the ignition coil negative terminal"
SP-428,Electrical,Tachometer allowable range at 2000 rpm,1970 to 2150,rpm,S-002,15-18,secondary,electrical,PT620,other-car,"1985, at 20 C"
SP-429,Electrical,Tachometer allowable range at 3000 rpm,2964 to 3216,rpm,S-002,15-18,secondary,electrical,PT620,other-car,"1985, at 20 C"
SP-430,Electrical,Tachometer allowable range at 4000 rpm,3976 to 4264,rpm,S-002,15-18,secondary,electrical,PT620,other-car,"1985, at 20 C"
SP-431,Electrical,Tachometer allowable range at 5000 rpm,4988 to 5312,rpm,S-002,15-18,secondary,electrical,PT620,other-car,"1985, at 20 C"
SP-432,Electrical,Tachometer allowable range at 6000 rpm,6000 to 6360,rpm,S-002,15-18,secondary,electrical,PT620,other-car,"1985, at 20 C"
SP-433,Electrical,Tachometer allowable range at 7000 rpm,6965 to 7455,rpm,S-002,15-18,secondary,electrical,PT620,other-car,"1985, at 20 C"
SP-434,Electrical,Speedometer allowable range at 10 mph,9.0 to 11.5,mph,S-002,15-18,secondary,electrical,PT621,other-car,1985 Section 15
SP-435,Electrical,Speedometer allowable range at 30 mph,27.0 to 34.5,mph,S-002,15-18,secondary,electrical,PT621,other-car,1985 Section 15
SP-436,Electrical,Speedometer allowable range at 60 mph,54.0 to 69.0,mph,S-002,15-18,secondary,electrical,PT621,other-car,1985 Section 15
SP-437,Electrical,Speedometer allowable range at 90 mph,81.0 to 103.5,mph,S-002,15-18,secondary,electrical,PT621,other-car,1985 Section 15
SP-438,Electrical,Fuel gauge test: checker resistance for F,7,ohm,S-045,15:6,secondary,electrical,PT623,,1980 Fig 15-19; 1985 S-002 p15-19 gives the same 7 / 32.5 / 95
SP-439,Electrical,Fuel gauge test: checker resistance for 1/2,32.5,ohm,S-045,15:6,secondary,electrical,PT623,,1980 and 1985 agree
SP-440,Electrical,Fuel gauge test: checker resistance for E,95,ohm,S-045,15:6,secondary,electrical,PT623,,1980 and 1985 agree
SP-441,Electrical,Temperature gauge test: checker resistance at H,16,ohm,S-045,15:6,secondary,electrical,PT623,,1980 Fig 15-20; 1985 S-002 p15-20 gives 16.1
SP-442,Electrical,"Temperature gauge test: checker resistance, upper normal mark",21,ohm,S-045,15:6,secondary,electrical,PT623,,1980; 1985 gives 21.1
SP-443,Electrical,"Temperature gauge test: checker resistance, lower normal mark",104,ohm,S-045,15:6,secondary,electrical,PT623,,1980; 1985 gives 104.1
SP-444,Electrical,Temperature gauge test: checker resistance at C,233,ohm,S-045,15:6,secondary,electrical,PT623,,1980 and 1985 agree
SP-445,Electrical,Gauge settling time before judging,2,min,S-045,15:6,secondary,electrical,PT623,,1980; tolerance about 2 needle widths (1985 says twice the needle width)
SP-446,Lighting,"Factory rating (meter illumination, oil level, high beam, retractor indicators)",3.4,W,S-001,"16, 20",primary,electrical,PT626,,
SP-447,Lighting,Replacement Eiko 194: current at 14 V design voltage,0.27,A,S-093,1,secondary,electrical,PT626,,
SP-448,Lighting,Replacement Eiko 194: base and bulb,"W2.1x9.5d miniature wedge, T3-1/4, C-2F filament",,S-093,1,secondary,electrical,PT626,,
SP-449,Lighting,Replacement Eiko 194: max overall length,26.9,mm,S-093,1,secondary,electrical,PT626,,"MOD 10.2 mm, LCL 14.2 mm"
SP-450,Lighting,Replacement Eiko 194: light output,25,lm,S-093,1,secondary,electrical,PT626,,rated life 2500 h
SP-451,Lighting,"Factory rating (brake, stop light, alternator, coolant level warning lamps)",1.4,W,S-001,16,primary,electrical,PT627,,
SP-452,Lighting,Replacement Eiko 74: current at 14 V design voltage,0.1,A,S-094,1,secondary,electrical,PT627,,
SP-453,Lighting,Replacement Eiko 74: base and bulb,"W2.1x4.9d sub-miniature wedge, T1-3/4, C-2F filament",,S-094,1,secondary,electrical,PT627,,
SP-454,Lighting,Replacement Eiko 74: max overall length,20.3,mm,S-094,1,secondary,electrical,PT627,,"MOD 5.9 mm, LCL 10.2 mm"
SP-455,Lighting,Replacement Eiko 74: light output,8.8,lm,S-094,1,secondary,electrical,PT627,,rated life 1000 h
SP-456,Lighting,"Bulb held (figure callout 75115, Mazda 0000-11-0194, trade 194)",3.4,W,S-005,"BI p49, fig 5540A-1",primary,electrical,PT628,,The figure pairs socket 55261 with bulb 75115; the rows give 75115 = 0000-11-0194 (A12V 3.4W). Check on the car which of the cluster positions use this socket.
SP-457,Lighting,Quantity in the cluster,9,pcs,S-005,"BI p49, fig 5540A-1",primary,electrical,PT628,,Matches the 9 bulbs 0000-11-0194 in the same figure.
SP-458,Lighting,Bulb base accepted (from the 194 bulb),T-3 1/4 wedge,,S-095,194 bulb page,secondary,electrical,PT628,,"Derived from the bulb the catalogue fits (194); the 194 is a T-3 1/4 glass wedge, 14 V 0.27 A. Check on the car."
SP-459,Lighting,"Bulb held (figure callout 75115A, Mazda 0000-11-0074, trade 74)",1.4,W,S-005,"BI p49, fig 5540A-1",primary,electrical,PT629,,The figure pairs socket 55261A with bulb 75115A; the rows give 75115A = 0000-11-0074 (1.4W). The S-001 decode also gives the warning lamps as 1.4 W. Check on the car.
SP-460,Lighting,Quantity in the cluster,6,pcs,S-005,"BI p49, fig 5540A-1",primary,electrical,PT629,,Eight 74 bulbs are listed against six of these sockets; where the other two sit is not shown (check on the car).
SP-461,Electrical,Supply fuse (LY constant bus),15,A,S-001,PDF p.26,primary,electrical,PT630,,"X-04 15 A off WR; shared with interior light, lighter, clock, luggage light"
SP-462,Electrical,Supply fuse (LY constant bus),15,A,S-001,PDF p.26,primary,electrical,PT631,,works with the key out; the 1985 fuse card shows 10 A CIGAR (other car)
SP-463,Electrical,"Supply fuse (WG, constant)",10,A,S-001,"PDF p.28, p.22",primary,electrical,PT634,,"X-04 10 A off WR (p.28); the hazard feed WG is drawn off a 10 A WR fuse too (p.22), read as the same fuse; check on the fuse block"
SP-464,Electrical,"Switch continuity, left mirror selected","UP: c-d-f, a-b; DOWN: c-b-f, a-d; LEFT: c-d, a-b; RIGHT: c-b, a-d",,S-002,Section 15 p.15-42,primary,electrical,PT634,other-car,"1985 switch letters: a=B ground, b=Lg LH motor, c=feed, d=LgB motor common, e=LgR RH motor, f=LgY solenoids. 1982 uses the same wire colours (S-001 p.28); confirm that the switch is the same"
SP-465,Electrical,"Switch continuity, right mirror selected","UP: c-d-f, a-e; DOWN: c-e-f, a-d; LEFT: c-d, a-e; RIGHT: c-e, a-d",,S-002,Section 15 p.15-42,primary,electrical,PT634,other-car,same letters as the left-side row
SP-466,Electrical,Mirror connector continuity (motor pins a-b and solenoid pins c-d),a-b yes; c-d yes; a-c no; b-d no,,S-002,Section 15 p.15-41,primary,electrical,PT634,other-car,mirror side test that goes with the switch; 1985
SP-467,Electrical,"Supply fuse (LR constant, OPENER)",20,A,S-001,PDF p.26,primary,electrical,PT635,,shared with the glass-hatch release; 1985 card calls it 20 A OPENER (S-002 p.15-13)
SP-468,Electrical,Switch check,"continuity when pulled ON, none when OFF; LR to ground shows battery voltage with the switch unplugged",,S-002,Section 15 p.15-38 to 15-39,primary,electrical,PT635,,1985 procedure; same wires LR/GB as 1982 S-001 p.26
SP-469,Electrical,"Supply fuse (rear wiper and washer, L ignition)",10,A,S-001,PDF p.18,primary,electrical,PT637,,fuse feeds the motors; the switch works on the ground side
SP-470,Electrical,Tail/park feed fuse to the light switch (R),10,A,S-001,"PDF p.20, p.22",primary,electrical,PT638,,"headlight side is fed WG through a 0.3 sq fusible link, not a fuse"
SP-471,Electrical,Hazard feed fuse (WG) and turn feed fuse (GY),10,A,S-001,PDF p.22,primary,electrical,PT638,,"two separate 10 A fuses; hazard constant, turn on ignition"
SP-472,Body,Steering wheel nut torque (the wheel comes off to change the switch),40-50,N·m,S-038,T:7,primary,electrical,PT638,,29-36 ft-lb
SP-473,Electrical,"Light, dimmer and passing switch continuity","OFF: A-D (passing ON adds E-H); PARK: A-B-D (passing ON adds E-H); HEAD LOW: E-C-I, A-B; HEAD HIGH: E-C-H, A-B",,S-045,80RX7_15 p.15:9 (PDF p.11),primary,electrical,PT638,other-car,"1980 switch leads: A RL, B RG, C LR, D LY, E WR, H RW, I RB, F/G/J not used. The 1982 harness colours differ (S-001 E-01: R, WG, RW, R, GL, RL, RY, RG), so the 1982 switch may be wired differently; confirm on the part"
SP-474,Electrical,Turn signal and hazard switch continuity,"Hazard OFF: left D-E, F-H; neutral D-E; right D-E, F-G. Hazard ON: C-E, F-G-H",,S-045,80RX7_15 p.15:9 (PDF p.11),primary,electrical,PT638,other-car,"1980 leads: A G, B not used, C WL, D GY, E WG, F GR, G GW, H GB. 1982 F-02 carries WG, GW, GY, GR, GO, GB; confirm"
SP-475,Electrical,Wiper and washer switch continuity,"INT: A-B, D-F; OFF: A-B; LOW: B-F; HIGH: C-F; washer ON: E-F",,S-045,80RX7_15 p.15:9 (PDF p.11),primary,electrical,PT640,other-car,"1980 leads: A Y, B W, C R, D G, E L, F B (ground). 1982 D-03 carries B, LO, LY, LR, LG, LW; confirm"
SP-476,Electrical,"Horn relay fuse (GW, shared with stop lamps)",15,A,S-001,PDF p.22,primary,electrical,PT642,,the horn contact only switches relay coil current
SP-477,Electrical,Horn current (adjusted),3.0,A,S-045,80RX7_15_Body_Electrical.pdf p15:5 (PDF p7),primary,electrical,PT647,other-car,"tolerance +/- 0.5 A at 12 V; set with the adjusting screw, each horn separately, tone checked as a pair. 1980 manual; no 1982 figure found in S-038"
SP-478,Electrical,Circuit fuse (shared with stop lights),15,A,S-001,p22 (section F),primary,electrical,PT647,,GW from the 15 A fuse feeds relay F-16; horns sound on GY
SP-479,Electrical,Horn current (adjusted),3.0,A,S-045,80RX7_15_Body_Electrical.pdf p15:5 (PDF p7),primary,electrical,PT648,other-car,"tolerance +/- 0.5 A at 12 V; set with the adjusting screw, each horn separately, tone checked as a pair. 1980 manual; no 1982 figure found in S-038"
SP-480,Electrical,Circuit fuse (shared with stop lights),15,A,S-001,p22 (section F),primary,electrical,PT648,,GW from the 15 A fuse feeds relay F-16; horns sound on GY
SP-481,Electrical,Power window circuit fuse,30,A,S-001,p28 (section I),primary,electrical,PT646,not-fitted,"X-04 30 A fuse, BW from ignition switch IG in, BL out to both switches; not fitted on this car"
SP-482,Electrical,"Supply at switch connector, ignition ON",battery voltage,V,S-002,Section 15 p15-37,primary,electrical,PT646,other-car,"measure BL to body ground; B must show continuity to ground. 1985 manual (one 6-pin switch there, not the 1982 pair of 4-pin switches)"
SP-483,Electrical,"Actuator solenoid coil resistance (a-b, a-c, a-d)",25-35,ohm,S-002,Section 15 p15-53,primary,electrical,PT650,other-car,a = common; 1985 manual. 1982 actuator FA43-66-310B not confirmed identical
SP-484,Electrical,Actuator test with ACC checker: engine speed held,2000-3000,rpm,S-002,Section 15 p15-51,primary,electrical,PT650,other-car,"slide switch H, check switch ON with engine running; release above 4000 rpm (p15-53). Needs the ACC checker 49 9200 010"
SP-485,Engine,Actuator cable free play (12A),7-13,mm,S-002,Section 15 p15-51,primary,electrical,PT651,other-car,pressed lightly at the cable with 100-200 g; set at the adjusting nut. 13B: 6-11 mm
SP-486,Electrical,Cruise control unit fuse,10,A,S-001,p14 (section B),primary,electrical,PT652,not-fitted,"X-04 10 A fuse from BW (IG) feeds Br to main switch, stop switch and clutch switch"
SP-487,Electrical,Unit connector,13,cavities,S-001,p14 (section B),primary,electrical,PT652,not-fitted,"B-25, 12 wires, one cavity marked not used (6 cavities top row, 7 bottom)"
SP-488,Lighting,Main switch indicator lamp,3.4,W,S-001,p14 (section B),primary,electrical,PT654,not-fitted,"lamp inside the C.C. main switch B-31, grounded on B. The 1985 main switch has two 1.4 W lamps (S-002 15-49)"
SP-489,Lighting,Radio illumination lamp,3.4,W,S-001,p20 (Section E),primary,electrical,PT655,,"fed RG from the combination switch tail circuit, not the dimmed RL bus; check the bulb in the unit"
SP-490,Electrical,"Supply fuse (X-04, shared with power antenna relay and main amp)",20,A,S-001,p24 (Section G),primary,electrical,PT655,,L (ACC) bus -> X-04 20 A -> LR
SP-491,Electrical,"Speakers in the GS standard system (AM/FM stereo radio with 4 speakers, power amplifier and fader control)",4,count,S-004,p15,primary,electrical,PT655,,"1982 US brochure, RX-7 GS standard equipment"
SP-492,Electrical,"AM antenna trimmer adjustment: ACC, antenna fully extended, tune a weak station near",1400,kHz,S-002,"Section 15, 15-66 and 15-71",primary,electrical,PT655,other-car,"1985 manual; turn the trimmer screw for maximum sensitivity; the '82 unit's trimmer position not documented, confirm"
SP-493,Electrical,"Back-up (memory) lead check: voltage to ground while tuning, engine on and off, higher than about",8,V,S-002,"Section 15, 15-74",primary,electrical,PT655,other-car,1985 electronic-tuner only; the '82 full-control radio has no back-up lead in S-001 p24
SP-494,Electrical,Rated output per channel,5,W,S-005,"BI p105 (6680A-2, 66920A)",primary,electrical,PT660,,"Clarion 0000-81-142C, 5 W x 2, '81 & '82 GS"
SP-495,Electrical,Output channels,2,count,S-005,"BI p105 (6680A-2, 66920A)",primary,electrical,PT660,,rear LH and rear RH (S-001 p24)
SP-496,Electrical,Rated output per channel,25,W,S-005,"BI p105 (6680A-2, 66920E)",primary,electrical,PT661,,"Clarion 0000-81-0287-83, 25 W x 2; listed GS & GSL without a year"
SP-497,Electrical,Output channels,2,count,S-005,"BI p105 (6680A-2, 66920E)",primary,electrical,PT661,,
SP-498,Electrical,"Speaker nominal size, dual cone",4,in,S-005,"BI p105 (6680A-2, 66960C)",primary,electrical,PT662,,about 102 mm nominal trade size; check cut-out on the car
SP-499,Electrical,"Speaker power rating, nominal (25 W max quoted)",5,W,S-104,thread,unverified,electrical,PT662,other-car,"forum post about first-gen OEM speakers, year not stated; measure"
SP-500,Electrical,"Rear speaker nominal size, single cone (0000-81-0643)",5,in,S-005,"BI p105 (6680A-2, 66970)",primary,electrical,PT664,,one of two alternatives; GS most likely per S-004 p15; check
SP-501,Electrical,"Rear speaker nominal size, coaxial (0000-81-5216-01)",6.5,in,S-005,"BI p105 (6680A-2, 66970)",primary,electrical,PT664,,the alternative; S-004 p15 lists 2-way coaxial rears for GSL
SP-502,Electrical,"DIN cord to rear amp, 1985 pinout: 1 out R-R+, 2 battery (amp), 3 out R-L+, 4 out R-R-, 5 out R-L-, 6 ground, E shield",6,pins+shield,S-002,"Section 15, 15-64 and 15-65",primary,electrical,PT657,other-car,1985 AM/FM-MPX tuner to rear amp (System 3); '82 pinout not documented; confirm
SP-503,Electrical,Diodes fitted,2,count,S-005,"BI p105 (6680A-2, 67242A)",primary,electrical,PT667,,one per head lamp retractor motor per the figure inset; check
SP-504,Electrical,"Fuse feeding the power antenna (X-04 fuse block, LR circuit, fed by the switched L line from the ignition switch X-08, not always live)",20,A,S-001,24,primary,electrical,PT668,,Shares the fuse with the stereo/radio and main amp (S-001 p24); the 1985 manual (S-002 p15-75) calls it the radio or antenna fuse (20 A) and tests with the key at ACC
SP-505,Electrical,Motor bench test: raises the mast with battery + on L and - on R (motor connector),12,V,S-002,15-75,primary,electrical,PT668,other-car,"1985 manual; the 1982 motor G-02 carries the same L, LY and R wires on S-001 p24; confirm"
SP-506,Electrical,Motor bench test: lowers the mast with battery + on R and - on LY (motor connector),12,V,S-002,15-75,primary,electrical,PT668,other-car,1985 manual; the wires match S-001 p24 G-02; confirm
SP-507,Electrical,Relay check at the harness-side antenna connector: battery voltage from L to ground with the radio ON (key at ACC),12,V,S-002,15-75,primary,electrical,PT671,other-car,"1985 manual (connector J-02); if not present, replace the relay"
SP-508,Electrical,Relay check at the harness-side antenna connector: battery voltage from R to ground with the radio OFF (key at ACC),12,V,S-002,15-75,primary,electrical,PT671,other-car,1985 manual (connector J-02)
SP-509,Electrical,"Fuse feeding the front washer and wiper (X-04 fuse block, LB circuit, ignition IG)",10,A,S-001,18,primary,electrical,PT038,,
SP-510,Electrical,Front washer motor check: battery voltage on the feed wire with the ignition ON; motor runs when the switched wire is grounded,12,V,S-002,15-45,primary,electrical,PT038,other-car,"1985 manual names the feed L and the switched wire LY (connector D-02). The 1982 feed is LB (S-001 p18). If the pump does not run with LY grounded, replace it"
SP-511,Electrical,Replacement Mazda 8532-76-672 (current supply): fits 1979-94 RX-7; shipping weight,0.3,lb,S-106,,secondary,electrical,PT038,,"Atkins Rotary, 99 USD, in stock; Mazdatrix sells the same number at 48.39 USD"
SP-512,Electrical,"Wiping speed, LOW (motor test, no load)",43-60,rpm,S-045,80RX7_15_Body_Electrical p15:4 (15-B-3),primary,electrical,PT678,other-car,1980 workshop manual; no 1982 figure found (S-038 has no body-electrical table). Same 1979-85 motor family; confirm
SP-513,Electrical,"Wiping speed, HIGH (motor test, no load)",62-95,rpm,S-045,80RX7_15_Body_Electrical p15:4 (15-B-3),primary,electrical,PT678,other-car,1980 workshop manual; HIGH must exceed LOW by more than 15 rpm; confirm
SP-514,Electrical,"No-load current, LOW",4,A max,S-045,80RX7_15_Body_Electrical p15:4 (15-B-3),primary,electrical,PT678,other-car,less than 4 A; 1980 workshop manual; confirm
SP-515,Electrical,"No-load current, HIGH",4,A max,S-045,80RX7_15_Body_Electrical p15:4 (15-B-3),primary,electrical,PT678,other-car,less than 4 A; 1980 workshop manual; confirm
SP-516,Electrical,Bench test: HIGH speed,"battery + to L, ground LR",,S-045,80RX7_15_Body_Electrical p15:4,primary,electrical,PT678,,"1980 table: ground terminal A (LR), power terminal D (L), ammeter between battery and D. 1985 manual (S-002 15-45) gives the same test with its own letters: + to A, - to C for high (- to B for low); it names no wire colours. Wire colours match the 1982 connector in S-001 p18"
SP-517,Electrical,Bench test: LOW speed,"battery + to L, ground LW",,S-045,80RX7_15_Body_Electrical p15:4,primary,electrical,PT678,,"1980 table: ground terminal C (LW), power D (L). Same in S-002 15-45"
SP-518,Electrical,Bench test: auto stop,"battery + to L, ground B, jumper LB to LW",,S-045,80RX7_15_Body_Electrical p15:4,primary,electrical,PT678,other-car,"1980 table: ground E (B), power D (L), jumper between B (LB) and C (LW); motor must stop with blades at the park position"
SP-519,Electrical,Circuit fuse,10,A,S-001,18 (Section D),primary,electrical,PT678,,IG-switched through fuse X-04 10 A; check on the car
SP-520,Electrical,Speeds,2 + intermittent,,S-001,18 (Section D),primary,electrical,PT678,,LO and HI brushes; intermittent via the Control Processing Unit X-16
SP-521,Electrical,Connector,"4-pole plug (LW, LR, L, LB) + 1-pole ground plug (B)",,S-001,18 (Section D connector D-02),primary,electrical,PT678,,from S-001 connector view; check on the car
SP-522,Body,Front blade length (aftermarket fitment),432,mm,S-113,"RX-7 table, 1982 row",secondary,electrical,PT686,,listed 17 in driver and passenger (and 17 in rear); check by measuring
SP-523,Electrical,"Feed fuse (IG, X-04 fuse block, shared with rear washer)",10,A,S-001,Section D p18,primary,electrical,PT688,,"Feed L from ignition IG via 10 A fuse, becomes LB at X-03 and L at D-07 into the motor; check on the car"
SP-524,Electrical,Motor control method,"ground-side switched: motor BG lead grounded through D-06 rear wiper & washer switch to B, X-11, X-02, X-13",,S-001,Section D p18,primary,electrical,PT688,,Motor has constant IG feed on L; the cabin switch completes the ground; check on the car
SP-525,Electrical,Internal auto-stop (park) switch,"yes - single contact inside the motor to body ground, keeps the motor running to the park position after the switch is turned off",,S-001,Section D p18,primary,electrical,PT688,,Drawn inside D-05 with its own ground symbol (no connector pin); check on the car
SP-526,Electrical,"Standard equipment, 1982 US",GSL only (listed as GSL addition over GS: rear-window wiper/washer),,S-004,15,primary,electrical,PT688,,Whether this GS has one fitted - check on the hatch
SP-527,Electrical,"Bench test: battery + to motor connector terminal A, - to terminals B and C",motor must turn,,S-002,Section 15 p15-46,primary,electrical,PT688,other-car,"1985 workshop manual only; the page says a battery, no voltage figure; 1982 S-001 shows two harness leads L and BG plus an internal ground, so the A/B/C letters are 1985 - confirm on the car"
SP-528,Electrical,"Circuit check: voltage between line L and body ground, ignition ON",voltage present (none: check the fuse or repair the harness),,S-002,Section 15 p15-46,primary,electrical,PT688,,1985 manual gives no voltage figure on this page; the troubleshooting table (p15-43) names the fuse R. WIPER; 1982 wiring agrees the L lead is IG-fed (S-001 D p18)
SP-529,Electrical,Troubleshooting causes when rear wiper does not work,R. WIPER fuse blown; faulty rear wiper motor; faulty rear wiper switch; faulty wiring or ground,,S-002,Section 15 p15-43,primary,electrical,PT688,,"1985 manual; abnormal noise causes listed: brush wear, loose motor mounting screw, insufficient grease in link joint"
SP-530,Electrical,"Shipping weight, motor 1480-67-450C",3,lb,S-114,,secondary,electrical,PT688,,"Retailer listing weight; listed NLA, fits 1981-85"
SP-531,Body,Rear wiper blade length (lookup table),17,in,S-113,,unverified,electrical,PT696,,"Blade-size lookup site gives 17 in for driver, passenger and rear, 1979-84 and 1985; no factory source seen - measure the blade on the car; confirm"
SP-532,Electrical,Key positions,"OFF, ACC, IG, ST",,S-001,"10, 26",primary,electrical,PT708,,switch symbol on Section A and H pages
SP-533,Electrical,"Supply fusible link (main, X-07)",1.25,mm2,S-001,26,primary,electrical,PT708,,WR from battery via 1.25 sq link to X-08
SP-534,Electrical,Start circuit fusible link (X-09),0.5,mm2,S-001,10,primary,electrical,PT708,,ST output -> 0.5 sq link -> BY to inhibitor switch and starter
SP-535,Electrical,IG output fuse to alternator excitation (X-04),15,A,S-001,10,unverified,electrical,PT708,,BY -> fuse -> BW to alternator A-08; the scan is faint and reads 15A (or 7.5A); charging-starting.md says 7.5 A. Read the fuse block on the car - confirm
SP-536,Electrical,IG output fuse to GY bus (X-04),10,A,S-001,26,primary,electrical,PT708,,BY -> 10 A -> GY
SP-537,Electrical,ACC output fuse to front wiper (X-04),10,A,S-001,18,primary,electrical,PT708,,L -> 10 A -> L to front wiper motor D-02 and CPU X-16 (the LB on this page comes from the second 10 A fuse)
SP-538,Electrical,ACC output fuse to rear wiper/washer (X-04),10,A,S-001,18,primary,electrical,PT708,,"L -> second 10 A -> LB (rear washer D-04, rear wiper D-07, front washer D-01)"
SP-539,Electrical,ACC output fuse to LO bus (X-04),20,A,S-001,26,primary,electrical,PT708,,"L -> 20 A -> LO (glove box light, seat belt light); OEM-RECORD lists LO as WR constant - page 26 draws it from the switch ACC side, check"
SP-540,Electrical,Continuity ACC (1980 switch),C-E,,S-045,"15:10 (pdf p12), Fig 15-32",primary,electrical,PT708,other-car,"1980 terminal letters/colours A BY, B YB, C WR, D BW, E L, F RB, G B, H YB"
SP-541,Electrical,Continuity ON (1980 switch),C-D-E; F-H,,S-045,15:10 (pdf p12),primary,electrical,PT708,other-car,
SP-542,Electrical,Continuity START (1980 switch),C-D-A-B; F-G,,S-045,15:10 (pdf p12),primary,electrical,PT708,other-car,E (ACC) is open in START
SP-543,Electrical,Continuity LOCK (1985 switch),H-I,,S-002,15-14,primary,electrical,PT708,other-car,H-I is the 1985 key reminder contact (closed with key in)
SP-544,Electrical,Continuity ACC (1985 switch),D-G; H-I,,S-002,15-14,primary,electrical,PT708,other-car,
SP-545,Electrical,Continuity ON (1985 switch),D-E-F-G; H-I,,S-002,15-14,primary,electrical,PT708,other-car,
SP-546,Electrical,Continuity START (1985 switch),B-C; A-D-E-F; H-I,,S-002,15-14,primary,electrical,PT708,other-car,
SP-547,Electrical,Replacement Mazda BA14-66-151A: substitute for NLA BA24-66-155A,BA14-66-151A,,S-117,web,secondary,electrical,PT708,,"Atkins lists BA24-66-155A NLA at 225 USD, says BA14-66-151A may work"
SP-548,Electrical,Replacement Mazda 1984-85 ignition switch: fits 1981-85,"one extra wire, different plug colours",,S-118,web,unverified,electrical,PT708,,forum statement
SP-549,Electrical,Contact type,"normally open, closed with key inserted",,S-001,26,primary,electrical,PT709,,H-03 symbol
SP-550,Electrical,"Supply fuse (LY, X-04 room)",15,A,S-001,26,primary,electrical,PT709,,constant-hot
SP-551,Electrical,"CPU input (1985: pin N, G wire, IG key reminder switch)",N,,S-002,15-12,primary,electrical,PT709,other-car,1982 wire also G to CPU X-16 per S-001 p26
SP-552,Electrical,"Supply fuse (X-04, rear wiper/washer)",10,A,S-001,18,primary,electrical,PT701,,on ACC-side L bus
SP-553,Electrical,Test: voltage at LB with ignition ON,12,V,S-002,15-46,primary,electrical,PT701,,1985 wire colours LB/L match S-001 1982
SP-554,Electrical,Test: ground L with LB live,"motor must run, else replace",,S-002,15-46,primary,electrical,PT701,,
SP-555,Electrical,"Memory supply fuse (LY, X-04)",15,A,S-001,26,primary,electrical,PT849,,constant-hot
SP-556,Electrical,"Ignition supply fuse (GY, X-04)",10,A,S-001,26,primary,electrical,PT849,,
SP-557,Electrical,Switched load: luggage compartment light,5,W,S-001,26,primary,electrical,PT816,,H-11 on LY 15 A
SP-558,Electrical,Contact type,closes to body ground when hatch open,,S-001,26,primary,electrical,PT816,,"single-wire RB, case grounded"
SP-559,Electrical,Switched load: glove box light,3.4,W,S-001,26,primary,electrical,PT832,,H-01 on LO 20 A
SP-560,Electrical,Contact type,closes to ground when glove box open,,S-001,26,primary,electrical,PT832,,BL and ring-terminal B
SP-561,Ignition,Condenser capacity,0.24-0.30,uF,S-038,T:3 (PDF p.5),primary,ignition,PT261,,
SP-562,Ignition,Ignition timing mark location,Eccentric shaft pulley,,S-038,T:3 (PDF p.5),primary,ignition,PT014,,
SP-563,Ignition,Ignition timing mark colours and pointer,"Leading mark yellow, trailing mark red on the eccentric shaft pulley; read against the indicator pin on the front cover",,"S-006,S-002",S-006 PDF p.34 (printed 44); S-002 p.5-35,primary,ignition,PT014,other-car,"Colours from the 1981 training manual, indicator pin from the 1985 workshop manual; no 1982 source opened states them. Confirm on the car."
SP-564,Ignition,Timing adjustment method,Leading: loosen the distributor lock nut and rotate the housing. Trailing: loosen the trailing vacuum unit's attaching screws and move the unit,,"S-002,S-006",S-002 p.5-36; S-006 PDF p.34 (printed 44),primary,ignition,PT014,,1985 and 1981 manuals give the same method; no 1982 source opened states it.
SP-565,Ignition,Distributor installation alignment,Set leading yellow mark on the pulley to the indicator pin; align tally marks on housing and driven gear; turn the housing until the signal rotor protrusion aligns with the pick-up core; tighten lock nut,,S-002,p.5-35,primary,ignition,PT014,other-car,1985 procedure; no 1982 procedure source is held (S-038 gives figures only).
SP-566,Ignition,Pick-up coil signal test,DC ammeter (max graduation 1 mA) across the coupler terminals; the needle must move when a screwdriver on the magnet core is quickly pulled away; test leading and trailing,,S-002,p.5-34,primary,ignition,PT256,other-car,1985 procedure; no 1982 procedure source is held (S-038 gives figures only). Resistance values are on the distributor (PT014).
SP-567,Ignition,Air gap remedy,"If the gap between the signal rotor protrusion and pick-up core is out of spec, replace the pick-up coil and bearing assembly or the distributor drive shaft",,S-002,p.5-35,primary,ignition,PT257,,The 0.5-0.9 mm figure is already recorded on PT014 from S-038.
SP-568,Ignition,Igniter check,Bench circuit with a 12 V test lamp of less than 10 W; switching ON and OFF quickly must make the lamp flash; test each igniter,,S-002,p.5-37,primary,ignition,PT258,other-car,1985 procedure; no 1982 procedure source is held (S-038 gives figures only).
SP-569,Ignition,Replacement Standard Motor Products LX-642: ratings and interchange,"12 V; one connector, male blade terminals; bolt-on; made in Japan; interchange Beck/Arnley 1800041, Delphi DS10035, Kem E5007, ACDelco 88921543 / E1952A, Airtex 6H1162, Wells 55-1662, Duralast JA1098, Mazda E30124910; obsolete",,S-128,product page,secondary,ignition,PT258,,
SP-570,Ignition,Distributor cap inspection,"Cracks, carbon tracks, burnt and corroded terminals; worn centre contact",,S-002,p.5-33,primary,ignition,PT015,,1985 procedure.
SP-571,Ignition,Replacement YEC YD306,"Listed for Mazda 8245-24-310B, RX-7",,S-130,product page,secondary,ignition,PT015,,
SP-572,Ignition,Distributor rotor inspection,Cracks; excessive burning at the end of the metal strip,,S-002,p.5-33,primary,ignition,PT016,,1985 procedure.
SP-573,Ignition,Replacement Standard Motor Products JR87: construction and interchange,"Plastic body, aluminium contact, push-on, black; interchange 824524303A, 12329681, JR87T, N32218V05",,S-129,moreinfo pk=46521,secondary,ignition,PT016,,
SP-574,Ignition,High-tension lead handling,"Do not puncture leads with a probe; remove from plugs by grasping and twisting the moulded cap, never by pulling the cord",,S-002,p.5-37 to 5-38,primary,ignition,PT017,,1985 procedure.
SP-575,Ignition,High-tension lead boot colours,Leading: black boot; trailing: blue boot,,S-006,PDF p.34 (printed 44),primary,ignition,PT017,other-car,1981 training manual; confirm on the car.
SP-576,Ignition,Replacement NGK coil sold as 8245-18-100,Aftermarket NGK coil sold by Atkins as a replacement for 1980-85 12A/13B; 77.25 USD,,S-121,product page,secondary,ignition,PT013,,OEM Mazda coils are no longer made.
SP-577,Ignition,Replacement Mazda N236-24-314 (pick-up coil and breaker plate),"Fits 1981-85 RX-7 12A and 13B; Atkins 330.00 USD (out of stock), Mazdatrix 253.86 USD",,S-122,product page,secondary,ignition,PT256,,N236-24-314 is the catalogue's alternative number; Mazdatrix listing via src-mazdatrix-ign.
SP-578,Identity,NGK stock number,2329 (BR8EQ-14),,S-131,product page,secondary,ignition,PT019,,
SP-579,Ignition,"Part identity: centre contact (carbon button with spring) inside the distributor cap, bearing on the rotor",1757-24-302,,S-005,"Engine-Chassis PDF p.57 (printed 1-15), fig. 1820A-1, D-code 24 496",primary,ignition,PT263,,Read from the exploded drawing: 24496 is drawn between cap 24310 and rotor 24312. Qty 1. check on the car.
SP-580,Lighting,Retractable headlight switch contacts,"Two ganged poles: UP/ON joins WG (constant feed) to R (motor UP line); OFF/normal joins RW (from light switch, hot when LIGHT is off) to RY (motor DOWN line)",,S-001,"PDF p.20 (sect E, E-02)",primary,lighting,PT034,,from S-001; check on the car
SP-581,Lighting,"Continuity check, retractable headlight switch (1980 4-pin): ON A(WG)-D(R); OFF B(RW)-C(RY)",ohmmeter continuity,,S-045,80RX7_15_Body_Electrical p.15:10 Fig 15-35,primary,lighting,PT034,,1980 switch 8871-66-670 has 4 pins; the same WG-R / RW-RY pairs are drawn for 1982 in S-001 p.20
SP-582,Lighting,Headlight cleaner switch inside the retractable headlight switch,"LY to cleaner motor E-11 (via X-12), B to ground (X-02, X-13)",,S-001,PDF p.20 (sect E),primary,lighting,PT034,,from S-001; whether a headlight cleaner is fitted on this US car is not known - check
SP-583,Lighting,"Retractor switch test: (WG) hot with switch UP, (RY) hot with switch DOWN; then (R) hot UP and (RY) hot DOWN at the output",voltage check,,S-002,Section 15 p.15-30,primary,lighting,PT034,,1985 cluster switch; same wire colours as the 1982 switch in S-001
SP-584,Lighting,Retractor motor internal circuit,"R (UP) and RY (DOWN) each enter through a diode to a cam limit switch; its common drives the relay coil to ground; relay NO contact connects WR to the motor, NC contact grounds the motor; YG taps the motor feed through a diode to the 3.4 W retractor indicator",,S-001,"PDF p.20 (sect E, E-03/E-04)",primary,lighting,PT033,,from S-001; check with an ohm check on the car
SP-585,Lighting,Retractor motor feed,own 0.3 sq fusible link on WR (separate from the 0.3 sq WG link and the 1.25 sq main),,S-001,PDF p.20 (sect E),primary,lighting,PT033,,from S-001; check
SP-586,Lighting,Motor check: battery voltage on the R wire at the motor connector with light switch or retractor switch ON (UP); voltage present but no motion = motor ground or motor fault,battery voltage,V,S-002,Section 15 p.15-29,primary,lighting,PT033,,"1985 procedure; motor connector wires WR, YG, R, RY are the same colours as 1982 E-03/E-04"
SP-587,Lighting,"Manual raise: disconnect battery negative, remove the cover, turn the manual control knob on the motor shaft until the headlight is fully up",procedure,,S-045,80RX7_15_Body_Electrical p.15:1,primary,lighting,PT033,,same procedure in 1985 S-002 Section 14 p.14-16
SP-588,Lighting,"Lid up-down adjustment with motor: knob to lowest (automatic stop) position, loosen motor mounting bolts and nuts, reconnect link, slide motor fore/aft, tighten",procedure,,S-002,Section 14 p.14-18,primary,lighting,PT590,,1980 S-045 p.15:3 gives the same steps
SP-589,Body,"Lid height adjustment: loosen lock nut, turn adjusting screw in or out against the stop rubber, tighten lock nut",procedure,,S-002,Section 14 p.14-18,primary,lighting,PT587,,1980 S-045 p.15:3 gives the same steps
SP-590,Body,"Link to hinge ball pivot: press together by finger until an audible click, not pliers; redo lid up-down adjustment after hinge replacement",procedure,,S-045,80RX7_15_Body_Electrical p.15:2,primary,lighting,PT588,,same caution in 1985 S-002 Section 14 p.14-17
SP-591,Lighting,"Headlight aim: two adjusting screws per lamp; tyres at pressure, car level and unladen",procedure,,S-045,80RX7_15_Body_Electrical p.15:1,primary,lighting,PT589,,same in 1985 S-002 Section 14 p.14-16
SP-592,Lighting,"Halogen sealed beam wattage, high/low (GS/GSL halogen)",60/50,W,S-001,PDF p.20 (sect E),primary,lighting,PT035,,the lamp symbol reads 50W/40W (conventional); the note beside it gives halogen 60/50 W. LED units reported fitted - check what is on the car
SP-593,Lighting,Low beam wire / high beam wire,"RY low, RL high",,S-001,PDF p.20 (sect E),primary,lighting,PT035,,RL also feeds the high beam indicator; S-002 15-30 labels RY low and RL high too. Check on the car
SP-594,Lighting,"Replacement Wagner H6024 (2D1): 7 in PAR56 halogen sealed beam, 12.8 V, high 60 W / 4.69 A, low 35 W / 2.73 A, life 150 h high / 450 h low, 178 mm dia, 127 mm long, 3-lug base",60/35,W,S-133,product page,secondary,lighting,PT035,,the same listing title says 35/65 W; wattage varies by brand
SP-595,Lighting,"Replacement Norman Lamps H6024: 12.8 V, 65 W, PAR56, 7.00 in dia, 5.00 in deep, 3-lug base, 400 h",7.00,in,S-132,product page,secondary,lighting,PT035,,
SP-596,Brakes,"Brake pedal height (from floor), set by screwing the stop light switch in or out",190 +5/-0,mm,S-038,T:6,primary,lighting,PT557,,"procedure (disconnect wires, loosen lock nut, turn switch, tighten, reconnect) from 1985 S-002 Section 11 p.11-25, same 190 mm figure"
SP-597,Lighting,Stop light switch contact,normally open; closes GW to W when the brake pedal is pressed,,S-001,"PDF p.22 (sect F, F-11)",primary,lighting,PT557,,from S-001; check
SP-598,Lighting,Stop light switch feed,"15 A STOP/HORN fuse (X-04), constant (works with key off)",A,S-001,PDF p.22 (sect F),primary,lighting,PT557,,
SP-599,Lighting,"Stop light switch test: test light from W to ground lights with pedal pressed; if not, check GW; if GW is hot, switch faulty or misadjusted",procedure,,S-002,Section 15 p.15-31,primary,lighting,PT557,,1985 connector F-03(F); wire colours GW and W match 1982 F-11
SP-600,Lighting,"Replacement Mazda H003-66-490A brake light switch, 82-88 RX-7 with cruise control (Mazdatrix, 47.15 USD, in stock)",47.15,USD,S-134,product page,secondary,lighting,PT557,,may be the second of the two switches the catalogue lists - check
SP-601,Lighting,Stop light checker function,"W in from stop switch, G out to both stop lamp filaments, GL to the meter stop-light warning, B ground X-13",,S-001,"PDF p.22 (sect F, F-03)",primary,lighting,PT304,,identity of the catalogue lamp checker relay with F-03 is inferred - check
SP-602,Lighting,"Stop light checker test: test light on G lights with pedal pressed; if W is hot and G is not, checker faulty",procedure,,S-002,Section 15 p.15-31,primary,lighting,PT304,other-car,"1985 connector F-04(F), wires GL, W, G, B; the 1982 stop light checker wiring is not recorded - compare with S-001 sect F before using."
SP-603,Lighting,Mounting,"relay bracket under the dash with the C.P.U. and horn relay (catalogue D-code 67660, LAMPC. RELAY)",,S-005,BI p.101 fig 6630A-1,primary,lighting,PT304,,"catalogue lists 67660 RELAY, LAMP CHECKER BE32-67-680A qty 1, '(USE W/O ILLUM. KEY & WARNING LAMP)'; check on the car"
SP-604,Lighting,Retractor relay quantity and fitment,"2 (one per motor), 8871-51-939, 81-82 FB331 500001-700000; 83 uses FA01-51-939 qty 1",,S-005,BI p.33 fig 5103A-1 BI-033-29,primary,lighting,PT594,,
SP-605,Lighting,Retractor relay contacts,coil via motor limit switch to ground; NO contact WR to motor; NC contact motor to ground (dynamic brake),,S-001,PDF p.20 (sect E),primary,lighting,PT594,,drawn inside the motor outline; check
SP-606,Lighting,"Parking lamp filament load, each side",8,W,S-001,PDF p22 (Section F schematic and connector views),primary,lighting,PT595,,S-001 lamp symbol 8W on RG circuit
SP-607,Lighting,"Front turn lamp filament load, each side",27,W,S-001,PDF p22 (Section F schematic and connector views),primary,lighting,PT595,,S-001 lamp symbol 27W on GR (LH) / GO (RH)
SP-608,Lighting,Parking lamp fuse (tail/marker/license bus RG),10,A,S-001,PDF p22 (Section F schematic and connector views),primary,lighting,PT595,,WR constant -> X-04 10A -> R -> E-01 light switch -> RG
SP-609,Lighting,"Turn signal fuse (ignition, GY bus shared with back-up lights)",10,A,S-001,PDF p22 (Section F schematic and connector views),primary,lighting,PT595,,IG -> BY -> X-04 10A -> GY -> F-02 turn switch
SP-610,Lighting,Bulbs per lamp,1,,S-005,BI p34 fig 5105A-1,primary,lighting,PT595,,catalogue qty 2 bulbs 0000-11-1157 for 2 lamps
SP-611,Lighting,Bulb rating (catalogue),12V 27/8,W,S-005,BI p34 fig 5105A-1,primary,lighting,PT596,,
SP-612,Lighting,Replacement trade 1157: high filament,12.8 V 2.10 A 32 MSCP,,S-141,PDF p18,secondary,lighting,PT596,,Candela miniature lamp catalogue row 19
SP-613,Lighting,Replacement trade 1157: low filament,14.0 V 0.59 A 3 MSCP,,S-141,PDF p18,secondary,lighting,PT596,,
SP-614,Lighting,Replacement trade 1157: base,D.C. indexed bayonet (BAY15d),,S-141,PDF p18,secondary,lighting,PT596,,BAY15d designation from src-norman-lamp-pages
SP-615,Lighting,Replacement trade 1157: maximum overall length,50.8,mm,S-141,PDF p18,secondary,lighting,PT596,,2.00 in
SP-616,Lighting,Replacement trade 1157: light centre length,31.75,mm,S-141,PDF p18,secondary,lighting,PT596,,1.25 in
SP-617,Lighting,Replacement trade 1157: rated life high / low filament,1200 / 5000,h,S-141,PDF p18,secondary,lighting,PT596,,
SP-618,Lighting,Replacement trade 1157: bulb shape and diameter,"S-8, 26.4",mm,S-142,1157.html,secondary,lighting,PT596,,1.04 in diameter
SP-619,Body,Lens gasket,"FA01-51-063, qty 2",,S-005,BI p34 fig 5105A-1,primary,lighting,PT597,,
SP-620,Lighting,"Front side marker bulb load, each side",3.8,W,S-001,PDF p22 (Section F schematic and connector views),primary,lighting,PT598,,
SP-621,Lighting,Circuit,"RG tail/marker bus (lit with park and head positions), not a flashing turn lamp",,S-001,PDF p22 (Section F schematic and connector views),primary,lighting,PT598,,F-12/F-13 wired RG and B only
SP-622,Lighting,Bulb rating (catalogue),12V 3.8,W,S-005,BI p34 fig 5105A-1,primary,lighting,PT599,,
SP-623,Lighting,Replacement trade 194: rating,14.0 V 0.27 A 2 MSCP,,S-141,PDF p24,secondary,lighting,PT599,,
SP-624,Lighting,Replacement trade 194: base and shape,"glass wedge, T-3 1/4",,S-141,PDF p24,secondary,lighting,PT599,,T-3 1/4 from src-norman-lamp-pages
SP-625,Lighting,Replacement trade 194: maximum overall length,26.9,mm,S-141,PDF p24,secondary,lighting,PT599,,1.06 in
SP-626,Lighting,Replacement trade 194: light centre length,14.2,mm,S-141,PDF p24,secondary,lighting,PT599,,0.56 in
SP-627,Lighting,Replacement trade 194: rated life,2500,h,S-141,PDF p24,secondary,lighting,PT599,,Norman lists 1500 h
SP-628,Body,Lens part numbers,"FA01-51-121 (R), FA01-51-131 (L)",,S-005,BI p34 fig 5105A-1,primary,lighting,PT600,,
SP-629,Lighting,Stop/tail bulbs per side,2 x 27/8,W,S-001,PDF p22 (Section F schematic and connector views),primary,lighting,PT601,,S-001 '27/8W x2' each side
SP-630,Lighting,"Rear turn lamp load, each side",27,W,S-001,PDF p22 (Section F schematic and connector views),primary,lighting,PT601,,
SP-631,Lighting,"Back-up lamp load, each side",27,W,S-001,PDF p22 (Section F schematic and connector views),primary,lighting,PT601,,"A/T path: inhibitor switch A-06 GY in, RY out -> RW"
SP-632,Lighting,"Stop lamp fuse (constant, shared with horn)",15,A,S-001,PDF p22 (Section F schematic and connector views),primary,lighting,PT601,,WR -> X-04 15A -> GW -> stop light switch F-11 -> W -> stop light checker F-03 -> G
SP-633,Lighting,Tail lamp fuse (RG bus),10,A,S-001,PDF p22 (Section F schematic and connector views),primary,lighting,PT601,,
SP-634,Lighting,Turn and back-up fuse (ignition GY bus),10,A,S-001,PDF p22 (Section F schematic and connector views),primary,lighting,PT601,,
SP-635,Lighting,Connector cavities,6 (5 used),,S-001,PDF p22 (Section F schematic and connector views),primary,lighting,PT601,,"F-07/F-08 view: GR/GO, RW, not used, G, RG, B; check on the car"
SP-636,Body,Lens gaskets,"FA01-51-153A (R), FA01-51-163A (L)",,S-005,BI p35 fig 5110A-1,primary,lighting,PT601,,
SP-637,Lighting,"Tail light fault check: RG voltage at light switch, then front-to-rear harness connector X-06",procedure,,S-002,Section 15 p15-30,secondary,lighting,PT601,other-car,1985 manual; connector number may differ on 1982
SP-638,Lighting,Bulb rating (catalogue),12V 27,W,S-005,BI p35 fig 5110A-1,primary,lighting,PT602,,
SP-639,Lighting,Replacement trade 1156: rating,12.8 V 2.10 A 32 MSCP,,S-141,PDF p18,secondary,lighting,PT602,,
SP-640,Lighting,Replacement trade 1156: base,S.C. bayonet (BA15s),,S-141,PDF p18,secondary,lighting,PT602,,BA15s from src-norman-lamp-pages
SP-641,Lighting,Replacement trade 1156: maximum overall length,50.8,mm,S-141,PDF p18,secondary,lighting,PT602,,
SP-642,Lighting,Replacement trade 1156: light centre length,31.75,mm,S-141,PDF p18,secondary,lighting,PT602,,
SP-643,Lighting,Replacement trade 1156: rated life,1200,h,S-141,PDF p18,secondary,lighting,PT602,,
SP-644,Lighting,Bulb rating (catalogue),12V 27/8,W,S-005,BI p35 fig 5110A-1,primary,lighting,PT603,,
SP-645,Lighting,Replacement trade 1157: high / low filament,12.8 V 2.10 A 32 MSCP / 14.0 V 0.59 A 3 MSCP,,S-141,PDF p18,secondary,lighting,PT603,,same bulb as PT596
SP-646,Body,Lens part numbers,"FA01-51-151D (R), FA01-51-161D (L)",,S-005,BI p35 fig 5110A-1,primary,lighting,PT604,,
SP-647,Lighting,"License lamp load, each",6,W,S-001,PDF p22 (Section F schematic and connector views),primary,lighting,PT605,,
SP-648,Lighting,License lamp fuse (RG bus),10,A,S-001,PDF p22 (Section F schematic and connector views),primary,lighting,PT605,,
SP-649,Body,Lens gasket,"3874-66-373, qty 2",,S-005,BI p36 fig 5120A-1,primary,lighting,PT605,,
SP-650,Lighting,Bulb rating (catalogue),12V 6,W,S-005,BI p36 fig 5120A-1,primary,lighting,PT606,,
SP-651,Lighting,Trade number given by bulb chart,89,,S-019,1982 RX7 bulb chart,unverified,lighting,PT606,,"89 is 13 V 0.58 A (7.5 W), not 6 W; confirm on the removed bulb"
SP-652,Lighting,Replacement trade 89: rating,13.0 V 0.58 A 6 MSCP,,S-141,PDF p16,secondary,lighting,PT606,,
SP-653,Lighting,Replacement trade 89: base and shape,"S.C. bayonet (BA15s), G-6",,S-141,PDF p16,secondary,lighting,PT606,,BA15s and G6 from src-norman-lamp-pages
SP-654,Lighting,Replacement trade 89: maximum overall length,36.6,mm,S-141,PDF p16,secondary,lighting,PT606,,1.44 in
SP-655,Lighting,Replacement trade 89: light centre length,19.1,mm,S-141,PDF p16,secondary,lighting,PT606,,0.75 in
SP-656,Lighting,Replacement trade 89: rated life,750,h,S-141,PDF p16,secondary,lighting,PT606,,
SP-657,Body,Lens part number / quantity,"3874-66-371, 2 per car",,S-005,BI p36 fig 5120A-1,primary,lighting,PT607,,
SP-658,Lighting,"Circuit: tail / parking / marker bus (lit steady, not flashing)",RG,,S-001,22 (Section F),primary,lighting,PT608,,F-14/F-15 rear side marker lights on RG from E-01 via X-03; check on the car
SP-659,Lighting,"Circuit fuse (X-04, feeds E-01 LIGHT section R wire)",10,A,S-001,22 (Section F),primary,lighting,PT608,,WR constant -> X-04 10 A -> R -> E-01 -> RG
SP-660,Lighting,Ground point,X-15,,S-001,22 (Section F),primary,lighting,PT608,,B wire from F-14/F-15; check on the car
SP-661,Lighting,Rated power,3.8,W,S-001,"22 (Section F, F-14/F-15)",primary,lighting,PT609,,S-005 BI-036-05 also gives (A12V 3.8W)
SP-662,Lighting,Rated voltage,12,V,S-005,"BI p36, 5120A-1 BI-036-05",primary,lighting,PT609,,printed as A12V 3.8W
SP-663,Lighting,Replacement 194 (Candela): design voltage,14.0,V,S-141,"PDF p24 (T-3 1/4 table, line 18)",secondary,lighting,PT609,,trade number from the Mazda number 0000-11-0194
SP-664,Lighting,Replacement 194 (Candela): current,0.27,A,S-141,PDF p24,secondary,lighting,PT609,,0.27 A x 14 V = 3.78 W
SP-665,Lighting,Replacement 194 (Candela): mean spherical candlepower,2,MSCP,S-141,PDF p24,secondary,lighting,PT609,,
SP-666,Lighting,Replacement 194 (Candela): maximum overall length,26.9,mm,S-141,PDF p24,secondary,lighting,PT609,,printed 1.06 in
SP-667,Lighting,Replacement 194 (Candela): light centre length,14.2,mm,S-141,PDF p24,secondary,lighting,PT609,,printed 0.56 in
SP-668,Lighting,Replacement 194 (Candela): filament / bulb,C-2F,,S-141,PDF p24,secondary,lighting,PT609,,"T-3 1/4 bulb (3.25/8 in = 10.3 mm diameter), wedge base, fig. 40"
SP-669,Lighting,Replacement 194 (Candela): average rated life,2500,h,S-141,PDF p24,secondary,lighting,PT609,,
SP-670,Lighting,Replacement EiKO 194: base,W2.1x9.5d,,S-145,,secondary,lighting,PT609,,"miniature wedge; 25 lm, 0.4 in diameter listed"
SP-671,Body,Lens colour,red,,S-147,,secondary,lighting,PT610,,used OEM right lens listing; check on the car
SP-672,Lighting,Bulb rating on the wiring diagram (H-11 luggage compartment light),5,W,S-001,26 (Section H),primary,lighting,PT611,,
SP-673,Lighting,"Circuit fuse (X-04, LY interior bus, constant)",15,A,S-001,26 (Section H),primary,lighting,PT611,,"shared with interior/spot light, lighter, clock, ignition switch light"
SP-674,Lighting,Rated power,5,W,S-005,"BI p38, 5125A-1 BI-038-02",primary,lighting,PT612,,printed (A12V 5W); S-001 p26 also shows 5 W
SP-675,Lighting,Rated voltage,12,V,S-005,"BI p38, 5125A-1 BI-038-02",primary,lighting,PT612,,
SP-676,Electrical,LIGHT section feed fuse (R wire),10,A,S-001,20 (Section E),primary,lighting,PT639,,WR constant -> X-04 10 A -> R -> E-01
SP-677,Electrical,Headlight / dimmer feed (WG wire) fusible link,0.3,sq mm,S-001,20 (Section E),primary,lighting,PT639,,0.3 sq link at X-07; the same WG also feeds E-02 via X-02
SP-678,Electrical,Test: RG terminal of the light switch connector reads battery voltage with the switch at the tail light position,12,V,S-002,"Section 15, 15-30",primary,lighting,PT639,,"1985 manual; its E-01(F) 6-pin connector carries the same colours as 1982 (GL, R, RW / RG, RY, RL). Value = battery voltage."
SP-679,Electrical,Test: R wire of the 6-pin connector reads battery voltage with the light switch at HEAD (pop-up raise command),12,V,S-002,"Section 15, 15-29",primary,lighting,PT639,,1985 manual; value = battery voltage
SP-680,Lighting,Glove box light (H-01) rating,3.4,W,S-001,PDF p.26,primary,lighting,PT833,,"Section H schematic, H-01 glove box light 3.4W."
SP-681,Lighting,"Select lever illumination light (E-07, A/T) rating",3.4,W,S-001,PDF p.20,primary,lighting,PT856,,"Section E schematic, E-07 select lever illumination light (for A/T); dimmed via E-05."
SP-682,Lighting,Center panel illumination bulb rating,3.4,W,S-005,fig 5500A-1 BI-047-15,primary,lighting,PT842,,12 V 3.4 W per the catalogue description; Mazda 0000-11-0194.
SP-683,Lighting,Center panel illumination bulb rating,1.4,W,S-005,fig 5500A-1 BI-047-22,primary,lighting,PT845,,"1.4 W per the catalogue description; Mazda 0000-11-0074, two on the car."
SP-684,Lighting,Replacement trade 194: design voltage,14.0,V,S-141,PDF p.24 (T-3 1/4 table line 18),secondary,lighting,PT833,,"Datasheet for the North American trade-number equivalent of Mazda 0000-11-0194 (12 V 3.4 W); the cross is inferred from the Mazda number, check the bulb in the socket."
SP-685,Lighting,Replacement trade 194: current,0.27,A,S-141,PDF p.24 (T-3 1/4 table line 18),secondary,lighting,PT833,,"Datasheet for the North American trade-number equivalent of Mazda 0000-11-0194 (12 V 3.4 W); the cross is inferred from the Mazda number, check the bulb in the socket."
SP-686,Lighting,Replacement trade 194: luminous intensity,2,MSCP,S-141,PDF p.24 (T-3 1/4 table line 18),secondary,lighting,PT833,,"Datasheet for the North American trade-number equivalent of Mazda 0000-11-0194 (12 V 3.4 W); the cross is inferred from the Mazda number, check the bulb in the socket."
SP-687,Lighting,Replacement trade 194: bulb and base,"T-3 1/4 wedge, C-2F filament",,S-141,PDF p.24 (T-3 1/4 table line 18),secondary,lighting,PT833,,"Datasheet for the North American trade-number equivalent of Mazda 0000-11-0194 (12 V 3.4 W); the cross is inferred from the Mazda number, check the bulb in the socket."
SP-688,Lighting,Replacement trade 194: maximum overall length,1.06,in,S-141,PDF p.24 (T-3 1/4 table line 18),secondary,lighting,PT833,,"Datasheet for the North American trade-number equivalent of Mazda 0000-11-0194 (12 V 3.4 W); the cross is inferred from the Mazda number, check the bulb in the socket."
SP-689,Lighting,Replacement trade 194: light centre length,0.56,in,S-141,PDF p.24 (T-3 1/4 table line 18),secondary,lighting,PT833,,"Datasheet for the North American trade-number equivalent of Mazda 0000-11-0194 (12 V 3.4 W); the cross is inferred from the Mazda number, check the bulb in the socket."
SP-690,Lighting,Replacement trade 194: average life,2500,h,S-141,PDF p.24 (T-3 1/4 table line 18),secondary,lighting,PT833,,"Datasheet for the North American trade-number equivalent of Mazda 0000-11-0194 (12 V 3.4 W); the cross is inferred from the Mazda number, check the bulb in the socket."
SP-691,Lighting,Replacement trade 194: design voltage,14.0,V,S-141,PDF p.24 (T-3 1/4 table line 18),secondary,lighting,PT842,,"Datasheet for the North American trade-number equivalent of Mazda 0000-11-0194 (12 V 3.4 W); the cross is inferred from the Mazda number, check the bulb in the socket."
SP-692,Lighting,Replacement trade 194: current,0.27,A,S-141,PDF p.24 (T-3 1/4 table line 18),secondary,lighting,PT842,,"Datasheet for the North American trade-number equivalent of Mazda 0000-11-0194 (12 V 3.4 W); the cross is inferred from the Mazda number, check the bulb in the socket."
SP-693,Lighting,Replacement trade 194: luminous intensity,2,MSCP,S-141,PDF p.24 (T-3 1/4 table line 18),secondary,lighting,PT842,,"Datasheet for the North American trade-number equivalent of Mazda 0000-11-0194 (12 V 3.4 W); the cross is inferred from the Mazda number, check the bulb in the socket."
SP-694,Lighting,Replacement trade 194: bulb and base,"T-3 1/4 wedge, C-2F filament",,S-141,PDF p.24 (T-3 1/4 table line 18),secondary,lighting,PT842,,"Datasheet for the North American trade-number equivalent of Mazda 0000-11-0194 (12 V 3.4 W); the cross is inferred from the Mazda number, check the bulb in the socket."
SP-695,Lighting,Replacement trade 194: maximum overall length,1.06,in,S-141,PDF p.24 (T-3 1/4 table line 18),secondary,lighting,PT842,,"Datasheet for the North American trade-number equivalent of Mazda 0000-11-0194 (12 V 3.4 W); the cross is inferred from the Mazda number, check the bulb in the socket."
SP-696,Lighting,Replacement trade 194: light centre length,0.56,in,S-141,PDF p.24 (T-3 1/4 table line 18),secondary,lighting,PT842,,"Datasheet for the North American trade-number equivalent of Mazda 0000-11-0194 (12 V 3.4 W); the cross is inferred from the Mazda number, check the bulb in the socket."
SP-697,Lighting,Replacement trade 194: average life,2500,h,S-141,PDF p.24 (T-3 1/4 table line 18),secondary,lighting,PT842,,"Datasheet for the North American trade-number equivalent of Mazda 0000-11-0194 (12 V 3.4 W); the cross is inferred from the Mazda number, check the bulb in the socket."
SP-698,Lighting,Replacement trade 194: design voltage,14.0,V,S-141,PDF p.24 (T-3 1/4 table line 18),secondary,lighting,PT856,,"Datasheet for the North American trade-number equivalent of Mazda 0000-11-0194 (12 V 3.4 W); the cross is inferred from the Mazda number, check the bulb in the socket."
SP-699,Lighting,Replacement trade 194: current,0.27,A,S-141,PDF p.24 (T-3 1/4 table line 18),secondary,lighting,PT856,,"Datasheet for the North American trade-number equivalent of Mazda 0000-11-0194 (12 V 3.4 W); the cross is inferred from the Mazda number, check the bulb in the socket."
SP-700,Lighting,Replacement trade 194: luminous intensity,2,MSCP,S-141,PDF p.24 (T-3 1/4 table line 18),secondary,lighting,PT856,,"Datasheet for the North American trade-number equivalent of Mazda 0000-11-0194 (12 V 3.4 W); the cross is inferred from the Mazda number, check the bulb in the socket."
SP-701,Lighting,Replacement trade 194: bulb and base,"T-3 1/4 wedge, C-2F filament",,S-141,PDF p.24 (T-3 1/4 table line 18),secondary,lighting,PT856,,"Datasheet for the North American trade-number equivalent of Mazda 0000-11-0194 (12 V 3.4 W); the cross is inferred from the Mazda number, check the bulb in the socket."
SP-702,Lighting,Replacement trade 194: maximum overall length,1.06,in,S-141,PDF p.24 (T-3 1/4 table line 18),secondary,lighting,PT856,,"Datasheet for the North American trade-number equivalent of Mazda 0000-11-0194 (12 V 3.4 W); the cross is inferred from the Mazda number, check the bulb in the socket."
SP-703,Lighting,Replacement trade 194: light centre length,0.56,in,S-141,PDF p.24 (T-3 1/4 table line 18),secondary,lighting,PT856,,"Datasheet for the North American trade-number equivalent of Mazda 0000-11-0194 (12 V 3.4 W); the cross is inferred from the Mazda number, check the bulb in the socket."
SP-704,Lighting,Replacement trade 194: average life,2500,h,S-141,PDF p.24 (T-3 1/4 table line 18),secondary,lighting,PT856,,"Datasheet for the North American trade-number equivalent of Mazda 0000-11-0194 (12 V 3.4 W); the cross is inferred from the Mazda number, check the bulb in the socket."
SP-705,Lighting,Replacement CML CM194: design voltage / current / MSCP / life,14.0 V / 0.27 A / 2.0 MSCP / 1500 h,,S-149,p.1,secondary,lighting,PT833,,"VCC (Chicago Miniature) T-3 1/4 wedge table; life rating differs from Candela's 2500 h, maker-dependent."
SP-706,Lighting,Replacement trade 74: design voltage,14.0,V,S-141,PDF p.22 (T-1 3/4 table line 1),secondary,lighting,PT845,,"Datasheet for the trade-number equivalent of Mazda 0000-11-0074 (1.4 W); cross inferred from the Mazda number, check the bulb in the socket."
SP-707,Lighting,Replacement trade 74: current,0.10,A,S-141,PDF p.22 (T-1 3/4 table line 1),secondary,lighting,PT845,,"Datasheet for the trade-number equivalent of Mazda 0000-11-0074 (1.4 W); cross inferred from the Mazda number, check the bulb in the socket."
SP-708,Lighting,Replacement trade 74: luminous intensity,0.70,MSCP,S-141,PDF p.22 (T-1 3/4 table line 1),secondary,lighting,PT845,,"Datasheet for the trade-number equivalent of Mazda 0000-11-0074 (1.4 W); cross inferred from the Mazda number, check the bulb in the socket."
SP-709,Lighting,Replacement trade 74: bulb and base,"T-1 3/4 subminiature wedge, C-2F filament",,S-141,PDF p.22 (T-1 3/4 table line 1),secondary,lighting,PT845,,"Datasheet for the trade-number equivalent of Mazda 0000-11-0074 (1.4 W); cross inferred from the Mazda number, check the bulb in the socket."
SP-710,Lighting,Replacement trade 74: maximum overall length,0.80,in,S-141,PDF p.22 (T-1 3/4 table line 1),secondary,lighting,PT845,,"Datasheet for the trade-number equivalent of Mazda 0000-11-0074 (1.4 W); cross inferred from the Mazda number, check the bulb in the socket."
SP-711,Lighting,Replacement trade 74: light centre length,0.40,in,S-141,PDF p.22 (T-1 3/4 table line 1),secondary,lighting,PT845,,"Datasheet for the trade-number equivalent of Mazda 0000-11-0074 (1.4 W); cross inferred from the Mazda number, check the bulb in the socket."
SP-712,Lighting,Replacement trade 74: average life,500,h,S-141,PDF p.22 (T-1 3/4 table line 1),secondary,lighting,PT845,,"Datasheet for the trade-number equivalent of Mazda 0000-11-0074 (1.4 W); cross inferred from the Mazda number, check the bulb in the socket."
SP-713,Lighting,Spot lamp internal circuit,LY constant feed - spot lamp switch - bulb - case ground; independent of the door switches,,S-001,"PDF p.26 (section H, device H-06)",primary,lighting,PT958,,Read from the schematic box of H-06; check on the car
SP-714,Lighting,"Feed fuse (LY bus, X-04)",15,A,S-001,PDF p.26 (section H),primary,lighting,PT958,,"Constant hot from WR; works with the key out. Shared with interior light, lighter, clock, luggage light, ignition switch light"
SP-715,Lighting,Fitted to,"GS and GSL (interior mirror with map lamp, FA01-69-220A)",,S-005,"BI-128-02 (lamp, spot: GS & GSL); BI-129-04 (FA01-69-220A W/ MAP LAMP, GS & GSL); figure 6900A-3, Body PDF p.130",primary,lighting,PT958,,S model mirror FA03-69-220A has no map lamp
SP-716,Lighting,Bulb carried,"0000-11-0194 (69170K, wedge)",,S-005,"BI-129-07 (0000-11-0194); figure 6900A-3, Body PDF p.130",primary,lighting,PT959,,Read from the exploded view: 69170K sits directly on socket 51354 in the W/MAP LAMP group; check on the car
SP-717,Lighting,Fits,1981-1985 RX-7 (12A and 13B),,S-152,,secondary,lighting,PT960,,"Seller fitment; new Mazda part, USD 41.50 on 2026-09-25"
SP-718,Lighting,Rating (catalogue),10,W,S-005,BI-129-06 (A12V 10W),primary,lighting,PT961,,12 V. S-001 PDF p.26 labels the interior lamp of H-06 as 5 W - the two factory sources disagree; check on the car
SP-719,Lighting,Bulb form,festoon (double-ended),,S-005,"figure 6900A-3, Body PDF p.130 (item 69170J)",primary,lighting,PT961,,"Drawn as a festoon in both the W/O and W/MAP LAMP mirrors, so it is the interior (dome) lamp; check on the car"
SP-720,Lighting,Interior lamp internal circuit,"LY feed - bulb - 3-position switch: ON = case ground, DOOR = RY to door switches H-07/H-08 (ground when a door opens), OFF = open",,S-001,"PDF p.26 (section H, device H-06)",primary,lighting,PT961,,RY also goes to the control processing unit X-16 (lights-off chime). Check on the car
SP-721,Lighting,Replacement DE3175: voltage,13,V,S-151,,secondary,lighting,PT961,,Trade DE3175 assumed from Mazda 0000-11-3175 and the 10 W rating; check length on the car
SP-722,Lighting,Replacement DE3175: current,0.77,A,S-151,,secondary,lighting,PT961,,+/-15 percent; 10 W
SP-723,Lighting,Replacement DE3175: maximum overall length,32,mm,S-151,,secondary,lighting,PT961,,Bulb diameter 10.5 mm; SV8.5-8 festoon caps; 400 h rated life; 120 lm. Other sellers give 31 mm
SP-724,Lighting,"Rating (catalogue, this figure)",5,W,S-005,BI-129-07 (A12V 5W),primary,lighting,PT962,,"Same part number is printed 3.8 W (BI-034-07, BI-036-05) and 3.4 W (BI-047-15 and others) elsewhere in S-005; S-001 PDF p.26 labels the spot lamp 6 W. Check on the car"
SP-725,Lighting,Bulb form,"wedge, in socket 51354",,S-005,"figure 6900A-3, Body PDF p.130 (item 69170K)",primary,lighting,PT962,,Map (spot) lamp bulb; only present in the W/MAP LAMP mirror
SP-726,Lighting,Replacement Eiko 194 (40427): rating,14 V 0.27 A,,S-150,p.1,secondary,lighting,PT962,,"About 3.8 W. Base W2.1x9.5d miniature wedge, bulb T3-1/4, filament C-2F"
SP-727,Lighting,Replacement Eiko 194 (40427): maximum overall length,26.9,mm,S-150,p.1,secondary,lighting,PT962,,"MOD 10.2 mm, light centre length 14.2 mm, 25 lm, 2500 h rated life"
SP-728,Engine,"Mount to engine, front holes: bolts 10 x 1.25 mm x 30 mm with 10 mm lockwashers, qty",2,pcs,S-048,"p.1 step 3, Diagram 1",secondary,climate,PT229,other-car,"Mazda dealer A/C installation instruction, year not stated; mount MZ-97-A-1. Two 3/8 in mount spacers (3/4 x 13/32 x 0.394 in) sit between mount and engine at these holes. check"
SP-729,Engine,"Mount to engine, top rear hole: bolt 10 x 1.25 mm x 20 mm with 3/8 in lockwasher",1,pcs,S-048,"p.1 step 3, Diagram 1",secondary,climate,PT229,other-car,"Year not stated. A 12 x 1.5 mm hex nut with 1/2 in lockwasher goes on the engine stud; tighten all uniformly. Diagram 1 labels a 7/16 lockwasher at this 20 mm bolt, the text says 3/8 in. check"
SP-730,Engine,"Mount spacer (between mount and engine), OD x ID x length",3/4 x 13/32 x 0.394,in,S-048,p.1 Diagram 1,secondary,climate,PT229,other-car,"Qty 2. Year not stated; the '82 package lists spacers 0000-67-1983-69 x2 (S-005 BI-087-19, 3/8 x 3/4 OD - 7/16 ID), so the ID differs from this sheet's 13/32; possibly the same spacer. check"
SP-731,Engine,"Compressor pivot bolt (bottom of mount, installed from front), 3/8 in NC x 5 in with lockwasher and nut",1,pcs,S-048,p.2 step 4,secondary,climate,PT229,other-car,Diagram 1 labels a 10 mm x 130 mm bolt with 7/16 lockwasher and 10 mm hex nut at this position. Year not stated. check
SP-732,Engine,"Compressor adjusting bolts (top slots of mount), 3/8 in NC x 1-1/2 in (9.525 x 38.1 mm, zinc coated) with lockwashers, flat washers and nuts",2,pcs,S-048,"p.2 step 4, p.1 Diagram 1",secondary,climate,PT229,other-car,"Belt is fitted around crankshaft pulley and compressor clutch, then tensioned by these slots before tightening; the water pump pulley must be rotated to the correct position to fit the belt. No tension figure given. Year not stated. check"
SP-733,Engine,Spark plug wire holder mounting,rear bolt of compressor bracket adjusting arms,,S-048,"p.2 step 5, Photo 2",secondary,climate,PT228,other-car,Year not stated; wires must be clipped into the holder. check
SP-734,Electrical,Blower speeds,3,speeds,S-001,24 (Section G),primary,climate,PT039,,"OFF, LO, MI and HI through the resistor pack; the motor feed is IG through the 20 A BLOWER fuse on LO."
SP-735,Electrical,Replacement Four Seasons 35483: voltage,12,V,S-158,,secondary,climate,PT039,,"Motor only, without wheel; interchanges Mazda 887176453 / 887176453A. Two lead wires, flanged, vented, rotation listed as CW/CCW."
SP-736,Electrical,Replacement Four Seasons 35483: shaft diameter,6.81,mm,S-158,,secondary,climate,PT039,,"Listed as 0.268 in, round shaft."
SP-737,Electrical,Replacement Four Seasons 35483: shaft length,52.3,mm,S-158,,secondary,climate,PT039,,Listed as 2.06 in.
SP-738,Electrical,Replacement Four Seasons 35483: motor diameter,76.2,mm,S-158,,secondary,climate,PT039,,Listed as 3.000 in.
SP-739,Electrical,Replacement Four Seasons 35483: motor length,98.4,mm,S-158,,secondary,climate,PT039,,Listed as 3.875 in.
SP-740,Electrical,Resistor stages,3,stages,S-001,24 (Section G),primary,climate,PT225,,"In series from the motor's ground side: stage 1 to the HI tap (LY), stage 2 to the MI tap (LR), stage 3 to the LO tap (LW). S-001 marks stage 1 'short with air-con': on an A/C car (this car) HI gets no resistance. Ohm values are not given in any source found; measure them."
SP-741,Electrical,A/C indicator lamp in the switch,1.4,W,S-001,24 (Section G),primary,climate,PT218,,Between LB (blower-fuse feed) and LG (A/C chain); lights when the A/C switch is pressed and the fan is not OFF.
SP-742,Electrical,"Continuity check: HI A-E, MEDIUM B-E, LOW C-E","A(LY), B(LR), C(LW) to E(B, ground)",,S-045,15:10 (Fig. 15-33),primary,climate,PT218,other-car,"1980 workshop manual, 15-I heater fan switch inspection. D(LG) is the A/C switch terminal. The 1982 diagram (S-001) uses the same wire colours for the taps."
SP-743,Body,Control positions (1980 panel),"Mode: REC/MAX, VENT, BI-LEVEL, HEAT, DEF; temperature: COLD to HOT; fan: OFF, L, M, HI",,S-045,15:10 (Fig. 15-33),primary,climate,PT215,other-car,"1980 panel drawing; the 1982 panel FA01-61-190/190A has the same three controls in the catalogue (knobs, selector and temperature levers)."
SP-744,Body,Mode wire setting,"Knob at VENT, heater-unit mode lever pulled fully rearward, then clamp",,S-002,15-95,secondary,climate,PT220,other-car,1985 workshop manual (1984-85 panel). Then run the blower at HI with temperature at COLD and check that no air leaks from the floor outlets.
SP-745,Body,Temperature wire setting,"Knob at COLD MAX, heater-unit selector lever pushed down (COLD), then clamp; check full travel COLD to HOT",,S-002,15-95,secondary,climate,PT220,other-car,1985 workshop manual (1984-85 panel).
SP-746,Body,Replacement Atkins Rotary 8341-60-713-01 (black reproduction): shipping weight,0.2,lb,S-169,product page,secondary,climate,PT825,,Retailer listing weight for the reproduction grille; fits left or right side.
SP-747,Body,Centre vent assembly fixing screws,4,count,S-170,thread,unverified,climate,PT875,,"Owner report: 2 on top, 2 in front; one poster says they screw into the dash pad from the backside; grates held by a small plate with 2 screws. confirm on the car"
SP-748,Cooling,Thermostat starts to open,82 +/- 1.5,C,S-038,T:2 (pdf p.4),primary,cooling,PT022,,180 +/- 2.7 F; wax pellet type; fully open at 95 C (203 F). The 1985 manual gives 80.5-83.5 C.
SP-749,Cooling,"Thermostat lift, fully open",8-10,mm,S-038,T:2 (pdf p.4),primary,cooling,PT022,,0.3-0.4 in
SP-750,Cooling,Installation,Jiggle pin positioned on the upper side,,S-002,p.3-5,primary,cooling,PT022,other-car,"1985 FSM: fitted any other way, the opening temperature changes."
SP-751,Cooling,Replacement Atkins 8553-15-171: rating,180,F,S-171,https://www.atkinsrotary.com/69-85-Thermostat-8553-15-171.html,secondary,cooling,PT022,,"Fits 1969-85 rotaries; replaces 083915171A, 125915171A, 8553-99-152."
SP-752,Cooling,Pressure cap opens at,90 +/- 15,kPa,S-038,T:2 (pdf p.4),primary,cooling,PT181,,13.0 +/- 2 psi
SP-753,Cooling,Cap test,Hold pressure at 75-105 kPa for about 10 s; replace if it will not reach 75 kPa (11 psi) or opens above 105 kPa (15 psi),,S-002,p.3-5,primary,cooling,PT181,other-car,Replace the cap if its rubber gasket is damaged.
SP-754,Cooling,Replacement Gates 31527 / Motorad T13: rating,13,psi,S-172,RockAuto 1982 RX-7 radiator cap listing,secondary,cooling,PT181,,"Other 13 psi caps listed: SKP SK10229, CSF 4501. Calorstat RC0052 is 16 psi."
SP-755,Cooling,Cooling system pressure test,"Pump the system, warm, to 100 kPa (14 psi) and watch the gauge for about 1 minute; if it drops, inspect hoses and fittings",,S-002,p.3-5,primary,cooling,PT020,other-car,
SP-756,Cooling,"Pulley ratio, eccentric shaft to pump",1:1.18,,S-038,T:2 (pdf p.4),primary,cooling,PT021,,"V-belt drive. Feed capacity is already SP-055 (150-160 L/min at 6500 rpm, same in 1982)."
SP-757,Cooling,Water pump shaft play limit,0.5,mm,S-002,p.3-6,primary,cooling,PT021,other-car,"0.02 in; measured with a dial indicator at the pulley, moving the pulley up and down without turning it."
SP-758,Cooling,Water pump installation torque,18-27,N-m,S-002,p.3-9,primary,cooling,PT021,other-car,"13-20 ft-lb, tightened evenly in the numbered order; height-adjusting shims go on stud bolts 2 and 4."
SP-759,Cooling,Replacement cross-reference,"GMB 145-1180; Dayco DP1279; FVP US9053; Beck/Arnley 131-1937 (with gasket, metal impeller); US Motor Works US9053",,S-172,RockAuto 1982 RX-7 water pump listing,secondary,cooling,PT021,,Listed for the 1982 RX-7 1.1L; check which catalogue item they replace.
SP-760,Cooling,Replacement Atkins N232-99-153B,"Aluminium pump with pump gasket; replaces 3648-15-130, 3648-15-130E, N232-15-130C-PT, N232-99-153, N232-99-153A",,S-171,https://www.atkinsrotary.com/79-85-Rx7-Water-Pump-N232-99-153B.html,secondary,cooling,PT188,,Fits 79-85 12A and 13B. The housing-to-block gasket is not included.
SP-761,Cooling,Air pump belt deflection (between air pump and water pump pulley),12 +/- 1,mm,S-038,T:1 (pdf p.3),primary,cooling,PT190,,0.47 +/- 0.04 in
SP-762,Cooling,Bearing service,"Inspect for roughness or excess end play; press in by the outer race, check it turns smoothly, refit the snap ring",,S-002,p.3-8 to 3-9,primary,cooling,PT185,other-car,
SP-763,Cooling,Seal service,"Press the seal in straight with a pipe, check the lip moves smoothly, coat the lip with coolant; replace the impeller if its seal seat is scored or pitted",,S-002,p.3-8 to 3-9,primary,cooling,PT186,other-car,
SP-764,Cooling,Removal tool,Pulley boss adapter 49 1975 145 (press),,S-002,p.3-7,primary,cooling,PT189,other-car,
SP-765,Cooling,Fan drive check,Engine cold: turning the fan by hand should meet resistance; no fluid leakage; bimetal not deformed; no bearing play or grease leakage,,S-002,p.3-4,primary,cooling,PT193,other-car,1985 type: thermo-modulated.
SP-766,Cooling,Temperature gauge unit tightening torque,7-8,N-m,S-038,T:7 (pdf p.9),primary,cooling,PT023,,5-6 ft-lb
SP-767,Cooling,Resistance at 80 C (176 F),53.5 +/- 4.2,ohm,S-002,p.15-20,primary,cooling,PT023,other-car,"Unit in heated water, measured with an ohmmeter. The 1985 unit is 8569-18-510A per Atkins (fits 81-88), the same number as ours."
SP-768,Cooling,Thread,"M8x0.75 straight, crush washer",,S-171,https://www.atkinsrotary.com/81-88-Rx7-Coolant-Temperature-Sensor-8569-18-510A.html,secondary,cooling,PT023,,Under the oil filter stand; check on the car.
SP-769,Cooling,Thread,M11.5x1.25,,S-171,https://www.atkinsrotary.com/79-88-Rx7-Water-Level-Sensor-8553-15-610B.html,secondary,cooling,PT292,,Mounts on top of the radiator; gasket 8553-15-611.
SP-770,Cooling,Sensor check,"Remove the sensor with the connector on, not grounded to the body, and start the engine: the lamp lights; then ground the threaded part: if the lamp stays lit the sensor is normal",,S-002,p.15-24,primary,cooling,PT292,other-car,Circuit check: unplug the sensor (Br) and start the engine; the COOLANT lamp must light 9-16 s after starting.
SP-771,Electrical,Warning delay,9-16,s,S-002,p.15-24 to 15-25,primary,cooling,PT293,other-car,Bench test with a 1.4 W bulb and a switch standing in for the sensor: the bulb stays off with the switch closed and lights 9-16 s after it opens.
SP-772,Cooling,Level check,"Engine cold: coolant near the radiator inlet port, reserve tank between the FULL and LOW marks",,S-002,p.3-3,primary,cooling,PT195,other-car,
SP-773,Engine,Exhaust port timing,"opens 75 deg BBDC, closes 38 deg ATDC",,S-038,T:1,primary,engine,PT001,,1985 manual S-002 p.1-3 gives the same for the 12A.
SP-774,Engine,Engine oil grade (1982 Technical Data),API SD or SE,,S-038,T:2,primary,engine,PT001,,The 1980 and 1985 manuals add SF.
SP-775,Engine,Engine oil viscosity by outside temperature,above -10 C (15 F): 20W-40 or 20W-50; -25 to 30 C (-13 to 86 F): 10W-30; above -25 C (-13 F): 10W-40 or 10W-50; below -20 C (-4 F): 5W-20; below 0 C (32 F): 5W-30,,S-038,T:2,primary,engine,PT001,,
SP-776,Engine,"Tension bolts, number fitted","17 (16 x 1015-10-451B plus 1 x 1015-10-452A), each with seal washer 0839-10-455",,S-005,"fig 1040A-1, EC-027-25 to EC-027-27",primary,engine,PT001,,"Torque is already recorded. S-002 p.1-47 (1985, other-car wording): renew the sealing washers at overhaul, oil the threads, tighten gradually in the sequence shown; the 12A has no bolt No. 11."
SP-777,Engine,Oil filter type,"Full flow, cartridge",,S-038,T:2,primary,engine,PT003,,
SP-778,Engine,Oil filter relief (bypass) valve opening pressure,80-120 (11-17),kPa (psi),S-038,T:2,primary,engine,PT003,,1985 manual S-002 p.2-4 gives 100 kPa (14 psi) for the 12A.
SP-779,Capacities,Oil held in the filter,0.3 (0.32 US qt),L,S-002,p.2-4,primary,engine,PT003,other-car,1985 12A figure; no 1982 source gives it.
SP-780,Engine,Filter fitting,"Oil the rubber seal, screw on hand tight, then about 1/8 turn more with a band-type wrench (a chain wrench can deform the filter)",,S-002,p.2-5,primary,engine,PT003,other-car,"The 1985 text heads this ""12B engine"", evidently the 12A; 1985 wording."
SP-781,Engine,Replacement FRAM PH3593A: thread,M20x1.5,,S-174,RockAuto more-info page,secondary,engine,PT003,,"The filter linked on the part row; describes the replacement, check it fits the 1982 filter body."
SP-782,Engine,Replacement FRAM PH3593A: outside diameter,3.016,in,S-174,RockAuto more-info page,secondary,engine,PT003,,
SP-783,Engine,Replacement FRAM PH3593A: height,3.390,in,S-174,RockAuto more-info page,secondary,engine,PT003,,
SP-784,Engine,Replacement FRAM PH3593A: gasket ID / OD / thickness,2.125 / 2.422 / 0.203,in,S-174,RockAuto more-info page,secondary,engine,PT003,,Silicone anti-drainback valve.
SP-785,Electrical,Mounting position,Screwed into the rear housing,,S-002,p.2-5,primary,engine,PT004,other-car,1985 manual; check on the car.
SP-786,Electrical,Thread into the engine,1/8 in BSP (not NPT),,S-175,post by Jeff20B,secondary,engine,PT004,,"Forum statement, not measured; an NPT aftermarket sender needs a BSP-to-NPT adapter. Check on the car."
SP-787,Electrical,Gauge check: resistance put in place of the sender for each reading,0 psi: open circuit; first mark: 196.7; 60 psi: 141.2; 110 psi: 102.6,ohm,S-002,p.15-20 to 15-21,primary,engine,PT004,other-car,1985 combination meter (scale to 110 psi) checked with checker 49 0839 285 on the BrY lead; indication error allowed is twice the needle width; if the gauge reads right the sender is at fault. The 1982 gauge scale is not recorded; check.
SP-788,Electrical,Oil pressure test,Remove the sender and fit oil pressure gauge 49 0187 280 in its hole; engine warm,,S-002,p.2-5,primary,engine,PT004,other-car,Pressures to expect are already recorded on the engine.
SP-789,Engine,Replacement Atkins ARE115: contents,"3 mm cross-section O-ring kit: water jacket seals, Viton rotor O-rings, dowel pin O-rings, rear stationary gear seal, front cover O-ring, front and rear main seals, distributor O-ring, tension bolt seals",,S-177,product page,secondary,engine,PT060,,Atkins lists it against Mazda 1757-23-040.
SP-790,Engine,Fitting the rotor housing sealing rubbers,Vaseline (never grease) on new O-rings and sealing rubbers; the wider white line of the inner sealing rubber faces the combustion chamber; seam at the position shown; do not stretch; fit the protector behind the inner sealing rubber at overhaul,,S-002,p.1-44 and 1-46,primary,engine,PT060,other-car,
SP-791,Engine,"Width, standard",40 (1.575),mm (in),S-038,T:1,primary,engine,PT063,,
SP-792,Engine,Distortion (warp) limit,0.04 (0.0016),mm (in),S-038,T:1,primary,engine,PT063,,"S-038 prints ""0.40 mm (0.0016 in)""; the inch figure and S-002 p.1-31 give 0.04 mm. Checked with a straight edge."
SP-793,Engine,"Wear limit, rotor sliding surface (stepped wear by side seal)",0.10 (0.0039),mm (in),S-038,T:1,primary,engine,PT063,,S-002 p.1-31: dial indicator on gauge body 49 0727 570; outside the oil seal tracing mark.
SP-794,Engine,Stepped wear limit inside the oil seal tracing mark / by the oil seal,0.01 (0.0004) / 0.02 (0.0008),mm (in),S-002,p.1-32,primary,engine,PT063,other-car,
SP-795,Engine,"Width, standard",50 (1.969),mm (in),S-038,T:1,primary,engine,PT062,,
SP-796,Engine,Distortion (warp) limit,0.04 (0.0016),mm (in),S-038,T:1,primary,engine,PT062,,"S-038 prints ""0.40 mm (0.0016 in)""; the inch figure and S-002 p.1-31 give 0.04 mm. Checked with a straight edge."
SP-797,Engine,"Wear limit, rotor sliding surface (stepped wear by side seal)",0.10 (0.0039),mm (in),S-038,T:1,primary,engine,PT062,,S-002 p.1-31: dial indicator on gauge body 49 0727 570; outside the oil seal tracing mark.
SP-798,Engine,Stepped wear limit inside the oil seal tracing mark / by the oil seal,0.01 (0.0004) / 0.02 (0.0008),mm (in),S-002,p.1-32,primary,engine,PT062,other-car,
SP-799,Engine,"Width, standard",60 (2.362),mm (in),S-038,T:1,primary,engine,PT064,,
SP-800,Engine,Distortion (warp) limit,0.04 (0.0016),mm (in),S-038,T:1,primary,engine,PT064,,"S-038 prints ""0.40 mm (0.0016 in)""; the inch figure and S-002 p.1-31 give 0.04 mm. Checked with a straight edge."
SP-801,Engine,"Wear limit, rotor sliding surface (stepped wear by side seal)",0.10 (0.0039),mm (in),S-038,T:1,primary,engine,PT064,,S-002 p.1-31: dial indicator on gauge body 49 0727 570; outside the oil seal tracing mark.
SP-802,Engine,Stepped wear limit inside the oil seal tracing mark / by the oil seal,0.01 (0.0004) / 0.02 (0.0008),mm (in),S-002,p.1-32,primary,engine,PT064,other-car,
SP-803,Engine,"Width, standard",70 (2.7559),mm (in),S-038,T:1,primary,engine,PT061,,
SP-804,Engine,Max difference in width,0.06 (0.0024),mm (in),S-038,T:1,primary,engine,PT061,,"S-002 p.1-34: micrometer at four points; point A against the least of B, C and D. Also check the chromium-plated surface for scoring or flaking."
SP-805,Engine,"Pressure control valve spring, free length",73.0 (2.874),mm (in),S-038,T:2,primary,engine,PT065,,"S-038 lists it as the front cover pressure control valve (operating pressure already on the engine); this catalogue plunger, spring and plug are taken to be that valve. Check."
SP-806,Engine,"Pressure control valve spring, free length (1985 12A)","69.6 (2.74), spring and cap bolt painted yellow",mm (in),S-002,p.2-11,primary,engine,PT065,other-car,Differs from the 1982 figure; the catalogue lists a new spring N231-14-273 from 1983 (EC-028-01).
SP-807,Engine,Fitting,Align the slot in the gear flange with the dowel pin in the front housing; main bearing removed and fitted with puller and installer 49 0813 235,,S-002,p.1-33,primary,engine,PT066,other-car,
SP-808,Engine,Fitting,"New O-ring with a thin coat of vaseline in the gear groove, sealing agent on the gear flange, slot aligned with the rear housing dowel pin, then tighten the attaching bolts; tool 49 0813 235",,S-002,p.1-33 to 1-34,primary,engine,PT067,other-car,
SP-809,Engine,"Main bearing clearance, standard",0.04-0.08 (0.0016-0.0031),mm (in),S-038,T:1,primary,engine,PT068,,Bearing bore less eccentric shaft main journal diameter.
SP-810,Engine,"Main bearing clearance, wear limit",0.10 (0.0039),mm (in),S-038,T:1,primary,engine,PT068,,
SP-811,Engine,Replacement method,"Press out without the adaptor ring; press in with the adaptor ring, bearing lug aligned with the slot in the stationary gear, until the adaptor touches the gear flange; tool 49 0813 235",,S-002,p.1-33,primary,engine,PT068,other-car,
SP-812,Engine,"Main bearing clearance, standard",0.04-0.08 (0.0016-0.0031),mm (in),S-038,T:1,primary,engine,PT069,,Bearing bore less eccentric shaft main journal diameter.
SP-813,Engine,"Main bearing clearance, wear limit",0.10 (0.0039),mm (in),S-038,T:1,primary,engine,PT069,,
SP-814,Engine,Replacement method,"Press out without the adaptor ring; press in with the adaptor ring, bearing lug aligned with the slot in the stationary gear, until the adaptor touches the gear flange; tool 49 0813 235",,S-002,p.1-33,primary,engine,PT069,other-car,
SP-815,Engine,Fitting,"Tap in square on a hardwood block, never directly with a hammer; no lubricant or sealant on the outer surface; oil the lip before fitting the flywheel or counterweight",,S-002,"p.1-40, 1-47, 1-48",primary,engine,PT070,other-car,The 1985 manual says the rear oil seal sits in the rear stationary gear.
SP-816,Engine,Fitting,"New O-ring on the front housing oil passage, gasket 8527-10-641, then tighten the cover bolts; oil the front oil seal",,S-002,p.1-51,primary,engine,PT071,other-car,Gasket number from S-005 EC-027-33.
SP-817,Engine,Fitting,"Tap in square on a hardwood block, never directly with a hammer; no lubricant or sealant on the outer surface; oil the lip on assembly",,S-002,"p.1-40, 1-51",primary,engine,PT072,other-car,
SP-818,Engine,Oil level,Between the F and L marks,,S-002,p.2-5,primary,engine,PT076,other-car,
SP-819,Engine,Oil pan bolt torque,8-11 (6-8),N-m (ft-lb),S-038,T:7,primary,engine,PT077,,S-002 p.2-9: tighten little by little in turn.
SP-820,Engine,Oil pan sealing,"Continuous 4-6 mm (0.16-0.24 in) bead of silicone sealer 8527-77-739, ends overlapped; with a gasket, bead under and sealer on top",,S-002,p.2-9,primary,engine,PT077,other-car,The 1982 catalogue lists the same sealant 8527-77-739 in this figure (EC-028-04).
SP-821,Engine,Eccentricity of rotor journal,15.0 (0.5906),mm (in),S-038,T:1,primary,engine,PT079,,
SP-822,Engine,Main journal diameter,43 (1.6929),mm (in),S-038,T:1,primary,engine,PT079,,
SP-823,Engine,Rotor journal diameter,74 (2.9134),mm (in),S-038,T:1,primary,engine,PT079,,
SP-824,Engine,Max run-out,0.06 (0.0024),mm (in),S-038,T:1,primary,engine,PT079,,S-002 p.1-39: half the largest dial reading on V-blocks.
SP-825,Engine,"End play, standard",0.04-0.07 (0.0016-0.0028),mm (in),S-038,T:1,primary,engine,PT079,,Measured with a dial indicator on the flywheel or counterweight after the pulley bolt is torqued (S-002 p.1-50). Set by the spacer.
SP-826,Engine,"End play, limit",0.09 (0.0035),mm (in),S-038,T:1,primary,engine,PT079,,
SP-827,Engine,Check,"Plug, spring and steel ball: look for a weak spring, sticking or a damaged ball",,S-002,p.1-39,primary,engine,PT080,other-car,
SP-828,Engine,Fitting order,"Thrust plate chamfer down, then spacer and needle bearing oiled; bearing housing bolted to the front housing; needle bearing, then balance weight with thrust washer",,S-002,p.1-49,primary,engine,PT081,other-car,
SP-829,Engine,Spacer thickness by mark,"Z 8.00, V 8.02, Y 8.04, K 8.06, X 8.08",mm,S-002,p.1-50,primary,engine,PT082,other-car,Lengths match the catalogue sizes in the part note. End play over the limit: lap the spacer on emery on a surface plate or fit a thinner one; under 0.04 mm fit a thicker one.
SP-830,Engine,Fitting order (A/T),"slid onto the eccentric shaft with its thrust washer, after the bearing housing and needle bearing",,S-002,Section 1 p1-49,primary,engine,PT083,other-car,1985 12A/13B assembly procedure; S-038 gives no figure for the balance weight
SP-831,Engine,Fitting direction,F mark toward the front of the engine,,S-002,Section 1 p1-50,primary,engine,PT084,other-car,1985 12A/13B assembly procedure; slides onto the eccentric shaft after the oil pump drive; check the mark on the car's gear
SP-832,Engine,Pulley bolt tightening torque,100-120,N-m,S-038,T:7 (pdf p9),primary,engine,PT086,,"72-87 ft-lb; the 1985 manual (S-002 Section 1 p1-50, 1-51) gives the same figure"
SP-833,Engine,Timing mark location,eccentric shaft pulley,,S-038,T:3 (pdf p5),primary,engine,PT086,,"Leading 0 deg ATDC, trailing 20 deg ATDC (S-038 T:3)"
SP-834,Engine,Timing mark colours,"leading yellow, trailing red",,S-002,"Section 1 p1-3, p1-54",primary,engine,PT086,other-car,1985 12A table; the 1982 data gives the same timing figures but not the paint colours; check on the pulley
SP-835,Engine,Pulley bolt washer,replace with a new washer whenever the pulley is removed,,S-002,Section 1 p1-51,primary,engine,PT086,other-car,1985 assembly note
SP-836,Engine,Flywheel lock nut tightening torque,400-500,N-m,S-038,T:7 (pdf p9),primary,engine,PT087,,289-362 ft-lb; listed under Clutch in S-038. The 1985 manual gives the same torque for the A/T counterweight lock nut (S-002 Section 1 p1-48)
SP-837,Engine,Lock nut fitting (A/T counterweight),sealing agent on the lock nut face that contacts the counterweight; key fitted to the eccentric shaft first; tools 49 1881 055 stopper and 49 0820 035 box wrench,,S-002,Section 1 p1-48,primary,engine,PT087,other-car,1985 procedure
SP-838,Engine,Rotor width,69.8,mm,S-038,T:1 (pdf p3),primary,engine,PT088,,2.748 in
SP-839,Engine,"Side housing to rotor clearance, standard",0.12-0.18,mm,S-038,T:1 (pdf p3),primary,engine,PT088,,"rotor housing width minus maximum rotor width, measured at three points (S-002 Section 1 p1-35)"
SP-840,Engine,"Side housing to rotor clearance, limit",0.10,mm,S-038,T:1 (pdf p3),primary,engine,PT088,,a clearance smaller than this means the internal gear has moved out: tap it back lightly with a plastic hammer (S-002 Section 1 p1-35)
SP-841,Engine,"Side housing to rotor clearance, standard (1985 12A)",0.12-0.19,mm,S-002,Section 1 p1-35,primary,engine,PT088,other-car,1985 figure; differs from the 1982 0.12-0.18 mm
SP-842,Engine,"Rotor bearing clearance, standard",0.04-0.08,mm,S-038,T:1 (pdf p3),primary,engine,PT089,,bearing inside diameter minus eccentric shaft rotor journal diameter; S-002 Section 1 p1-35 same
SP-843,Engine,"Rotor bearing clearance, wear limit",0.10,mm,S-038,T:1 (pdf p3),primary,engine,PT089,,
SP-844,Engine,Bearing replacement,pressed out and in with rotor bush puller and installer 49 0813 240; lug in line with the slot in the rotor bore; pressed until flush with the rotor boss,,S-002,Section 1 p1-36,primary,engine,PT089,other-car,1985 procedure
SP-845,Engine,Replacement Mazda 1011-11-111: fitment,"71-92 rotary engines, all",,S-183,atkinsrotary.com 1011-11-111,secondary,engine,PT089,,"Same Mazda number as the catalogue; USD 44 at Atkins, 2026"
SP-846,Engine,Apex seal length,69.8,mm,S-038,T:1 (pdf p3),primary,engine,PT090,,
SP-847,Engine,Apex seal width,3.0,mm,S-038,T:1 (pdf p3),primary,engine,PT090,,
SP-848,Engine,"Apex seal height, standard",8.5,mm,S-038,T:1 (pdf p3),primary,engine,PT090,,measure at two points with a micrometer (S-002 Section 1 p1-37)
SP-849,Engine,"Apex seal height, limit",7.0,mm,S-038,T:1 (pdf p3),primary,engine,PT090,,
SP-850,Engine,"Apex seal to rotor groove clearance, standard",0.05-0.09,mm,S-038,T:1 (pdf p3),primary,engine,PT090,,
SP-851,Engine,"Apex seal to rotor groove clearance, limit",0.15,mm,S-038,T:1 (pdf p3),primary,engine,PT090,,
SP-852,Engine,Apex seal warp limit,0.06,mm,S-002,Section 1 p1-37,primary,engine,PT090,other-car,"1985 figure, not in the 1982 data; replace all three seals of a rotor if exceeded"
SP-853,Engine,Replacement Mazda N201-11-300B: construction,two-piece seal glued together with its tip; set of six; supersedes N201-11-300A,,S-183,atkinsrotary.com N201-11-300B,secondary,engine,PT090,,"USD 570 per set at Atkins, 2026"
SP-854,Engine,Side piece position,toward the rear side of the rotor when the front-side seals are fitted; each side piece back to its original position with its spring seated,,S-002,"Section 1 p1-42, p1-45",primary,engine,PT091,other-car,1985 procedure
SP-855,Engine,"Apex seal spring free height, standard",6.9 or more,mm,S-038,T:1 (pdf p3),primary,engine,PT092,,
SP-856,Engine,"Apex seal spring free height, limit",5.5,mm,S-038,T:1 (pdf p3),primary,engine,PT092,,S-002 Section 1 p1-38 gives 5.5 mm for the 12A as well
SP-857,Engine,Fitting,both ends of the spring bear on the back of the apex seal,,S-002,Section 1 p1-45,primary,engine,PT092,other-car,
SP-858,Engine,Side seal thickness,1.0,mm,S-038,T:1 (pdf p3),primary,engine,PT093,,
SP-859,Engine,Side seal height,3.5,mm,S-038,T:1 (pdf p3),primary,engine,PT093,,
SP-860,Engine,"Side seal to rotor groove clearance, standard",0.03-0.08,mm,S-038,T:1 (pdf p3),primary,engine,PT093,,
SP-861,Engine,"Side seal to rotor groove clearance, limit",0.10,mm,S-038,T:1 (pdf p3),primary,engine,PT093,,
SP-862,Engine,"Side seal to corner seal clearance, standard",0.05-0.15,mm,S-038,T:1 (pdf p3),primary,engine,PT093,,set by filing the side seal end to the corner seal's curve (S-002 Section 1 p1-38)
SP-863,Engine,"Side seal to corner seal clearance, limit",0.40,mm,S-038,T:1 (pdf p3),primary,engine,PT093,,
SP-864,Engine,Side seal protrusion,more than 0.5,mm,S-038,T:1 (pdf p3),primary,engine,PT093,,
SP-865,Engine,Replacement Mazda 1011-23-151A: fitting,supplied long; about 1.28 mm to be removed from each seal to reach 0.05-0.15 mm to the corner seal; not for lapped side housings,,S-183,atkinsrotary.com 1011-23-151A,secondary,engine,PT093,,"set of 12, USD 192 at Atkins, 2026"
SP-866,Engine,Replacement criterion,replace the spring when side seal protrusion is below 0.5 mm,,S-038,T:1 (pdf p3),primary,engine,PT094,,protrusion figure from S-038; the rule that the spring is what is replaced is from S-002 Section 1 p1-38
SP-867,Engine,Corner seal outer diameter,11.0,mm,S-038,T:1 (pdf p3),primary,engine,PT095,,
SP-868,Engine,Corner seal height,7.0,mm,S-038,T:1 (pdf p3),primary,engine,PT095,,
SP-869,Engine,Corner seal protrusion,more than 0.5,mm,S-038,T:1 (pdf p3),primary,engine,PT095,,
SP-870,Engine,Corner seal bore wear check,"gauge 49 0839 165: neither end enters, reuse the seal; go end enters but not the no-go end, fit a new corner seal; both ends enter, replace the rotor",,S-002,Section 1 p1-35,primary,engine,PT095,other-car,1985 procedure
SP-871,Engine,Replacement criterion,replace the spring when corner seal protrusion is below 0.5 mm,,S-038,T:1 (pdf p3),primary,engine,PT097,,protrusion figure from S-038; the rule from S-002 Section 1 p1-39
SP-872,Engine,Oil seal height,5.6,mm,S-038,T:1 (pdf p3),primary,engine,PT098,,
SP-873,Engine,Oil seal lip contact width,less than 0.5,mm,S-038,T:1 (pdf p3),primary,engine,PT098,,replace the seal if the lip is wider (S-002 Section 1 p1-36)
SP-874,Engine,Oil seal protrusion,more than 0.5,mm,S-038,T:1 (pdf p3),primary,engine,PT098,,
SP-875,Engine,Inner oil seal set depth,about 0.4 below the rotor surface,mm,S-002,Section 1 p1-41,primary,engine,PT098,other-car,pressed in with a used inner seal; new O-ring in each seal
SP-876,Engine,Spring colour code,"cream-painted springs on the front faces of both rotors, blue-painted on the rear faces",,S-002,Section 1 p1-41,primary,engine,PT099,other-car,round edge of each spring in the stopper hole of the groove
SP-877,Engine,Replacement criterion,replace the spring when oil seal protrusion is below 0.5 mm,,S-038,T:1 (pdf p3),primary,engine,PT099,,protrusion figure from S-038; the rule from S-002 Section 1 p1-36
SP-878,Exhaust,Exhaust manifold tightening torque,44-59,N-m,S-038,T:7 (pdf p9),primary,engine,PT101,,32-43 ft-lb; S-002 Section 1 p1-55 gives the same for the 12A
SP-879,Lubrication,Oil pump type,"rotor (trochoid), two rotor sets",,S-038,T:1 (pdf p3),primary,engine,PT104,,"S-002 Section 2 p2-4, p2-9"
SP-880,Lubrication,Oil pump feeding capacity at 1000 rpm,5.0,L/min,S-038,T:1 (pdf p3),primary,engine,PT104,,
SP-881,Lubrication,Oil pump drive,chain and sprocket,,S-038,T:1 (pdf p3),primary,engine,PT104,,
SP-882,Lubrication,Oil pressure at 3000 rpm,450-550,kPa,S-038,T:1 (pdf p3),primary,engine,PT104,,64-78 psi; S-002 Section 2 p2-5 same
SP-883,Lubrication,Construction,"shaft, front inner and outer rotors, middle plate, rear inner and outer rotors, keys, snap ring, set screw staked in place; bolts to the front housing",,S-002,"Section 2 p2-9, p2-10",primary,engine,PT104,other-car,
SP-884,Lubrication,Replacement Mazda 8553-14-100,17 mm 13B pump that also fits the 12A for more oil flow,,S-183,atkinsrotary.com 8553-14-100,secondary,engine,PT104,,Mazdatrix calls the original 12A pump 15 mm; USD 325 at Atkins; check which is fitted
SP-885,Lubrication,"Clearance between rotor lobes, standard",0.01-0.09,mm,S-038,T:1 (pdf p3),primary,engine,PT105,,
SP-886,Lubrication,"Clearance between rotor lobes, wear limit",0.15,mm,S-038,T:1 (pdf p3),primary,engine,PT105,,
SP-887,Lubrication,"Outer rotor to pump body clearance, standard",0.20-0.25,mm,S-038,T:1 (pdf p3),primary,engine,PT105,,
SP-888,Lubrication,"Outer rotor to pump body clearance, wear limit",0.30,mm,S-038,T:1 (pdf p3),primary,engine,PT105,,
SP-889,Lubrication,"Rotor end float, standard",0.03-0.13,mm,S-038,T:1 (pdf p3),primary,engine,PT105,,
SP-890,Lubrication,"Rotor end float, wear limit",0.15,mm,S-038,T:1 (pdf p3),primary,engine,PT105,,corrected by grinding the pump body (S-002 Section 2 p2-10)
SP-891,Lubrication,Fitting,tally marks on the rotors toward the front housing,,S-002,Section 2 p2-10,primary,engine,PT105,other-car,
SP-892,Lubrication,Oil pump sprocket tightening torque,32-47,N-m,S-038,T:7 (pdf p9),primary,engine,PT106,,"23-34 ft-lb; lock washer tab bent over (S-002 Section 1 p1-49, p1-50)"
SP-893,Lubrication,Chain slack limit,12,mm,S-038,T:1 (pdf p3),primary,engine,PT107,,pressed with a finger (S-002 Section 1 p1-50)
SP-894,Lubrication,Replacement 0839-14-142: links,27,,S-183,atkinsrotary.com 0839-14-142,secondary,engine,PT107,,"OEM-quality chain, USD 49.95 at Atkins, 2026"
SP-895,Lubrication,Pressure regulator valve operating pressure at 3000 rpm,500,kPa,S-038,T:2 (pdf p4),primary,engine,PT109,,71.1 psi; in the rear housing
SP-896,Lubrication,Pressure regulator spring free length,46.4,mm,S-038,T:2 (pdf p4),primary,engine,PT109,,
SP-897,Lubrication,Replacement Mazda 3648-14-250: rating,60,psi,S-183,atkinsrotary.com 3648-14-250,secondary,engine,PT109,,"same Mazda number, listed by Atkins for the RX-8; 60 psi is about 414 kPa against the 500 kPa factory figure; check"
SP-898,Lubrication,Oil filter relief valve opening pressure,80-120,kPa,S-038,T:2 (pdf p4),primary,engine,PT110,,"S-038 lists it under Oil filter (full flow, cartridge); check whether the valve is in the cartridge or the body"
SP-899,Lubrication,O-rings,"two O-rings between the body and the housing, renewed on assembly",,S-002,"Section 1 p1-52, p1-54",primary,engine,PT110,other-car,
SP-900,Engine,Air pump belt deflection (between air pump and water pump pulley),12 +/- 1,mm,S-038,T:1 (PDF p.4),primary,engine,PT151,,0.47 +/- 0.04 in. The 1980 manual gives the same 12 +/- 1 mm and says pressed at 10 kg (22 lb); the 1985 manual gives 11-13 mm at 10 kg.
SP-901,Engine,Air pump belt deflection test load,10,kg,S-045,80RX7_1A p.1A:2,primary,engine,PT151,other-car,"22 lb push at mid-span; 1980 manual, repeated in the 1985 manual (S-002 p.4A-19). The 1982 table gives the deflection only."
SP-902,Engine,Air pump belt adjustment,"loosen the air pump strap bolt and mounting bolt, move the pump toward or away from the engine until the deflection is right, tighten both",,S-045,80RX7_1A p.1A:2,primary,engine,PT151,other-car,"Same procedure in S-002 p.4A-19 (1985). To replace the belt, the A/C compressor belt comes off first if fitted."
SP-903,Emissions,Air pump output pressure test,more than 11.5 kPa (1.64 psi) at 800 rpm,,S-045,80RX7_1A p.1A:1,primary,engine,PT149,other-car,"1980 gives 0.115 kg/cm2; 1985 (S-002 p.4A-18) gives 11.5 kPa. Measured at the hose to the air control valve with gauge set 49 2113 010B, engine warm. Below this, replace the pump. No 1982 figure found."
SP-904,Emissions,Air pump removal,"remove air cleaner, disconnect inlet and outlet hoses, remove strap bolt and mounting bolt, slip the belt off",,S-045,80RX7_1A p.1A:1,primary,engine,PT149,other-car,Same in S-002 p.4A-19 (1985).
SP-905,Electrical,Oil level sensor test,float up: no continuity; float down: continuity,,S-002,p.15-27,primary,engine,PT291,other-car,Ohmmeter between the lead and the sensor. 1985 manual; the 1982 wiring diagram (S-001 PDF p.16) draws the same one-wire switch to ground.
SP-906,Electrical,Oil level warning circuit check,"unplug the sensor, ground the harness terminal (BG), start the engine: OIL LEVEL lamp must light",,S-002,p.15-26,primary,engine,PT291,other-car,"If it does not light, check fuse, bulb and harness. 1985 manual; the BG wire colour matches the 1982 diagram."
SP-907,Electrical,Mounting bolt (catalogue hardware code),997560612,,S-005,BI p.95 fig 6600A-1,primary,engine,PT291,,Drawn at the sensor flange in the figure; check the count on the car.
SP-908,Emissions,No. 1 water temperature switch opening temperature,70 +/- 6.5,C,S-002,p.4A-32,primary,engine,PT294,other-car,158 +/- 11.7 F; no continuity between the two terminals above this (closed when cold). The 1980 manual gives the same (S-045 80RX7_1A p.1A:21). Applies only if this part is the No. 1 switch; check.
SP-909,Emissions,Water temperature switch tightening torque,35-45,N-m,S-038,T:7 (PDF p.9),primary,engine,PT294,,"25-33 ft-lb, listed under Engine as 'Water temperature switch'; taken as this switch in the water pump housing; check."
SP-910,Emissions,Seal washer (catalogue hardware code),995641600,,S-005,BI p.95 fig 6600A-1,primary,engine,PT294,,Drawn under the switch in the figure; check on the car.
SP-911,Emissions,Air control valve: internal valves,"air relief valve, air switching valve, No.1 anti-afterburn valve",,S-006,"72, 94",primary,engine,PT152,other-car,"1981 training manual; the 1982 sources checked (S-038, S-001) give no figure for this"
SP-912,Emissions,Port air injection cut above (engine warm),1100,rpm,S-006,"72, 74",primary,engine,PT152,other-car,"1981 training manual; the 1982 sources checked (S-038, S-001) give no figure for this; the ECU low-speed switch point"
SP-913,Emissions,"Split air injection (to 2-bed catalyst), choke off, engine warm",1100 to 4000,rpm,S-006,74,primary,engine,PT152,other-car,"1981 training manual; the 1982 sources checked (S-038, S-001) give no figure for this"
SP-914,Emissions,"Relief air to air cleaner, choke off and coolant above 15 C: above",4000,rpm,S-006,74,primary,engine,PT152,other-car,"1981 training manual; the 1982 sources checked (S-038, S-001) give no figure for this; also relieves when air-pump pressure is high (No.1 relief valve) and when the catalyst overheats"
SP-915,Emissions,"Relief air to air cleaner, coolant below 15 C: above",1100,rpm,S-006,74,primary,engine,PT152,other-car,"1981 training manual; the 1982 sources checked (S-038, S-001) give no figure for this"
SP-916,Emissions,No.1 anti-afterburn valve (in the ACV) open time on deceleration,1 to 2,s,S-006,77,primary,engine,PT152,other-car,"1981 training manual; the 1982 sources checked (S-038, S-001) give no figure for this; dumps secondary air to the front primary port"
SP-917,Emissions,Repair,not repairable; replace the ACV as a unit,,S-006,73,primary,engine,PT152,other-car,"1981 training manual; the 1982 sources checked (S-038, S-001) give no figure for this; diagnose by the symptom chart on p73"
SP-918,Emissions,Check valve test: engine speed while watching for exhaust leakage at the ACV air inlet,1500,rpm,S-002,4A-20,primary,engine,PT154,other-car,"1985 12A manual; the 1980 manual (S-045 1A:2) gives the same 1,500 rpm test. Exhaust gas leaking back means replace the check valve"
SP-919,Emissions,Function,"stops hot exhaust flowing back into the ACV and air pump; one between ACV and exhaust port, one between ACV and 2-bed catalyst",,S-006,71,primary,engine,PT154,other-car,"1981 training manual; the 1982 sources checked (S-038, S-001) give no figure for this"
SP-920,Emissions,Shutter/coasting valve operates on deceleration above,1100,rpm,S-006,"78, 94",primary,engine,PT155,other-car,"1981 training manual; the 1982 sources checked (S-038, S-001) give no figure for this"
SP-921,Emissions,Vacuum source,manifold vacuum via No.2 anti-afterburn valve and the shutter (yellow) three-way solenoid valve,,S-006,78,primary,engine,PT155,other-car,"1981 training manual; the 1982 sources checked (S-038, S-001) give no figure for this"
SP-922,Emissions,Air-con (throttle opener) solenoid colour dot,white,,S-006,85,primary,engine,PT156,other-car,"1981 training manual; the 1982 sources checked (S-038, S-001) give no figure for this"
SP-923,Emissions,Air-con (throttle opener) solenoid: energised / de-energised,ON: throttle opener works; OFF: throttle opener does not work,,S-006,85,primary,engine,PT156,other-car,"1981 training manual; the 1982 sources checked (S-038, S-001) give no figure for this"
SP-924,Emissions,Air relief solenoid colour dot,blue,,S-006,85,primary,engine,PT156,other-car,"1981 training manual; the 1982 sources checked (S-038, S-001) give no figure for this"
SP-925,Emissions,Air relief solenoid: energised / de-energised,ON: secondary air relieved to air cleaner; OFF: air injection,,S-006,85,primary,engine,PT156,other-car,"1981 training manual; the 1982 sources checked (S-038, S-001) give no figure for this"
SP-926,Emissions,Coasting/shutter solenoid colour dot,yellow,,S-006,85,primary,engine,PT156,other-car,"1981 training manual; the 1982 sources checked (S-038, S-001) give no figure for this"
SP-927,Emissions,Coasting/shutter solenoid: energised / de-energised,ON: valve does not work; OFF: valve works,,S-006,85,primary,engine,PT156,other-car,"1981 training manual; the 1982 sources checked (S-038, S-001) give no figure for this"
SP-928,Emissions,Air switching solenoid colour dot,gray,,S-006,85,primary,engine,PT156,other-car,"1981 training manual; the 1982 sources checked (S-038, S-001) give no figure for this"
SP-929,Emissions,Air switching solenoid: energised / de-energised,"ON: split air (rear, 2-bed catalyst); OFF: port air (front)",,S-006,85,primary,engine,PT156,other-car,"1981 training manual; the 1982 sources checked (S-038, S-001) give no figure for this"
SP-930,Emissions,Vacuum control (advance) solenoid colour dot,orange,,S-006,85,primary,engine,PT156,other-car,"1981 training manual; the 1982 sources checked (S-038, S-001) give no figure for this"
SP-931,Emissions,Vacuum control (advance) solenoid: energised / de-energised,ON: vacuum cut to distributor; OFF: vacuum to distributor,,S-006,85,primary,engine,PT156,other-car,"1981 training manual; the 1982 sources checked (S-038, S-001) give no figure for this"
SP-932,Emissions,"Bench test: de-energised, air blown into tube B leaves port C; with battery power on the terminals it leaves port A",B to C off; B to A on,,S-002,4A-25,primary,engine,PT156,other-car,1985 12A manual (switching solenoid valve); the 1982 sources give no bench test
SP-933,Emissions,Relief solenoid signal: vacuum cut above (warm engine),3600 to 4400,rpm,S-002,4A-26,primary,engine,PT156,other-car,"1985 12A system, which differs from 1982 (pre-monolith converters); the 1981 manual gives 4000 rpm"
SP-934,Emissions,No.2 anti-afterburn valve function,"opens momentarily on deceleration, drawing air from the air cleaner into the rear secondary port",,S-006,"77, 95",primary,engine,PT160,other-car,"1981 training manual; the 1982 sources checked (S-038, S-001) give no figure for this"
SP-935,Fuel,Delay valve function,delays manifold vacuum to the No.1 choke diaphragm so the choke opens a little further a few seconds after start,,S-006,82,primary,engine,PT161,other-car,"1981 training manual; the 1982 sources checked (S-038, S-001) give no figure for this"
SP-936,Lubrication,By-pass valve (oil cooler) starts to close,50 to 55,C,S-038,T:2,primary,engine,PT199,,
SP-937,Lubrication,By-pass valve (oil cooler) fully closes,60 to 65,C,S-038,T:2,primary,engine,PT199,,
SP-938,Lubrication,By-pass valve (oil cooler) opening pressure at 60 C,356,kPa,S-038,T:2,primary,engine,PT199,,50.6 lb/in2
SP-939,Emissions,Low-speed switch point,1100,rpm,S-006,70,primary,engine,PT296,other-car,"1981 training manual; the 1982 sources checked (S-038, S-001) give no figure for this; the 1980 unit switched at 1150"
SP-940,Emissions,High-speed switch point,4000,rpm,S-006,70,primary,engine,PT296,other-car,"1981 training manual; the 1982 sources checked (S-038, S-001) give no figure for this"
SP-941,Emissions,Inputs,"throttle sensor, No.2 water temp switch (radiator 15 C), choke switch, heat hazard sensor (floor 130 C), engine-speed signal, A/T selector (P/N)",,S-006,"85, 93",primary,engine,PT296,other-car,"1981 training manual; the 1982 sources checked (S-038, S-001) give no figure for this"
SP-942,Emissions,Outputs,"1 A/C throttle-opener solenoid, 2 air relief solenoid, 3 coasting/shutter solenoid, 4 air switching solenoid, 5 vacuum-advance solenoid, heat hazard lamp",,S-006,"85, 93",primary,engine,PT296,other-car,"1981 training manual; the 1982 sources checked (S-038, S-001) give no figure for this"
SP-943,Emissions,Connector cavities,"21 (19 used, 2 not used)",,S-001,12,primary,engine,PT296,,read from the connector face drawing B-01; confirm on the car
SP-944,Exhaust,Front catalyst type,monolith (honeycomb); port air is injected upstream at the exhaust port,,S-006,"71, 94",primary,engine,PT538,other-car,"1981 training manual; the 1982 sources checked (S-038, S-001) give no figure for this"
SP-945,Exhaust,Rear catalyst type,2-bed pellet converter; split air injected between the two beds,,S-006,"71, 94",primary,engine,PT539,other-car,"1981 training manual; the 1982 sources checked (S-038, S-001) give no figure for this"
SP-946,Exhaust,Replacement Racing Beat 16204: tube outside diameter,50.8,mm,S-193,,secondary,engine,PT540,,2 in OD thick-wall mandrel-bent stainless; listed for single-inlet muffler conversions - check fit with the factory dual-inlet muffler
SP-947,Exhaust,"Replacement Racing Beat 16433: inlets (two tubes), diameter",44.45,mm,S-194,,secondary,engine,PT541,,"given in inches (1.75, 2.375, 8, 18) and converted"
SP-948,Exhaust,Replacement Racing Beat 16433: outlet tube diameter,60.3,mm,S-194,,secondary,engine,PT541,,"given in inches (1.75, 2.375, 8, 18) and converted"
SP-949,Exhaust,Replacement Racing Beat 16433: body diameter,203.2,mm,S-194,,secondary,engine,PT541,,"given in inches (1.75, 2.375, 8, 18) and converted"
SP-950,Exhaust,Replacement Racing Beat 16433: body length,457.2,mm,S-194,,secondary,engine,PT541,,"given in inches (1.75, 2.375, 8, 18) and converted"
SP-951,Emissions,Check valve test (air pipe to catalytic converter): engine speed at which no exhaust gas may leak back at the disconnected air pipe opening,1500,rpm,S-002,"Section 4A, 4A-20 (PDF p20)",primary,engine,PT544,other-car,"1985 12A procedure: disconnect the air hose at the rear of the intake manifold, raise engine to 1,500 rpm with the throttle, hold a finger at the air pipe opening; any exhaust gas leakage means replace the check valve. The 1980 manual (S-045 1A:2) gives the same 1,500 rpm test for its check valve at the air control valve. No 1982 source found."
SP-952,Fuel,Fuel hose onto fuel pipe: pipe inserted into hose,30-35,mm,S-045,"Section 4 p4:4 (4-C-6, Fig 4-15)",primary,fuel,PT176,other-car,1980 manual; same figure in the 1985 manual S-002 section 4A p4A-50. No 1982 source gives it.
SP-953,Fuel,Fuel hose onto fuel pipe: pipe inserted into hose,30-35,mm,S-045,Section 4 p4:4 (4-C-6),primary,fuel,PT177,other-car,1980 manual; same in S-002 4A-50 (1985). Applies to every fuel hose-to-pipe joint.
SP-954,Fuel,"Feed line size, stock 12A carburettor car (8 mm / 5/16 in)",8,mm,S-197,post by Jeff20B,secondary,fuel,PT176,,"Forum statement, not a factory figure; check on the car."
SP-955,Fuel,"Return line size, stock 12A carburettor car (6 mm / 1/4 in)",6,mm,S-197,post by Jeff20B,secondary,fuel,PT177,,"Forum statement, not a factory figure; check on the car."
SP-956,Fuel,"Main, return and evaporation hoses onto the fuel tank fittings: fitting inserted more than",25,mm,S-045,"Section 4 p4:3 (4-C-3, Fig 4-10)",primary,fuel,PT179,other-car,1980 manual; same in S-002 section 4A p4A-49 (1985).
SP-957,Fuel,Evaporative line leak test: U-tube water column applied at the canister ventilation hose,356 ± 12,mm H2O,S-002,Section 4A p4A-45,primary,fuel,PT178,other-car,"1985 manual. Blind the inlet and wait 5 minutes; if the level stays in the marked band the line is good, otherwise look for leaks at the evaporative line, tank, fuel line or filler cap."
SP-958,Fuel,Evaporative line leak test: hold time,5,min,S-002,Section 4A p4A-45,primary,fuel,PT178,other-car,1985 manual.
SP-959,Transmission,"Drive plate to torque converter bolts, tightening torque",35-50,N-m,S-038,T:7,primary,transmission,PT326,,"25-36 ft-lb. The 1980 manual (S-045 7A:17, S-003 T:7) gives the same 3.5-5.0 m-kg."
SP-960,Transmission,"Drive plate to converter weight, tightening torque",42-63,N-m,S-038,T:7,primary,transmission,PT326,,30-46 ft-lb.
SP-961,Transmission,Service tool: wrench for the converter-to-drive plate bolts,49 0877 435,,S-002,7B-27,primary,transmission,PT326,other-car,"Same tool number in the 1980 manual (S-045 7A section, removal step 16); no 1982 source seen. Mark the drive plate and converter before removal and realign the marks on refit."
SP-962,Transmission,"Replacement Atkins Rotary listing: counterweight to flexplate bolt, Mazda 9978-41-016",9978-41-016,,S-200,,secondary,transmission,PT326,,"Listed as 74-95 RX-7 rear counterweight to flexplate bolt, 5.10 USD at the time of reading; check it matches the bolts on the car."
SP-963,Transmission,"Planetary gear side play (pinion washer to carrier), limit",0.8,mm,S-038,T:4,primary,transmission,PT378,,Beyond the limit the carrier is replaced as a unit (1980 manual 7A:14).
SP-964,Transmission,"Pinion washer to carrier clearance, standard",0.2-0.7,mm,S-045,7A:14 (7A-C-7),primary,transmission,PT378,other-car,"1980 manual; S-038 gives only the 0.8 mm limit, which matches."
SP-965,Transmission,Total end play (gear assembly),0.25-0.50,mm,S-038,T:4,primary,transmission,PT380,,Set by the pump cover bearing race thickness; 1980 manual 7A:16 gives the same figure and the method.
SP-966,Transmission,Pump cover bearing race thicknesses available,"1.2, 1.4, 1.6, 1.8, 2.0, 2.2",mm,S-005,"EC p.66-67, fig 1930A-1/2 (0338-19-631 to -636)",primary,transmission,PT380,,Same six sizes in the 1980 manual 7A:16. Fitted thickness: check at teardown.
SP-967,Transmission,Front clutch drum end play,0.5-0.8,mm,S-038,T:4,primary,transmission,PT381,,Set by the front clutch thrust washer; measured between front clutch drum and connecting shell (1980 manual 7A:16).
SP-968,Transmission,Front clutch thrust washer thicknesses available,"1.3, 1.5, 1.7, 1.9, 2.1, 2.3, 2.5, 2.7",mm,S-005,"EC p.67, fig 1930A-2 (0338-19-641 to -648)",primary,transmission,PT381,,The 1980 manual 7A:16 lists 1.5-2.7 mm only (no 1.3). Fitted thickness: check at teardown.
SP-969,Transmission,"Low and reverse brake friction (drive) plate thickness, limit",1.8,mm,S-038,T:4,primary,transmission,PT396,,
SP-970,Transmission,Replacement Raybestos R560160: low/reverse friction plate,"0.076 in thick, 51 teeth, 5.12 in OD",,S-202,L3N71B catalogue page,secondary,transmission,PT396,,Listed for L3N71B (OEM ref 31662-X0102); check fit against the Mazda 3N71B plate before buying.
SP-971,Transmission,Replacement Raybestos STMMAZDA01: steel plate module,"4 low/reverse steels, 6 direct/forward steels",,S-202,L3N71B catalogue page,secondary,transmission,PT395,,Mazda-specific steel module; the 4 low/reverse count matches the catalogue qty 4.
SP-972,Transmission,Low and reverse brake clearance (retaining plate to snap ring),0.8-1.05,mm,S-038,T:4,primary,transmission,PT397,,Adjusted by retaining plate thickness; same in 1980 manual 7A:8 and 1985 manual 7B-67.
SP-973,Transmission,Retaining plate thicknesses available,"7.8, 8.0, 8.2, 8.4, 8.6, 8.8",mm,S-005,"EC p.68, fig 1940A-1 (1758-19-613 to -618)",primary,transmission,PT397,,Same six sizes in the 1980 manual 7A:8. Fitted thickness: check at teardown.
SP-974,Transmission,One-way clutch inner race bolt torque,13-18,N·m,S-002,7B-67,primary,transmission,PT389,other-car,"1985 manual (9.4-13.0 ft-lb); 1980 manual 7A:8 gives 1.3-1.8 m-kg (9-13 ft-lb), the same. Check the return spring, thrust washer and rings are seated before tightening."
SP-975,Transmission,"Governor pressure at 20 mph (output shaft 1,070-1,190 rpm)",80-130,kPa,S-038,T:5,primary,transmission,PT400,,11-18 lb/in2.
SP-976,Transmission,"Governor pressure at 35 mph (output shaft 1,940-2,100 rpm)",160-230,kPa,S-038,T:5,primary,transmission,PT400,,23-33 lb/in2.
SP-977,Transmission,"Governor pressure at 55 mph (output shaft 3,100-3,300 rpm)",340-450,kPa,S-038,T:5,primary,transmission,PT400,,48-64 lb/in2.
SP-978,Transmission,Governor body to oil distributor bolt torque,5-7,N·m,S-045,7A:9,primary,transmission,PT400,other-car,1980 manual gives 0.5-0.7 m-kg (3.6-5.1 ft-lb); 1985 manual 7B-58 gives 5-7 N·m for its 4 bolts.
SP-979,Transmission,Primary governor spring,"coil OD 8.75, 5 coils, free length 21.8, fitting constant 0.215 kg",mm,S-045,7A:13 (valve spring table),primary,transmission,PT401,other-car,1980 manual; 1985 manual 7B-58 gives free length 21.8 mm.
SP-980,Transmission,Secondary governor spring,"coil OD 9.2, 5.5 coils, free length 25.1, fitting constant 1.10 kg",mm,S-045,7A:13 (valve spring table),primary,transmission,PT401,other-car,"1980 manual; 1985 manual 7B-58 gives 9.2 mm OD and 25.1 mm free length, the same."
SP-981,Transmission,Seal ring to groove side clearance (oil distributor),0.04-0.16,mm,S-045,7A:9,primary,transmission,PT399,other-car,1980 manual; 1985 manual 7B-58 gives the same standard and a limit of 0.40 mm.
SP-982,Transmission,"Seal ring to groove side clearance, limit",0.40,mm,S-002,7B-58,primary,transmission,PT399,other-car,1985 L4N71B manual only.
SP-983,Transmission,Installation direction,arrow mark toward the front of the car; free to turn clockwise only,,S-045,7A:14 (7A-C-8),primary,transmission,PT387,other-car,1985 manual 7B-56 gives the same arrow-forward rule.
SP-984,Transmission,Replacement Cobra 53002F: 3N71B/L3N71B overhaul kit (no bonded pistons),109.99,USD,S-201,product page,secondary,transmission,PT382,,"Contains paper and rubber gaskets, O-rings, lip seals, metal-clad seals and sealing rings; lists 1979-85 RX-7. Price as listed 2026-09."
SP-985,Transmission,Selector N position on the case lever: detent counted from the rear of the transmission,3,detent,S-045,"80RX7_7A_Auto_Trans 7A:20 (PDF p.26), 7A-G-1 step 4, Fig. 7A-72",primary,transmission,PT405,other-car,1980 3N71B manual; no 1982 source gives it; check on the car
SP-986,Transmission,Assembly: the pin on the manual plate engages the manual valve groove when the control valve body is fitted,pin in manual valve groove,,S-045,"80RX7_7A_Auto_Trans 7A:17 (PDF p.23), step 5, Fig. 7A-64",primary,transmission,PT405,other-car,"1980 manual; the 1985 L4N71B manual shows the same manual plate, nut, parking rod and manual shaft layout (S-002 7B-59)"
SP-987,Transmission,"Removal: loosen the manual plate attaching nut, then remove manual shaft and manual plate (after the parking rod)",nut,,S-045,"80RX7_7A_Auto_Trans disassembly steps 10-12 (PDF p.5), Fig. 7A-10",primary,transmission,PT405,other-car,no torque for the manual plate nut is given in the 1980 or 1985 manuals or the 1982 Technical Data
SP-988,Transmission,Fitting: rear end of the parking rod sits between the two steel balls in the actuator supporter when the extension housing is installed,between 2 balls,,S-045,"80RX7_7A_Auto_Trans 7A:17 (PDF p.23), step 7, Fig. 7A-66",primary,transmission,PT406,other-car,1980 manual; two steel balls 9961-12-750 on the 1981-82 catalogue figure 1950A-1 agree
SP-989,Transmission,"Removal: remove the snap ring from the parking lever, disconnect the lever, then remove the parking rod",snap ring,,S-045,80RX7_7A_Auto_Trans disassembly steps 10-11 (PDF p.5),primary,transmission,PT406,other-car,snap ring 0338-19-449 on catalogue figure 1950A-1 (S-005)
SP-990,Transmission,Actuator support bolts tightening torque,8-11,N·m,S-002,"Section 7B, 7B-59 extension housing figure 47U07B-119 (item 12, bolts x2)",primary,transmission,PT407,other-car,1985 L4N71B manual; no 1982 source gives this torque
SP-991,Transmission,Inspection: check the parking steel balls for wear or damage,visual,,S-045,80RX7_7A_Auto_Trans 7A-C-9 b.3 (PDF p.21),primary,transmission,PT407,other-car,no wear dimension given
SP-992,Transmission,Inspection: check the parking pawl for wear or damage,visual,,S-045,80RX7_7A_Auto_Trans 7A-C-9 b.3 (PDF p.21),primary,transmission,PT408,other-car,"pawl, springs, retaining plate and balls come out of the extension housing after the lock plate and speedometer driven gear; no wear dimension given"
SP-993,Transmission,"Manual linkage adjustment: selector in N, T-joint nuts loosened and set so the T-joint freely enters the hole of the selector lever operating arm, then tightened",N,,S-045,"80RX7_7A_Auto_Trans 7A:20 (PDF p.26), 7A-G-1, Figs. 7A-71 and 7A-72",primary,transmission,PT420,other-car,1980 manual; engine idle must be set first; check which rod carries the T-joint on the car
SP-994,Climate,Refrigerant,R-12,,S-049,p.23,secondary,climate,PT040,other-car,1980 Nippondenso compressor repair manual: 'charge the refrigerant (R-12)'. Ross Air Works lists the SD 508 as an R12 compressor (src-ross-sanden p.1). No 1982 document states the system refrigerant.
SP-995,Climate,"Refrigerant charge, forum estimate for a 1985 (R-12)",22-25,oz,S-210,,unverified,climate,PT040,other-car,"Forum member's figure for his 1985, offered for an 1983; no label or manual cited. Another owner (rx7club, src-rx7club-ac-capacity) says 2 lb R-12 for an 85 GSL-SE. Charge by gauges."
SP-996,Climate,Replacement Sanden SD (TXV system): total system oil for 24-40 oz refrigerant charges,135,cc,S-203,p.10 s.6.8.2.1,secondary,climate,PT040,,Sanden's figure for a passenger-car single-evaporator expansion-valve system; oil circulation ratio 3.3-8 % by weight (p.9).
SP-997,Climate,"Replacement Sanden SD: discharge pressure, short-term peak maximum",430,psig,S-203,p.9 s.6.6,secondary,climate,PT040,,Limited term (extended idle) 400 psig max.
SP-998,Climate,"Drive belt in the 1982 compressor mounting kit: part 0000-47-5409-03, remark (17385)",17385,,S-005,Body-Index p.87 (6142AB-1 item 74),primary,climate,PT041,,Catalogue remark in brackets reads as the Dayco belt number 17385. The parts row's oem_no 0000-68-110-00 comes from another figure; check which belt is on the car.
SP-999,Climate,Replacement Dayco 17385: top width,0.53,in,S-209,,secondary,climate,PT041,,"13.5 mm; belt section AW-17, cogged."
SP-1000,Climate,Replacement Dayco 17385: outside length,38.77,in,S-209,,secondary,climate,PT041,,984 mm. The RockAuto Gates 9385 in the part's link is 39.12 in / 994 mm x 12 mm (from its more-info page).
SP-1001,Climate,"Belt deflection, air conditioner belt",10-12,mm,S-002,Section 0 p.5,primary,climate,PT041,other-car,1985 workshop manual pre-delivery inspection (0.39-0.47 in). No 1982 figure found; S-038 gives only alternator and air pump belts.
SP-1002,Climate,"Replacement Four Seasons 58033: new SD508 compressor with clutch, dealer-installed A/C, pulley diameter",5.25,in,S-205,,secondary,climate,PT230,,"PartsGeek fitment note for 1979-1983 RX7: 'New Compressor -- With SD508 Compressor; New With Clutch; Dealer Installed AC; With 5-1/4"" Diameter Pulley'."
SP-1003,Climate,Replacement Sanden SD 508: cylinders,5,,S-204,p.1,secondary,climate,PT230,,Wobble-plate piston compressor; the catalogue's Sankyo 1573/9157 is the SD-508 family (Sankyo became Sanden).
SP-1004,Climate,Replacement Sanden SD 508: displacement,138,cc,S-204,p.1,secondary,climate,PT230,,8.4 cu in. Same figure for SD5H14 in the Sanden service guide p.8.
SP-1005,Climate,Replacement Sanden SD 508: weight with clutch,17.1,lb,S-204,p.1,secondary,climate,PT230,,"Sanden guide p.8 for SD5H14: compressor 5.1 kg, clutch 2.7 kg, assembly 7.8 kg."
SP-1006,Climate,Replacement Sanden SD 508: refrigerant,R-12,,S-204,p.1,secondary,climate,PT230,,Oil type mineral; SD5H14 is the R-134a version with PAG SP-15.
SP-1007,Climate,Replacement Sanden SD 508: factory oil charge in compressor,175,cc,S-204,p.1,secondary,climate,PT230,,"+/- 15 cc (6.0 +/- 0.5 oz), mineral oil. SD5H14 (R-134a, expansion valve): 210 +/- 15 cc PAG SP-15."
SP-1008,Climate,Replacement Sanden SD 508: rotation,CW/CCW,,S-204,p.1,secondary,climate,PT230,,Sanden guide p.8 lists SD5H14 as CW only.
SP-1009,Climate,"Replacement Sanden SD5H14: maximum speed, constant (standard clutch)",6000,rpm,S-203,p.7 s.6.2,secondary,climate,PT230,,Downshift 7000 rpm; HD clutch 4000 / 6000.
SP-1010,Climate,Replacement Sanden SD508/SD5H14: distance between mounting ears,83.3,mm,S-203,p.9 s.6.5.2,secondary,climate,PT230,,"Total ear deflection when bolted must be under 0.4 mm, 0.2 mm per ear."
SP-1011,Climate,Replacement Sanden SD: mounting rotation allowed either side of horizontal,90,deg,S-203,p.8 s.6.5.1,secondary,climate,PT230,,Oil fill plug must stay above the 3 or 9 o'clock position.
SP-1012,Climate,Replacement Sanden SD: oil filler plug torque,19.6,N·m,S-203,p.8 s.6.4,secondary,climate,PT230,,"+/- 4.9 N·m (14.5 +/- 3.6 ft-lb, 200 +/- 50 kgf-cm)."
SP-1013,Climate,Replacement Sanden SD: 3/4 in flare hose fitting torque,51.0,N·m,S-203,p.8 s.6.4,secondary,climate,PT230,,+/- 2.0 N·m; 7/8 in flare 74.6 +/- 3.4 N·m; 3/4 in tube-O 23.5 +/- 3.4; 7/8 in tube-O 32.4 +/- 3.9; 1 in-14 rotolock 36.3 +/- 3.9.
SP-1014,Climate,"Replacement Sanden SD: clutch cycling rate, maximum",4,cycles/min,S-203,p.9 s.6.7,secondary,climate,PT230,,
SP-1015,Climate,"Compressor oil, 1980 Nippondenso 6P134 (not this compressor): amount",215-245,cc,S-049,"p.19, p.23",secondary,climate,PT230,other-car,"SUNISO 5GS, DENSOIL 6 or equivalent, 13-15 cu in. S-049 is the 1980 6P134 swash-plate manual; the 1982 catalogue lists a Sankyo, so this is background only."
SP-1016,Climate,"Replacement Sanden SD: cylinder head bolt torque, M8",34.3,N·m,S-203,p.8 s.6.4,secondary,climate,PT234,,+/- 4.9 N·m (25.3 ft-lb). M6 head bolts 13.7 +/- 2.9 N·m. Check which size the Sankyo head uses.
SP-1017,Electrical,Replacement Sanden SD clutch: air gap,0.4-0.8,mm,S-203,p.19 s.8.2.6,secondary,climate,PT235,,"0.016-0.031 in, feeler gauge; set by shims (1.0, 0.5, 0.1 mm, p.18). A gap over 1.3 mm can prevent engagement when hot (p.13). Over-torqued SD508 dust cover bolts put the gap out of spec."
SP-1018,Electrical,Replacement Sanden SD clutch: power draw at 12 V,49,W,S-203,p.9 s.6.7,secondary,climate,PT235,,Clutch voltage must exceed 11.5 V DC on a 12 V system.
SP-1019,Electrical,"Replacement Sanden SD clutch: armature retaining nut torque, 1/2-20",27-34,N·m,S-203,p.19 s.8.2.5,secondary,climate,PT235,,20-25 ft-lb; M8 nut 15-21 N·m. Assembly table p.8 gives 30.4 +/- 3.9 N·m for 1/2-20.
SP-1020,Electrical,"Replacement Sanden SD-5 clutch: dust cover screw torque, 1/4-20 (3 screws)",2-5,N·m,S-203,p.19 s.8.2.6,secondary,climate,PT235,,"2-4 ft-lb, 25-50 kgf-cm."
SP-1021,Climate,Replacement Four Seasons 58033: pulley outside diameter,5.25,in,S-205,,secondary,climate,PT236,,Single-groove V pulley on the SD508 replacement; check the pulley on the car.
SP-1022,Electrical,Replacement Sanden SD 12 V field coil: resistance at room temperature,2.8-4.4,ohm,S-203,p.13 s.7.2.3,secondary,climate,PT238,,Sanden diagnostic limit for a 12 V coil (24 V coil 14-18.2 ohm); the guide's figure shows a 3.2 ohm reading.
SP-1023,Electrical,"Stator coil resistance at 20 C, 1980 Nippondenso 6P134 clutch (not this compressor)",3.75,ohm,S-049,p.6,secondary,climate,PT238,other-car,+/- 0.22 ohm. S-049 is the 1980 6P134 manual; the 1982 catalogue lists a Sankyo compressor.
SP-1024,Climate,Inlet fitting,3/8,in,S-048,p.2 step 7,secondary,climate,PT239,other-car,"Dealer installation instruction, year not stated: 'inlet (3/8"" fitting) is at top left hand side' with the condenser laid flat. The catalogue's liquid hose to the drier is 3/8 O-ring both ends (S-005 p.81)."
SP-1025,Climate,"Mounting bracket screws, #10 x 3/4 in hex-washer-head sheet metal, qty",8,pcs,S-048,p.2 step 7,secondary,climate,PT239,other-car,Catalogue sack kit carries 14 No.10 x 1/2 tapping screws (S-005 p.81 item 24). check
SP-1026,Climate,"Driver-side bracket bolts 1/4-20 x 1/2 in, qty",2,pcs,S-005,Body-Index p.81 (6132AB-1 item 26),primary,climate,PT239,,"S-048 p.3 step 9: '(2) 1/4"" bolts and flat washers' driver's side; passenger side two studs with 1/4 in kepnuts (catalogue item 21: 1/4-20 keps nuts, qty 4)."
SP-1027,Climate,Replacement Auto AC Solutions condenser: tubing size,3/8,in,S-206,,secondary,climate,PT239,,"Built on OE replacement tooling, replaces OE 67128508 / 67126557, fittings to OE spec, $385, made in USA."
SP-1028,Climate,Replacement Four Seasons 33234: inlet and outlet fittings,3/8,in,S-207,,secondary,climate,PT240,,"Male flare both ends, with switch port (0.250 in), steel, no sight glass, desiccant not replaceable; listed for 1981-1982 Mazda RX-7, $37.42."
SP-1029,Climate,Replacement Four Seasons 33234: body diameter,2.5,in,S-207,,secondary,climate,PT240,,63.5 mm.
SP-1030,Climate,Replacement Four Seasons 33234: overall length,8.0,in,S-207,,secondary,climate,PT240,,203.2 mm.
SP-1031,Climate,"Band clamp screws #10-32 x 1/2 in Phillips with kepnuts, qty",2,pcs,S-048,p.3 step 10,secondary,climate,PT240,other-car,"Year not stated. Catalogue: No.10-32 x 1/2 PH machine screws qty 3 and No.10-32 keps nuts qty 3 in the condenser package (S-005 p.81 items 20, 22)."
SP-1032,Climate,"Bracket to radiator cowling: 1/4 in kepnuts, qty",2,pcs,S-048,p.4 step 12,secondary,climate,PT240,other-car,Year not stated.
SP-1033,Climate,Hose length (catalogue remark),18,in,S-005,Body-Index p.81 (6132AB-1 item 3),primary,climate,PT242,,"'3/8 O-RING 90 DEG. x 3/8 O-RING 90 DEG. x 18': 3/8 in O-ring fittings, 90 degree, both ends."
SP-1034,Climate,Hose length (catalogue remark),66,in,S-005,Body-Index p.81 (6132AB-1 item 4),primary,climate,PT243,,'3/8 O-RING X 3/8 O-RING X 66': 3/8 in O-ring fittings both ends.
SP-1035,Climate,Minimum clearance from the headlight door mechanism,2,in,S-048,p.10 step 32,secondary,climate,PT243,other-car,"Year not stated. Clamps: #6 clamp with #10-32 screw at the front body panel lip, drilled 1/4 in hole at the wheel well, #6 clamp with 8 mm nut on the shock tower stud."
SP-1036,Climate,"Tube block bolt, 10 mm x 1.00 x 35 mm, qty",1,pcs,S-005,Body-Index p.82 (6132AB-2),primary,climate,PT244,,Bolt 0000-67-6716-50 'FOR HOSE & COMPRESSOR FITTING'; O-ring package set 0000-67-0123-38. OCR reads '3SMM'; check 35.
SP-1037,Climate,Suction hose fitting angle at the evaporator,110,deg,S-048,p.11 step 33,secondary,climate,PT244,other-car,Year not stated; the 45 degree fitting goes to the compressor. Discharge line takes a #8 hose clamp at the stand-off bracket (p.5 step 15).
SP-1038,Climate,Mounting: top case bracket nut,6,mm,S-048,p.8 step 25,secondary,climate,PT246,other-car,"Over a stud on the upper dash panel with a lock washer; lower case brackets (2 each) to the firewall with 6 mm nuts and flat washers. Catalogue screw kit: 6 mm hex nuts qty 3, 1/4 flatwashers qty 3 (S-005 p.90 items 54-55)."
SP-1039,Climate,"Seal plate screws, #10 x 3/4 in Phillips sheet metal, qty",2,pcs,S-005,Body-Index p.90 (6152AB-1 item 67),primary,climate,PT246,,S-048 p.8 step 23: seal plates on the blower outlet and heater inlet slide against stops on the evaporator.
SP-1040,Climate,Tube protector 0000-67-1981-03: 7/16 in ID x 7/8 in OD x 2-3/4 in,2.75,in,S-005,Body-Index p.90 (6152AB-1 item 44),primary,climate,PT250,,Second protector 0000-67-1981-40 reads 5/8 ID x 1-1/8 OD x 2-1/2 in in the OCR; check.
SP-1041,Climate,Drain hose inside diameter,1/2,in,S-005,Body-Index p.90 (6152AB-1 item 58),primary,climate,PT254,,"'1/2 ID X 4 1/2': 4-1/2 in long as supplied, cut to length at the drain port (S-048 p.12). Plastic elbow 90 deg 1/2 OD; grommets 1/2 x 13/16 and 1/2 x 3/8."
SP-1042,Fuel,Pierce K678 kit as-shipped jetting: main jet,180,,S-213,product page,secondary,fuel,PT006,,Kit jetting; the car's jets were changed with Pegasus parts (part note) - check what is fitted now.
SP-1043,Fuel,Pierce K678 kit as-shipped jetting: idle jet,65 F9,,S-213,product page,secondary,fuel,PT006,,check what is fitted now
SP-1044,Fuel,Pierce K678 kit as-shipped jetting: pump jet,90,,S-213,product page,secondary,fuel,PT006,,check what is fitted now
SP-1045,Fuel,Pierce K678 kit as-shipped jetting: air corrector,175,,S-213,product page,secondary,fuel,PT006,,check what is fitted now
SP-1046,Fuel,Pierce K678 kit as-shipped jetting: emulsion tube,F16,,S-213,product page,secondary,fuel,PT006,,check what is fitted now
SP-1047,Fuel,Pierce K678 kit as-shipped jetting: needle and seat,250,,S-213,product page,secondary,fuel,PT006,,check what is fitted now
SP-1048,Fuel,Pierce K678 kit as-shipped jetting: pump bypass,0,,S-213,product page,secondary,fuel,PT006,,
SP-1049,Fuel,Main venturi (choke) sizes available for a 45 DCOE,28-40,mm,S-215,p.1 chart,secondary,fuel,PT006,,"The fitted choke size is embossed on the venturi - check. Andrews' rule: barrel size = choke x 1.25, main jet = choke x 4 as a starting point."
SP-1050,Fuel,Factory fuel pump (8871-13-400B): type,"Electrical, plunger",,S-038,p.4 (Fuel system),primary,fuel,PT007,,The factory pump is replaced by the Carter; figure kept as the 1982 reference.
SP-1051,Fuel,Factory fuel pump (8871-13-400B): fuel pressure,26-33 (3.70-4.79),kPa (psi),S-038,p.4 (Fuel system),primary,fuel,PT007,,1982 Technical Data; differs from the 1985 (20-25 kPa) and 1980 figures already recorded.
SP-1052,Fuel,Factory fuel pump (8871-13-400B): feeding capacity,"more than 1100 (1.16 US qt/min, 0.97 Imp qt/min)",cc/min,S-038,p.4 (Fuel system),primary,fuel,PT007,,
SP-1053,Fuel,Replacement Carter P4070: pressure,"3 min, 4-7 max",psi,S-216,product page,secondary,fuel,PT007,,Retailers quote 4-8 psi and 72 GPH free flow; Carter's own page gives 3 min / 4-7 max and no flow figure.
SP-1054,Fuel,"Replacement Carter P4070: voltage, design, ground","12 V, rotary vane, negative ground",,S-216,product page,secondary,fuel,PT007,,
SP-1055,Fuel,Replacement Carter P4070: inlet and outlet thread,1/4-18 NPSF,,S-216,product page,secondary,fuel,PT007,,Dry-seal fittings supplied; Carter says no Teflon tape.
SP-1056,Fuel,Replacement Carter P4070: length,141.0,mm,S-216,product page,secondary,fuel,PT007,,
SP-1057,Fuel,Replacement Carter P4070: terminals,2 male pins,,S-216,product page,secondary,fuel,PT007,,
SP-1058,Electrical,Replacement Carter P4070: fuse and wire (instruction sheet),"10 A fuse, 14 AWG minimum",,S-217,p.1 (manualslib 4-page sheet 173-1019R2),secondary,fuel,PT007,,Carter also asks for an oil-pressure safety switch in the feed and a filter on the inlet side. The 2-page 1993 Summit copy in datasheets/PT007 (173-1019) has the 14 gauge wire and the safety switch but no fuse rating; the 10 A fuse line is in the manualslib R2 sheet only.
SP-1059,Fuel,"Replacement Carter P4070: mounting height above tank top, maximum",24,in,S-217,p.1,secondary,fuel,PT007,,"Outlet toward the engine, terminals facing down, away from exhaust."
SP-1060,Fuel,"Regulator adjustment range (Holley 1-4 psi carburetted regulator, Pegasus 1135)",1-4,psi,S-219,product page,secondary,fuel,PT008,,Factory preset about 2.7 psi. Same range as Holley 12-804 in instruction 199R7914-3; check the number on the body.
SP-1061,Fuel,Regulator ports,"3/8 NPT female, 1 inlet (bottom), 2 outlets (sides)",,S-219,product page,secondary,fuel,PT008,,"Dead-head regulator, no return port."
SP-1062,Fuel,Regulator maximum inlet pressure,7.2,psi,S-219,product page,secondary,fuel,PT008,,Pegasus recommends a pump able to supply twice the wanted pressure.
SP-1063,Fuel,Regulator adjustment direction (Holley 12-803/12-804),screw clockwise = pressure up; locknut first,,S-220,p.3,secondary,fuel,PT008,,Holley warns that screwing all the way in gives excessive pressure.
SP-1064,Fuel,Duralast FF3429DL cross-references,"Luber-Finer G803 (direct); Wix 33066, 33204; Fram G4775, G6458; Purolator F23170; Motorcraft FG803, FG863; Mazda E508-13-470, FE01-13-470",,S-221,FF3429DL,secondary,fuel,PT009,,Cross-reference list only; no dimensions given.
SP-1065,Fuel,Replacement HOUSUN hose: inner diameter and rating,"3/8 in ID, NBR, 300 psi",,S-223,listing,secondary,fuel,PT011,,Sold as 10 ft with 10 clamps. The listing text that loads names no SAE J30 rating - confirm on the hose print.
SP-1066,Fuel,Fuel check valve: inspection and fitting,check for cracks or damage; valve pushed fully into the hose ends and clipped; arrow mark on the valve directed as shown in the manual figure (47U04A-116),,S-002,p.4A-50,primary,fuel,PT120,other-car,1985 manual. The manual gives the direction only in the photo; the rx7club thread (src-rx7club-return-check-valve) says flow toward the tank - confirm on the fitted valve.
SP-1067,Fuel,Fuel hose onto pipe: pipe inserted into hose,30-35,mm,S-002,p.4A-50,primary,fuel,PT121,other-car,"1985 manual (same figure in the 1980 manual, S-045 4-C-6). No 1982 source gives it."
SP-1068,Fuel,Charcoal canister function,stores tank and carburettor fumes; vented to atmosphere through charcoal when the engine stops,,S-002,p.4A-5,primary,fuel,PT124,other-car,1985 system table (4A-5).
SP-1069,Fuel,Charcoal canister check,no leakage of active carbon; no abnormal sound when tapped,,S-002,p.4A-46,primary,fuel,PT124,other-car,
SP-1070,Fuel,Sub-zero starting assist fluid,"anti-freeze 90%, water 10%",,S-038,p.4 (Fuel system),primary,fuel,PT134,,"1982 Technical Data (PDF p.4, printed T:2) says 'anti-freeze' only; the 1985 manual (4A-52) names it ethylene glycol anti-freeze, same mixture."
SP-1071,Fuel,Starting assist oil thermo unit: energised below,-18 (0),degC (degF),S-002,p.4A-52,primary,fuel,PT135,other-car,1985 manual; device fitted except for California (4A-51).
SP-1072,Fuel,Altitude compensator valve: passes air (ports A to B) above,500-1500 (1640-4920),m (ft),S-002,p.4A-51,primary,fuel,PT162,other-car,1985 manual; setting shifts with atmospheric pressure.
SP-1073,Fuel,Purge valve check,no air drawn into the port at idle; air drawn in at 2000 rpm,,S-002,p.4A-46,primary,fuel,PT163,other-car,Test with the purge valve to oil filler pipe hose disconnected.
SP-1074,Fuel,Accelerator pedal height below the brake pedal,42 +/- 5,mm,S-002,p.4A-52,primary,fuel,PT164,other-car,Adjust at nut A on the cable; 1985 manual.
SP-1075,Fuel,Full-throttle check,throttle valves vertical (wide open) with the pedal on the floor; set by stopper bolt C,,S-002,p.4A-52,primary,fuel,PT164,other-car,Written for the Nikki; the Weber's linkage is custom.
SP-1076,Fuel,Accelerator cable free play at the carburettor,1-3,mm,S-002,p.4A-52,primary,fuel,PT166,other-car,"Adjust at nut B; factory Nikki figure, the car's cable is a spliced hybrid."
SP-1077,Fuel,Fuel tank capacity,"63 (16.4 US gal, 13.9 Imp gal)",L,S-038,p.4 (Fuel system),primary,fuel,PT167,,1982 Technical Data; same figure in the 1985 manual 4A-13.
SP-1078,Fuel,"Main, return and evaporation hoses onto the tank fittings: insertion",more than 25,mm,S-002,p.4A-49,primary,fuel,PT167,other-car,1985 manual.
SP-1079,Fuel,Tank removal,"drain; raise rear; remove tank protectors; disconnect main, return and evaporation hoses; remove band bolts and lower",,S-002,p.4A-48,primary,fuel,PT167,other-car,Check for cracks and corrosion; steam-clean before any repair (4A-49).
SP-1080,Electrical,"Fuel tank unit resistance, float at F",1-5,ohm,S-002,p.15-19,primary,fuel,PT169,other-car,1985 manual figure; whether the 1985 unit matches FA01-60-960A is not established.
SP-1081,Electrical,"Fuel tank unit resistance, float at 1/2",28.5-36.5,ohm,S-002,p.15-19,primary,fuel,PT169,other-car,
SP-1082,Electrical,"Fuel tank unit resistance, float at E",103-117,ohm,S-002,p.15-19,primary,fuel,PT169,other-car,Move the arm slowly from E to F and read; replace if outside the range.
SP-1083,Electrical,Gauge test: resistance substituted at the tank unit connector for E / 1/2 / F,95 / 32.5 / 7,ohm,S-002,p.15-19,primary,fuel,PT169,other-car,"Checker 49 0839 285 red lead to the connector, black to ground; hold each for two minutes; allowed error twice the needle width."
SP-1084,Fuel,Filler hose onto the tank pipe and the filler pipe: insertion,more than 40,mm,S-002,p.4A-49,primary,fuel,PT171,other-car,1985 manual.
SP-1085,Fuel,Check and cut valve: opens from the tank side at,5.5-7 (0.78-1.0),kPa (psi),S-002,p.4A-45,primary,fuel,PT174,other-car,Test with the valve horizontal; 1985 manual.
SP-1086,Fuel,Check and cut valve: opens from the atmosphere side at,1-5 (0.14-0.71),kPa (psi),S-002,p.4A-45,primary,fuel,PT174,other-car,
SP-1087,Fuel,Check and cut valve function,releases excessive pressure or vacuum in the tank to atmosphere; prevents fuel loss if the vehicle overturns,,S-002,p.4A-5,primary,fuel,PT174,other-car,"Fit with the evaporative hoses pushed fully on and banded, minding fitting direction (4A-46)."
SP-1088,Transmission,"Total end play (measured on the input shaft, adjusted by oil pump cover bearing race)",0.25-0.50,mm,S-038,T:4 (PDF p.6),primary,transmission,PT054,,
SP-1089,Transmission,Front clutch drum end play (adjusted by front clutch thrust washer),0.5-0.8,mm,S-038,T:4 (PDF p.6),primary,transmission,PT054,,
SP-1090,Transmission,Drive plate run-out limit,0.5,mm,S-038,T:4 (PDF p.6),primary,transmission,PT054,,
SP-1091,Transmission,"Line pressure, D range: engine idling / at stall",3.0-4.0 / 9.0-11.0,kg/cm2,S-045,7A:18 (80RX7_7A_Auto_Trans.pdf p.24),primary,transmission,PT054,other-car,"1980 3N71B figure; gauge 49 0378 400A on the pressure port at the right rear of the case; test under 5 s, cool 1 min in N between tests"
SP-1092,Transmission,"Line pressure, R range: engine idling / at stall",4.0-7.0 / 16.0-19.0,kg/cm2,S-045,7A:18 (80RX7_7A_Auto_Trans.pdf p.24),primary,transmission,PT054,other-car,1980 3N71B figure
SP-1093,Transmission,"Line pressure, 2 range: engine idling / at stall",8.0-12.0 / 8.0-12.0,kg/cm2,S-045,7A:18 (80RX7_7A_Auto_Trans.pdf p.24),primary,transmission,PT054,other-car,1980 3N71B figure
SP-1094,Transmission,"Line pressure, 1 range: engine idling / at stall",3.0-4.0 / 9.0-11.0,kg/cm2,S-045,7A:18 (80RX7_7A_Auto_Trans.pdf p.24),primary,transmission,PT054,other-car,1980 3N71B figure
SP-1095,Transmission,Governor pressure at 35 mph,1.6-2.3,kg/cm2,S-045,7A:19 (80RX7_7A_Auto_Trans.pdf p.25),primary,transmission,PT054,other-car,1980 3N71B figure; the table's other speeds are illegible in the scan
SP-1096,Transmission,"Replacement Cobra Transmission 53002F (IPN6-K45900B): 3N71B/L3N71B overhaul kit without bonded pistons - paper, rubber, gaskets, O-rings, lip seals, metal-clad seals, sealing rings; listed for 1979-85 RX-7",109.99,USD,S-201,product page,secondary,transmission,PT054,,aftermarket kit for the JATCO family; confirm the servo type (the RX-7 unit has an external servo cover) with the seller
SP-1097,Transmission,"Tightening torque, drive plate to torque converter",35-50,Nm,S-038,T:7 (PDF p.9),primary,transmission,PT330,,25-36 ft-lb; align the paint marks on converter and drive plate
SP-1098,Transmission,"Tightening torque, drive plate to converter weight",42-63,Nm,S-038,T:7 (PDF p.9),primary,transmission,PT330,,30-46 ft-lb
SP-1099,Transmission,"Tightening torque, converter housing to engine",32-47,Nm,S-038,T:7 (PDF p.9),primary,transmission,PT331,,23-34 ft-lb
SP-1100,Transmission,"Tightening torque, converter housing to transmission case",45-55,Nm,S-038,T:7 (PDF p.9),primary,transmission,PT331,,33-40 ft-lb; 1980 manual: sealant on the housing mounting face and the three bolt flanges (S-045 7A:16)
SP-1101,Transmission,"Oil pump inner/outer gear side play, limit",0.08,mm,S-038,T:4 (PDF p.6),primary,transmission,PT332,,
SP-1102,Transmission,"Oil pump inner/outer gear side play, standard",0.02-0.04,mm,S-045,7A:11 (80RX7_7A_Auto_Trans.pdf p.15),primary,transmission,PT332,other-car,1980 3N71B; the 1982 data gives only the limit
SP-1103,Transmission,"Clearance outer gear to crescent, limit",0.25,mm,S-038,T:4 (PDF p.6),primary,transmission,PT332,,
SP-1104,Transmission,"Clearance outer gear to crescent, standard",0.14-0.21,mm,S-045,7A:11 (80RX7_7A_Auto_Trans.pdf p.15),primary,transmission,PT332,other-car,1980 3N71B; replace inner and outer gears as a set
SP-1105,Transmission,"Clearance outer gear to housing, limit",0.25,mm,S-038,T:4 (PDF p.6),primary,transmission,PT332,,
SP-1106,Transmission,"Clearance outer gear to housing, standard",0.05-0.20,mm,S-045,7A:11 (80RX7_7A_Auto_Trans.pdf p.15),primary,transmission,PT332,other-car,1980 3N71B
SP-1107,Transmission,"Tightening torque, oil pump (converter housing) attaching bolts",45-55,Nm,S-038,T:7 (PDF p.9),primary,transmission,PT332,,the 'converter housing to transmission case' figure; the pump is clamped between them
SP-1108,Transmission,"Replacement Transmission Parts USA 820-000082401: 3N71B/4N71B front pump seal, metal clad, OD 2.368 in, ID 1.630 in",3.96,USD,S-235,product page,secondary,transmission,PT333,,listed for 3N71B Ford/Nissan/Mazda RWD units; equals 60.1 x 41.4 mm
SP-1109,Transmission,"Replacement Alltranz 60200: 3N71B front pump seal 42 ID x 60 OD x 9 mm, 1971-on",42 x 60 x 9,mm,S-236,catalogue page,secondary,transmission,PT333,,
SP-1110,Transmission,"Tightening torque, oil pump cover bolts",6-8,Nm,S-038,T:7 (PDF p.9),primary,transmission,PT334,,"4.3-5.8 ft-lb; 1980 manual: check cover run-out on the assembling guide 49 2113 025A, tap to within 0.07 mm before final torque (S-045 7A:12)"
SP-1111,Transmission,"Oil pump cover run-out, maximum",0.07,mm,S-045,7A:12 (80RX7_7A_Auto_Trans.pdf p.16),primary,transmission,PT334,other-car,1980 3N71B
SP-1112,Transmission,Oil pump cover bearing races available for setting total end play,"1.2, 1.4, 1.6, 1.8, 2.0, 2.2",mm,S-045,7A:16 (80RX7_7A_Auto_Trans.pdf p.22),primary,transmission,PT334,other-car,1980 3N71B
SP-1113,Transmission,"Side clearance, oil seal ring to groove on oil pump cover",0.04-0.16,mm,S-038,T:4 (PDF p.6),primary,transmission,PT335,,replace the ring if outside this
SP-1114,Transmission,"Tightening torque, oil cooler pipe set bolt",16-24,Nm,S-038,T:7 (PDF p.9),primary,transmission,PT338,,12-17 ft-lb
SP-1115,Transmission,"Tightening torque, oil pressure test plug",5-10,Nm,S-038,T:7 (PDF p.9),primary,transmission,PT340,,3.6-7.2 ft-lb; the square-head plugs 0338-19-331A; pressure outlet port at the right rear of the case (S-045 7A:18)
SP-1116,Transmission,"Replacement Alltranz 60232: extension housing seal, Mazda 3N71B, 35 ID x 48 OD x 15 mm, 1971-on",35 x 48 x 15,mm,S-236,catalogue page,secondary,transmission,PT341,,Alltranz lists a separate Nissan size (35x50x11); the Mazda row is the one that matches this unit
SP-1117,Transmission,"Genuine Mazda 0437-17-335A rear transmission seal, 71-85 RX-7 automatic and manual (Mazdatrix)",11.63,USD,S-240,product page,secondary,transmission,PT341,,in stock 2026-09
SP-1118,Transmission,"Tightening torque, servo piston stem when adjusting the band brake",12-15,Nm,S-038,T:7 (PDF p.9),primary,transmission,PT344,,"9-11 ft-lb; 1980 procedure: tighten stem with socket 49 0378 345, then back off two turns, hold the stem and tighten the lock nut (S-045 7A:17)"
SP-1119,Transmission,"Tightening torque, piston stem lock nut",15-40,Nm,S-038,T:7 (PDF p.9),primary,transmission,PT344,,11-29 ft-lb
SP-1120,Transmission,"Tightening torque, servo piston retainer",10-15,Nm,S-038,T:7 (PDF p.9),primary,transmission,PT344,,7-11 ft-lb
SP-1121,Transmission,"Tightening torque, servo cover",5-7,Nm,S-038,T:7 (PDF p.9),primary,transmission,PT344,,3.6-5.1 ft-lb
SP-1122,Transmission,"Band adjustment: tighten piston stem, back off, lock","tighten stem 12-15 Nm, back off 2 turns, lock nut 15-40 Nm",,S-045,7A:17 (80RX7_7A_Auto_Trans.pdf p.23),primary,transmission,PT344,other-car,1980 3N71B procedure; the 1982 data gives the same two torques (S-038 T:7)
SP-1123,Electrical,"Tightening torque, inhibitor switch to transmission case",5-7,Nm,S-038,T:7 (PDF p.9),primary,transmission,PT298,,3.6-5.1 ft-lb
SP-1124,Electrical,"Adjustment: selector in N, loosen switch bolts, remove the screw on the switch body, align the screw hole with the small hole inside the switch with a pin, tighten bolts, refit screw",2.0,mm pin,S-045,7A:21 (80RX7_7A_Auto_Trans.pdf p.27),primary,transmission,PT298,other-car,1980 3N71B; the 1985 manual gives the identical procedure (S-002 7B-17)
SP-1125,Electrical,Function check: starter cranks only in P and N; back-up lamps only in R with ignition ON,"P,N crank / R back-up",,S-002,7B-16 (Section 7B PDF p.16),primary,transmission,PT298,other-car,"1985 L4N71B switch; the 1982 wiring (S-001 p.10, p.22) shows the same two functions on the 4-pin switch"
SP-1126,Electrical,Connector,"A-06, 4-pin: BY, GY / BW, RW",,S-001,PDF p.10 (connector table),primary,transmission,PT298,,confirm on the car
SP-1127,Electrical,Connector,"B-33, 1-pin: BR",,S-001,PDF p.14 (connector table),primary,transmission,PT299,,confirm on the car
SP-1128,Electrical,Feed,"ignition IG -> BW -> 15 A fuse (X-04) -> kick-down switch B-32 (BW in, BR out) -> BR -> solenoid; grounded through the transmission case",,S-001,PDF p.14 (section B),primary,transmission,PT299,,confirm on the car
SP-1129,Electrical,Function test: an audible click when 12 V is applied to the solenoid,click at 12,V,S-002,7B-16 (Section 7B PDF p.16),primary,transmission,PT299,other-car,"1985 manual; the 1980 manual and the Nissan 3N71B manual test it the same way (click with pedal fully depressed, key ON)"
SP-1130,Body,"Genuine Mazda 1011-39-340A rear transmission mount (Atkins Rotary), listed 74-85",62.00,USD,S-237,product page,secondary,transmission,PT118,,in stock 2026-09; Atkins says it does not fit 84-85 automatics (FA55-39-340B); the 81-83 catalogue uses 1011-39-340A for both M/T and A/T
SP-1131,Body,Genuine Mazda 0884-39-385A upper crossmember insulator (Atkins Rotary) - NLA; lower 0884-39-384A out of stock,9.75 / 5.75,USD,S-238,product page,secondary,transmission,PT119,,the later F001-39-375 / 8599-39-384A (from serial 626755) were not found for sale
SP-1132,Transmission,"Genuine Mazda 1011-17-442A speedometer cable sleeve (Atkins Rotary), listed 81-91 N/A",28.00,USD,S-239,product page,secondary,transmission,PT347,,in stock 2026-09; same number as the 81-83 catalogue row 19-442
SP-1133,Transmission,Extension housing to transmission case bolt torque,20-25,N-m,S-038,T:7 (PDF p.9),primary,transmission,PT349,,14-18 ft-lb; S-002 7B-69 gives the same
SP-1134,Transmission,Inspection at overhaul,cracks or damage; oil seal; parking pawl and steel ball wear,,S-045,"7A:15 (PDF p.21), 7A-C-9",primary,transmission,PT349,other-car,from S-045 (1980 3N71B manual); other-car
SP-1135,Transmission,Replacement transmissionpartsusa 82635: 3N71B extension housing bushing,1.585 OD x 1.383 ID x 1.573 long,in,S-249,product page,secondary,transmission,PT349,,"USD 5.69; describes the aftermarket bushing, not measured on this housing"
SP-1136,Transmission,Control valve body to transmission case bolt torque,5.5-7.5,N-m,S-038,T:7 (PDF p.9),primary,transmission,PT351,,4.0-5.4 ft-lb; S-045 7A:17 and S-002 7B-77 agree
SP-1137,Transmission,Lower valve body to upper valve body bolt torque,2.5-3.5,N-m,S-038,T:7 (PDF p.9),primary,transmission,PT351,,1.8-2.5 ft-lb; use torque driver 49 8000 021 (S-045 7A:14)
SP-1138,Transmission,Side plate to control valve body screw torque,2.5-3.5,N-m,S-038,T:7 (PDF p.9),primary,transmission,PT351,,1.8-2.5 ft-lb
SP-1139,Transmission,Reamer bolt of control valve body torque,5-7,N-m,S-038,T:7 (PDF p.9),primary,transmission,PT351,,3.6-5.1 ft-lb
SP-1140,Transmission,Pressure regulator valve spring: wire diameter / free length,1.20 +-0.03 / 43.0 +-1.0,mm,S-038,T:4 (PDF p.6),primary,transmission,PT351,,
SP-1141,Transmission,1st-2nd shift valve spring: wire diameter / free length,0.55 +-0.015 / 32.0 +-2.0,mm,S-038,T:4 (PDF p.6),primary,transmission,PT351,,
SP-1142,Transmission,2nd-3rd shift valve spring: wire diameter / free length,0.70 +-0.015 / 41.0 +-1.0,mm,S-038,T:4 (PDF p.6),primary,transmission,PT351,,
SP-1143,Transmission,Pressure modifier valve spring: wire diameter / free length,0.40 +-0.01 / 18.5 +-1.0,mm,S-038,T:5 (PDF p.7),primary,transmission,PT351,,
SP-1144,Transmission,Throttle back-up valve spring: wire diameter / free length,0.80 +-0.015 / 36.0 +-1.0,mm,S-038,T:5 (PDF p.7),primary,transmission,PT351,,
SP-1145,Transmission,Solenoid downshift valve spring: wire diameter / free length,0.55 +-0.015 / 21.9 +-1.0,mm,S-038,T:5 (PDF p.7),primary,transmission,PT351,,
SP-1146,Transmission,2nd lock valve spring: wire diameter / free length,0.55 +-0.015 / 33.5 +-1.0,mm,S-038,T:5 (PDF p.7),primary,transmission,PT351,,
SP-1147,Transmission,Throttle relief valve spring: wire diameter / free length,0.90 +-0.03 / 26.8 +-1.0,mm,S-038,T:5 (PDF p.7),primary,transmission,PT351,,
SP-1148,Transmission,Orifice check valve spring: wire diameter / free length,0.23 +-0.01 / 15.5 +-2.0,mm,S-038,T:5 (PDF p.7),primary,transmission,PT351,,
SP-1149,Transmission,"Line pressure, R range: engine idling / engine stall",400-700 / 1600-1900,kPa,S-038,T:5 (PDF p.7),primary,transmission,PT351,,57-100 / 228-270 psi; gauge 49 0378 400A on the test port at the right rear of the case (S-045 7A:18)
SP-1150,Transmission,"Line pressure, D range: engine idling / engine stall",300-400 / 900-1100,kPa,S-038,T:5 (PDF p.7),primary,transmission,PT351,,43-57 / 128-156 psi
SP-1151,Transmission,"Line pressure, 2 range: engine idling / engine stall",800-1200 / 800-1200,kPa,S-038,T:5 (PDF p.7),primary,transmission,PT351,,114-171 psi
SP-1152,Transmission,"Line pressure, 1 range: engine idling / engine stall",300-400 / 900-1100,kPa,S-038,T:5 (PDF p.7),primary,transmission,PT351,,43-57 / 128-156 psi
SP-1153,Transmission,Valves inside the body,"manual valve; 1st-2nd shift valve; 2nd-3rd shift valve and plug; pressure modifier valve; pressure regulator valve, plug, sleeve and spring seat; second lock valve; solenoid downshift valve; throttle back-up valve; vacuum throttle valve; throttle relief ball; orifice check valve",,S-045,"7A:12-13 (PDF p.16-19), figs 7A-46 to 7A-49",primary,transmission,PT351,other-car,from S-045 (1980 3N71B manual); other-car; the 1985 body adds a 3-4 shift valve (S-002 7B-60)
SP-1154,Transmission,Line pressure test: stall reading must be taken within,5,s,S-045,7A:18 (PDF p.24),primary,transmission,PT351,other-car,from S-045 (1980 3N71B manual); other-car; then idle in N for over one minute to cool the converter
SP-1155,Transmission,Oil strainer bolt torque,3-4,N-m,S-038,T:7 (PDF p.9),primary,transmission,PT353,,2.2-2.9 ft-lb
SP-1156,Transmission,Inspection,"scratches or score marks: replace, they let fluid bypass the passages",,S-002,7B-62,primary,transmission,PT353,other-car,from S-002 (1985 L4N71B manual; the 3N71B core is the same design); other-car
SP-1157,Transmission,Replacement Raybestos 357418: filter kit for L3N71B 1974-83 with external servo,filter 515418 + nitrile gasket 22G418; OE ref 1758-19-815,,S-247,product page,secondary,transmission,PT353,,"also OE refs D7DZ-7A098-A/-B, D7DZ-7A191A (Ford Courier)"
SP-1158,Transmission,"Replacement ATP B-416: transmission filter kit, 1979-83 Mazda RX-7",USD 35.55,,S-248,product page,secondary,transmission,PT353,,"gasket described as 14 bolt holes; cross-refs Bosch 15126, Dorman 85909"
SP-1159,Transmission,Inspection,no ATF in the vacuum pipe; rod moves when vacuum is applied to the diaphragm,,S-002,7B-16,primary,transmission,PT354,other-car,from S-002 (1985 L4N71B manual; the 3N71B core is the same design); other-car
SP-1160,Transmission,Fluid to extract before removing the diaphragm,1.0,L,S-002,7B-16,primary,transmission,PT354,other-car,from S-002 (1985 L4N71B manual; the 3N71B core is the same design); other-car
SP-1161,Transmission,Line pressure cutback point: governor pressure at 0 mmHg on the diaphragm,100-160,kPa,S-002,7B-23,primary,transmission,PT354,other-car,"from S-002 (1985 L4N71B manual; the 3N71B core is the same design); other-car; 14-23 psi, read where line pressure drops sharply accelerating in D"
SP-1162,Transmission,Line pressure cutback point: governor pressure at 200 mmHg on the diaphragm,40-100,kPa,S-002,7B-23,primary,transmission,PT354,other-car,from S-002 (1985 L4N71B manual; the 3N71B core is the same design); other-car; 6-14 psi; off-standard points to a missing or wrong-length rod or a stuck valve
SP-1163,Transmission,Fault sign: excessive line pressure at idle,"degenerated or disconnected vacuum tube, or degenerated diaphragm",,S-002,7B-23,primary,transmission,PT354,other-car,from S-002 (1985 L4N71B manual; the 3N71B core is the same design); other-car
SP-1164,Transmission,Replacement Atkins Rotary BT07-19-823: automatic vacuum modulator diaphragm 79-88 RX-7,"USD 63.00, in stock",,S-244,product page,secondary,transmission,PT354,,replaces 0338-19-823 and 1758-19-823
SP-1165,Transmission,Replacement Mazdatrix BT07-19-823: transmission vacuum modulator 79-85 RX-7 automatic,"USD 74.50, in stock, genuine Mazda",,S-245,product page,secondary,transmission,PT354,,
SP-1166,Transmission,Owner-reported failure sign,"white smoke at idle, about 1 quart ATF per 100 miles, oil and coolant levels steady; an inline filter spliced into the vacuum line collects ATF if the diaphragm has failed",,S-250,thread,secondary,transmission,PT354,,"forum report, one car"
SP-1167,Transmission,Rod lengths available,"29.0, 29.5, 30.0, 30.5, 31.0",mm,S-005,"EC p.64-65 (1-C6, 1-D6), fig 1920A-1/2",primary,transmission,PT355,,"0338-19-828, -829, -825, -827, -826 in that order; FT01-19-824 listed as an alternative for the 29.0 rod; S-002 7B-16 lists the same five"
SP-1168,Transmission,"Selection: depth L of the vacuum throttle valve hole from the case face, valve pushed fully in",under 25.6: 29.0; 25.7-26.1: 29.5; 26.2-26.6: 30.0; 26.7-27.1: 30.5; over 27.2: 31.0,mm,S-045,"7A:17 (PDF p.23), fig 7A-65",primary,transmission,PT355,other-car,from S-045 (1980 3N71B manual); other-car; S-002 7B-78 carries the same table with slightly different band edges
SP-1169,Transmission,Replacement Atkins Rotary 1758-19-835: automatic transmission pan gasket 79-83 RX-7,"USD 20.25, in stock",,S-246,product page,secondary,transmission,PT356,,Mazda discontinued; Atkins can make them
SP-1170,Transmission,Oil pan bolt torque,5-7,N-m,S-038,T:7 (PDF p.9),primary,transmission,PT357,,3.6-5.1 ft-lb; the 1985 manual gives 6-8 N-m for its pan (S-002 7B-77)
SP-1171,Transmission,Bolt count,17,,S-005,"EC p.65 (1-D6), fig 1920A-2",primary,transmission,PT357,,bolt 0338-19-837
SP-1172,Transmission,Fluid filling,through the filler tube; never above the F mark,,S-002,"7B-15, 0-24",primary,transmission,PT358,other-car,from S-002 (1985 L4N71B manual; the 3N71B core is the same design); other-car
SP-1173,Transmission,Level check procedure,"level ground, parking brake on, engine warm and idling, selector through every range then P, dipstick wiped and fully reinserted; level between L and F",,S-045,"7A:18 (PDF p.24), 7A-F-1",primary,transmission,PT359,other-car,from S-045 (1980 3N71B manual); other-car; S-002 0-24 gives the same steps
SP-1174,Transmission,Fluid temperature for the level check,50-80,degC,S-002,7B-15,primary,transmission,PT359,other-car,from S-002 (1985 L4N71B manual; the 3N71B core is the same design); other-car
SP-1175,Transmission,Adjustment: servo piston stem torque,12-15,N-m,S-038,T:7 (PDF p.9),primary,transmission,PT360,,9-11 ft-lb; socket 49 0378 345 (S-045 7A:17)
SP-1176,Transmission,Adjustment: piston stem lock nut torque,15-40,N-m,S-038,T:7 (PDF p.9),primary,transmission,PT360,,11-29 ft-lb
SP-1177,Transmission,Adjustment: turns to back off the piston stem after torquing,2,turns,S-045,"7A:17 (PDF p.23), fig 7A-63",primary,transmission,PT360,other-car,"from S-045 (1980 3N71B manual); other-car; the 1985 L4N71B 2nd band is 3 turns (S-002 7B-77), do not mix"
SP-1178,Transmission,Inspection,lining for excessive wear or damage; piston stem free movement,,S-045,"7A:9 (PDF p.11), 7A-C-3",primary,transmission,PT360,other-car,from S-045 (1980 3N71B manual); other-car
SP-1179,Transmission,Stall test sign: stall rpm above standard in 2 range only,brake band slipping,,S-002,7B-21,primary,transmission,PT360,other-car,from S-002 (1985 L4N71B manual; the 3N71B core is the same design); other-car
SP-1180,Transmission,Applied in,"2nd gear (D2, 2 range, 1 range 2nd)",,S-002,"7B-8, operation table",primary,transmission,PT360,other-car,from S-002 (1985 L4N71B manual; the 3N71B core is the same design); other-car
SP-1181,Transmission,"Clearance, retaining plate to snap ring",1.6-1.8,mm,S-038,T:4 (PDF p.6),primary,transmission,PT361,,0.063-0.071 in; S-045 7A:7 and S-002 7B-52 agree; adjust with the retaining plate
SP-1182,Transmission,Number of drive plates,3,,S-002,7B-2,primary,transmission,PT361,other-car,from S-002 (1985 L4N71B manual; the 3N71B core is the same design); other-car; catalogue qty 7 across both clutches agrees
SP-1183,Transmission,Applied in,3rd gear and R,,S-002,"7B-8, operation table",primary,transmission,PT361,other-car,from S-002 (1985 L4N71B manual; the 3N71B core is the same design); other-car
SP-1184,Transmission,Stall test sign: stall rpm above standard in R only,front clutch or low and reverse brake; engine braking present in 1 range means the front clutch,,S-002,7B-21,primary,transmission,PT361,other-car,from S-002 (1985 L4N71B manual; the 3N71B core is the same design); other-car
SP-1185,Transmission,Operation check,"clutch assembly on the oil pump, compressed air into its oil passage",,S-045,"7A:8 (PDF p.10), fig 7A-29",primary,transmission,PT361,other-car,from S-045 (1980 3N71B manual); other-car
SP-1186,Transmission,Disassembly order,"snap ring, retaining plate, drive plates, driven plates, dished plate, snap ring (spring compressor), spring retainer, springs, piston (air), outer seal, inner seal",,S-045,"7A:6-7 (PDF p.8-9), fig 7A-23",primary,transmission,PT361,other-car,from S-045 (1980 3N71B manual); other-car
SP-1187,Transmission,Assembly: driven plate toothless part aligned with the drum lubrication hole,align,,S-002,7B-44,primary,transmission,PT362,other-car,from S-002 (1985 L4N71B manual; the 3N71B core is the same design); other-car
SP-1188,Transmission,Removal,compressed air into the oil passage,,S-045,7A:7 (PDF p.9),primary,transmission,PT363,other-car,from S-045 (1980 3N71B manual); other-car
SP-1189,Transmission,Service rule,"discard old seals, fit new, dip all parts in clean ATF",,S-045,7A:7 (PDF p.9),primary,transmission,PT364,other-car,from S-045 (1980 3N71B manual); other-car
SP-1190,Transmission,Return spring free length,30.5,mm,S-002,"7B-52, 7B-54",primary,transmission,PT365,other-car,from S-002 (1985 L4N71B manual; the 3N71B core is the same design); other-car; 1.2008 in
SP-1191,Transmission,Springs per clutch,10,,S-005,"EC p.66 (1-E6), fig 1930A-1",primary,transmission,PT365,,catalogue qty 20 springs and 2 retainers for the two clutches
SP-1192,Transmission,Service tool: clutch spring compressor,49 0378 375,,S-002,"7B-42, 7B-53",primary,transmission,PT365,other-car,from S-002 (1985 L4N71B manual; the 3N71B core is the same design); other-car
SP-1193,Transmission,Fitting order,"dished plate first (against the piston), then driven, drive and retaining plates",,S-002,7B-44,primary,transmission,PT366,other-car,from S-002 (1985 L4N71B manual; the 3N71B core is the same design); other-car; direction per figure 47U07B-072 / -104
SP-1194,Transmission,Plates per clutch: front / rear,3 / 4,,S-002,7B-2,primary,transmission,PT367,other-car,from S-002 (1985 L4N71B manual; the 3N71B core is the same design); other-car
SP-1195,Transmission,Inspection,"wear, scoring; must slide freely on the drum serrations",,S-045,7A:7 (PDF p.9),primary,transmission,PT367,other-car,from S-045 (1980 3N71B manual); other-car
SP-1196,Transmission,"Drive plate thickness limit, front and rear clutch",1.4,mm,S-038,T:4 (PDF p.6),primary,transmission,PT368,,0.055 in
SP-1197,Transmission,Plates per clutch: front / rear,3 / 4,,S-002,7B-2,primary,transmission,PT368,other-car,from S-002 (1985 L4N71B manual; the 3N71B core is the same design); other-car
SP-1198,Transmission,Replacement Raybestos R560161: forward/direct friction plate 1981-on,"0.062 in thick, 44 teeth, 4.525 in OD",,S-202,L3N71B catalogue page,secondary,transmission,PT368,,describes the Raybestos plate; check against a plate from the car
SP-1199,Transmission,Retaining plate thicknesses available,"5.0, 5.2, 5.4, 5.6, 5.8, 6.0, 6.2",mm,S-005,"EC p.66 (1-E6), fig 1930A-1",primary,transmission,PT369,,3959-19-503 to -509; S-002 7B-53 lists the same seven
SP-1200,Transmission,1980 front clutch retaining plates (different drum),"7.2, 7.4, 7.6, 7.8, 8.0, 8.2",mm,S-045,7A:7 (PDF p.9),primary,transmission,PT369,other-car,"from S-045 (1980 3N71B manual); other-car; does not fit the 3959- drum, listed so the two are not confused"
SP-1201,Transmission,"Clearance, retaining plate to snap ring",0.8-1.5,mm,S-038,T:4 (PDF p.6),primary,transmission,PT370,,0.031-0.059 in; off standard: replace all drive and driven plates (S-045 7A:8)
SP-1202,Transmission,Number of drive plates,4,,S-002,7B-2,primary,transmission,PT370,other-car,from S-002 (1985 L4N71B manual; the 3N71B core is the same design); other-car
SP-1203,Transmission,Applied in,"every forward gear: D1, D2, D3, 2, 1",,S-002,"7B-8, operation table",primary,transmission,PT370,other-car,from S-002 (1985 L4N71B manual; the 3N71B core is the same design); other-car
SP-1204,Transmission,"Stall test sign: stall rpm above standard in D, 2 and 1",rear clutch slipping,,S-002,7B-21,primary,transmission,PT370,other-car,from S-002 (1985 L4N71B manual; the 3N71B core is the same design); other-car
SP-1205,Transmission,Operation check,"rear clutch on the oil pump over the front clutch, compressed air into its oil passage",,S-045,"7A:8 (PDF p.10), fig 7A-30",primary,transmission,PT370,other-car,from S-045 (1980 3N71B manual); other-car
SP-1206,Transmission,Assembly,"rear clutch hub and front planetary carrier fitted on top of the rear clutch, then connecting shell and sun gear",,S-002,7B-70,primary,transmission,PT373,other-car,from S-002 (1985 L4N71B manual; the 3N71B core is the same design); other-car
SP-1207,Transmission,"Pinion washer to carrier clearance, front carrier: standard / limit",0.2-0.7 / 0.8,mm,S-002,7B-55,primary,transmission,PT374,other-car,from S-002 (1985 L4N71B manual; the 3N71B core is the same design); other-car; S-038 T:4 gives the 0.8 limit as planetary gear side play; replace the carrier as a unit (S-045 7A:14)
SP-1208,Transmission,Fitting direction,grooved side to the front,,S-002,7B-55,primary,transmission,PT376,other-car,from S-002 (1985 L4N71B manual; the 3N71B core is the same design); other-car; the groove is where the front carrier washer bears
SP-1209,Transmission,Manual linkage adjustment: selector lever position,N,range,S-045,7A-G-1 Adjusting Manual Linkage (7A:20; 80RX7_7A_Auto_Trans.pdf p.26),primary,transmission,PT410,other-car,"1980 workshop manual section 7A (3N71B, the same 3-speed family as this car); no 1982 body-section manual exists on disk. Engine idle must be set first. Lever in N, car on stands, T-joint off the lower end of the selector lever operating arm, transmission range lever to N, T-joint adjusted then reconnected, operation checked in every range."
SP-1210,Transmission,Manual linkage adjustment: transmission range lever N position,3,detent from rear,S-045,7A-G-1 step 4 (7A:20; 80RX7_7A_Auto_Trans.pdf p.26),primary,transmission,PT410,other-car,"1980 workshop manual section 7A (3N71B, the same 3-speed family as this car); no 1982 body-section manual exists on disk. N is the third detent counted from the rear of the transmission."
SP-1211,Transmission,Transmission removal: selector rod disconnected at the selector lever,yes,,S-045,7A-A step 20 (7A:2; 80RX7_7A_Auto_Trans.pdf p.4),primary,transmission,PT410,other-car,Same step in the 1985 manual (S-002 7B p.27 'Disconnect the selector rod at the selector lever').
SP-1212,Transmission,Knob lock nut torque,1.5-2.0,m-kg,S-045,7A-G-2 step 6 (7A:20; 80RX7_7A_Auto_Trans.pdf p.26),primary,transmission,PT412,other-car,"10.8-14.5 ft-lb (about 15-20 N m). 1980 workshop manual section 7A (3N71B, the same 3-speed family as this car); no 1982 body-section manual exists on disk"
SP-1213,Transmission,Knob setting: turns out from fully screwed in (push button toward the driver),1,turn,S-045,7A-G-2 steps 1-5 (7A:20; 80RX7_7A_Auto_Trans.pdf p.26),primary,transmission,PT412,other-car,"Lever in N or D, lock nut loosened, knob lightly screwed fully in, then out one turn. If the lever will not go to P with the button pressed, screw the knob in one turn; if it moves N to R or D to 2 without the button, screw it out. 1980 workshop manual section 7A (3N71B, the same 3-speed family as this car); no 1982 body-section manual exists on disk"
SP-1214,Transmission,Interlock: moves that need the push button pressed,"P, N-R, D-2",,S-045,7A-G-2 steps 4-5 (7A:20; 80RX7_7A_Auto_Trans.pdf p.26),primary,transmission,PT413,other-car,"With the button pressed the lever must reach P; without it the lever must not pass from N to R or from D to 2. 1980 workshop manual section 7A (3N71B, the same 3-speed family as this car); no 1982 body-section manual exists on disk"
SP-1215,Transmission,Linkage adjustment point: T-joint at the selector lever operating arm,free fit in arm hole,,S-045,7A-G-1 steps 3-6 (7A:20; 80RX7_7A_Auto_Trans.pdf p.26),primary,transmission,PT419,other-car,"T-joint attaching nuts loosened and the joint set so it freely enters the hole of the selector lever operating arm with both levers in N, then tightened. 1980 workshop manual section 7A (3N71B, the same 3-speed family as this car); no 1982 body-section manual exists on disk"
SP-1216,Electrical,Wiring diagram connector code,B-32,,S-001,Section B p.13 (pdf p.13),primary,transmission,PT643,,"Two separate single-pin connectors, one BW and one BR; the switch is drawn as a single normally-open contact in the kick-down system. Wire colours from S-001; confirm on the car."
SP-1217,Electrical,Circuit: ignition switch IG (BW) - kick-down switch - kick-down solenoid B-33 (BR) - ground,series,,S-001,Section B p.13 (pdf p.13),primary,transmission,PT643,,"The BW feed is drawn straight off the ignition switch IG node (connector X-08) with no fuse shown between them; the BR leg passes X-11, X-10 and X-02 to the solenoid on the transmission. Check the fusing on the car."
SP-1218,Electrical,Contact type,"normally open, closes at full throttle",,S-045,7A-G-3 Adjusting Kick-down Switch (7A:20; 80RX7_7A_Auto_Trans.pdf p.26),primary,transmission,PT643,other-car,"'Normally open' is the contact symbol drawn for B-32 on S-001 Section B p.13 (pdf p.13); 7A-G-3 only sets it: with the accelerator fully depressed the switch is screwed in until it clicks, then half a turn more, so it closes only at the end of pedal travel. 1980 workshop manual section 7A (3N71B, the same 3-speed family as this car); no 1982 body-section manual exists on disk"
SP-1219,Electrical,Adjustment: extra turns in after the click at full throttle,0.5,turn,S-045,7A-G-3 steps 1-5 (7A:20; 80RX7_7A_Auto_Trans.pdf p.26),primary,transmission,PT643,other-car,"Connectors off, lock nut loosened, switch backed out a few turns, pedal fully down, switch screwed in until the click is heard, then half a turn more, lock nut tightened, connectors on. 1980 workshop manual section 7A (3N71B, the same 3-speed family as this car); no 1982 body-section manual exists on disk"
SP-1220,Electrical,Function,forces 3-2 and 2-1 downshift at full throttle,,S-002,"Section 7B p.7 Outline, '4-3 Switch & Kickdown Switch' (pdf p.7)",secondary,transmission,PT643,other-car,"1985 4-speed text: 'rapidly shift the gears down from 3rd to 2nd, and from 2nd to 1st'. The 1980 7A road test lists 'the kickdown operates properly' as a check item (S-045 7A:19)."
SP-1221,Electrical,1985 combined 4-3/kick-down switch: plunger travel for continuity (C-D terminals),7.0-8.0,mm,S-002,"Section 7B p.15, 4-3 Switch and Kickdown Switch (pdf p.15)",secondary,transmission,PT643,other-car,"0.276-0.315 in. The 1985 4-speed uses one switch body carrying both the 4-3 contacts (A-B, 3.5-4.5 mm) and the kick-down contacts; it is a different part from this car's 2691-18-660, so this is a reference figure only. Its adjustment: pedal fully down, stopper set to touch the pedal, lock nut."
SP-1222,Electrical,Troubleshooting: no kick-down,"switch adjustment or failure, solenoid, wiring",,S-002,Section 7B p.13-14 troubleshooting chart (pdf p.13-14),secondary,transmission,PT643,other-car,"'Kickdown solenoid, kickdown switch & wiring' and 'Improper adjustment or malfunction of kickdown switch' are the listed causes."
SP-1223,Lighting,Illumination lamp behind the indicator (bulb in PT855),3.4,W,S-001,"Section E p.20, E-07 Select lever illumination light (for A/T) (pdf p.20)",primary,transmission,PT854,,"Fed RL from the instrument panel light control (dimmer) E-05, grounded B; connector E-07 is a single-pin bullet on each wire. Bulb 0000-11-0194 (12 V 3.4 W wedge) per S-005 BI-053. Wire colours from S-001; confirm on the car."
SP-1224,Body,Colour code,01,,S-005,"5570A-1 Console, item 64340A (Body-Index pdf p.53, BI-053, sheet 2-E5)",primary,transmission,PT854,,"01 = silver metallic; the M/T equivalent is plate FA01-64-350A, silver metallic/black 01."
