id,category,title,subject,fits,site,url,author,licence,format,obtained,login,local_path,size_mm,scale,triangles,quality,detail,note
rx7-1978-sa-hum3d-bought,body,"Mazda RX-7 (Mk1) (SA) 1978 (Hum3D, bought)",1978-80 SA22C body (whole car),close,hum3d.com,https://hum3d.com/,Hum3D,paid commercial licence (bought by owner),obj (zip) + derived glb,yes,no,01-REFERENCE/model/rx7.glb,1861 x 1310 x 4293,1:1,281609,4,"Exterior shell, glass, lamps, wheels, basic interior; SA bumpers/tail lamps/dash; no engine bay, underbody or chassis.","Already on disk, not re-found. README says within ~1% overall; FB bumpers, tail lamps, front lip and dash differ. The identical 1.57M-face mesh is re-uploaded on Sketchfab by niev/Res1n/outpiston/vecarz - those are rips, recorded below, not downloaded."
fb-rx7-gsl-se-85-3dwarehouse-blastronaut,body,Mazda RX-7 GSL-SE 85,1984-85 FB Series 3 GSL-SE body (whole car),exact,3D Warehouse (SketchUp),https://3dwarehouse.sketchup.com/model/4109337ab9bb4349ef9a91891c683ba0,Blastronaut,3D Warehouse General Model License (as stated by Trimble for all uploads),glb (public viewer export); original skp needs login,yes,no,01-REFERENCE/model/library/body/fb-rx7-gsl-se-85-3dwarehouse-blastronaut,1789 x 1251 x 4468,1:1 intended,18328,3,"Low/mid-poly SketchUp car: body, glass, wheels, simple interior; tuner wheels. No engine bay/underbody.","Uploader: ""This model is not my own"". Length 4.47 m vs real FB ~4.29-4.32 m (+3.5%), width 1.79 m incl. mirrors (real 1.67). Best whole-car FB proportions found among free models. SKP units inches, 9961 polys. Native .skp download requires a free Trimble login; the GLB is the publicly served viewer file."
fb-rx7-1983-modified-3dwarehouse-zxt,body,1983 Mazda RX-7 (Modified),"1981-83 FB Series 2 body (whole car, modified)",exact,3D Warehouse (SketchUp),https://3dwarehouse.sketchup.com/model/c53a4d5ba723a793b1f573e50552dcc1,ZXT,3D Warehouse General Model License (as stated by Trimble for all uploads),glb (public viewer export); original skp needs login,yes,no,01-REFERENCE/model/library/body/fb-rx7-1983-modified-3dwarehouse-zxt,1262 x 954 x 3260,mis-scaled (~0.75x of 1:1),13420,2,Crude SketchUp body with aftermarket wheels and a transparent wing.,"""Original model by Marian. Wheel by AD9, spoiler by mirza."" Scaled wrong: 3.26 m long (~0.76x real). Proportions only. Native .skp download requires a free Trimble login; the GLB is the publicly served viewer file."
fb-rx7-nelson-racing-3dwarehouse-claytonf,body,Nelson racing Mazda Rx-7,1981-85 FB body with V8 twin-turbo engine bay (Nelson Racing replica),close,3D Warehouse (SketchUp),https://3dwarehouse.sketchup.com/model/99c8d47e45e0e3aa5cf3df4d1dca4beb,Clayton F.,3D Warehouse General Model License (as stated by Trimble for all uploads),glb (public viewer export); original skp needs login,yes,no,01-REFERENCE/model/library/body/fb-rx7-nelson-racing-3dwarehouse-claytonf,1262 x 1146 x 3151,mis-scaled (~0.75x of 1:1),142535,2,"FB body, opened hood, modelled engine bay (V8 twin turbo), wheels.","Replica of Nelson Racing 1650 hp FB. Undersized (3.15 m long, ~0.73x). Tagged #Mazda_FB. Useful only as an LS/V8-in-FB bay visual. Native .skp download requires a free Trimble login; the GLB is the publicly served viewer file."
rx7-first-gen-3dwarehouse-husainm,body,Mazda Rx7 First Generation,1979-84 first-gen body (rough),close,3D Warehouse (SketchUp),https://3dwarehouse.sketchup.com/model/f78b95c45e943f55e80aa4522048dbb1,Husain M.,3D Warehouse General Model License (as stated by Trimble for all uploads),glb (public viewer export); original skp needs login,yes,no,01-REFERENCE/model/library/body/rx7-first-gen-3dwarehouse-husainm,2210 x 1711 x 8846,1:1 intended,7889,1,Very rough blocky body plus headlight-beam cones (which inflate the extents).,"Author: ""rough model of a first generation rx7 (1979-1984)"". Car itself ~5.3 m long; not to scale. Native .skp download requires a free Trimble login; the GLB is the publicly served viewer file."
sa-rx7-s1-3dwarehouse-tonys,body,mazda (mazda rx7 s1),"1979-80 SA22C Series 1 body, tuned (roll cage, engine)",close,3D Warehouse (SketchUp),https://3dwarehouse.sketchup.com/model/7618ab3470cf95255742a1680866f083,tony S.,3D Warehouse General Model License (as stated by Trimble for all uploads),glb (public viewer export); original skp needs login,yes,no,01-REFERENCE/model/library/body/sa-rx7-s1-3dwarehouse-tonys,1262 x 805 x 3158,mis-scaled (~0.75x of 1:1),94557,2,"SA body with seats, cage and an engine in the bay.","Undersized (3.16 m, ~0.74x). Native .skp download requires a free Trimble login; the GLB is the publicly served viewer file."
sa-rx7-series1-widebody-3dwarehouse-ianm,body,Series 1 rx7,1979-80 SA22C Series 1 widebody,close,3D Warehouse (SketchUp),https://3dwarehouse.sketchup.com/model/7512d5f8-d750-4a13-810c-dcf78ae85305,Ian M.,3D Warehouse General Model License (as stated by Trimble for all uploads),glb (public viewer export); original skp needs login,yes,no,01-REFERENCE/model/library/body/sa-rx7-series1-widebody-3dwarehouse-ianm,1868 x 1119 x 4408,1:1 intended,39347,2,"Widebody kit, front and rear diffuser, wing, wheels.",Length 4.41 m (close to real). Widebody so width not stock. Native .skp download requires a free Trimble login; the GLB is the publicly served viewer file.
sa-rx7-v8-3dwarehouse-tonys,body,mazda v8 rx7,1st-gen RX-7 V8 drift car (tube-frame look),close,3D Warehouse (SketchUp),https://3dwarehouse.sketchup.com/model/uf4b08787-9670-4a1d-8b4e-4813f5079d2c,tony S.,3D Warehouse General Model License (as stated by Trimble for all uploads),glb (public viewer export); original skp needs login,yes,no,01-REFERENCE/model/library/body/sa-rx7-v8-3dwarehouse-tonys,1427 x 937 x 3236,mis-scaled (~0.75x of 1:1),233459,2,Race-car body with cage and V8; lots of internal geometry.,"Thumbnail is a first-gen body although the GLB file is named ""mazda fc rx7 drift missle"". Undersized (3.24 m). Visual interest for the V8 swap only. Native .skp download requires a free Trimble login; the GLB is the publicly served viewer file."
rx7-savanna-3dwarehouse-marian87,body,Mazda RX-7 Savanna (Marian87),FC3S (1986-91) body - NOT first gen,different,3D Warehouse (SketchUp),https://3dwarehouse.sketchup.com/model/b198a566a76483225a093a772656cea1,Marian87,3D Warehouse General Model License,skp/glb,no,yes,,,,,,,"Parent of ~15 derivative uploads (AD9 ""Tuned/Drift/Showcar Mazda RX-7 Savanna"", etc.). Thumbnail shows an FC, despite ""1983"" titles on some derivatives. Recorded so it is not re-checked; also CGTrader ""Mazda RX-7 Savanna"" free (SketchUp 13 conversion) is probably this same model."
fb-rx7-taillight-housing-scan-printables-giooig13,body,FB RX7 Tail Light Passenger Side Housing,"1981-85 FB tail lamp housing, passenger (RH) side - 3D scan",exact,Printables,https://www.printables.com/model/993677,GiooiG13,Creative Commons — Attribution — Noncommercial,stl,yes,no,01-REFERENCE/model/library/body/fb-rx7-taillight-housing-scan-printables-giooig13,479 x 217 x 211,1:1,1065874,4,"Scanned mesh of the wraparound tail-lamp housing (rear of housing, bulb pockets). Scan noise, not CAD.","""3D Scanned Model of FB RX7 Tail Light Passenger Side Housing"". Real part geometry - useful for rear-panel/tail-lamp wiring and bulb socket positions. (Also saved by the parts agent.)"
fb-rx7-cowl-grill-protector-printables-jtso,body,RX-7 cowl grill protector,1981-85 FB windshield cowl trim clip,exact,Printables,https://www.printables.com/model/654390,j_tso,Creative Commons — Public Domain,stl,yes,no,01-REFERENCE/model/library/body/fb-rx7-cowl-grill-protector-printables-jtso,38 x 6 x 12,1:1,160,3,Small clip only.,"""Trim for windshield on 81-85 RX-7s""."
rx7-printables-horyzen1,body,Mazda RX7 (horyzen1),"RX-7 small display model (generation unconfirmed, FB/FC-like profile)",close,Printables,https://www.printables.com/model/1695998,horyzen1,Creative Commons — Attribution — Share Alike,stl,yes,no,01-REFERENCE/model/library/body/rx7-printables-horyzen1,,toy scale,36666,1,Solid toy-car print incl. wheels.,extents as found: 25.211; 10.1088; 7.2111 cm? (tiny print ~25 units long). Generation not stated; profile could be FB or FC. Low value.
fb-rx7-mirror-delete-plate-thingiverse-qwikyking,body,fb/sa22c rx7 mirror delete fill plate,1st-gen door mirror delete fill plate,exact,Thingiverse (via archive.org mirror),https://www.thingiverse.com/thing:2758322,Mark Holden (qwikyking),Creative Commons - Attribution (CC BY 4.0),stl,yes,no,01-REFERENCE/model/library/body/fb-rx7-mirror-delete-plate-thingiverse-qwikyking,80 x 30 x 8,1:1,7104,3,Plate that fills the door-mirror mount on the door.,"""fill plate for fb rx7 door mirror"". File named 1984 -> FB door mirror footprint. Downloaded from https://archive.org/download/thingiverse-2758322/ (Thingiverse itself is JS-only to curl)."
sa-rx7-1980-front-logo-thingiverse-maniaticus,body,Mazda RX-7 1980 Front LOGO,1979-80 SA hood/nose emblem (plaque + pins),close,Thingiverse (via archive.org mirror),https://www.thingiverse.com/thing:3084133,Miguel Rodriguez (Maniaticus),Creative Commons - Attribution - Non-Commercial (CC BY-NC 4.0),stl,yes,no,01-REFERENCE/model/library/body/sa-rx7-1980-front-logo-thingiverse-maniaticus,20 x 183 x 13,1:1,55506,3,Emblem plaque and pins.,SA part; FB nose badge differs. Downloaded from https://archive.org/download/thingiverse-3084133/ (Thingiverse itself is JS-only to curl).
fb-rx7-sleek-headlight-thingiverse-cabentley22,body,mazda rx7 FB sleek head light,"1981-85 FB fixed ""sleek"" headlight conversion panel (custom)",exact,Thingiverse (via archive.org mirror),https://www.thingiverse.com/thing:865886,cabentley22,Creative Commons - Attribution - Share Alike (CC BY-SA 3.0),stl,yes,no,01-REFERENCE/model/library/body/fb-rx7-sleek-headlight-thingiverse-cabentley22,257 x 102 x 447,1:1,7282,2,"Panel with 6 round lamp holes replacing pop-up lids; custom, not factory.","Aftermarket styling idea, not OEM geometry. Downloaded from https://archive.org/download/thingiverse-865886/ (Thingiverse itself is JS-only to curl)."
fb-rx7-1157-side-marker-housing-thingiverse-notapenguin,body,1157 Housing for SA22C/FB Rx-7,1st-gen side-marker(?) lamp housing for 1157 bulb,close,Thingiverse (via archive.org mirror),https://www.thingiverse.com/thing:5589977,Rico Saavedra (Not_A_Penguin),Creative Commons - Attribution (CC BY 4.0),stl,yes,no,01-REFERENCE/model/library/body/fb-rx7-1157-side-marker-housing-thingiverse-notapenguin,125 x 36 x 29,1:1,4964,3,Housing incl. Solid Edge .par source.,Untested by author. Thing 5590016 is an identical re-post. Downloaded from https://archive.org/download/thingiverse-5589977/ (Thingiverse itself is JS-only to curl).
fb-rx7-popup-headlight-bushing-thingiverse-notapenguin,body,SA22C/FB Rx-7 Headlight Bushing,1st-gen pop-up headlight mechanism TPU bushing,exact,Thingiverse (via archive.org mirror),https://www.thingiverse.com/thing:5605912,Rico Saavedra (Not_A_Penguin),Creative Commons - Attribution (CC BY 4.0),stl,yes,no,01-REFERENCE/model/library/body/fb-rx7-popup-headlight-bushing-thingiverse-notapenguin,28 x 27 x 9,1:1,1220,3,"Bushing only, with Solid Edge .par.",Print in TPU. Relevant to pop-up headlight buckets. Downloaded from https://archive.org/download/thingiverse-5605912/ (Thingiverse itself is JS-only to curl).
sa-rx7-sa22c-thingiverse-dendeba,body,Mazda RX-7 SA22C,SA22C first-gen whole car (print model),close,Thingiverse,https://www.thingiverse.com/thing:4892797,DENDEBA (dendeba),Creative Commons - Attribution (CC BY 4.0),"zip (stl, 3.15 MB)",no,no,,,,,,,Free. archive.org mirror https://archive.org/download/thingiverse-4892797/Mazda_RX-7_SA22C_4892797.zip returned HTTP 500 on every try (2026-09-24); retry later or fetch from Thingiverse in a browser. Same author made thing 4892018 (FC) and 4886277 (FD).
sa-rx7-fender-mirrors-thingiverse-kyoshohunters,body,Mazda RX7 Sa22c Fender Mirrors,1st-gen fender mirrors (likely scale-model/Mini-Z size),close,Thingiverse,https://www.thingiverse.com/thing:6082365,kyosho_hunters,unknown (page JS-only),stl,no,no,,,,,,,Not mirrored on archive.org; Thingiverse pages need a browser. Probably RC-scale.
rx7-sketchfab-24d66a52,body,Mazda Rx7 1981,"1981 FB body (whole car, game-ready)",exact,Sketchfab,https://sketchfab.com/3d-models/24d66a52cebf471cac4620c0ff1d4438,L3X,Editorial,sketchfab download (glb/gltf/source),no,yes,,,,19340,3,,"""based on different blueprints available. Optimised for video game, the inside is pretty basic."" Downloadable=true but Sketchfab requires an account to download."
rx7-sketchfab-538895af,body,Mazda RX7 1983 Scale1-65 for 3D-printing,"1983 FB body, watertight STL for printing (1:65)",exact,Sketchfab,https://sketchfab.com/3d-models/538895af2d07452a9a95ca969ff8646e,fishermans,CC Attribution,sketchfab download (glb/gltf/source),no,yes,,,,11418,2,,Converted from an unnamed SketchUp model (probably one of the 3D Warehouse FB models above). Downloadable=true but Sketchfab requires an account to download.
rx7-sketchfab-57bf3d22,body,Mazda_rx7_ Body,1st-gen body shell only (no glass/wheels),close,Sketchfab,https://sketchfab.com/3d-models/57bf3d22b69840438b468041d49fb73c,Dakta.Grower.Nzl,CC Attribution,sketchfab download (glb/gltf/source),no,yes,,,,21402,2,,Thumbnail shows a first-gen shell with open doors area; likely game-derived. Downloadable=true but Sketchfab requires an account to download.
rx7-sketchfab-929bc967,body,Mazda RX7 Low Poly,1st-gen (FB-like) low-poly stylised car,close,Sketchfab,https://sketchfab.com/3d-models/929bc96724084feeb38b7224ddcd3ab1,bloomask,Standard,sketchfab download (glb/gltf/source),no,yes,,,,2567,1,,Stylised vaporwave low-poly. Downloadable=true but Sketchfab requires an account to download.
rx7-sketchfab-ed84a98a,body,Mazda RX7 Series 1,SA Series 1 widebody (game-derived),close,Sketchfab,https://sketchfab.com/3d-models/ed84a98a13a248beb07dd5964512bf3a,DRIVER-FIRE,CC Attribution,sketchfab download (glb/gltf/source),no,yes,,,,264818,2,,Credits Dakta.Grower.Nzl car originally from a GTA model; likely a game conversion - licence doubtful. Downloadable=true but Sketchfab requires an account to download.
rx7-sketchfab-2b774ae2,body,mazda rx7 (voxel),"voxel RX-7, possibly first gen",different,Sketchfab,https://sketchfab.com/3d-models/2b774ae2a174489d814edf7bb434d67a,meat_boze,CC Attribution,sketchfab download (glb/gltf/source),no,yes,,,,24092,1,,Voxel art only. Downloadable=true but Sketchfab requires an account to download.
rx7-1978-sa-sketchfab-rip-359488d2,body,Mazda RX-7 (Mk1)(SA) 1978 re-upload,1978 SA body - re-upload of the paid Hum3D model,close,Sketchfab,https://sketchfab.com/3d-models/359488d255d040969124960d77336dc4,niev,"unclear (labelled CC, but 1,573,078 faces and Hum3D naming = ripped paid model)",sketchfab,no,yes,,,,1573078,4,,"Not downloaded: pirated re-upload of the Hum3D model the owner already bought (01-REFERENCE/model). vecarz states its models are ""sourced from third-party platforms""."
rx7-1978-sa-sketchfab-rip-0ac42a2b,body,Mazda RX-7 (Mk1)(SA) 1978 re-upload,1978 SA body - re-upload of the paid Hum3D model,close,Sketchfab,https://sketchfab.com/3d-models/0ac42a2b5e31470487177f7ee7df56f5,Res1n,"unclear (labelled CC, but 1,573,078 faces and Hum3D naming = ripped paid model)",sketchfab,no,yes,,,,1573078,4,,"Not downloaded: pirated re-upload of the Hum3D model the owner already bought (01-REFERENCE/model). vecarz states its models are ""sourced from third-party platforms""."
rx7-1978-sa-sketchfab-rip-0d6054ce,body,Mazda RX-7 (Mk1)(SA) 1978 re-upload,1978 SA body - re-upload of the paid Hum3D model,close,Sketchfab,https://sketchfab.com/3d-models/0d6054cedb224cdfb5f3ad249cf5f5a9,outpiston,"unclear (labelled CC, but 1,573,078 faces and Hum3D naming = ripped paid model)",sketchfab,no,yes,,,,1573078,4,,"Not downloaded: pirated re-upload of the Hum3D model the owner already bought (01-REFERENCE/model). vecarz states its models are ""sourced from third-party platforms""."
rx7-1978-sa-sketchfab-rip-8c18c159,body,Mazda RX-7 (Mk1)(SA) 1978 re-upload,1978 SA body - re-upload of the paid Hum3D model,close,Sketchfab,https://sketchfab.com/3d-models/8c18c159b1ad47c685178f9e088b00e0,www.vecarz.com | heynic,"unclear (labelled CC, but 1,573,078 faces and Hum3D naming = ripped paid model)",sketchfab,no,yes,,,,1573078,4,,"Not downloaded: pirated re-upload of the Hum3D model the owner already bought (01-REFERENCE/model). vecarz states its models are ""sourced from third-party platforms""."
fb-rx7-assetto-corsa-mods,body,Mazda RX7 FB / FB S1 / FB Race OEM / Excite RX-7 FB (Assetto Corsa),1st-gen RX-7 game-mod car,close,assettoworld.com / assettocorsamods.io / assettohub.com,https://www.assettoworld.com/car/mazda-rx7-fb,various,unclear,game mod (kn5 / jbeam+dae),no,no,,,,,,,"Also https://www.assettoworld.com/car/mazda-rx7-fb-s1-1 , https://www.assettoworld.com/car/mazda-rx7-fb-race-oem , https://assettocorsamods.io/cars/drift/excite_mazda_rx_7_fb/ , https://assettocorsamods.io/cars/street/mazda_rx7_fb/ . AC mods are commonly ripped from other games; no licence visible (sites 403 to fetch). Not downloaded."
sa-rx7-1981-beamng-slavaska,body,"Mazda RX-7 (SA) 1981 (BeamNG, Slavaska)",1st-gen RX-7 game-mod car,close,worldofmods.com,https://www.worldofmods.com/beamng/cars/100628-mazda-rx-7-sa-1981.html,various,unclear,game mod (kn5 / jbeam+dae),no,no,,,,,,,"Also ""Mazda RX-7 SA 1982"" /beamng/cars/105610-mazda-rx-7-sa-1982.html (same author; page describes interior, lights, 19 configs). Licence/origin not stated; likely ported. Not downloaded."
fb-rx7-1985-cults-cardesignlab,body,Mazda RX-7 FB (1985) STL (CarDesignLab),1st-gen RX-7 body (print),close,cults3d.com,https://cults3d.com/en/3d-model/home/mazda-rx-7-fb-1985,,see notes,stl,no,yes,,,,,,,"Paid, STL+3MF, ""real proportions"", wall/display piece. Cults is Cloudflare-blocked to curl."
sa22c-cults-free,body,"Mazda RX-7 SA22C (Cults, free)",1st-gen RX-7 body (print),close,cults3d.com,https://cults3d.com/en/3d-model/game/mazda-rx-7-sa22c,,see notes,stl,no,yes,,,,,,,Listed free (making-of video https://youtu.be/eZ-g8vJYHn4). Needs a Cults account to download; Cloudflare-blocked.
sa22c-cults-print-template,body,"Mazda RX-7 SA22C 3D Print Template (Cults, free)",1st-gen RX-7 body (print),close,cults3d.com,https://cults3d.com/en/tags/sa22c,,see notes,stl,no,yes,,,,,,,Seen via yeggi as free; exact URL not resolvable (Cloudflare).
fb-sa-full-body-kit-cults,body,"Mazda RX-7 Full Body Kit FB3S FA SA22C (Cults, US$550) + Ducktail spoiler (US$65)",1st-gen RX-7 body (print),close,cults3d.com,https://cults3d.com/en/tags/rx7,,see notes,stl,no,yes,,,,,,,Paid 1:1 aero kit; recorded only.
fb-cgtrader-3d-printable,body,Mazda RX-7 FB 3D printable (CGTrader),1st-gen RX-7 body (print),close,www.cgtrader.com,https://www.cgtrader.com/3d-print-models/miniatures/vehicles/mazda-rx-7-fb,,see notes,stl,no,yes,,,,,,,OBJ/FBX/STL/BLEND; price not visible (CGTrader blocks curl). Probably paid.
fb-rx7-blueprint-the-blueprints-83684,body,Mazda RX-7 (FB) blueprint,"1981-85 FB (JDM Savanna, fender mirrors) 4-view: side, top, front, rear",exact,the-blueprints.com,https://www.the-blueprints.com/blueprints/cars/mazda/83684/view/mazda_rx-7_fb/,the-blueprints.com,free to view/download for modelling (site terms),blueprint,yes,no,01-REFERENCE/model/library/body/fb-rx7-blueprint-the-blueprints-83684,,unscaled,,4,"Full-resolution 2483x2546 PNG, 4 views aligned.","extents as found: 2483; 2546 px. Best free orthographic reference for the FB; JDM car (fender mirrors, Savanna badging) so mirrors/plates differ from US GS. Calibrate with wheelbase 2420 mm."
sa-rx7-1980-blueprint-the-blueprints-58281,body,Mazda RX-7 (1980) blueprint,1979-80 SA side view,close,the-blueprints.com,https://www.the-blueprints.com/blueprints/cars/mazda/58281/view/mazda_rx_7__1980_/,the-blueprints.com,free to view,blueprint,yes,no,01-REFERENCE/model/library/body/sa-rx7-1980-blueprint-the-blueprints-58281,,unscaled,,2,"Side view only, low res, halftone.",extents as found: 798; 254 px. 
fb-rx7-vector-the-blueprints-18122,body,Mazda RX-7 FB vector drawing,FB vector drawing (AI/EPS/PDF),exact,the-blueprints.com,https://www.the-blueprints.com/vectordrawings/show/18122/mazda_rx-7_fb/,the-blueprints.com,paid ($25 / 13 credits),drawing,no,no,,,,,,,"1:25 scale vector, colour layers. Paid."
fb-rx7-vectors-getoutlines,body,Mazda RX-7 FB Series 1/2/3 vector blueprints (Outlines),1978-81 S1 / 1981-83 S2 / 1983-85 S3 vector blueprints,exact,getoutlines.com,https://getoutlines.com/vector-drawings/7407/1981-1983-mazda-rx-7-drawings,Outlines,"paid custom order ($24, +$15 top view)",drawing,no,no,,,,,,,"Not ready-made: produced on order, 1:10, mm, AI/EPS/PDF/SVG/DWG/DXF. S1 7406, S2 7407, S3 7408. The free getoutlines ""Mazda RX 7 Coupe blueprints"" (3221) is an FD."
fb-rx7-1985-fsm-body-checking-dimensions,body,1985 RX-7 Workshop Manual 14-24 Body Checking Dimensions,"1981-85 FB underbody datum points (frame holes, suspension pickups) with point-to-point dimensions",exact,"foxed.ca (Mazda factory manual, already on disk)",http://www.foxed.ca/rx7manual/manuals/1985_RX7_FSM/,Mazda Motor Corp.,"factory manual scan, community-hosted",drawing,yes,no,01-REFERENCE/model/library/body/fb-rx7-1985-fsm-body-checking-dimensions,,dimensioned drawing,,5,"Plan + side view of the floor pan: front frame basic hole A, rear frame basic holes B/C, steering-box hole D, lower/upper arm holes E/F; e.g. A-B 1790, A to B diag 2387.2, 3095.6, 2250 A->B longitudinal, 2990.4, 1060/800/1324 widths, heights 220/110/260/345; per-transmission l1 (auto R 897/L 910).",Page 24 of 01-REFERENCE/manuals/1985_RX-7_Workshop_Manual_Section_14_Body.pdf rendered at 300 dpi. The only true factory chassis geometry found: use it to place the harness/LS-swap mounts in the 3D model frame.
sa-rx7-1980-fsm-body-section,body,1980 RX-7 Factory Service Manual Section 14 Body,1979-80 SA body section incl. body checking dimensions (p.14:14 / pdf p.16),close,foxed.ca,http://www.foxed.ca/rx7manual/manuals/1980_RX7_FSM/large/80RX7(14)Body.pdf,Mazda Motor Corp.,"factory manual scan, community-hosted",drawing,yes,no,01-REFERENCE/model/library/body/sa-rx7-1980-fsm-body-section,,dimensioned drawing,,5,Full 16-page body section; last page = body checking dimensions for the SA.,For comparing SA vs FB floor datums.
fb-rx7-dimension-sources,body,First-gen RX-7 overall dimension sources,"1979-85 overall dims, wheelbase, track",exact,multiple,https://www.rx7.org/public/1st-gen.html,various,n/a (facts),drawing,no,no,,,,,,,"1980 FSM Tech Data (on disk 01-REFERENCE/manuals/1980_RX-7_Workshop_Manual_Section_T_Technical_Data.pdf): length 4285, width 1650 (1675 with side protector), height 1260, wheelbase 2420, tread F 1420 / R 1400, wheel-centre to fender line F 364+-20 / R 358+-20, min clearance 160, turning radius 4.8 m. rx7.org 1st-gen page: 81-85 length 170.1 in (4321 mm, 5-mph bumpers), width 65.7 in, height 49.6 in, WB 95.3 in, track 55.9/55.1 in, weight 2350-2512 lb. carsguide.com.au 1981: 4285-4320 x 1670-1675 x 1260, WB 2420, clearance 155, turning circle 9.6 m. conceptcarz 1985: 4293 x 1674 x 1270, WB 2421, 2400 lb. encycarpedia FB pages (403 to fetch): 1981-84 and 1983-85 Turbo, height 1280 for Turbo. Also 1985 FSM Section G/T on foxed.ca."
kicad-soic8-can-transceiver-kicad,electrical,SOIC-8 3.9x4.9mm P1.27mm,SOIC-8 (D) package - TCAN1042/TCAN1051/SN65HVD230 CAN transceiver body,exact,KiCad packages3D (GitLab),https://gitlab.com/kicad/libraries/kicad-packages3D/-/blob/master/Package_SO.3dshapes/SOIC-8_3.9x4.9mm_P1.27mm.step,KiCad library team,CC-BY-SA 4.0 with KiCad library exception (see KICAD-LICENSE.md),step,yes,no,01-REFERENCE/model/library/electrical/kicad-soic8-can-transceiver-kicad,6 x 5 x 2,1:1,1200,5,Generic JEDEC SOIC-8 body+leads; no markings,TI D package (SOIC-8) used by TCAN1042-Q1 / TCAN1051 / SN65HVD230D.
kicad-vson8-can-transceiver-kicad,electrical,"Texas S-PVSON-N8 (DRB, 3x3 VSON-8)",VSON-8 3x3 package (TCAN1042 DRB / TCAN1051 DRB option),close,KiCad packages3D (GitLab),https://gitlab.com/kicad/libraries/kicad-packages3D/-/blob/master/Package_SON.3dshapes/Texas_S-PVSON-N8.step,KiCad library team,CC-BY-SA 4.0 with KiCad library exception (see KICAD-LICENSE.md),step,yes,no,01-REFERENCE/model/library/electrical/kicad-vson8-can-transceiver-kicad,3 x 3 x 1,1:1,712,5,Package body only,Only relevant if leadless CAN transceiver variant chosen; confirm DRB outline vs TI datasheet.
kicad-htqfp64-tfp410-kicad,electrical,HTQFP-64 10x10mm PowerPAD,HTQFP-64 (PAP) package - TI TFP410 DVI transmitter,close,KiCad packages3D (GitLab),https://gitlab.com/kicad/libraries/kicad-packages3D/-/tree/master/Package_QFP.3dshapes,KiCad library team,CC-BY-SA 4.0 with KiCad library exception (see KICAD-LICENSE.md),step,yes,no,01-REFERENCE/model/library/electrical/kicad-htqfp64-tfp410-kicad,12 x 12 x 1,1:1,8744,5,Package bodies,"TFP410PAP is 64-pin HTQFP 10x10 P0.5; EP size confirm against TI datasheet. Other file extents (mm): TQFP-64-1EP_10x10mm_P0.5mm_EP5.305x5.305mm.step: [12.0, 12.0, 1.1]"
kicad-vqfn64-bt817-kicad,electrical,QFN-64 9x9mm P0.5mm (three EP sizes),VQFN-64 9x9 package - Bridgetek BT817Q EVE,close,KiCad packages3D (GitLab),https://gitlab.com/kicad/libraries/kicad-packages3D/-/tree/master/Package_DFN_QFN.3dshapes,KiCad library team,CC-BY-SA 4.0 with KiCad library exception (see KICAD-LICENSE.md),step,yes,no,01-REFERENCE/model/library/electrical/kicad-vqfn64-bt817-kicad,9 x 9 x 1,1:1,1672,4,Package bodies,"BT817Q = 64-VQFN 9x9mm; exposed-pad size confirm from Bridgetek datasheet and pick the matching file. Other file extents (mm): QFN-64-1EP_9x9mm_P0.5mm_EP6x6mm.step: [9.0, 9.0, 0.75]; QFN-64-1EP_9x9mm_P0.5mm_EP7.35x7.35mm.step: [9.0, 9.0, 0.75]"
kicad-pushbuttons-tht-kicad,electrical,"THT tactile pushbuttons (6mm, 12mm, Omron B3F)",generic PCB tactile pushbuttons,close,KiCad packages3D (GitLab),https://gitlab.com/kicad/libraries/kicad-packages3D/-/tree/master/Button_Switch_THT.3dshapes,KiCad library team,CC-BY-SA 4.0 with KiCad library exception (see KICAD-LICENSE.md),step,yes,no,01-REFERENCE/model/library/electrical/kicad-pushbuttons-tht-kicad,7 x 6 x 16,1:1,2160,5,"PCB tactile switches, not panel-mount","Generic stand-ins for ICU/DCU carrier buttons. Other file extents (mm): SW_PUSH_6mm.step: [7.172, 6.0, 7.8]; SW_PUSH-12mm_Wuerth-430476085716.step: [13.94, 12.0, 12.058]; SW_TH_Tactile_Omron_B3F-100x.step: [7.672, 6.0, 7.8]"
kicad-fuseholder-blade-mini-keystone3568-kicad,electrical,Keystone 3568 Mini blade fuse PCB holder,PCB fuse clip holder for mini (ATM) blade fuse,close,KiCad packages3D (GitLab),https://gitlab.com/kicad/libraries/kicad-packages3D/-/blob/master/Fuse.3dshapes/Fuseholder_Blade_Mini_Keystone_3568.step,KiCad library team,CC-BY-SA 4.0 with KiCad library exception (see KICAD-LICENSE.md),step,yes,no,01-REFERENCE/model/library/electrical/kicad-fuseholder-blade-mini-keystone3568-kicad,16 x 7 x 10,1:1,1608,5,"Holder only, no fuse",PCB-mount mini blade holder (not ATC/ATO standard).
kicad-hdmi-dvi-connectors-kicad,electrical,HDMI-A Molex 208658 and DVI-D Molex 74320 PCB connectors,HDMI type-A / DVI-D PCB receptacles (display link from TFP410),close,KiCad packages3D (GitLab),https://gitlab.com/kicad/libraries/kicad-packages3D/-/tree/master/Connector_Video.3dshapes,KiCad library team,CC-BY-SA 4.0 with KiCad library exception (see KICAD-LICENSE.md),step,yes,no,01-REFERENCE/model/library/electrical/kicad-hdmi-dvi-connectors-kicad,12 x 15 x 8,1:1,2308,5,Connector bodies,"Only if the display board uses a board-level HDMI/DVI jack. Other file extents (mm): DVI-D_Molex_74320-4004_Horizontal.step: [36.83, 18.03, 12.25]"
teensy41-step-github-xengi,electrical,Teensy 4.1 Assembly STEP (teensy.pretty),Teensy 4.1 board,exact,GitHub,https://github.com/XenGi/teensy.pretty,XenGi (teensy.pretty contributors),MIT (repo LICENSE),step,yes,no,01-REFERENCE/model/library/electrical/teensy41-step-github-xengi,67 x 18 x 5,1:1,65520,5,"Detailed board assembly with components, USB, SD socket, pads; no headers(?)","19 MB detailed model. Also Teensy41.kicad_mod footprint included. Board is 2.4x0.7in (60.96x17.78mm); extent X includes USB overhang. Other file extents (mm): Teensy_4.0_Assembly.STEP: [36.75, 4.125, 17.7]"
teensy41-step-github-edrobotics,electrical,teensy_4.1.step (rescue_maze_2024 parts library),Teensy 4.1 board,exact,GitHub,https://github.com/edrobotics/rescue_maze_2024/blob/HEAD/Hardware/CAD/Parts_library/teensy_4.1.step,edrobotics,GPL-3.0 (repo),step,yes,no,01-REFERENCE/model/library/electrical/teensy41-step-github-edrobotics,61 x 4 x 18,1:1,5208,3,Simplified board with pin headers (Y-up orientation),Lighter model (280 kB); 60.96x17.78 outline.
teensy41-dimensions-drawing-pjrc,electrical,Teensy 4.1 dimension drawing + pinout card,Teensy 4.1 board,exact,pjrc.com,https://www.pjrc.com/teensy/dimensions.html,PJRC,PJRC website content (freely published),drawing,yes,no,01-REFERENCE/model/library/electrical/teensy41-dimensions-drawing-pjrc,,1:1,,5,"Official dimension drawing (hole spacing, outline)",Official source of truth for outline dims. [measure failed: file_type 'png' not supported]
teensy41-grabcad-karim-korish,electrical,Teensy 4.1 Development Board,Teensy 4.1 board,exact,GrabCAD,https://grabcad.com/library/teensy-4-1-development-board-1,Karim Korish,GrabCAD terms (free with account),step,no,yes,,,1:1,,4,,STEP/IGES + rendering; 2690 downloads.
teensy41-grabcad-zack-kummer,electrical,TEENSY 4.1,Teensy 4.1 board,exact,GrabCAD,https://grabcad.com/library/teensy-4-1-1,Maker Guru (Zack Kummer),GrabCAD terms (free with account),step,no,yes,,,1:1,,4,,STEP/IGES.
teensy41-grabcad-3,electrical,Teensy 4.1,Teensy 4.1 board,exact,GrabCAD,https://grabcad.com/library/teensy-4-1-3,unknown,GrabCAD terms (free with account),step,no,yes,,,1:1,,3,,
teensy41-snapeda,electrical,Teensy 4.1 symbol/footprint/3D,Teensy 4.1 board,exact,SnapEDA / SnapMagic,https://www.snapeda.com/parts/Teensy%204.1/PJRC/view-part/,SnapEDA,SnapEDA terms (free account),step,no,yes,,,1:1,,3,,"Also componentsearchengine.com/part-view/TEENSY%204.1/PJRC (SamacSys, free account)."
xiao-esp32c3-seeed-files,electrical,"Seeed XIAO ESP32C3 official KiCad PCB, DXF outlines, dimensioning, footprints + kicad-cli STEP export",Seeed Studio XIAO ESP32C3 board,exact,Seeed Studio wiki (files.seeedstudio.com),https://wiki.seeedstudio.com/XIAO_ESP32C3_Getting_Started/,Seeed Studio,Seeed open-source hardware files (free download; CC BY-SA per Seeed OSHW),step,yes,no,01-REFERENCE/model/library/electrical/xiao-esp32c3-seeed-files,21 x 18 x 2,1:1,3624,4,"Official v1.3 KiCad PCB (exact board) + DXF drawings. STEP was exported here with kicad-cli from the official PCB - board and outline only, components mostly without 3D bodies.","Official 3D model is on GrabCAD (grabcad.com/library/seeed-studio-xiao-esp32-c3-1, login). Board 21x17.8mm. Other file extents (mm): XIAO_ESP32C3_v1.2_Dimensioning/XIAO ESP32C3 v1.2 Dimensioning.dxf: [63.375, 28.374]"
xiao-esp32c3-grabcad-seeed,electrical,Seeed Studio XIAO ESP32 C3 (official),Seeed Studio XIAO ESP32C3 board,exact,GrabCAD,https://grabcad.com/library/seeed-studio-xiao-esp32-c3-1,Seeed Studio,GrabCAD terms (free with account),step,no,yes,,,1:1,,5,,Linked from Seeed wiki as the official 3D model.
xiao-module-step-github-segno,electrical,XIAO_Module.step,"Seeed XIAO form-factor module (generic, SAMD21 original)",close,GitHub,https://github.com/tomassasovsky/segno/blob/HEAD/hardware/kicad/segno.pretty/XIAO_Module.step,tomassasovsky (origin: Seeed Seeeduino XIAO model),GPL-3.0 (repo),step,yes,no,01-REFERENCE/model/library/electrical/xiao-module-step-github-segno,22 x 4 x 18,1:1,4828,4,Seeeduino XIAO with shield can; same outline as XIAO ESP32C3 but antenna connector/can differ,Identical geometry to seeeduino-xiao-step-github-frogpad.
seeeduino-xiao-step-github-frogpad,electrical,Seeeduino_Xiao.step,"Seeed XIAO form-factor module (generic, SAMD21 original)",close,GitHub,https://github.com/PonderSlime/FrogPad/blob/HEAD/files/pcb/models/Seeeduino_Xiao.step,PonderSlime (origin: Seeed),MIT (repo),step,yes,no,01-REFERENCE/model/library/electrical/seeeduino-xiao-step-github-frogpad,18 x 4 x 22,1:1,4828,4,"Same as segno copy, different orientation",Duplicate of XIAO_Module.step.
deutsch-dt04-2p-te,electrical,DT04-2P Customer View Model (3D STEP),Deutsch DT04-2P 2-way receptacle (pin) housing,exact,TE Connectivity (te.com document delivery),https://www.te.com/commerce/DocumentDelivery/DDEController?Action=srchrtrv&DocNm=CVM_DT04-2P&DocType=Customer+View+Model&DocLang=3D&PartCntxt=DT04-2P&DocFormat=3d_stp.zip,TE Connectivity (DEUTSCH),"TE Connectivity customer view model, free public download (TE site terms of use)",step,yes,no,01-REFERENCE/model/library/electrical/deutsch-dt04-2p-te,17 x 18 x 43,1:1,23636,5,"Manufacturer customer-view model (simplified external geometry, correct envelope and cavity positions); original zip kept","Direct te.com endpoint 403s curl (Akamai) but served via a normal fetch; to re-fetch use the url in a browser. Other file extents (mm): dt04-2p_te-cvm-3d_stp.zip: [0.017, 0.018, 0.043]"
deutsch-dt04-2p-e004-te,electrical,DT04-2P-E004 Customer View Model (3D STEP),Deutsch DT04-2P-E004 2-way receptacle (pin) housing with E004 end cap,exact,TE Connectivity (te.com document delivery),https://www.te.com/commerce/DocumentDelivery/DDEController?Action=srchrtrv&DocNm=CVM_DT04-2P-E004&DocType=Customer+View+Model&DocLang=3D&PartCntxt=DT04-2P-E004&DocFormat=3d_stp.zip,TE Connectivity (DEUTSCH),"TE Connectivity customer view model, free public download (TE site terms of use)",step,yes,no,01-REFERENCE/model/library/electrical/deutsch-dt04-2p-e004-te,17 x 18 x 43,1:1,23626,5,"Manufacturer customer-view model (simplified external geometry, correct envelope and cavity positions); original zip kept","Direct te.com endpoint 403s curl (Akamai) but served via a normal fetch; to re-fetch use the url in a browser. 3D PDF (U3D) also saved. Other file extents (mm): dt04-2p-e004_te-cvm-3d_stp.zip: [0.017, 0.018, 0.043]"
deutsch-dt04-3p-te,electrical,DT04-3P Customer View Model (3D STEP),Deutsch DT04-3P 3-way receptacle (pin) housing,exact,TE Connectivity (te.com document delivery),https://www.te.com/commerce/DocumentDelivery/DDEController?Action=srchrtrv&DocNm=CVM_DT04-3P&DocType=Customer+View+Model&DocLang=3D&PartCntxt=DT04-3P&DocFormat=3d_stp.zip,TE Connectivity (DEUTSCH),"TE Connectivity customer view model, free public download (TE site terms of use)",step,yes,no,01-REFERENCE/model/library/electrical/deutsch-dt04-3p-te,21 x 25 x 43,1:1,20560,5,"Manufacturer customer-view model (simplified external geometry, correct envelope and cavity positions); original zip kept","Direct te.com endpoint 403s curl (Akamai) but served via a normal fetch; to re-fetch use the url in a browser. Other file extents (mm): dt04-3p_te-cvm-3d_stp.zip: [0.021, 0.025, 0.043]"
deutsch-dt04-4p-te,electrical,DT04-4P Customer View Model (3D STEP),Deutsch DT04-4P 4-way receptacle (pin) housing,exact,TE Connectivity (te.com document delivery),https://www.te.com/commerce/DocumentDelivery/DDEController?Action=srchrtrv&DocNm=CVM_DT04-4P&DocType=Customer+View+Model&DocLang=3D&PartCntxt=DT04-4P&DocFormat=3d_stp.zip,TE Connectivity (DEUTSCH),"TE Connectivity customer view model, free public download (TE site terms of use)",step,yes,no,01-REFERENCE/model/library/electrical/deutsch-dt04-4p-te,21 x 20 x 46,1:1,18040,5,"Manufacturer customer-view model (simplified external geometry, correct envelope and cavity positions); original zip kept","Direct te.com endpoint 403s curl (Akamai) but served via a normal fetch; to re-fetch use the url in a browser. Other file extents (mm): dt04-4p_te-cvm-3d_stp.zip: [0.021, 0.02, 0.046]"
deutsch-dt04-6p-te,electrical,DT04-6P Customer View Model (3D STEP),Deutsch DT04-6P 6-way receptacle (pin) housing,exact,TE Connectivity (te.com document delivery),https://www.te.com/commerce/DocumentDelivery/DDEController?Action=srchrtrv&DocNm=CVM_DT04-6P&DocType=Customer+View+Model&DocLang=3D&PartCntxt=DT04-6P&DocFormat=3d_stp.zip,TE Connectivity (DEUTSCH),"TE Connectivity customer view model, free public download (TE site terms of use)",step,yes,no,01-REFERENCE/model/library/electrical/deutsch-dt04-6p-te,21 x 25 x 46,1:1,20086,5,"Manufacturer customer-view model (simplified external geometry, correct envelope and cavity positions); original zip kept","Direct te.com endpoint 403s curl (Akamai) but served via a normal fetch; to re-fetch use the url in a browser. Other file extents (mm): dt04-6p_te-cvm-3d_stp.zip: [0.021, 0.025, 0.046]"
deutsch-dt04-08pa-te,electrical,DT04-08PA Customer View Model (3D STEP),"Deutsch DT04-08PA 8-way receptacle (pin) housing, A key",exact,TE Connectivity (te.com document delivery),https://www.te.com/commerce/DocumentDelivery/DDEController?Action=srchrtrv&DocNm=CVM_DT04-08PA&DocType=Customer+View+Model&DocLang=3D&PartCntxt=DT04-08PA&DocFormat=3d_stp.zip,TE Connectivity (DEUTSCH),"TE Connectivity customer view model, free public download (TE site terms of use)",step,yes,no,01-REFERENCE/model/library/electrical/deutsch-dt04-08pa-te,36 x 26 x 46,1:1,20512,5,"Manufacturer customer-view model (simplified external geometry, correct envelope and cavity positions); original zip kept","Direct te.com endpoint 403s curl (Akamai) but served via a normal fetch; to re-fetch use the url in a browser. Other file extents (mm): dt04-08pa_te-cvm-3d_stp.zip: [0.036, 0.026, 0.046]"
deutsch-dt04-12pa-te,electrical,DT04-12PA Customer View Model (3D STEP),"Deutsch DT04-12PA 12-way receptacle (pin) housing, A key",exact,TE Connectivity (te.com document delivery),https://www.te.com/commerce/DocumentDelivery/DDEController?Action=srchrtrv&DocNm=CVM_DT04-12PA&DocType=Customer+View+Model&DocLang=3D&PartCntxt=DT04-12PA&DocFormat=3d_stp.zip,TE Connectivity (DEUTSCH),"TE Connectivity customer view model, free public download (TE site terms of use)",step,yes,no,01-REFERENCE/model/library/electrical/deutsch-dt04-12pa-te,41 x 23 x 46,1:1,29610,5,"Manufacturer customer-view model (simplified external geometry, correct envelope and cavity positions); original zip kept","Direct te.com endpoint 403s curl (Akamai) but served via a normal fetch; to re-fetch use the url in a browser. Other file extents (mm): dt04-12pa_te-cvm-3d_stp.zip: [0.041, 0.023, 0.046]"
deutsch-dt06-2s-te,electrical,DT06-2S Customer View Model (3D STEP),Deutsch DT06-2S 2-way plug (socket) housing,exact,TE Connectivity (te.com document delivery),https://www.te.com/commerce/DocumentDelivery/DDEController?Action=srchrtrv&DocNm=CVM_DT06-2S&DocType=Customer+View+Model&DocLang=3D&PartCntxt=DT06-2S&DocFormat=3d_stp.zip,TE Connectivity (DEUTSCH),"TE Connectivity customer view model, free public download (TE site terms of use)",step,yes,no,01-REFERENCE/model/library/electrical/deutsch-dt06-2s-te,17 x 17 x 28,1:1,18716,5,"Manufacturer customer-view model (simplified external geometry, correct envelope and cavity positions); original zip kept","Direct te.com endpoint 403s curl (Akamai) but served via a normal fetch; to re-fetch use the url in a browser. Other file extents (mm): dt06-2s_te-cvm-3d_stp.zip: [0.017, 0.017, 0.028]"
deutsch-dt06-3s-te,electrical,DT06-3S Customer View Model (3D STEP),Deutsch DT06-3S 3-way plug (socket) housing,exact,TE Connectivity (te.com document delivery),https://www.te.com/commerce/DocumentDelivery/DDEController?Action=srchrtrv&DocNm=CVM_DT06-3S&DocType=Customer+View+Model&DocLang=3D&PartCntxt=DT06-3S&DocFormat=3d_stp.zip,TE Connectivity (DEUTSCH),"TE Connectivity customer view model, free public download (TE site terms of use)",step,yes,no,01-REFERENCE/model/library/electrical/deutsch-dt06-3s-te,20 x 24 x 29,1:1,21894,5,"Manufacturer customer-view model (simplified external geometry, correct envelope and cavity positions); original zip kept","Direct te.com endpoint 403s curl (Akamai) but served via a normal fetch; to re-fetch use the url in a browser. Other file extents (mm): dt06-3s_te-cvm-3d_stp.zip: [0.02, 0.024, 0.029]"
deutsch-dt06-4s-te,electrical,DT06-4S Customer View Model (3D STEP),Deutsch DT06-4S 4-way plug (socket) housing,exact,TE Connectivity (te.com document delivery),https://www.te.com/commerce/DocumentDelivery/DDEController?Action=srchrtrv&DocNm=CVM_DT06-4S&DocType=Customer+View+Model&DocLang=3D&PartCntxt=DT06-4S&DocFormat=3d_stp.zip,TE Connectivity (DEUTSCH),"TE Connectivity customer view model, free public download (TE site terms of use)",step,yes,no,01-REFERENCE/model/library/electrical/deutsch-dt06-4s-te,20 x 19 x 31,1:1,18868,5,"Manufacturer customer-view model (simplified external geometry, correct envelope and cavity positions); original zip kept","Direct te.com endpoint 403s curl (Akamai) but served via a normal fetch; to re-fetch use the url in a browser. Other file extents (mm): dt06-4s_te-cvm-3d_stp.zip: [0.02, 0.019, 0.031]"
deutsch-dt06-6s-te,electrical,DT06-6S Customer View Model (3D STEP),Deutsch DT06-6S 6-way plug (socket) housing,exact,TE Connectivity (te.com document delivery),https://www.te.com/commerce/DocumentDelivery/DDEController?Action=srchrtrv&DocNm=CVM_DT06-6S&DocType=Customer+View+Model&DocLang=3D&PartCntxt=DT06-6S&DocFormat=3d_stp.zip,TE Connectivity (DEUTSCH),"TE Connectivity customer view model, free public download (TE site terms of use)",step,yes,no,01-REFERENCE/model/library/electrical/deutsch-dt06-6s-te,20 x 24 x 31,1:1,26908,5,"Manufacturer customer-view model (simplified external geometry, correct envelope and cavity positions); original zip kept","Direct te.com endpoint 403s curl (Akamai) but served via a normal fetch; to re-fetch use the url in a browser. Other file extents (mm): dt06-6s_te-cvm-3d_stp.zip: [0.02, 0.024, 0.031]"
deutsch-dt06-08sa-te,electrical,DT06-08SA Customer View Model (3D STEP),"Deutsch DT06-08SA 8-way plug (socket) housing, A key",exact,TE Connectivity (te.com document delivery),https://www.te.com/commerce/DocumentDelivery/DDEController?Action=srchrtrv&DocNm=CVM_DT06-08SA&DocType=Customer+View+Model&DocLang=3D&PartCntxt=DT06-08SA&DocFormat=3d_stp.zip,TE Connectivity (DEUTSCH),"TE Connectivity customer view model, free public download (TE site terms of use)",step,yes,no,01-REFERENCE/model/library/electrical/deutsch-dt06-08sa-te,37 x 21 x 31,1:1,27016,5,"Manufacturer customer-view model (simplified external geometry, correct envelope and cavity positions); original zip kept","Direct te.com endpoint 403s curl (Akamai) but served via a normal fetch; to re-fetch use the url in a browser. Other file extents (mm): dt06-08sa_te-cvm-3d_stp.zip: [0.037, 0.021, 0.031]"
deutsch-dt06-12sa-te,electrical,DT06-12SA Customer View Model (3D STEP),"Deutsch DT06-12SA 12-way plug (socket) housing, A key",exact,TE Connectivity (te.com document delivery),https://www.te.com/commerce/DocumentDelivery/DDEController?Action=srchrtrv&DocNm=CVM_DT06-12SA&DocType=Customer+View+Model&DocLang=3D&PartCntxt=DT06-12SA&DocFormat=3d_stp.zip,TE Connectivity (DEUTSCH),"TE Connectivity customer view model, free public download (TE site terms of use)",step,yes,no,01-REFERENCE/model/library/electrical/deutsch-dt06-12sa-te,41 x 19 x 31,1:1,34632,5,"Manufacturer customer-view model (simplified external geometry, correct envelope and cavity positions); original zip kept","Direct te.com endpoint 403s curl (Akamai) but served via a normal fetch; to re-fetch use the url in a browser. Other file extents (mm): dt06-12sa_te-cvm-3d_stp.zip: [0.041, 0.019, 0.031]"
deutsch-dtp04-2p-te,electrical,DTP04-2P Customer View Model (3D STEP),"Deutsch DTP04-2P 2-way receptacle (pin) housing, size 12",exact,TE Connectivity (te.com document delivery),https://www.te.com/commerce/DocumentDelivery/DDEController?Action=srchrtrv&DocNm=CVM_DTP04-2P&DocType=Customer+View+Model&DocLang=3D&PartCntxt=DTP04-2P&DocFormat=3d_stp.zip,TE Connectivity (DEUTSCH),"TE Connectivity customer view model, free public download (TE site terms of use)",step,yes,no,01-REFERENCE/model/library/electrical/deutsch-dtp04-2p-te,22 x 22 x 47,1:1,20626,5,"Manufacturer customer-view model (simplified external geometry, correct envelope and cavity positions); original zip kept","Direct te.com endpoint 403s curl (Akamai) but served via a normal fetch; to re-fetch use the url in a browser. Other file extents (mm): dtp04-2p_te-cvm-3d_stp.zip: [0.022, 0.022, 0.047]"
deutsch-dtp04-4p-te,electrical,DTP04-4P Customer View Model (3D STEP),"Deutsch DTP04-4P 4-way receptacle (pin) housing, size 12",exact,TE Connectivity (te.com document delivery),https://www.te.com/commerce/DocumentDelivery/DDEController?Action=srchrtrv&DocNm=CVM_DTP04-4P&DocType=Customer+View+Model&DocLang=3D&PartCntxt=DTP04-4P&DocFormat=3d_stp.zip,TE Connectivity (DEUTSCH),"TE Connectivity customer view model, free public download (TE site terms of use)",step,yes,no,01-REFERENCE/model/library/electrical/deutsch-dtp04-4p-te,27 x 27 x 47,1:1,28492,5,"Manufacturer customer-view model (simplified external geometry, correct envelope and cavity positions); original zip kept","Direct te.com endpoint 403s curl (Akamai) but served via a normal fetch; to re-fetch use the url in a browser. Other file extents (mm): dtp04-4p_te-cvm-3d_stp.zip: [0.027, 0.027, 0.047]"
deutsch-dtp06-2s-te,electrical,DTP06-2S Customer View Model (3D STEP),"Deutsch DTP06-2S 2-way plug (socket) housing, size 12",exact,TE Connectivity (te.com document delivery),https://www.te.com/commerce/DocumentDelivery/DDEController?Action=srchrtrv&DocNm=CVM_DTP06-2S&DocType=Customer+View+Model&DocLang=3D&PartCntxt=DTP06-2S&DocFormat=3d_stp.zip,TE Connectivity (DEUTSCH),"TE Connectivity customer view model, free public download (TE site terms of use)",step,yes,no,01-REFERENCE/model/library/electrical/deutsch-dtp06-2s-te,19 x 18 x 35,1:1,12032,5,"Manufacturer customer-view model (simplified external geometry, correct envelope and cavity positions); original zip kept","Direct te.com endpoint 403s curl (Akamai) but served via a normal fetch; to re-fetch use the url in a browser. Other file extents (mm): dtp06-2s_te-cvm-3d_stp.zip: [0.019, 0.018, 0.035]"
deutsch-dtp06-4s-te,electrical,DTP06-4S Customer View Model (3D STEP),"Deutsch DTP06-4S 4-way plug (socket) housing, size 12",exact,TE Connectivity (te.com document delivery),https://www.te.com/commerce/DocumentDelivery/DDEController?Action=srchrtrv&DocNm=CVM_DTP06-4S&DocType=Customer+View+Model&DocLang=3D&PartCntxt=DTP06-4S&DocFormat=3d_stp.zip,TE Connectivity (DEUTSCH),"TE Connectivity customer view model, free public download (TE site terms of use)",step,yes,no,01-REFERENCE/model/library/electrical/deutsch-dtp06-4s-te,22 x 24 x 35,1:1,8254,5,"Manufacturer customer-view model (simplified external geometry, correct envelope and cavity positions); original zip kept","Direct te.com endpoint 403s curl (Akamai) but served via a normal fetch; to re-fetch use the url in a browser. Other file extents (mm): dtp06-4s_te-cvm-3d_stp.zip: [0.022, 0.024, 0.035]"
deutsch-dt13-2p-te,electrical,DT13-2P Customer View Model (3D STEP),Deutsch DT13-2P 2-way 90-degree PCB-mount flanged receptacle,exact,TE Connectivity (te.com document delivery),https://www.te.com/commerce/DocumentDelivery/DDEController?Action=srchrtrv&DocNm=CVM_DT13-2P&DocType=Customer+View+Model&DocLang=3D&PartCntxt=DT13-2P&DocFormat=3d_stp.zip,TE Connectivity (DEUTSCH),"TE Connectivity customer view model, free public download (TE site terms of use)",step,yes,no,01-REFERENCE/model/library/electrical/deutsch-dt13-2p-te,35 x 31 x 36,1:1,47404,5,"Manufacturer customer-view model (simplified external geometry, correct envelope and cavity positions); original zip kept","Direct te.com endpoint 403s curl (Akamai) but served via a normal fetch; to re-fetch use the url in a browser. Other file extents (mm): dt13-2p_te-cvm-3d_stp.zip: [0.035, 0.031, 0.036]"
deutsch-dt13-4p-te,electrical,DT13-4P Customer View Model (3D STEP),Deutsch DT13-4P 4-way 90-degree PCB-mount flanged receptacle,exact,TE Connectivity (te.com document delivery),https://www.te.com/commerce/DocumentDelivery/DDEController?Action=srchrtrv&DocNm=CVM_DT13-4P&DocType=Customer+View+Model&DocLang=3D&PartCntxt=DT13-4P&DocFormat=3d_stp.zip,TE Connectivity (DEUTSCH),"TE Connectivity customer view model, free public download (TE site terms of use)",step,yes,no,01-REFERENCE/model/library/electrical/deutsch-dt13-4p-te,38 x 39 x 39,1:1,49974,5,"Manufacturer customer-view model (simplified external geometry, correct envelope and cavity positions); original zip kept","Direct te.com endpoint 403s curl (Akamai) but served via a normal fetch; to re-fetch use the url in a browser. Other file extents (mm): dt13-4p_te-cvm-3d_stp.zip: [0.038, 0.039, 0.039]"
deutsch-dt13-6p-te,electrical,DT13-6P Customer View Model (3D STEP),"Deutsch DT13-6P 6-way 90-degree PCB-mount flanged receptacle (the ""DT13-06PA"" of the brief)",exact,TE Connectivity (te.com document delivery),https://www.te.com/commerce/DocumentDelivery/DDEController?Action=srchrtrv&DocNm=CVM_DT13-6P&DocType=Customer+View+Model&DocLang=3D&PartCntxt=DT13-6P&DocFormat=3d_stp.zip,TE Connectivity (DEUTSCH),"TE Connectivity customer view model, free public download (TE site terms of use)",step,yes,no,01-REFERENCE/model/library/electrical/deutsch-dt13-6p-te,43 x 39 x 39,1:1,55276,5,"Manufacturer customer-view model (simplified external geometry, correct envelope and cavity positions); original zip kept","Direct te.com endpoint 403s curl (Akamai) but served via a normal fetch; to re-fetch use the url in a browser. Other file extents (mm): dt13-6p_te-cvm-3d_stp.zip: [0.043, 0.039, 0.039]"
deutsch-dt13-08pa-te,electrical,DT13-08PA Customer View Model (3D STEP),Deutsch DT13-08PA 8-way 90-degree PCB-mount flanged receptacle,exact,TE Connectivity (te.com document delivery),https://www.te.com/commerce/DocumentDelivery/DDEController?Action=srchrtrv&DocNm=CVM_DT13-08PA&DocType=Customer+View+Model&DocLang=3D&PartCntxt=DT13-08PA&DocFormat=3d_stp.zip,TE Connectivity (DEUTSCH),"TE Connectivity customer view model, free public download (TE site terms of use)",step,yes,no,01-REFERENCE/model/library/electrical/deutsch-dt13-08pa-te,55 x 39 x 39,1:1,54476,5,"Manufacturer customer-view model (simplified external geometry, correct envelope and cavity positions); original zip kept","Direct te.com endpoint 403s curl (Akamai) but served via a normal fetch; to re-fetch use the url in a browser. Other file extents (mm): dt13-08pa_te-cvm-3d_stp.zip: [0.055, 0.039, 0.039]"
deutsch-dt13-12pa-te,electrical,DT13-12PA Customer View Model (3D STEP),Deutsch DT13-12PA 12-way 90-degree PCB-mount flanged receptacle,exact,TE Connectivity (te.com document delivery),https://www.te.com/commerce/DocumentDelivery/DDEController?Action=srchrtrv&DocNm=CVM_DT13-12PA&DocType=Customer+View+Model&DocLang=3D&PartCntxt=DT13-12PA&DocFormat=3d_stp.zip,TE Connectivity (DEUTSCH),"TE Connectivity customer view model, free public download (TE site terms of use)",step,yes,no,01-REFERENCE/model/library/electrical/deutsch-dt13-12pa-te,59 x 39 x 40,1:1,93420,5,"Manufacturer customer-view model (simplified external geometry, correct envelope and cavity positions); original zip kept","Direct te.com endpoint 403s curl (Akamai) but served via a normal fetch; to re-fetch use the url in a browser. Other file extents (mm): dt13-12pa_te-cvm-3d_stp.zip: [0.059, 0.039, 0.04]"
deutsch-dt15-6p-te,electrical,DT15-6P Customer View Model (3D STEP),Deutsch DT15-6P 6-way straight PCB-mount flanged receptacle,exact,TE Connectivity (te.com document delivery),https://www.te.com/commerce/DocumentDelivery/DDEController?Action=srchrtrv&DocNm=CVM_DT15-6P&DocType=Customer+View+Model&DocLang=3D&PartCntxt=DT15-6P&DocFormat=3d_stp.zip,TE Connectivity (DEUTSCH),"TE Connectivity customer view model, free public download (TE site terms of use)",step,yes,no,01-REFERENCE/model/library/electrical/deutsch-dt15-6p-te,43 x 35 x 33,1:1,33780,5,"Manufacturer customer-view model (simplified external geometry, correct envelope and cavity positions); original zip kept","Direct te.com endpoint 403s curl (Akamai) but served via a normal fetch; to re-fetch use the url in a browser. Other file extents (mm): dt15-6p_te-cvm-3d_stp.zip: [0.043, 0.035, 0.033]"
deutsch-dt15-08pa-te,electrical,DT15-08PA Customer View Model (3D STEP),Deutsch DT15-08PA 8-way straight PCB-mount flanged receptacle,exact,TE Connectivity (te.com document delivery),https://www.te.com/commerce/DocumentDelivery/DDEController?Action=srchrtrv&DocNm=CVM_DT15-08PA&DocType=Customer+View+Model&DocLang=3D&PartCntxt=DT15-08PA&DocFormat=3d_stp.zip,TE Connectivity (DEUTSCH),"TE Connectivity customer view model, free public download (TE site terms of use)",step,yes,no,01-REFERENCE/model/library/electrical/deutsch-dt15-08pa-te,55 x 35 x 33,1:1,35254,5,"Manufacturer customer-view model (simplified external geometry, correct envelope and cavity positions); original zip kept","Direct te.com endpoint 403s curl (Akamai) but served via a normal fetch; to re-fetch use the url in a browser. Other file extents (mm): dt15-08pa_te-cvm-3d_stp.zip: [0.055, 0.035, 0.033]"
deutsch-dt15-12pa-te,electrical,DT15-12PA Customer View Model (3D STEP),Deutsch DT15-12PA 12-way straight PCB-mount flanged receptacle,exact,TE Connectivity (te.com document delivery),https://www.te.com/commerce/DocumentDelivery/DDEController?Action=srchrtrv&DocNm=CVM_DT15-12PA&DocType=Customer+View+Model&DocLang=3D&PartCntxt=DT15-12PA&DocFormat=3d_stp.zip,TE Connectivity (DEUTSCH),"TE Connectivity customer view model, free public download (TE site terms of use)",step,yes,no,01-REFERENCE/model/library/electrical/deutsch-dt15-12pa-te,59 x 35 x 33,1:1,41348,5,"Manufacturer customer-view model (simplified external geometry, correct envelope and cavity positions); original zip kept","Direct te.com endpoint 403s curl (Akamai) but served via a normal fetch; to re-fetch use the url in a browser. Other file extents (mm): dt15-12pa_te-cvm-3d_stp.zip: [0.059, 0.035, 0.033]"
deutsch-w2p-te,electrical,W2P Customer View Model (3D STEP),Deutsch W2P wedgelock for DT04-2P,exact,TE Connectivity (te.com document delivery),https://www.te.com/commerce/DocumentDelivery/DDEController?Action=srchrtrv&DocNm=CVM_W2P&DocType=Customer+View+Model&DocLang=3D&PartCntxt=W2P&DocFormat=3d_stp.zip,TE Connectivity (DEUTSCH),"TE Connectivity customer view model, free public download (TE site terms of use)",step,yes,no,01-REFERENCE/model/library/electrical/deutsch-w2p-te,10 x 4 x 13,1:1,926,5,"Manufacturer customer-view model (simplified external geometry, correct envelope and cavity positions); original zip kept","Direct te.com endpoint 403s curl (Akamai) but served via a normal fetch; to re-fetch use the url in a browser. Other file extents (mm): w2p_te-cvm-3d_stp.zip: [0.01, 0.004, 0.013]"
deutsch-w3p-te,electrical,W3P Customer View Model (3D STEP),Deutsch W3P wedgelock for DT04-3P,exact,TE Connectivity (te.com document delivery),https://www.te.com/commerce/DocumentDelivery/DDEController?Action=srchrtrv&DocNm=CVM_W3P&DocType=Customer+View+Model&DocLang=3D&PartCntxt=W3P&DocFormat=3d_stp.zip,TE Connectivity (DEUTSCH),"TE Connectivity customer view model, free public download (TE site terms of use)",step,yes,no,01-REFERENCE/model/library/electrical/deutsch-w3p-te,8 x 8 x 21,1:1,346,5,"Manufacturer customer-view model (simplified external geometry, correct envelope and cavity positions); original zip kept","Direct te.com endpoint 403s curl (Akamai) but served via a normal fetch; to re-fetch use the url in a browser. Other file extents (mm): w3p_te-cvm-3d_stp.zip: [0.008, 0.008, 0.021]"
deutsch-w4p-te,electrical,W4P Customer View Model (3D STEP),Deutsch W4P wedgelock for DT04-4P,exact,TE Connectivity (te.com document delivery),https://www.te.com/commerce/DocumentDelivery/DDEController?Action=srchrtrv&DocNm=CVM_W4P&DocType=Customer+View+Model&DocLang=3D&PartCntxt=W4P&DocFormat=3d_stp.zip,TE Connectivity (DEUTSCH),"TE Connectivity customer view model, free public download (TE site terms of use)",step,yes,no,01-REFERENCE/model/library/electrical/deutsch-w4p-te,9 x 7 x 15,1:1,548,5,"Manufacturer customer-view model (simplified external geometry, correct envelope and cavity positions); original zip kept","Direct te.com endpoint 403s curl (Akamai) but served via a normal fetch; to re-fetch use the url in a browser. Other file extents (mm): w4p_te-cvm-3d_stp.zip: [0.009, 0.007, 0.015]"
deutsch-w6p-te,electrical,W6P Customer View Model (3D STEP),Deutsch W6P wedgelock for DT04-6P,exact,TE Connectivity (te.com document delivery),https://www.te.com/commerce/DocumentDelivery/DDEController?Action=srchrtrv&DocNm=CVM_W6P&DocType=Customer+View+Model&DocLang=3D&PartCntxt=W6P&DocFormat=3d_stp.zip,TE Connectivity (DEUTSCH),"TE Connectivity customer view model, free public download (TE site terms of use)",step,yes,no,01-REFERENCE/model/library/electrical/deutsch-w6p-te,14 x 7 x 15,1:1,492,5,"Manufacturer customer-view model (simplified external geometry, correct envelope and cavity positions); original zip kept","Direct te.com endpoint 403s curl (Akamai) but served via a normal fetch; to re-fetch use the url in a browser. Other file extents (mm): w6p_te-cvm-3d_stp.zip: [0.014, 0.007, 0.015]"
deutsch-w8p-te,electrical,W8P Customer View Model (3D STEP),Deutsch W8P wedgelock for DT04-08P,exact,TE Connectivity (te.com document delivery),https://www.te.com/commerce/DocumentDelivery/DDEController?Action=srchrtrv&DocNm=CVM_W8P&DocType=Customer+View+Model&DocLang=3D&PartCntxt=W8P&DocFormat=3d_stp.zip,TE Connectivity (DEUTSCH),"TE Connectivity customer view model, free public download (TE site terms of use)",step,yes,no,01-REFERENCE/model/library/electrical/deutsch-w8p-te,19 x 7 x 21,1:1,628,5,"Manufacturer customer-view model (simplified external geometry, correct envelope and cavity positions); original zip kept","Direct te.com endpoint 403s curl (Akamai) but served via a normal fetch; to re-fetch use the url in a browser. Other file extents (mm): w8p_te-cvm-3d_stp.zip: [0.019, 0.007, 0.021]"
deutsch-w12p-te,electrical,W12P Customer View Model (3D STEP),Deutsch W12P wedgelock for DT04-12P,exact,TE Connectivity (te.com document delivery),https://www.te.com/commerce/DocumentDelivery/DDEController?Action=srchrtrv&DocNm=CVM_W12P&DocType=Customer+View+Model&DocLang=3D&PartCntxt=W12P&DocFormat=3d_stp.zip,TE Connectivity (DEUTSCH),"TE Connectivity customer view model, free public download (TE site terms of use)",step,yes,no,01-REFERENCE/model/library/electrical/deutsch-w12p-te,27 x 7 x 15,1:1,1296,5,"Manufacturer customer-view model (simplified external geometry, correct envelope and cavity positions); original zip kept","Direct te.com endpoint 403s curl (Akamai) but served via a normal fetch; to re-fetch use the url in a browser. Other file extents (mm): w12p_te-cvm-3d_stp.zip: [0.027, 0.007, 0.015]"
deutsch-w2s-te,electrical,W2S Customer View Model (3D STEP),Deutsch W2S wedgelock for DT06-2S,exact,TE Connectivity (te.com document delivery),https://www.te.com/commerce/DocumentDelivery/DDEController?Action=srchrtrv&DocNm=CVM_W2S&DocType=Customer+View+Model&DocLang=3D&PartCntxt=W2S&DocFormat=3d_stp.zip,TE Connectivity (DEUTSCH),"TE Connectivity customer view model, free public download (TE site terms of use)",step,yes,no,01-REFERENCE/model/library/electrical/deutsch-w2s-te,15 x 12 x 19,1:1,4932,5,"Manufacturer customer-view model (simplified external geometry, correct envelope and cavity positions); original zip kept","Direct te.com endpoint 403s curl (Akamai) but served via a normal fetch; to re-fetch use the url in a browser. Other file extents (mm): w2s_te-cvm-3d_stp.zip: [0.015, 0.012, 0.019]"
deutsch-w3s-te,electrical,W3S Customer View Model (3D STEP),Deutsch W3S wedgelock for DT06-3S,exact,TE Connectivity (te.com document delivery),https://www.te.com/commerce/DocumentDelivery/DDEController?Action=srchrtrv&DocNm=CVM_W3S&DocType=Customer+View+Model&DocLang=3D&PartCntxt=W3S&DocFormat=3d_stp.zip,TE Connectivity (DEUTSCH),"TE Connectivity customer view model, free public download (TE site terms of use)",step,yes,no,01-REFERENCE/model/library/electrical/deutsch-w3s-te,18 x 17 x 20,1:1,3656,5,"Manufacturer customer-view model (simplified external geometry, correct envelope and cavity positions); original zip kept","Direct te.com endpoint 403s curl (Akamai) but served via a normal fetch; to re-fetch use the url in a browser. Other file extents (mm): w3s_te-cvm-3d_stp.zip: [0.018, 0.017, 0.02]"
deutsch-w6s-te,electrical,W6S Customer View Model (3D STEP),Deutsch W6S wedgelock for DT06-6S,exact,TE Connectivity (te.com document delivery),https://www.te.com/commerce/DocumentDelivery/DDEController?Action=srchrtrv&DocNm=CVM_W6S&DocType=Customer+View+Model&DocLang=3D&PartCntxt=W6S&DocFormat=3d_stp.zip,TE Connectivity (DEUTSCH),"TE Connectivity customer view model, free public download (TE site terms of use)",step,yes,no,01-REFERENCE/model/library/electrical/deutsch-w6s-te,18 x 18 x 21,1:1,5360,5,"Manufacturer customer-view model (simplified external geometry, correct envelope and cavity positions); original zip kept","Direct te.com endpoint 403s curl (Akamai) but served via a normal fetch; to re-fetch use the url in a browser. Other file extents (mm): w6s_te-cvm-3d_stp.zip: [0.018, 0.018, 0.021]"
deutsch-w8s-te,electrical,W8S Customer View Model (3D STEP),Deutsch W8S wedgelock for DT06-08S,exact,TE Connectivity (te.com document delivery),https://www.te.com/commerce/DocumentDelivery/DDEController?Action=srchrtrv&DocNm=CVM_W8S&DocType=Customer+View+Model&DocLang=3D&PartCntxt=W8S&DocFormat=3d_stp.zip,TE Connectivity (DEUTSCH),"TE Connectivity customer view model, free public download (TE site terms of use)",step,yes,no,01-REFERENCE/model/library/electrical/deutsch-w8s-te,24 x 20 x 21,1:1,5300,5,"Manufacturer customer-view model (simplified external geometry, correct envelope and cavity positions); original zip kept","Direct te.com endpoint 403s curl (Akamai) but served via a normal fetch; to re-fetch use the url in a browser. Other file extents (mm): w8s_te-cvm-3d_stp.zip: [0.024, 0.02, 0.021]"
deutsch-w12s-te,electrical,W12S Customer View Model (3D STEP),Deutsch W12S wedgelock for DT06-12S,exact,TE Connectivity (te.com document delivery),https://www.te.com/commerce/DocumentDelivery/DDEController?Action=srchrtrv&DocNm=CVM_W12S&DocType=Customer+View+Model&DocLang=3D&PartCntxt=W12S&DocFormat=3d_stp.zip,TE Connectivity (DEUTSCH),"TE Connectivity customer view model, free public download (TE site terms of use)",step,yes,no,01-REFERENCE/model/library/electrical/deutsch-w12s-te,32 x 18 x 21,1:1,7628,5,"Manufacturer customer-view model (simplified external geometry, correct envelope and cavity positions); original zip kept","Direct te.com endpoint 403s curl (Akamai) but served via a normal fetch; to re-fetch use the url in a browser. Other file extents (mm): w12s_te-cvm-3d_stp.zip: [0.032, 0.018, 0.021]"
deutsch-wp-2p-te,electrical,WP-2P Customer View Model (3D STEP),Deutsch WP-2P wedgelock for DTP04-2P,exact,TE Connectivity (te.com document delivery),https://www.te.com/commerce/DocumentDelivery/DDEController?Action=srchrtrv&DocNm=CVM_WP-2P&DocType=Customer+View+Model&DocLang=3D&PartCntxt=WP-2P&DocFormat=3d_stp.zip,TE Connectivity (DEUTSCH),"TE Connectivity customer view model, free public download (TE site terms of use)",step,yes,no,01-REFERENCE/model/library/electrical/deutsch-wp-2p-te,13 x 5 x 15,1:1,2324,5,"Manufacturer customer-view model (simplified external geometry, correct envelope and cavity positions); original zip kept","Direct te.com endpoint 403s curl (Akamai) but served via a normal fetch; to re-fetch use the url in a browser. Other file extents (mm): wp-2p_te-cvm-3d_stp.zip: [0.013, 0.005, 0.015]"
deutsch-wp-2s-te,electrical,WP-2S Customer View Model (3D STEP),Deutsch WP-2S wedgelock for DTP06-2S,exact,TE Connectivity (te.com document delivery),https://www.te.com/commerce/DocumentDelivery/DDEController?Action=srchrtrv&DocNm=CVM_WP-2S&DocType=Customer+View+Model&DocLang=3D&PartCntxt=WP-2S&DocFormat=3d_stp.zip,TE Connectivity (DEUTSCH),"TE Connectivity customer view model, free public download (TE site terms of use)",step,yes,no,01-REFERENCE/model/library/electrical/deutsch-wp-2s-te,13 x 9 x 23,1:1,3800,5,"Manufacturer customer-view model (simplified external geometry, correct envelope and cavity positions); original zip kept","Direct te.com endpoint 403s curl (Akamai) but served via a normal fetch; to re-fetch use the url in a browser. Other file extents (mm): wp-2s_te-cvm-3d_stp.zip: [0.013, 0.009, 0.023]"
deutsch-wp-4p-te,electrical,WP-4P Customer View Model (3D STEP),Deutsch WP-4P wedgelock for DTP04-4P,exact,TE Connectivity (te.com document delivery),https://www.te.com/commerce/DocumentDelivery/DDEController?Action=srchrtrv&DocNm=CVM_WP-4P&DocType=Customer+View+Model&DocLang=3D&PartCntxt=WP-4P&DocFormat=3d_stp.zip,TE Connectivity (DEUTSCH),"TE Connectivity customer view model, free public download (TE site terms of use)",step,yes,no,01-REFERENCE/model/library/electrical/deutsch-wp-4p-te,13 x 10 x 15,1:1,3228,5,"Manufacturer customer-view model (simplified external geometry, correct envelope and cavity positions); original zip kept","Direct te.com endpoint 403s curl (Akamai) but served via a normal fetch; to re-fetch use the url in a browser. Other file extents (mm): wp-4p_te-cvm-3d_stp.zip: [0.013, 0.01, 0.015]"
deutsch-wp-4s-te,electrical,WP-4S Customer View Model (3D STEP),Deutsch WP-4S wedgelock for DTP06-4S,exact,TE Connectivity (te.com document delivery),https://www.te.com/commerce/DocumentDelivery/DDEController?Action=srchrtrv&DocNm=CVM_WP-4S&DocType=Customer+View+Model&DocLang=3D&PartCntxt=WP-4S&DocFormat=3d_stp.zip,TE Connectivity (DEUTSCH),"TE Connectivity customer view model, free public download (TE site terms of use)",step,yes,no,01-REFERENCE/model/library/electrical/deutsch-wp-4s-te,13 x 17 x 23,1:1,5088,5,"Manufacturer customer-view model (simplified external geometry, correct envelope and cavity positions); original zip kept","Direct te.com endpoint 403s curl (Akamai) but served via a normal fetch; to re-fetch use the url in a browser. Other file extents (mm): wp-4s_te-cvm-3d_stp.zip: [0.013, 0.017, 0.023]"
deutsch-0460-202-16141-te,electrical,0460-202-16141 Customer View Model (3D STEP),"Deutsch 0460-202-16141 size 16 solid pin contact (16-20 AWG, nickel)",exact,TE Connectivity (te.com document delivery),https://www.te.com/commerce/DocumentDelivery/DDEController?Action=srchrtrv&DocNm=CVM_0460-202-16141&DocType=Customer+View+Model&DocLang=3D&PartCntxt=0460-202-16141&DocFormat=3d_stp.zip,TE Connectivity (DEUTSCH),"TE Connectivity customer view model, free public download (TE site terms of use)",step,yes,no,01-REFERENCE/model/library/electrical/deutsch-0460-202-16141-te,3 x 3 x 21,1:1,4192,5,"Manufacturer customer-view model (simplified external geometry, correct envelope and cavity positions); original zip kept","Direct te.com endpoint 403s curl (Akamai) but served via a normal fetch; to re-fetch use the url in a browser. Other file extents (mm): 0460-202-16141_te-cvm-3d_stp.zip: [0.003, 0.003, 0.021]"
deutsch-0462-201-16141-te,electrical,0462-201-16141 Customer View Model (3D STEP),"Deutsch 0462-201-16141 size 16 solid socket contact (16-20 AWG, nickel)",exact,TE Connectivity (te.com document delivery),https://www.te.com/commerce/DocumentDelivery/DDEController?Action=srchrtrv&DocNm=CVM_0462-201-16141&DocType=Customer+View+Model&DocLang=3D&PartCntxt=0462-201-16141&DocFormat=3d_stp.zip,TE Connectivity (DEUTSCH),"TE Connectivity customer view model, free public download (TE site terms of use)",step,yes,no,01-REFERENCE/model/library/electrical/deutsch-0462-201-16141-te,3 x 3 x 19,1:1,4496,5,"Manufacturer customer-view model (simplified external geometry, correct envelope and cavity positions); original zip kept","Direct te.com endpoint 403s curl (Akamai) but served via a normal fetch; to re-fetch use the url in a browser. Other file extents (mm): 0462-201-16141_te-cvm-3d_stp.zip: [0.003, 0.003, 0.019]"
deutsch-0460-204-12141-te,electrical,0460-204-12141 Customer View Model (3D STEP),"Deutsch 0460-204-12141 size 12 solid pin contact (12-14 AWG, nickel)",exact,TE Connectivity (te.com document delivery),https://www.te.com/commerce/DocumentDelivery/DDEController?Action=srchrtrv&DocNm=CVM_0460-204-12141&DocType=Customer+View+Model&DocLang=3D&PartCntxt=0460-204-12141&DocFormat=3d_stp.zip,TE Connectivity (DEUTSCH),"TE Connectivity customer view model, free public download (TE site terms of use)",step,yes,no,01-REFERENCE/model/library/electrical/deutsch-0460-204-12141-te,5 x 5 x 21,1:1,6000,5,"Manufacturer customer-view model (simplified external geometry, correct envelope and cavity positions); original zip kept","Direct te.com endpoint 403s curl (Akamai) but served via a normal fetch; to re-fetch use the url in a browser. Other file extents (mm): 0460-204-12141_te-cvm-3d_stp.zip: [0.005, 0.005, 0.021]"
deutsch-0462-203-12141-te,electrical,0462-203-12141 Customer View Model (3D STEP),"Deutsch 0462-203-12141 size 12 solid socket contact (12-14 AWG, nickel)",exact,TE Connectivity (te.com document delivery),https://www.te.com/commerce/DocumentDelivery/DDEController?Action=srchrtrv&DocNm=CVM_0462-203-12141&DocType=Customer+View+Model&DocLang=3D&PartCntxt=0462-203-12141&DocFormat=3d_stp.zip,TE Connectivity (DEUTSCH),"TE Connectivity customer view model, free public download (TE site terms of use)",step,yes,no,01-REFERENCE/model/library/electrical/deutsch-0462-203-12141-te,5 x 5 x 19,1:1,6748,5,"Manufacturer customer-view model (simplified external geometry, correct envelope and cavity positions); original zip kept","Direct te.com endpoint 403s curl (Akamai) but served via a normal fetch; to re-fetch use the url in a browser. Other file extents (mm): 0462-203-12141_te-cvm-3d_stp.zip: [0.005, 0.005, 0.019]"
deutsch-1060-16-0122-te,electrical,1060-16-0122 Customer View Model (3D STEP),Deutsch 1060-16-0122 size 16 stamped-formed pin contact (16-18 AWG),exact,TE Connectivity (te.com document delivery),https://www.te.com/commerce/DocumentDelivery/DDEController?Action=srchrtrv&DocNm=CVM_1060-16-0122&DocType=Customer+View+Model&DocLang=3D&PartCntxt=1060-16-0122&DocFormat=3d_stp.zip,TE Connectivity (DEUTSCH),"TE Connectivity customer view model, free public download (TE site terms of use)",step,yes,no,01-REFERENCE/model/library/electrical/deutsch-1060-16-0122-te,5 x 4 x 28,1:1,6032,5,"Manufacturer customer-view model (simplified external geometry, correct envelope and cavity positions); original zip kept","Direct te.com endpoint 403s curl (Akamai) but served via a normal fetch; to re-fetch use the url in a browser. Other file extents (mm): 1060-16-0122_te-cvm-3d_stp.zip: [0.005, 0.004, 0.028]"
deutsch-1062-16-0122-te,electrical,1062-16-0122 Customer View Model (3D STEP),Deutsch 1062-16-0122 size 16 stamped-formed socket contact (16-18 AWG),exact,TE Connectivity (te.com document delivery),https://www.te.com/commerce/DocumentDelivery/DDEController?Action=srchrtrv&DocNm=CVM_1062-16-0122&DocType=Customer+View+Model&DocLang=3D&PartCntxt=1062-16-0122&DocFormat=3d_stp.zip,TE Connectivity (DEUTSCH),"TE Connectivity customer view model, free public download (TE site terms of use)",step,yes,no,01-REFERENCE/model/library/electrical/deutsch-1062-16-0122-te,4 x 4 x 21,1:1,7271,5,"Manufacturer customer-view model (simplified external geometry, correct envelope and cavity positions); original zip kept","Direct te.com endpoint 403s curl (Akamai) but served via a normal fetch; to re-fetch use the url in a browser. Other file extents (mm): 1062-16-0122_te-cvm-3d_stp.zip: [0.005, 0.004, 0.021]"
deutsch-w4s-p012-te,electrical,W4S-P012 Customer View Model (3D STEP),Deutsch W4S-P012 wedgelock for DT06-4S (the P012 variant; plain W4S model not served),exact,TE Connectivity (te.com document delivery),https://www.te.com/commerce/DocumentDelivery/DDEController?Action=srchrtrv&DocNm=CVM_W4S-P012&DocType=Customer+View+Model&DocLang=3D&PartCntxt=W4S-P012&DocFormat=3d_stp.zip,TE Connectivity (DEUTSCH),"TE Connectivity customer view model, free public download (TE site terms of use)",step,yes,no,01-REFERENCE/model/library/electrical/deutsch-w4s-p012-te,14 x 18 x 21,1:1,5508,5,Wedgelock only,"CVM_W4S returned HTTP 500 three times; P012 variant is the same wedge geometry with a different material/colour code (confirm). Other file extents (mm): w4s-p012_te-cvm-3d_stp.zip: [0.014, 0.018, 0.021]"
ecumaster-pmu16-cad-ecumaster,electrical,PMU-16 CAD data (IGES + drawings + 3D PDF),ECUMaster PMU-16 power management unit,exact,ecumaster.com,https://www.ecumaster.com/files/PMU/PMU-16_CAD_data.zip,ECUMaster,"ECUMaster free public download (manufacturer CAD data, no license text stated)",iges,yes,no,01-REFERENCE/model/library/electrical/ecumaster-pmu16-cad-ecumaster,112 x 131 x 32,1:1,104803,5,Housing with connectors and mounting; dimensioned PDF drawing,Linked from ecumaster.com/products/pmu/. Envelope matches PMU-24 (112.1x131x32.5 mm).
ecumaster-pmu24-cad-ecumaster,electrical,PMU-24 CAD data (existing in repo),ECUMaster PMU-24 power management unit,exact,ecumaster.com,https://www.ecumaster.com/files/PMU/PMU-24_CAD_data.zip,ECUMaster,"ECUMaster free public download (manufacturer CAD data, no license text stated)",step,yes,no,01-REFERENCE/PMU_info/PMU CAD info,112 x 131 x 32,1:1,128954,5,"Housing, connectors, mounting","The official zip was re-downloaded, found byte-identical to the file already at 01-REFERENCE/PMU_info/PMU CAD info/PMU-24.STEP, and the duplicate was deleted. Link recorded only."
ecumaster-pmu-autosport-3d-ecumaster,electrical,PMU Autosport (PDM16AS) 3D model,ECUMaster PMU-16 Autosport version (AS connectors),close,ecumaster.com,https://www.ecumaster.com/wp/wp-content/uploads/2020/08/PMU-Autorsport-3D-model.rar,ECUMaster,"ECUMaster free public download (manufacturer CAD data, no license text stated)",iges,yes,no,01-REFERENCE/model/library/electrical/ecumaster-pmu-autosport-3d-ecumaster,177 x 84 x 46,1:1,589672,5,Housing with Autosport connectors,RAR (v4) extracted with libarchive; inner igs.zip extracted.
ecumaster-can-switch-board-v3-ecumaster,electrical,CAN Switch Board V3 CAD data,ECUMaster CAN Switch Board V3 (switch panel),exact,ecumaster.com,https://www.ecumaster.com/wp/wp-content/uploads/2019/07/CAN-switch-board-V3-CAD-data.rar,ECUMaster,"ECUMaster free public download (manufacturer CAD data, no license text stated)",step,yes,no,01-REFERENCE/model/library/electrical/ecumaster-can-switch-board-v3-ecumaster,33 x 33 x 4,1:1,145726,5,Small interface PCB module,"ECUMaster CAN Keyboard (can-keyboards page) has NO CAD download - only a PDF manual; this switch board is the nearest official model. Model measures 33x33x4.2 mm: it is the small CAN interface PCB that switches are wired to, not a keypad panel."
ecumaster-adu-cad-ecumaster,electrical,ADU 5 / ADU 7 / ADU 7 AS CAD data (rev1 + rev2),ECUMaster ADU advanced display unit (5 in and 7 in),exact,ecumaster.com,https://www.ecumaster.com/products/adu/,ECUMaster,"ECUMaster free public download (manufacturer CAD data, no license text stated)",iges,yes,no,01-REFERENCE/model/library/electrical/ecumaster-adu-cad-ecumaster,195 x 127 x 51,1:1,318397,5,Display housings with connector; PDF drawings and 3D PDFs,"Files ADU_CAD_DATA_REV2.zip and ADU_CAD_data.zip, both free. Other file extents (mm): ADU_CAD_DATA_REV2/ADU5v2.IGS: [148.2, 102.345, 48.219]; ADU_CAD_data/ADU 7/Dashboard7.IGS: [195.0, 127.0, 53.569]; ADU_CAD_data/ADU 5/Dashboard5.IGS: [149.0, 102.5, 50.269]; ADU_CAD_data/ADU 7 AS/Dashboard7AS.IGS: [195.0, 127.0, 50.826]"
ecumaster-battery-isolator-3d-ecumaster,electrical,Battery Isolator (SSR) 3D model - lug and Radlok versions,ECUMaster solid-state battery isolator,close,ecumaster.com,https://www.ecumaster.com/wp/wp-content/uploads/2020/08/Battery-Isolator-3D-model.rar,ECUMaster,"ECUMaster free public download (manufacturer CAD data, no license text stated)",iges,yes,no,01-REFERENCE/model/library/electrical/ecumaster-battery-isolator-3d-ecumaster,38 x 100 x 49,1:1,113281,5,Isolator housing with studs/connectors,"Alternative to a mechanical battery switch. Other file extents (mm): Battery-Isolator-3D-model/Battery Isolator - 3D model/SSR_RADLOK.IGS: [38.5, 109.261, 48.99]"
ecumaster-wireless-racing-panel-cad-ecumaster,electrical,Wireless Racing Panel + Wireless Receiver CAD,ECUMaster wireless steering-wheel button panel and receiver,close,ecumaster.com,https://www.ecumaster.com/products/wireless-racing-panel/,ECUMaster,"ECUMaster free public download (manufacturer CAD data, no license text stated)",step,yes,no,01-REFERENCE/model/library/electrical/ecumaster-wireless-racing-panel-cad-ecumaster,201 x 129 x 39,1:1,303856,5,"Button panel, receiver; IGS and PDF drawings also","Keypad-type input device. Other file extents (mm): Wireless_Receiver_CAD/Wireless_Receiver_CAD.STEP: [67.3, 146.307, 20.395]"
ecumaster-gps-to-can-3d-ecumaster,electrical,GPS to CAN 3D model (ASX and DT versions),ECUMaster GPS-to-CAN module,close,ecumaster.com,https://www.ecumaster.com/wp/wp-content/uploads/2020/08/GPS-to-CAN-3D-model.rar,ECUMaster,"ECUMaster free public download (manufacturer CAD data, no license text stated)",iges,yes,no,01-REFERENCE/model/library/electrical/ecumaster-gps-to-can-3d-ecumaster,66 x 44 x 53,1:1,88538,5,Module housing with DT or ASX connector,"Includes a Deutsch-DT-connector variant. Other file extents (mm): GPS-to-CAN-3D-model/GPS to CAN - 3D model/CanGPS_ASX.IGS: [66.0, 44.0, 47.995]"
ecumaster-emu-black-cad-ecumaster,electrical,EMU Black CAD data,ECUMaster EMU Black ECU,different,ecumaster.com,https://www.ecumaster.com/files/EMU_BLACK/EMUBlack_CAD_data.zip,ECUMaster,"ECUMaster free public download (manufacturer CAD data, no license text stated)",iges,yes,no,01-REFERENCE/model/library/electrical/ecumaster-emu-black-cad-ecumaster,91 x 150 x 32,1:1,168665,5,ECU housing,Not in the current parts list; kept in case a standalone ECU is chosen.
ecumaster-emu-pro-cad-ecumaster,electrical,EMU PRO 8 / EMU PRO 16 CAD v1.0,ECUMaster EMU PRO ECU,different,ecumaster.com,https://www.ecumaster.com/products/emu-pro/,ECUMaster,"ECUMaster free public download (manufacturer CAD data, no license text stated)",step,yes,no,01-REFERENCE/model/library/electrical/ecumaster-emu-pro-cad-ecumaster,94 x 197 x 38,1:1,374558,5,ECU housings,"Not in the current parts list. Other file extents (mm): EMU_PRO_8_CAD_v1.0/EMU_PRO_8_CAD_v1.0.STEP: [94.5, 165.0, 38.1]"
ecumaster-mfd15-dummy-canchecked,electrical,MFD15 CAD dummy,CANchecked MFD15 display (sold by ECUMaster),different,canchecked.de (linked from ecumaster.com),https://www.canchecked.de/wp-content/uploads/tri/CAD_Dummy_MFD15.stp,CANchecked,free public download (no license stated),step,yes,no,01-REFERENCE/model/library/electrical/ecumaster-mfd15-dummy-canchecked,,1:1,27060,4,Dummy outer envelope,"extents as found: 59.466; 28.816; 59.466 unclear. STL also offered at same path (.stl). Measured envelope 59.5x28.8x59.5 (file units) is far smaller than the MFD15 display, so the units are probably wrong (cm?) or it is a partial dummy. Confirm."
ecumaster-pmu-adu-printable-grabcad,electrical,ECUMaster PMU and ECU 3d printable,ECUMaster PMU/EMU mock-ups for printing,close,GrabCAD,https://grabcad.com/library/ecumaster-pmu-and-ecu-3d-printable-1,Magnar Tharaldsen,GrabCAD terms (free with account),3mf,no,yes,,,1:1,,3,,3MF; community mock-up.
ecumaster-adu-printable-grabcad,electrical,ECUMaster ADU Display (3d printable),ECUMaster ADU display mock-up,close,GrabCAD,https://grabcad.com/library/ecumaster-adu-display-3d-printable-1,Magnar Tharaldsen,GrabCAD terms (free with account),step,no,yes,,,1:1,,3,,Official ADU CAD already downloaded.
xiao-esp32c3-official-printables-seeed,electrical,3D Model for Seeed Studio XIAO ESP32-C3,Seeed Studio XIAO ESP32C3 board,exact,Printables,https://www.printables.com/model/1332980-3d-model-for-seeed-studio-xiao-esp32-c3,Seeed Studio,Creative Commons — Attribution — Share Alike,step,yes,no,01-REFERENCE/model/library/electrical/xiao-esp32c3-official-printables-seeed,22 x 4 x 18,1:1,21977,5,"Official Seeed STEP of the board with components, USB-C, antenna connector","Official Seeed upload (same model as their GrabCAD). Printables summary: Seeed Studio XIAO ESP32C3 adopts new RISC-V architecture, supporting both Wi-Fi and BLE wireless connectivities."
xiao-esp32c3-simplified-printables-sandrosmaximus,electrical,Simplified version of the Seeed Studio XIAO ESP32-C3,Seeed Studio XIAO ESP32C3 board (simplified),exact,Printables,https://www.printables.com/model/1347851-simplified-version-of-the-seeed-studio-xiao-esp32,SandrosMaximus,Creative Commons — Attribution — Share Alike,stl,yes,no,01-REFERENCE/model/library/electrical/xiao-esp32c3-simplified-printables-sandrosmaximus,22 x 18 x 4,1:1,3340,3,Simplified envelope STL,Printables summary: A very simple version of the XIAO ESP32C3 with only its essential features.
xiao-esp32c3-printables-fyrby,electrical,Seeed Studio XIAO ESP32C3,Seeed Studio XIAO ESP32C3 board,exact,Printables,https://www.printables.com/model/562613-seeed-studio-xiao-esp32c3,Fyrby Additive,Creative Commons — Attribution,step,yes,no,01-REFERENCE/model/library/electrical/xiao-esp32c3-printables-fyrby,22 x 18 x 4,1:1,27932,4,"STEP, STL, 3MF and Shapr3D source","Printables summary: A CAD asset for the makers Other file extents (mm): Seeed Studio XIAO ESP32C3.3mf: [22.0, 17.782, 4.467]; Seeed Studio XIAO ESP32C3.stl: [22.0, 17.782, 4.467]"
xiao-can-breakout-printables-seeed,electrical,CAN Bus Breakout Board for Seeed Studio XIAO,Seeed CAN Bus Breakout Board for XIAO (SN65HVD230-class transceiver board),close,Printables,https://www.printables.com/model/1355794-can-bus-breakout-board-for-seeed-studio-xiao,Seeed Studio,Creative Commons — Attribution — Share Alike,step,yes,no,01-REFERENCE/model/library/electrical/xiao-can-breakout-printables-seeed,28 x 12 x 18,1:1,11308,5,Official Seeed STEP of the CAN breakout board,"Check the transceiver IC on this board against the chosen part. Printables summary: an expansion board compatible with all XIAO development boards, integrating the MCP2515 controller and SN65HVD230 onboar"
bosch-lsu49-printables-ej20g,electrical,Bosch LSU 4.9 wideband lambda sensor,Bosch LSU 4.9 wideband oxygen sensor,exact,Printables,https://www.printables.com/model/1574837-bosch-lsu-49-wideband-lambda-sensor,EJ20G,Creative Commons — Attribution — Noncommercial,stl,yes,no,01-REFERENCE/model/library/electrical/bosch-lsu49-printables-ej20g,88 x 23 x 25,1:1,535668,4,Sensor body with hex and shroud; mesh STL,Printables summary: A mockup LSU 4.9 wideband lambda sensor. Usufull to find the perfect location of the sensor bung when building exhaust.
mrbf-fuse-block-printables-restlessmaker,electrical,CubeOTO/MRBF fuse block,"3D-printed 3-way busbar/MRBF-style fuse block (DIY holder, not the Blue Sea 5191)",different,Printables,https://www.printables.com/model/924507-cubeotomrbf-fuse-block,The Restless Maker,Creative Commons — Attribution — Noncommercial — Share Alike,3mf,yes,no,01-REFERENCE/model/library/electrical/mrbf-fuse-block-printables-restlessmaker,67 x 4 x 43,1:1,2936,3,Printable holder parts,"DIY holder; useful only for MRBF fuse spacing. Printables summary: CubeOTO/MRBF fuse block Other file extents (mm): 3x busbar bottom.3MF: [67.0, 4.0, 47.0]; 3x busbar top.3MF: [67.0, 8.5, 27.0]; fuse spacer.3MF: [11.496, 5.5, 11.5]"
micro-relay-socket-printables-billnis,electrical,Micro Relay Socket,Printable micro ISO relay socket,close,Printables,https://www.printables.com/model/211993-micro-relay-socket,Billnis,Creative Commons — Attribution,stl,yes,no,01-REFERENCE/model/library/electrical/micro-relay-socket-printables-billnis,17 x 45 x 24,1:1,3660,3,"Socket body only, no terminals","Gives micro relay (Song Chuan 871 size) footprint. Printables summary: I didn't like the size of the sockets you buy, I only needed one and they have a lot of extra plastic so you can… Other file extents (mm): microrelay.stl: [15.4, 22.85, 24.4]"
midi-fuse-holder-printables-stevenwright,electrical,Midi Fuse Holder With Cover,Printable MIDI (AMI) bolt-down fuse holder with cover,close,Printables,https://www.printables.com/model/797462-midi-fuse-holder-with-cover,Steven Wright,Creative Commons — Attribution,3mf,yes,no,01-REFERENCE/model/library/electrical/midi-fuse-holder-printables-stevenwright,52 x 28 x 10,1:1,4268,3,Base and cover,"DIY holder sized for MIDI fuse; not a commercial holder. Printables summary: Fuse holder for MIDI fuse Other file extents (mm): MidiFuseCover.3mf: [54.4, 29.9, 28.2]"
bluesea-eseries-bezel-printables-kobach276,electrical,Blue Sea Systems - e-Series Battery Switch Bezel,Bezel for Blue Sea Systems e-Series battery switch,close,Printables,https://www.printables.com/model/1357807-blue-sea-systems-e-series-battery-switch-bezel,KoBach276,Creative Commons — Attribution — Noncommercial,stl,yes,no,01-REFERENCE/model/library/electrical/bluesea-eseries-bezel-printables-kobach276,107 x 107 x 6,1:1,3734,3,Bezel only (switch not modelled),Gives e-Series switch front outline/cutout. Printables summary: A bezel to cover any gaps around a through hole mount of a Blue Sea Systems e-Series switch.
gauge-pod-52mm-printables-chappy,electrical,52mm Gauge Pod - No Supports Needed,Generic single 52 mm gauge pod,close,Printables,https://www.printables.com/model/1606779-52mm-gauge-pod-no-supports-needed,Chappy Makes,Creative Commons — Attribution,stl,yes,no,01-REFERENCE/model/library/electrical/gauge-pod-52mm-printables-chappy,73 x 55 x 40,1:1,1454,3,Pod shell,Generic 52 mm (2-1/16 in) pod. Printables summary: Simple 3D Model for 52mm Gauges. Tutorial on how to make : https://www.youtube.com/watch?v=g
micro-iso-relay-dinmount-printables-tadeusz,electrical,Micro ISO automotive relay mount for 35 mm DIN rail,DIN-rail clip for micro ISO automotive relay,different,Printables,https://www.printables.com/model/1456755-micro-iso-automotive-relay-mount-for-35-mm-din-rai,Tadeusz B.,Creative Commons — Attribution — Noncommercial — Share Alike,stl,yes,no,01-REFERENCE/model/library/electrical/micro-iso-relay-dinmount-printables-tadeusz,49 x 18 x 18,1:1,1462,2,Clip only,"Accessory, indicates micro ISO relay mounting-tab geometry. Printables summary: With this small clip you can attach an automotive Micro ISO relay (with socket) to the standard 35 mm DIN rail"
blade-fuse-holders-panel-printables-jeo,electrical,Panel Mount Blade Fuse Holders for Standard ATC & Mini ATM,Panel-mount holders for standard ATC/ATO and mini ATM blade fuses,close,Printables,https://www.printables.com/model/1554199-panel-mount-blade-fuse-holders-for-standard-atc-mi,JEO,Creative Commons — Attribution,stl,yes,no,01-REFERENCE/model/library/electrical/blade-fuse-holders-panel-printables-jeo,12 x 13 x 1,1:1,12,3,Printable holders and covers,"Useful for ATC/ATO blade envelope. Printables summary: Two sizes of blade type fuses using crimp-on blade or spade terminal connectors for contacts. Other file extents (mm): Mini Panel Mount.stl: [34.0, 8.001, 20.0]; Standard Panel Cover.stl: [17.6, 13.8, 2.0]; Standard Panel Mount.stl: [40.0, 11.0, 22.0]; TPU Cover.stl: [23.0, 8.0, 5.4]; TPU Mini Cover.stl: [14.0, 7.0, 5.4]"
battery-terminal-12v-printables-lacoude,electrical,Universal Automotive 12V Battery Terminal (Small),Printable cap / cable holder for automotive 12V battery post terminal,different,Printables,https://www.printables.com/model/159082-universal-automotive-12v-battery-terminal-small,Philippe Lacoude,Creative Commons — Attribution — Noncommercial — Share Alike,3mf,yes,no,01-REFERENCE/model/library/electrical/battery-terminal-12v-printables-lacoude,68 x 33 x 30,1:1,8614,2,"Accessory caps, not the terminal","Not a model of a tapered post terminal itself. Printables summary: Universal Automotive 12V Battery Terminal (Small) Other file extents (mm): Universal Automotive 12V Battery Cap Top (Small).stl: [67.676, 33.071, 29.5]; Universal Automotive 12V Battery Terminal Cable Holder (1) (Small).stl: [21.643, 14.505, 35.653]; Universal Automotive 12V Battery Terminal Cable Holder (2) (Small).stl: [21.643, 13.495, 35.653]; Universal Automotive 12V Battery Terminal Cable Holders (Small).3mf: [45.037, 35.653, 14.505]"
deutsch-0462-209-16141-te,electrical,0462-209-16141 Customer View Model (3D STEP),Deutsch 0462-209-16141 size 16 solid socket contact for 14 AWG,exact,TE Connectivity (te.com document delivery),https://www.te.com/commerce/DocumentDelivery/DDEController?Action=srchrtrv&DocNm=CVM_0462-209-16141&DocType=Customer+View+Model&DocLang=3D&PartCntxt=0462-209-16141&DocFormat=3d_stp.zip,TE Connectivity (DEUTSCH),"TE Connectivity customer view model, free public download (TE site terms of use)",step,yes,no,01-REFERENCE/model/library/electrical/deutsch-0462-209-16141-te,3 x 3 x 19,1:1,4512,5,Manufacturer customer-view model,"Part is in the electrical parts list. Other file extents (mm): 0462-209-16141_te-cvm-3d_stp.zip: [0.003, 0.003, 0.019]"
deutsch-0460-215-16141-te,electrical,0460-215-16141 Customer View Model (3D STEP),Deutsch 0460-215-16141 size 16 solid pin contact for 14 AWG,exact,TE Connectivity (te.com document delivery),https://www.te.com/commerce/DocumentDelivery/DDEController?Action=srchrtrv&DocNm=CVM_0460-215-16141&DocType=Customer+View+Model&DocLang=3D&PartCntxt=0460-215-16141&DocFormat=3d_stp.zip,TE Connectivity (DEUTSCH),"TE Connectivity customer view model, free public download (TE site terms of use)",step,yes,no,01-REFERENCE/model/library/electrical/deutsch-0460-215-16141-te,3 x 3 x 21,1:1,4200,5,Manufacturer customer-view model,"Part is in the electrical parts list. Other file extents (mm): 0460-215-16141_te-cvm-3d_stp.zip: [0.003, 0.003, 0.021]"
deutsch-114017-te,electrical,114017 Customer View Model (3D STEP),"Deutsch 114017 sealing plug, size 16 cavity",exact,TE Connectivity (te.com document delivery),https://www.te.com/commerce/DocumentDelivery/DDEController?Action=srchrtrv&DocNm=CVM_114017&DocType=Customer+View+Model&DocLang=3D&PartCntxt=114017&DocFormat=3d_stp.zip,TE Connectivity (DEUTSCH),"TE Connectivity customer view model, free public download (TE site terms of use)",step,yes,no,01-REFERENCE/model/library/electrical/deutsch-114017-te,4 x 4 x 15,1:1,1500,5,Manufacturer customer-view model,"Part is in the electrical parts list. Other file extents (mm): 114017_te-cvm-3d_stp.zip: [0.004, 0.004, 0.015]"
deutsch-0413-204-2005-te,electrical,0413-204-2005 Customer View Model (3D STEP),"Deutsch 0413-204-2005 sealing plug, size 12 cavity",exact,TE Connectivity (te.com document delivery),https://www.te.com/commerce/DocumentDelivery/DDEController?Action=srchrtrv&DocNm=CVM_0413-204-2005&DocType=Customer+View+Model&DocLang=3D&PartCntxt=0413-204-2005&DocFormat=3d_stp.zip,TE Connectivity (DEUTSCH),"TE Connectivity customer view model, free public download (TE site terms of use)",step,yes,no,01-REFERENCE/model/library/electrical/deutsch-0413-204-2005-te,2 x 2 x 15,1:1,1164,5,Manufacturer customer-view model,"Part is in the electrical parts list. Other file extents (mm): 0413-204-2005_te-cvm-3d_stp.zip: [0.002, 0.002, 0.015] FINDING: this model measures 2.16 mm across, half the size-16 plug 114017 (4.34 mm). The parts list (P029) calls 0413-204-2005 a size-12 plug; confirm it is not a size-20 plug before ordering."
deutsch-1027-003-1200-te,electrical,1027-003-1200 Customer View Model (3D STEP),Deutsch 1027-003-1200 mounting clip for DT/DTP receptacles,exact,TE Connectivity (te.com document delivery),https://www.te.com/commerce/DocumentDelivery/DDEController?Action=srchrtrv&DocNm=CVM_1027-003-1200&DocType=Customer+View+Model&DocLang=3D&PartCntxt=1027-003-1200&DocFormat=3d_stp.zip,TE Connectivity (DEUTSCH),"TE Connectivity customer view model, free public download (TE site terms of use)",step,yes,no,01-REFERENCE/model/library/electrical/deutsch-1027-003-1200-te,23 x 16 x 66,1:1,3412,5,Manufacturer customer-view model,"Part is in the electrical parts list. Other file extents (mm): 1027-003-1200_te-cvm-3d_stp.zip: [0.023, 0.016, 0.066]"
deutsch-dt-header-drawings-te,electrical,DEUTSCH DT Header application spec 114-151046 + DT13-12PX-B016 customer drawing,Deutsch DT13/DT15 PCB header receptacles (2/4/6/8/12-way): PCB and panel mounting,exact,TE Connectivity,https://www.te.com/commerce/DocumentDelivery/DDEController?Action=srchrtrv&DocNm=114-151046&DocType=Specification+Or+Standard&DocLang=English&DocFormat=pdf,TE Connectivity,TE public document,drawing,yes,no,01-REFERENCE/model/library/electrical/deutsch-dt-header-drawings-te,,1:1,,5,"Dimensioned application spec (PCB/panel application of DT headers, right-angle and straight) and 12-pin customer drawing (flange, #6-19 screw bosses, flange seal 1013-006-1206)",Drawing URL: DocNm=DT13-12PX-B016&DocType=Customer+Drawing. The 6-way and 8-way drawings (DT13-6PX/08PX-B016) returned HTTP 500. The CVM for DT13-06PA also returned 500; DT13-6P is the same 6-way header. [measure failed: file_type 'pdf' not supported]
kicad-hsop8-powerpad-buck-kicad,electrical,TI SO PowerPAD-8 (DDA) + HSOP-8/SOIC-8-1EP,SO-8 PowerPAD (DDA) package - TPS54560B-Q1 DCU servo-rail buck,exact,KiCad packages3D (GitLab),https://gitlab.com/kicad/libraries/kicad-packages3D/-/tree/master/Package_SO.3dshapes,KiCad library team,CC-BY-SA 4.0 with KiCad library exception (see KICAD-LICENSE.md),step,yes,no,01-REFERENCE/model/library/electrical/kicad-hsop8-powerpad-buck-kicad,5 x 5 x 1,1:1,1200,5,Package bodies with exposed pad,"TI_SO-PowerPAD-8 is TI DDA (TPS54560B-Q1). LMR36015FSCQRNXRQ1 in the parts list is VQFN-HR RNX 2x3 mm 12-pin; no free RNX model found (TI 3D models are behind Ultra Librarian login). Other file extents (mm): HSOP-8-1EP_3.9x4.9mm_P1.27mm_EP2.41x3.1mm.step: [6.3, 4.9, 1.1]; SOIC-8-1EP_3.9x4.9mm_P1.27mm_EP2.41x3.81mm.step: [6.0, 4.9, 1.55]"
kicad-carrier-passives-discretes-kicad,electrical,"Carrier discretes: Coilcraft XAL4020, SMA, SMB, SOD-123, SOT-23, TO-252-5","ICU/DCU carrier discretes: XAL4020 inductor, SS34 (SMA), SMBJ33A (SMB), 1N4148W (SOD-123), BAT54S/PMV37ENEA (SOT-23), BTS3011TE (TO-252-5)",exact,KiCad packages3D (GitLab),https://gitlab.com/kicad/libraries/kicad-packages3D,KiCad library team,CC-BY-SA 4.0 with KiCad library exception (see KICAD-LICENSE.md),step,yes,no,01-REFERENCE/model/library/electrical/kicad-carrier-passives-discretes-kicad,4 x 4 x 2,1:1,392,5,Package bodies,"BTT6200-4ESA (Infineon PG-TSDSO-24) has no KiCad model - gap. Other file extents (mm): D_SMA.step: [5.0, 2.7, 2.22]; D_SMB.step: [5.3, 3.55, 2.15]; D_SOD-123.step: [3.8, 1.6, 1.26]; SOT-23.step: [2.5, 3.0, 1.2]; TO-252-5_TabPin3.step: [9.9, 6.5, 2.32]"
kicad-carrier-connectors-kicad,electrical,"2x10 IDC box header, 1x24 2.54 mm socket and header",Panel ribbon IDC 2x10 box header and Teensy 4.1 socket/pin strips,exact,KiCad packages3D (GitLab),https://gitlab.com/kicad/libraries/kicad-packages3D,KiCad library team,CC-BY-SA 4.0 with KiCad library exception (see KICAD-LICENSE.md),step,yes,no,01-REFERENCE/model/library/electrical/kicad-carrier-connectors-kicad,9 x 33 x 12,1:1,1824,5,Connector bodies with pins,"Teensy 4.1 sits on two 1x24 rows. Other file extents (mm): PinSocket_1x24_P2.54mm_Vertical.step: [2.54, 60.96, 11.6]; PinHeader_1x24_P2.54mm_Vertical.step: [2.54, 60.96, 11.54]"
ato-blade-fuse-littelfuse-02870-pcb3d,electrical,Fuse Littelfuse 02870 Series ATOF Blade Automotive,ATO/ATC standard blade fuse (Littelfuse ATOF 287 series),exact,pcb-3d.com,https://www.pcb-3d.com/wordpress/models/fuse_littelfuse_02870_series_atof_blade_automotive/,pcb-3d.com,pcb-3d.com free STEP download (no license stated),step,yes,no,01-REFERENCE/model/library/electrical/ato-blade-fuse-littelfuse-02870-pcb3d,19 x 5 x 19,1:1,162,4,Blade fuse body and blades,Download is a POST form to wp-content/uploads/step-free/...STEP.zip
ato-fuse-socket-keystone-3522-2-pcb3d,electrical,Fuse Holder Keystone 3522-2 PC Auto Fuse Socket,PCB-mount ATO/ATC blade fuse socket (Keystone 3522-2),close,pcb-3d.com,https://www.pcb-3d.com/wordpress/models/fuse_holder_keystone_3522-2_pc_auto_fuse_socket/,pcb-3d.com,pcb-3d.com free STEP download (no license stated),step,yes,no,01-REFERENCE/model/library/electrical/ato-fuse-socket-keystone-3522-2-pcb3d,19 x 4 x 11,1:1,1336,4,Socket only,"PCB socket, useful for the carriers if a board-level ATO fuse is used."
ato-fuse-socket-with-fuse-keystone-3522-2-pcb3d,electrical,Keystone 3522-2 socket with Littelfuse 02870 fuse,PCB ATO fuse socket with fuse fitted,close,pcb-3d.com,https://www.pcb-3d.com/wordpress/models/fuse_holder_keystone_3522-2_and_fuse_littelfuse_02870_seires_wm/,pcb-3d.com,pcb-3d.com free STEP download (no license stated),step,yes,no,01-REFERENCE/model/library/electrical/ato-fuse-socket-with-fuse-keystone-3522-2-pcb3d,19 x 5 x 23,1:1,5034,4,Assembly,
pushbutton-16mm-adafruit-1445-github,electrical,1445 16mm button,"16 mm panel-mount momentary pushbutton (Adafruit 1445, plastic)",close,GitHub (Adafruit_CAD_Parts),https://github.com/adafruit/Adafruit_CAD_Parts/tree/main/1145%2016mm%20button,Adafruit,MIT (Adafruit_CAD_Parts repo),step,yes,no,01-REFERENCE/model/library/electrical/pushbutton-16mm-adafruit-1445-github,19 x 19 x 24,1:1,23791,4,Button with nut,Stand-in for the page button / panel pushbuttons.
pushbutton-16mm-metal-adafruit-916-github,electrical,916 Metal Button,16 mm metal panel-mount momentary pushbutton (Adafruit 916) - similar class to DMWD 1NO+1NC button,close,GitHub (Adafruit_CAD_Parts),https://github.com/adafruit/Adafruit_CAD_Parts/tree/main/916%20metal%20button,Adafruit,MIT (Adafruit_CAD_Parts repo),step,yes,no,01-REFERENCE/model/library/electrical/pushbutton-16mm-metal-adafruit-916-github,22 x 19 x 37,1:1,49966,4,"Metal button body, nut, terminals",Parts-list P083 is a DMWD 1NO+1NC metal pushbutton (Amazon B09H29SZYS); confirm size.
pushbutton-mini-illuminated-adafruit-3104-github,electrical,3104/3105 Mini Illuminated Momentary Pushbutton,Mini illuminated momentary panel pushbutton,close,GitHub (Adafruit_CAD_Parts),https://github.com/adafruit/Adafruit_CAD_Parts/tree/main,Adafruit,MIT (Adafruit_CAD_Parts repo),step,yes,no,01-REFERENCE/model/library/electrical/pushbutton-mini-illuminated-adafruit-3104-github,10 x 8 x 10,1:1,788,3,Simple body,
pushbutton-power-switch-adafruit-1400-github,electrical,1400 Push Button Power Switch,Adafruit 1400 push-button power switch breakout (small PCB with tactile button),different,GitHub (Adafruit_CAD_Parts),https://github.com/adafruit/Adafruit_CAD_Parts/tree/main,Adafruit,MIT (Adafruit_CAD_Parts repo),step,yes,no,01-REFERENCE/model/library/electrical/pushbutton-power-switch-adafruit-1400-github,20 x 18 x 9,1:1,41552,4,Detailed body with terminals,"Measured 20.3x17.8x9 mm: it is a small breakout board, not a panel pushbutton."
can-pal-transceiver-adafruit-5708-github,electrical,5708 CAN Pal,"CAN transceiver breakout (Adafruit CAN Pal, TJA1051-class) - stand-in for SN65HVD230 module",close,GitHub (Adafruit_CAD_Parts),https://github.com/adafruit/Adafruit_CAD_Parts/tree/main,Adafruit,MIT (Adafruit_CAD_Parts repo),step,yes,no,01-REFERENCE/model/library/electrical/can-pal-transceiver-adafruit-5708-github,20 x 20 x 12,1:1,21934,5,Board with components and terminal block,"Not the SN65HVD230 blue module, but same role and similar size."
can-bus-bff-adafruit-5877-github,electrical,5877 CAN Bus BFF,CAN bus add-on board for QT Py/XIAO footprint,close,GitHub (Adafruit_CAD_Parts),https://github.com/adafruit/Adafruit_CAD_Parts/tree/main,Adafruit,MIT (Adafruit_CAD_Parts repo),step,yes,no,01-REFERENCE/model/library/electrical/can-bus-bff-adafruit-5877-github,18 x 21 x 6,1:1,10892,5,Board with components,XIAO-footprint compatible.
tfp401-hdmi-breakout-adafruit-github,electrical,2218 / 2219 TFP401 HDMI breakouts,TI TFP401 HDMI/DVI receiver breakout boards (sister chip to the TFP410 transmitter),different,GitHub (Adafruit_CAD_Parts),https://github.com/adafruit/Adafruit_CAD_Parts/tree/main,Adafruit,MIT (Adafruit_CAD_Parts repo),step,yes,no,01-REFERENCE/model/library/electrical/tfp401-hdmi-breakout-adafruit-github,68 x 51 x 8,1:1,81087,4,Boards with HDMI jack and FPC,"TFP401 is a receiver, the project needs a TFP410 transmitter; only the board-with-HDMI-jack envelope carries over. Other file extents (mm): 2218 HDMI TPF401 Breakout.step: [67.04, 50.8, 8.6]"
joystick-mini-adafruit-3102-github,electrical,3102 Mini Joystick,"Adafruit 3102 mini analog joystick (small arcade-style stick, 54 mm base), not a thumbstick",different,GitHub (Adafruit_CAD_Parts),https://github.com/adafruit/Adafruit_CAD_Parts/tree/main,Adafruit,MIT (Adafruit_CAD_Parts repo),step,yes,no,01-REFERENCE/model/library/electrical/joystick-mini-adafruit-3102-github,54 x 54 x 64,1:1,46950,4,Stick module,"Measured 54.5x54.5x64 mm, so it is a mini arcade stick, too big for the mirror thumbstick (P156)."
joystick-2axis-adafruit-512-github,electrical,512 Analog 2-axis Joystick,2-axis thumb joystick with select button (PS2-class),close,GitHub (Adafruit_CAD_Parts),https://github.com/adafruit/Adafruit_CAD_Parts/tree/main,Adafruit,MIT (Adafruit_CAD_Parts repo),step,yes,no,01-REFERENCE/model/library/electrical/joystick-2axis-adafruit-512-github,38 x 38 x 21,1:1,6536,4,Stick module,38 mm square PS2-style thumb joystick module; the nearest thumbstick stand-in for P156.
rotary-encoder-qt-adafruit-4991-github,electrical,4991 QT Rotary Encoder,Rotary encoder with push switch (PEC11-class) on I2C breakout,close,GitHub (Adafruit_CAD_Parts),https://github.com/adafruit/Adafruit_CAD_Parts/tree/main,Adafruit,MIT (Adafruit_CAD_Parts repo),step,yes,no,01-REFERENCE/model/library/electrical/rotary-encoder-qt-adafruit-4991-github,25 x 25 x 31,1:1,21034,4,Board with encoder,
rotary-encoder-ano-adafruit-5221-github,electrical,5221 ANO Rotary Encoder,ANO directional navigation + scroll wheel encoder,different,GitHub (Adafruit_CAD_Parts),https://github.com/adafruit/Adafruit_CAD_Parts/tree/main,Adafruit,MIT (Adafruit_CAD_Parts repo),step,yes,no,01-REFERENCE/model/library/electrical/rotary-encoder-ano-adafruit-5221-github,36 x 38 x 9,1:1,21594,4,Encoder wheel with 5 buttons,Alternative control-panel input.
toggle-switch-adafruit-3221-github,electrical,3221 Toggle Switch,Panel toggle switch,different,GitHub (Adafruit_CAD_Parts),https://github.com/adafruit/Adafruit_CAD_Parts/tree/main,Adafruit,MIT (Adafruit_CAD_Parts repo),step,yes,no,01-REFERENCE/model/library/electrical/toggle-switch-adafruit-3221-github,10 x 13 x 33,1:1,28347,4,Switch body,
hdmi-5in-backpack-adafruit-2232-github,electrical,2232 5in HDMI Backpack,TFP401-based HDMI-to-RGB display driver board,different,GitHub (Adafruit_CAD_Parts),https://github.com/adafruit/Adafruit_CAD_Parts/tree/main,Adafruit,MIT (Adafruit_CAD_Parts repo),step,yes,no,01-REFERENCE/model/library/electrical/hdmi-5in-backpack-adafruit-2232-github,122 x 92 x 12,1:1,1248,3,Simplified board,
rotary-encoder-bourns-pec11r-github-daxxn,electrical,Bourns PEC11R-4230F-S0024 and PEC11R detent models,Bourns PEC11R 12 mm rotary encoder with push switch,exact,GitHub (Daxxn/KiCAD-Component-Library),https://github.com/Daxxn/KiCAD-Component-Library/tree/HEAD/Models/Controls,Daxxn,MIT (repo),step,yes,no,01-REFERENCE/model/library/electrical/rotary-encoder-bourns-pec11r-github-daxxn,13 x 15 x 40,1:1,9964,4,"Encoder body, shaft, pins","Candidate control-panel encoder. Other file extents (mm): PEC11R-DB v3.step: [19.01, 28.0, 30.1]"
rotary-encoder-ec11-module-github-cwgstreet,electrical,EC11_encoder_module.step,EC11 rotary encoder on KY-040-style module,close,GitHub (cwgstreet/cloudSmoker),https://github.com/cwgstreet/cloudSmoker/tree/HEAD/Enclosure/models/EC11%20rotary%20encoder,cwgstreet,none stated (NOASSERTION),step,yes,no,01-REFERENCE/model/library/electrical/rotary-encoder-ec11-module-github-cwgstreet,24 x 24 x 44,1:1,920,3,FreeCAD model of module,License unclear.
blue-sea-systems-300a-on-off-switch-6006200-grabcad,electrical,Blue Sea Systems 300A On-Off Switch 6006200,Blue Sea Systems m-Series 6006 300 A on/off battery switch,close,GrabCAD,https://grabcad.com/library/blue-sea-systems-300a-on-off-switch-6006200-1,JH,GrabCAD terms (free download with account),step,no,yes,,,1:1,,4,"formats listed: STEP / IGES,Rendering",Project picked Blue Sea 9003e (e-Series); m-Series is the smaller alternative. dl373
bluesea-6008-switch-grabcad,electrical,BlueSea 6008 Switch,Blue Sea Systems m-Series 6008 battery switch,close,GrabCAD,https://grabcad.com/library/bluesea-6008-switch-1,Patrick Ostlund,GrabCAD terms (free download with account),step,no,yes,,,1:1,,4,"formats listed: Parasolid,SOLIDWORKS,STEP / IGES,SketchUp,Rendering",dl130
2300-grabcad,electrical,2300,Blue Sea Systems 2300 150 A 10-gang common busbar with cover,exact,GrabCAD,https://grabcad.com/library/2300-1,bob roberts,GrabCAD terms (free download with account),step,no,yes,,,1:1,,4,"formats listed: CATIA,STEP / IGES,Rendering",Parts list P007 is the 2300. dl252
common-150a-busbar-grabcad,electrical,Common 150A BusBar,Blue Sea 150 A common busbar (2300/2301 class),close,GrabCAD,https://grabcad.com/library/common-150a-busbar-1,Tachometre,GrabCAD terms (free download with account),step,no,yes,,,1:1,,4,formats listed: STEP / IGES,dl127
blue-sea-systems-2303-4-post-busbar-grabcad,electrical,Blue Sea Systems 2303 4 Post Busbar,Blue Sea Systems 2303 4-post busbar,close,GrabCAD,https://grabcad.com/library/blue-sea-systems-2303-4-post-busbar-1,Richard Trent,GrabCAD terms (free download with account),step,no,yes,,,1:1,,4,formats listed: STEP / IGES,dl251
blue-sea-systems-2126-maxibus-250a-bus-bar-grabcad,electrical,Blue Sea Systems #2126 Maxibus 250A Bus Bar,Blue Sea Systems 2126 MaxiBus 250 A busbar,close,GrabCAD,https://grabcad.com/library/blue-sea-systems-2126-maxibus-250a-bus-bar-1,Tim C,GrabCAD terms (free download with account),step,no,yes,,,1:1,,4,formats listed: STEP / IGES,dl38
2126-blue-sea-systems-bus-bar-grabcad,electrical,2126 Blue Sea Systems Bus Bar,Blue Sea Systems 2126 MaxiBus busbar,close,GrabCAD,https://grabcad.com/library/2126-blue-sea-systems-bus-bar-1,bob roberts,GrabCAD terms (free download with account),step,no,yes,,,1:1,,4,"formats listed: CATIA,STEP / IGES",dl298
blue-sea-systems-powerpost-2101-2102-2103-grabcad,electrical,"Blue Sea Systems PowerPost 2101, 2102, 2103",Blue Sea Systems PowerPost 2101/2102/2103 (small stud power posts),close,GrabCAD,https://grabcad.com/library/blue-sea-systems-powerpost-2101-2102-2103-1,Jeff Jordan,GrabCAD terms (free download with account),step,no,yes,,,1:1,,4,"formats listed: Parasolid,SOLIDWORKS,STEP / IGES,Rendering",Parts list P050 is Blue Sea 2003 PowerPost (3/8 in); these are the smaller family. dl134
blue-sea-systems-5-gang-mini-busbar-mock-model-grabcad,electrical,Blue Sea Systems 5 Gang Mini Busbar Mock Model,Blue Sea 5-gang mini busbar,different,GrabCAD,https://grabcad.com/library/blue-sea-systems-5-gang-mini-busbar-mock-model-1,Ben Fletcher,GrabCAD terms (free download with account),step,no,yes,,,1:1,,3,"formats listed: SOLIDWORKS 2016,STEP / IGES,Rendering",dl1109
bluesea-systems-mini-bus-bar-pn2304-grabcad,electrical,Bluesea systems mini bus bar PN2304,Blue Sea 2304 mini busbar,different,GrabCAD,https://grabcad.com/library/bluesea-systems-mini-bus-bar-pn2304-1,DiY ElectricCar,GrabCAD terms (free download with account),solidworks 2017,no,yes,,,1:1,,3,formats listed: SOLIDWORKS 2017,dl89
blue-sea-systems-dualbus-100a-5-circuit-bus-bar-grabcad,electrical,Blue Sea Systems DualBus 100A 5 circuit Bus Bar,Blue Sea DualBus 100 A 5-circuit busbar,different,GrabCAD,https://grabcad.com/library/blue-sea-systems-dualbus-100a-5-circuit-bus-bar-1,Too Much F360,GrabCAD terms (free download with account),step,no,yes,,,1:1,,3,"formats listed: Fusion 360,STEP / IGES",dl112
bus-bar-5-gang-with-cover-grabcad,electrical,"Bus Bar, 5 Gang, With Cover",Blue Sea 5-gang busbar with cover,different,GrabCAD,https://grabcad.com/library/bus-bar-5-gang-with-cover-1,Darin L,GrabCAD terms (free download with account),step,no,yes,,,1:1,,3,"formats listed: SOLIDWORKS,STEP / IGES,STL,Rendering",dl31
terminal-fuse-block-grabcad,electrical,Terminal Fuse Block,Blue Sea MRBF terminal fuse block (5191 class),exact,GrabCAD,https://grabcad.com/library/terminal-fuse-block-1,Darin L,GrabCAD terms (free download with account),step,no,yes,,,1:1,,4,"formats listed: SOLIDWORKS,STEP / IGES,Rendering",Author Darin L publishes Blue Sea parts; confirm it is 5191. dl321
100a-mrbf-terminal-fuse-grabcad,electrical,100A MRBF Terminal Fuse,MRBF 100 A terminal fuse,exact,GrabCAD,https://grabcad.com/library/100a-mrbf-terminal-fuse-1,Darin L,GrabCAD terms (free download with account),step,no,yes,,,1:1,,4,"formats listed: SOLIDWORKS,STEP / IGES,Rendering",dl276
blue-sea-fuse-holder-grabcad,electrical,Blue Sea Fuse Holder,Blue Sea fuse holder (ANL/MIDI/Maxi class; check),close,GrabCAD,https://grabcad.com/library/blue-sea-fuse-holder-1,Darin L,GrabCAD terms (free download with account),step,no,yes,,,1:1,,3,"formats listed: SOLIDWORKS,STEP / IGES,Rendering",dl155
st-blade-fuse-block-grabcad,electrical,ST Blade Fuse Block,Blue Sea ST blade fuse block,close,GrabCAD,https://grabcad.com/library/st-blade-fuse-block-1,Darin L,GrabCAD terms (free download with account),step,no,yes,,,1:1,,4,"formats listed: SOLIDWORKS,STEP / IGES,STL,Rendering",ATC/ATO blade block. dl1212
12-circuit-fuse-block-grabcad,electrical,12 Circuit Fuse Block,Blue Sea 12-circuit blade fuse block,close,GrabCAD,https://grabcad.com/library/12-circuit-fuse-block-1,Darin L,GrabCAD terms (free download with account),step,no,yes,,,1:1,,4,"formats listed: SOLIDWORKS,STEP / IGES,STL,Rendering",dl752
3a-atc-fuse-grabcad,electrical,3A ATC Fuse,ATC blade fuse 3 A,exact,GrabCAD,https://grabcad.com/library/3a-atc-fuse-1,Darin L,GrabCAD terms (free download with account),step,no,yes,,,1:1,,4,"formats listed: SOLIDWORKS,STEP / IGES,Rendering",dl808
50a-maxi-fuse-grabcad,electrical,50A Maxi Fuse,Maxi blade fuse 50 A,different,GrabCAD,https://grabcad.com/library/50a-maxi-fuse-1,Darin L,GrabCAD terms (free download with account),step,no,yes,,,1:1,,4,"formats listed: SOLIDWORKS,STEP / IGES,Rendering",dl618
midi-fuse-holder-grabcad,electrical,MIDI Fuse Holder,MIDI fuse holder,close,GrabCAD,https://grabcad.com/library/midi-fuse-holder-1,Jesper Nygaard Sørensen,GrabCAD terms (free download with account),step,no,yes,,,1:1,,3,"formats listed: STEP / IGES,Rendering",Project uses Blue Sea 5006-class MIDI holder. dl330
50a-midi-fuse-grabcad,electrical,50A MIDI FUSE,MIDI fuse 50 A,exact,GrabCAD,https://grabcad.com/library/50a-midi-fuse-1,rene fliegner,GrabCAD terms (free download with account),step,no,yes,,,1:1,,4,"formats listed: STEP / IGES,Rendering",Project uses 30 A and 100 A MIDI fuses. dl103
fuseholder-midi-with-40a-fuse-grabcad,electrical,Fuseholder Midi with 40A fuse,MIDI fuse holder with 40 A fuse,close,GrabCAD,https://grabcad.com/library/fuseholder-midi-with-40a-fuse-1,Tobias Krug,GrabCAD terms (free download with account),step,no,yes,,,1:1,,4,"formats listed: STEP / IGES,Rendering",dl258
fuse-holder-midi-bolt-grabcad,electrical,FUSE HOLDER MIDI BOLT,MIDI bolt-down fuse holder,close,GrabCAD,https://grabcad.com/library/fuse-holder-midi-bolt-1,carlos orellana,GrabCAD terms (free download with account),step,no,yes,,,1:1,,3,"formats listed: Autodesk Inventor,STEP / IGES",dl327
automotive-bolt-down-midi-fuse-grabcad,electrical,Automotive Bolt Down Midi Fuse,Bolt-down MIDI fuse,exact,GrabCAD,https://grabcad.com/library/automotive-bolt-down-midi-fuse-1,Chris Humphris,GrabCAD terms (free download with account),step,no,yes,,,1:1,,4,formats listed: STEP / IGES,dl663
littelfuse-04980933-x-midi-fuse-box-grabcad,electrical,Littelfuse 04980933.X MIDI Fuse Box,Littelfuse 04980933.X MIDI fuse holder,close,GrabCAD,https://grabcad.com/library/littelfuse-04980933-x-midi-fuse-box-1,Kai Tanaka,GrabCAD terms (free download with account),step,no,yes,,,1:1,,4,formats listed: STEP / IGES,dl168
bussmann-atc-fuse-block-with-fuses-grabcad,electrical,Bussmann ATC fuse block (with fuses),Bussmann ATC fuse block with fuses,close,GrabCAD,https://grabcad.com/library/bussmann-atc-fuse-block-with-fuses-1,Sam DiPasquale,GrabCAD terms (free download with account),step,no,yes,,,1:1,,4,"formats listed: STEP / IGES,Rendering",dl117
5-position-ato-fuse-block-grabcad,electrical,5 POSITION ATO FUSE BLOCK,5-position ATO fuse block,close,GrabCAD,https://grabcad.com/library/5-position-ato-fuse-block-1,robert,GrabCAD terms (free download with account),step,no,yes,,,1:1,,3,"formats listed: Autodesk Inventor,STEP / IGES,Rendering",dl605
blr-i-912-g-grabcad,electrical,BLR-I-912-G,OptiFuse BLR-I-912-G blade fuse block,close,GrabCAD,https://grabcad.com/library/blr-i-912-g-1,Kelsey Fleck,GrabCAD terms (free download with account),solidworks,no,yes,,,1:1,,4,formats listed: SOLIDWORKS,Same OptiFuse BLR family as parts-list P001 BLR-504 (4-position). SolidWorks only. dl305
fuse-ato-atc-5-amp-grabcad,electrical,FUSE ATO-ATC 5 AMP.,ATO/ATC 5 A blade fuse,exact,GrabCAD,https://grabcad.com/library/fuse-ato-atc-5-amp-1,SG,GrabCAD terms (free download with account),step,no,yes,,,1:1,,4,"formats listed: Autodesk Inventor,STEP / IGES,Rendering",dl1647
littelfuse-atof-blade-fuse-grabcad,electrical,Littelfuse ATOF Blade Fuse,Littelfuse ATOF blade fuse,exact,GrabCAD,https://grabcad.com/library/littelfuse-atof-blade-fuse-1,Rob T,GrabCAD terms (free download with account),step,no,yes,,,1:1,,4,"formats listed: STEP / IGES,Rendering,Other",dl753
in-line-blade-fuse-holder-grabcad,electrical,In-Line Blade Fuse Holder,Inline ATC blade fuse holder,close,GrabCAD,https://grabcad.com/library/in-line-blade-fuse-holder-1,Dawson Dueck,GrabCAD terms (free download with account),step,no,yes,,,1:1,,3,"formats listed: STEP / IGES,Rendering",Parts list P002/P073 inline ATC holders. dl921
ato-atc-in-line-fuse-holder-2-grabcad,electrical,ATO-ATC IN-LINE FUSE HOLDER,Inline ATO/ATC fuse holder,close,GrabCAD,https://grabcad.com/library/ato-atc-in-line-fuse-holder-2,SG,GrabCAD terms (free download with account),step,no,yes,,,1:1,,3,"formats listed: Autodesk Inventor,STEP / IGES,Rendering",dl510
automotive-micro-relay-grabcad,electrical,Automotive micro relay,Automotive micro ISO relay,close,GrabCAD,https://grabcad.com/library/automotive-micro-relay-1,Kit Headley,GrabCAD terms (free download with account),step,no,yes,,,1:1,,3,"formats listed: PTC Creo Parametric 2.0,STEP / IGES,Rendering",Song Chuan 871 is a micro ISO relay. dl337
35_20-amp-automotive-micro-relay-grabcad,electrical,35_20 Amp Automotive Micro Relay,35/20 A automotive micro relay,close,GrabCAD,https://grabcad.com/library/35_20-amp-automotive-micro-relay-1,Martin Vander Eyken,GrabCAD terms (free download with account),step,no,yes,,,1:1,,4,"formats listed: SOLIDWORKS 2016,STEP / IGES,Rendering",dl288
automotive-mini-relay-grabcad,electrical,Automotive mini-relay,Automotive mini ISO relay,close,GrabCAD,https://grabcad.com/library/automotive-mini-relay-1,Mateusz Miksza,GrabCAD terms (free download with account),step,no,yes,,,1:1,,4,"formats listed: SOLIDWORKS 2016,STEP / IGES,Rendering,Other",Picker PC792E is a mini ISO relay (sealed). dl1223
bosch-style-30a-automotive-relay-dimensionally-accurate-grabcad,electrical,Bosch style 30A automotive relay - dimensionally accurate,Bosch-style 30 A mini ISO relay (dimensionally accurate),close,GrabCAD,https://grabcad.com/library/bosch-style-30a-automotive-relay-dimensionally-accurate-1,Sparky,GrabCAD terms (free download with account),step,no,yes,,,1:1,,4,"formats listed: STEP / IGES,Rendering",dl263
bosch-automotive-relay-0332209150-grabcad,electrical,Bosch Automotive Relay 0332209150,Bosch 0332209150 mini ISO relay,close,GrabCAD,https://grabcad.com/library/bosch-automotive-relay-0332209150-1,John Sweet,GrabCAD terms (free download with account),step,no,yes,,,1:1,,4,"formats listed: Autodesk Inventor,STEP / IGES,Rendering",dl648
automotive-relay-connector-grabcad,electrical,Automotive Relay / Connector,Automotive mini relay with connector/socket,close,GrabCAD,https://grabcad.com/library/automotive-relay-connector-1,Tauntdevil,GrabCAD terms (free download with account),solidworks 2013,no,yes,,,1:1,,3,"formats listed: SOLIDWORKS 2013,Rendering","Relay socket stand-in (Chief 5-pin weatherproof socket, P005). dl863"
30-40-amp-relay-assembly-with-mount-and-plug-automotive-styl-grabcad,electrical,30-40 Amp Relay Assembly with mount and plug Automotive style,Mini ISO relay with mount and plug,close,GrabCAD,https://grabcad.com/library/30-40-amp-relay-assembly-with-mount-and-plug-automotive-style-1,Dale Dillhoff,GrabCAD terms (free download with account),step,no,yes,,,1:1,,3,"formats listed: SOLIDWORKS,STEP / IGES",dl33
display-12p3in-hdmi-lcd-waveshare,electrical,12.3inch HDMI LCD 3D file (V1) + dimension PDF,Waveshare 12.3 in 1920x720 HDMI bar LCD with driver board (candidate for the 12.3 in bar display),close,Waveshare wiki,https://www.waveshare.com/wiki/12.3inch_HDMI_LCD,Waveshare,Waveshare free download (no license stated),step,yes,no,01-REFERENCE/model/library/electrical/display-12p3in-hdmi-lcd-waveshare,323 x 22 x 142,1:1,180279,5,"Panel, cover glass, driver board, connectors","600 nit touch panel; the project wants 900-1000 nit. The outline is typical of 12.3 in bar panels, but the exact glass must be confirmed."
display-12p3in-1920x720-lcd-waveshare,electrical,"12.3inch 1920x720 LCD 3D (in-cell touch, HDMI/Type-C)",Waveshare 12.3 in 1920x720 in-cell touch bar LCD,close,Waveshare wiki,https://www.waveshare.com/wiki/12.3inch_1920x720_LCD,Waveshare,Waveshare free download (no license stated),step,yes,no,01-REFERENCE/model/library/electrical/display-12p3in-1920x720-lcd-waveshare,123 x 301 x 17,1:1,92768,5,Panel with rear electronics,Second 12.3 in bar-display candidate.
bt817-me817ev-datasheet-bridgetek,electrical,ME817EV BT817 Evaluation Board datasheet (mechanical dimensions p.20),Bridgetek ME817EV BT817 EVE evaluation board,exact,brtchip.com,https://brtchip.com/product/me817ev/,Bridgetek,Bridgetek public datasheet,drawing,yes,no,01-REFERENCE/model/library/electrical/bt817-me817ev-datasheet-bridgetek,,1:1,,4,"Mechanical dimensions drawing; board is 160x100 mm, 4-layer","No free 3D model found (SnapEDA lists footprint/symbol only, login). The BT817 chip package is in kicad-vqfn64-bt817-kicad. [measure failed: file_type 'pdf' not supported]"
aem-30-0300-install-drawing-aem,electrical,AEM 30-0300 X-Series UEGO gauge instructions (LSU4.9 and FAE versions),AEM 30-0300 X-Series 52 mm wideband gauge,exact,aemelectronics.com / summitracing.com,https://www.aemelectronics.com/products/dashes_and_gauges/wideband_gauges/x_series_wideband/parts/30-0300,AEM Electronics,public instructions PDF,drawing,yes,no,01-REFERENCE/model/library/electrical/aem-30-0300-install-drawing-aem,,1:1,,2,Instructions with wiring; 52 mm (2-1/16 in) mounting diameter; little else dimensioned,No 3D model of the gauge found; use a generic 52 mm gauge body plus the pods. [measure failed: file_type 'pdf' not supported]
bosch-lsu49-datasheet-bosch-motorsport,electrical,Bosch Motorsport LSU 4.9 data sheets (current + 2008),Bosch LSU 4.9 wideband lambda sensor,exact,bosch-motorsport.com,https://www.bosch-motorsport.com/content/downloads/Raceparts/Resources/pdf/Data%20Sheet_69034379_Lambda_Sensor_LSU_4.9.pdf,Bosch Motorsport,public data sheet,drawing,yes,no,01-REFERENCE/model/library/electrical/bosch-lsu49-datasheet-bosch-motorsport,,1:1,,5,"Dimensioned sensor drawing: dia 22.6, M18x1.5, body 27.8, connector dia 17.6",Use to check bosch-lsu49-printables-ej20g. [measure failed: file_type 'pdf' not supported]
rx7-sa22c-cabin-light-switch-printables-grantd,electrical,Mazda RX-7 SA22C Cabin Light Switch,1979-85 RX-7 (SA22C/FB) cabin/dome light switch,exact,Printables,https://www.printables.com/model/467216-mazda-rx-7-sa22c-cabin-light-switch,GrantD,Creative Commons — Attribution — Noncommercial,stl,yes,no,01-REFERENCE/model/library/electrical/rx7-sa22c-cabin-light-switch-printables-grantd,12 x 18 x 7,1:1,6508,3,Printable replacement switch part,Car-specific electrical part. Printables summary: Replacement Cabin Light switch for SA22C RX-7.
rx7-fb-turn-signal-canceler-printables-themagicd,electrical,Rx7 FB and other Mazda turn signal canceler bridge,RX-7 FB (and other Mazda) combination-switch turn-signal canceler bridge,exact,Printables,https://www.printables.com/model/260517-rx7-fb-and-other-mazda-turn-signal-canceler-bridge,TheMagicD,Creative Commons — Public Domain,stl,yes,no,01-REFERENCE/model/library/electrical/rx7-fb-turn-signal-canceler-printables-themagicd,57 x 4 x 20,1:1,348,3,Small printed internal part of the combination switch,Only piece of the 1979-85 combination switch found. Printables summary: The bridge that holds the spring for the turn signal and that activates the turn signal cancel as shown in the picture.
rx7-sa22c-wiper-refresh-kit-printables-grantd,electrical,SA22C RX7 Wiper Refresh Kit,1979-85 RX-7 SA22C wiper linkage bushings and wiper-motor firewall mounts,exact,Printables,https://www.printables.com/model/1594937-sa22c-rx7-wiper-refresh-kit,GrantD,Creative Commons — Attribution — Noncommercial — NoDerivatives,stl,yes,no,01-REFERENCE/model/library/electrical/rx7-sa22c-wiper-refresh-kit-printables-grantd,23 x 23 x 7,1:1,2926,3,"Ball bushings, anti-vibration mount, firewall mounts; not the motor itself","Nearest thing to the wiper motor: its mounting parts. Printables summary: Bushings to rebuild the SA22C wiper linkage assembly. Also includes the mounts. Other file extents (mm): Anti-Vibration Mount.stl: [22.998, 22.999, 7.0]; SA22C wiper kit.3mf: [658.925, 357.928, 8.25]; Wiper Firewall mount Inner.stl: [29.998, 29.999, 4.0]; Wiper Firewall mount outter.stl: [23.998, 23.999, 7.229]; Wiper ball bushing 16.2.stl: [25.0, 25.0, 8.25]; Wiper ball bushing 16.3.stl: [25.0, 25.0, 8.25]; Wiper ball bushing 16.4.stl: [25.0, 25.0, 8.25]"
rx7-radio-bezel-mount-plate-printables-grantd,electrical,Mazda Rx-7 Radio Bezel Top Mount Plate,1979-85 RX-7 radio bezel top mount plate / cap,exact,Printables,https://www.printables.com/model/467199-mazda-rx-7-radio-bezel-top-mount-plate,GrantD,Creative Commons — Public Domain,stl,yes,no,01-REFERENCE/model/library/electrical/rx7-radio-bezel-mount-plate-printables-grantd,142 x 42 x 6,1:1,5026,3,Bezel cap,Dash/radio area geometry. Printables summary: This plate mounts to the dash to hold the radio bezel in place.
optifuse-blr-504-datasheet-optifuse,electrical,OptiFuse BLR-504 / BLR-I-504 / BLR-506 STEP + datasheets,"OptiFuse BLR-504 4-position ATC/ATO fuse block with cover (parts list P001, Waytek 45643)",exact,optifuse.com,https://www.optifuse.com/fuseblocks-automotive-fuses-blr-504.php,OptiFuse,OptiFuse free manufacturer download (no license stated),step,yes,no,01-REFERENCE/model/library/electrical/optifuse-blr-504-datasheet-optifuse,100 x 26 x 50,1:1,72756,5,Manufacturer 3D of the exact fuse block; I = independent-circuit version; 506 = 6-way,"Direct STEP pattern: https://www.optifuse.com/optifuse_ecommerce_tools/3D/<PN>.stp.zip (inline holder/fuse PNs tried, none found). Other file extents (mm): BLR-I-504_stp/BLR-I-504.stp: [100.076, 40.381, 49.53]; BLR-506_stp/BLR-506.stp: [100.076, 40.381, 62.992]"
relay-datasheets-picker-songchuan,electrical,Picker PC792E and Song Chuan 871 datasheets (outline dimensions),Picker PC792E sealed mini ISO relay (P004) and Song Chuan 871 micro ISO relay (P003),exact,lvelectronics.com / octopart datasheets,https://www.lvelectronics.com/images/pdf/PC792E.pdf,Picker Components; Song Chuan,public datasheets,drawing,yes,no,01-REFERENCE/model/library/electrical/relay-datasheets-picker-songchuan,,1:1,,4,Outline and terminal-layout drawings,No manufacturer 3D found for either relay; GrabCAD community mini/micro ISO relay models are recorded as login-only. [measure failed: file_type 'pdf' not supported]
power-distribution-post-printables-addison,electrical,SINGLE POWER DISTRIBUTION POST,"Single power distribution post (insulated stud post, Blue Sea PowerPost class)",close,Printables,https://www.printables.com/model/186164-single-power-distribution-post,Howard Addison,Creative Commons — Attribution,stl,yes,no,01-REFERENCE/model/library/electrical/power-distribution-post-printables-addison,30 x 15 x 60,1:1,5022,3,Printable post body,Stand-in for Blue Sea 2003 PowerPost (P050). Printables summary: Heavy duty post mounted on a base. Single connection to suit a variety of power distribution applications
power-post-3-8-bolt-printables-runaboutdan,electrical,3/8 bolt Power Block/Terminal Post,3/8 in bolt power block / terminal post,close,Printables,https://www.printables.com/model/1275845-38-bolt-power-blockterminal-post,RunaboutDan,Creative Commons — Attribution,stl,yes,no,01-REFERENCE/model/library/electrical/power-post-3-8-bolt-printables-runaboutdan,64 x 19 x 13,1:1,1660,3,Printable base and cap for a 3/8 in stud,"3/8 in stud distribution post stand-in. Printables summary: 3/8 bolt power block or terminal post with a 2"" spacing that has the same footprint as a Ford starter solenoid. Other file extents (mm): 3-8 Junction Block Base v3.stl: [65.786, 25.146, 5.08]; 3-8 Junction Block Base.stl: [65.532, 21.082, 5.08]; 3-8 Junction Block v3.stl: [63.5, 22.86, 15.748]"
fuse-relay-box-automotive-printables-scottyprints,electrical,Automotive / Marine fuse & relay box,"Automotive/marine fuse and relay box (ATC fuses + mini ISO relays), includes Bosch 30 A relay SLDPRT",close,Printables,https://www.printables.com/model/336453-automotive-marine-fuse-relay-box,ScottyPrints,Creative Commons — Attribution,stl,yes,no,01-REFERENCE/model/library/electrical/fuse-relay-box-automotive-printables-scottyprints,80 x 98 x 27,1:1,6160,3,"Printable box, SolidWorks source and a Bosch mini relay part","The Bosch relay SLDPRT is a mini ISO relay model (not measured, SolidWorks format). Printables summary: my rendition of a fuse box I needed after installing some rock & ditch lights on my truck. Other file extents (mm): fuse panel 40amp relay.stl: [80.0, 98.0, 25.0]; cover.stl: [85.0, 103.0, 37.0]"
relay-sockets-all-car-relays-thingiverse-sportidesign,electrical,Relay-sockets for all types of car relay,"Printable sockets for mini ISO, power-mini and micro ISO automotive relays (DIN 46340 receptacles)",close,Thingiverse (via archive.org mirror),https://www.thingiverse.com/thing:4067289,SPORTIDESIGN,CC BY 4.0,stl,yes,no,01-REFERENCE/model/library/electrical/relay-sockets-all-car-relays-thingiverse-sportidesign,25 x 27 x 25,1:1,4284,3,"Socket bodies (mini ISO, power mini, micro ISO)","Downloaded from archive.org/details/thingiverse-4067289 (Thingiverse /zip returned HTML). Gives mini/micro ISO pin-pattern geometry. Other file extents (mm): extracted/files/Relayholder-Type-4-mikro-screwconnection.stl: [15.4, 34.2, 37.0]; extracted/files/Relayholder-Type-2a-mini-universal.stl: [22.6, 25.7, 25.0]; extracted/files/Relayholder-Type-3a-power-mini-universal.stl: [23.4, 32.05, 31.0]"
relay-holder-4-5-terminal-thingiverse,electrical,4 or 5 terminal automotive relay holder for cheap terminals,Printable mini ISO relay socket (4/5 terminal),close,Thingiverse (via archive.org mirror),https://www.thingiverse.com/thing:1977671,(see attribution_card.html),CC BY 4.0,stl,yes,no,01-REFERENCE/model/library/electrical/relay-holder-4-5-terminal-thingiverse,28 x 34 x 40,1:1,1422,3,Socket body,archive.org mirror.
teensy_4-1_assembly-grabcad,electrical,Teensy_4.1_Assembly,Teensy 4.1 board,exact,GrabCAD,https://grabcad.com/library/teensy_4-1_assembly-1,Bryan Hall,GrabCAD terms (free download with account),step,no,yes,,,1:1,,4,formats listed: STEP / IGES,Probably the same PJRC-derived assembly as teensy41-step-github-xengi. dl709
teensy-4-1-ethernet-kit-board-2-grabcad,electrical,Teensy 4.1 Ethernet Kit Board,Teensy 4.1 ethernet kit board,close,GrabCAD,https://grabcad.com/library/teensy-4-1-ethernet-kit-board-2,Andrea Moreschi,GrabCAD terms (free download with account),step,no,yes,,,1:1,,3,formats listed: STEP / IGES,dl363
seeed-studio-xiao-esp32c3-grabcad,electrical,Seeed Studio XIAO ESP32C3,Seeed XIAO ESP32C3 board,exact,GrabCAD,https://grabcad.com/library/seeed-studio-xiao-esp32c3-1,Miguel Gaspar,GrabCAD terms (free download with account),step,no,yes,,,1:1,,4,formats listed: STEP / IGES,dl850
sid-xiao-esp32c3-arduino-grabcad,electrical,"Sid Xiao ESP32C3, Arduino",Seeed XIAO ESP32C3 board,exact,GrabCAD,https://grabcad.com/library/sid-xiao-esp32c3-arduino-1,minju Jin,GrabCAD terms (free download with account),step,no,yes,,,1:1,,3,"formats listed: STEP / IGES,Rendering",dl104
seeed-studio-xiao-esp32c3-2-grabcad,electrical,Seeed Studio XIAO ESP32C3,Seeed XIAO ESP32C3 board (official Seeed upload),exact,GrabCAD,https://grabcad.com/library/seeed-studio-xiao-esp32c3-2,Seeed Studio,GrabCAD terms (free download with account),step,no,yes,,,1:1,,5,"formats listed: STEP / IGES,Rendering",Official copy also downloaded from Printables. dl792
can-transiver-sn65hvd230-grabcad,electrical,CAN Transiver SN65HVD230,SN65HVD230 CAN transceiver module (blue breakout),exact,GrabCAD,https://grabcad.com/library/can-transiver-sn65hvd230-1,1 1,GrabCAD terms (free download with account),step,no,yes,,,1:1,,4,formats listed: STEP / IGES,Parts list P143 desk modules. dl134
can-bus-breakout-board-for-seeed-studio-xiao-grabcad,electrical,CAN Bus Breakout Board for Seeed Studio XIAO,Seeed CAN bus breakout for XIAO,close,GrabCAD,https://grabcad.com/library/can-bus-breakout-board-for-seeed-studio-xiao-1,Seeed Studio,GrabCAD terms (free download with account),step,no,yes,,,1:1,,5,"formats listed: STEP / IGES,Rendering",Also downloaded from Printables. dl112
deutsch-connectors-dt-series-grabcad,electrical,Deutsch Connectors - DT Series,Deutsch DT series connectors (community),exact,GrabCAD,https://grabcad.com/library/deutsch-connectors-dt-series-1,Cassio Fernando,GrabCAD terms (free download with account),step,no,yes,,,1:1,,3,"formats listed: STEP / IGES,Rendering",Official TE models already downloaded. dl468
deutsch-connector-12pin-grabcad,electrical,Deutsch Connector 12pin,Deutsch DT 12-pin connector (community),exact,GrabCAD,https://grabcad.com/library/deutsch-connector-12pin-1,Petrus Priyo Santosa,GrabCAD terms (free download with account),solidworks 2008,no,yes,,,1:1,,3,formats listed: SOLIDWORKS 2008,dl710
dt04-12p-grabcad,electrical,DT04-12P,Deutsch DT04-12P (community),exact,GrabCAD,https://grabcad.com/library/dt04-12p-1,SIBU,GrabCAD terms (free download with account),step,no,yes,,,1:1,,3,"formats listed: STEP / IGES,Rendering",dl44
battery-odyssey-pc680-grabcad,electrical,"Battery, Odyssey PC680",Odyssey PC680 AGM battery,exact,GrabCAD,https://grabcad.com/library/battery-odyssey-pc680-1,Nathan,GrabCAD terms (free download with account),step,no,yes,,,1:1,,4,"formats listed: KeyCreator,SOLIDWORKS 2014,STEP / IGES",dl601
odyssey-battery-grabcad,electrical,Odyssey battery,Odyssey battery,close,GrabCAD,https://grabcad.com/library/odyssey-battery,close,GrabCAD terms (free download with account),3,no,yes,,,1:1,,3,formats listed: 3,Found via web search; confirm model. Found via web search; confirm model.
sketchfab-splitter-canbus-deutsch-cpfingstmann,electrical,Splitter canbus deutsch,CAN bus splitter with Deutsch DT connectors,close,Sketchfab,https://sketchfab.com/3d-models/8cbf01389694415fa2bf8f0b0c0d0207,cpfingstmann,CC Attribution,glb,no,yes,,,1:1,,2,Sketchfab downloadable (account required),Mesh/visual model; dimensions unverified.
sketchfab-car-battery-amt16,electrical,Car Battery,generic 12 V car battery (mesh),close,Sketchfab,https://sketchfab.com/3d-models/5b60936580ab43eb9f0a21164a2ac40e,amt16,CC Attribution,glb,no,yes,,,1:1,,2,Sketchfab downloadable (account required),Mesh/visual model; dimensions unverified.
sketchfab-car-battery-ashleymawson,electrical,Car Battery,generic 12 V car battery (mesh),close,Sketchfab,https://sketchfab.com/3d-models/728462a4f3f744008bd2c702604bb95c,AshleyMawson,CC Attribution,glb,no,yes,,,1:1,,2,Sketchfab downloadable (account required),Mesh/visual model; dimensions unverified.
sketchfab-car-battery-scan-unrealengine432,electrical,Car battery scan,scanned 12 V car battery,close,Sketchfab,https://sketchfab.com/3d-models/668060da52e549a88f574025961cbb50,unrealengine432,CC Attribution,glb,no,yes,,,1:1,,2,Sketchfab downloadable (account required),Mesh/visual model; dimensions unverified.
sketchfab-bosch-car-battery-scanme,electrical,Bosch car battery,Bosch 12 V car battery (scan),close,Sketchfab,https://sketchfab.com/3d-models/68c36c21b1be4fdb830b534187b48f92,ScanMe,CC Attribution-NonCommercial-ShareAlike,glb,no,yes,,,1:1,,2,Sketchfab downloadable (account required),Mesh/visual model; dimensions unverified.
sketchfab-car-battery-anrico.opperman,electrical,Car Battery,generic 12 V car battery,close,Sketchfab,https://sketchfab.com/3d-models/1ec2c58d7a514b5ea779381a5a49e763,anrico.opperman,CC Attribution,glb,no,yes,,,1:1,,2,Sketchfab downloadable (account required),Mesh/visual model; dimensions unverified.
sketchfab-car-battery-cut-though-klaxoneer,electrical,Car battery cut though,cut-away 12 V car battery,different,Sketchfab,https://sketchfab.com/3d-models/455c1b96e8214b45ac06bb2742d8b50d,klaxoneer,CC Attribution,glb,no,yes,,,1:1,,2,Sketchfab downloadable (account required),Mesh/visual model; dimensions unverified.
sketchfab-automotive-relay-ecramirez,electrical,Automotive Relay,mini ISO automotive relay (mesh),close,Sketchfab,https://sketchfab.com/3d-models/f1921b54ff53439a9cac6d5b38db6bff,ecramirez,CC Attribution,glb,no,yes,,,1:1,,2,Sketchfab downloadable (account required),Mesh/visual model; dimensions unverified.
sketchfab-lincoln-wiper-motor-marolf101x,electrical,Lincoln wiper motor,"wiper motor (Lincoln, not Mazda)",different,Sketchfab,https://sketchfab.com/3d-models/1ee7244f3516484888bb8801804f159f,marolf101x,CC Attribution,glb,no,yes,,,1:1,,2,Sketchfab downloadable (account required),Mesh/visual model; dimensions unverified.
battery-odyssey-pc680-pc925-datasheets,electrical,Odyssey PC680 / PC925 technical data sheets + quick reference,Odyssey PC680 and PC925 AGM batteries (compact battery options),close,odysseybattery.com / tayna.com,https://www.odysseybattery.com/wp-content/uploads/sites/2/odyssey-battery-quick-reference.pdf,EnerSys (Odyssey),public data sheets,drawing,yes,no,01-REFERENCE/model/library/electrical/battery-odyssey-pc680-pc925-datasheets,,1:1,,4,Dimensioned data sheets: PC680 183 x 76 x 168 mm (163 mm to terminal tops),Tayna PDFs had 14 leading newlines; stripped so they open. Which battery the car gets is not settled in the parts list. [measure failed: file_type 'pdf' not supported]
rx-7-fuse-box-cover-grabcad,electrical,RX-7 Fuse box cover,RX-7 fuse box cover (generation not stated - check if FB),close,GrabCAD,https://grabcad.com/library/rx-7-fuse-box-cover-1,Sean Wessels,GrabCAD terms (free download with account),geomagic design,no,yes,,,1:1,,2,"formats listed: Geomagic Design,STL,Rendering",Only RX-7 fuse-box item found anywhere; STL from Geomagic. dl151
jd1914-12v-40a-relay-grabcad,electrical,jd1914 12v 40a relay,JD1914 12 V 40 A mini ISO relay,close,GrabCAD,https://grabcad.com/library/jd1914-12v-40a-relay-1,peter jansen,GrabCAD terms (free download with account),step,no,yes,,,1:1,,4,"formats listed: Fusion 360,STEP / IGES,Rendering,Other",dl429
12v-40a-4-pin-car-relay-grabcad,electrical,12v 40A 4-pin car relay,12 V 40 A 4-pin mini ISO car relay,close,GrabCAD,https://grabcad.com/library/12v-40a-4-pin-car-relay-1,Dorus Groen,GrabCAD terms (free download with account),step,no,yes,,,1:1,,4,"formats listed: STEP / IGES,Rendering",dl729
houshing-relay-bosch-grabcad,electrical,Houshing Relay Bosch,Bosch mini ISO relay socket housing,close,GrabCAD,https://grabcad.com/library/houshing-relay-bosch-1,Petrus Priyo Santosa,GrabCAD terms (free download with account),solidworks 2008,no,yes,,,1:1,,3,formats listed: SOLIDWORKS 2008,Relay socket stand-in. dl325
2-way-black-metri-pack-630-sealed-female-connector-grabcad,electrical,2 Way Black Metri-Pack 630 Sealed Female Connector,Aptiv Metri-Pack 630 2-way sealed connector,different,GrabCAD,https://grabcad.com/library/2-way-black-metri-pack-630-sealed-female-connector-1,Matthew Carson,GrabCAD terms (free download with account),step,no,yes,,,1:1,,3,"formats listed: STEP / IGES,Rendering",dl187
aptiv-delphi-packard-weather-pack-female-connector-grabcad,electrical,Aptiv (Delphi Packard) Weather Pack Female Connector,Aptiv Weather Pack female connector,different,GrabCAD,https://grabcad.com/library/aptiv-delphi-packard-weather-pack-female-connector-1,Jonas Westerholm,GrabCAD terms (free download with account),step,no,yes,,,1:1,,3,"formats listed: SOLIDWORKS 2017,STEP / IGES,Rendering",Weatherproof relay sockets (Chief) use Metri-Pack/Weather-Pack style terminals. dl236
52mm-pressure-gauge-grabcad,electrical,52mm Pressure Gauge,52 mm gauge body,close,GrabCAD,https://grabcad.com/library/52mm-pressure-gauge-1,Mark Flintoft,GrabCAD terms (free download with account),step,no,yes,,,1:1,,3,"formats listed: STEP / IGES,Rendering",Generic 52 mm gauge stand-in for AEM 30-0300. dl827
52-mm-gauge-grabcad,electrical,52 mm gauge,52 mm gauge body,close,GrabCAD,https://grabcad.com/library/52-mm-gauge-1,Egor Yy,GrabCAD terms (free download with account),step,no,yes,,,1:1,,3,"formats listed: STEP / IGES,Rendering",dl97
aem-grabcad,electrical,AEM,AEM gauge (model not stated),close,GrabCAD,https://grabcad.com/library/aem-1,Andrew Vitaljic,GrabCAD terms (free download with account),solidworks 2016,no,yes,,,1:1,,3,"formats listed: SOLIDWORKS 2016,Rendering",SolidWorks only. dl300
innovate-mtx-l-3918-grabcad,electrical,Innovate MTX-L 3918,Innovate MTX-L 52 mm wideband gauge,close,GrabCAD,https://grabcad.com/library/innovate-mtx-l-3918-1,Tõnis Väin,GrabCAD terms (free download with account),step,no,yes,,,1:1,,4,"formats listed: STEP / IGES,Rendering","Competitor 52 mm wideband gauge, same envelope class as AEM X-Series. dl98"
gauge-pods-2-grabcad,electrical,Gauge pods,Gauge pods,different,GrabCAD,https://grabcad.com/library/gauge-pods-2,marc,GrabCAD terms (free download with account),step,no,yes,,,1:1,,2,formats listed: STEP / IGES,dl39
tps54560-grabcad,electrical,TPS54560,TI TPS54560 package model,exact,GrabCAD,https://grabcad.com/library/tps54560-1,Serhii Diachenko,GrabCAD terms (free download with account),step,no,yes,,,1:1,,4,formats listed: STEP / IGES,Package also covered by KiCad TI_SO-PowerPAD-8. dl68
riverdi-tft-ips-display-4-3-rgb-grabcad,electrical,"Riverdi TFT IPS Display 4.3"" RGB",Riverdi 4.3 in IPS RGB TFT,different,GrabCAD,https://grabcad.com/library/riverdi-tft-ips-display-4-3-rgb-1,Peter S.,GrabCAD terms (free download with account),step,no,yes,,,1:1,,3,"formats listed: Autodesk Inventor,STEP / IGES,Rendering",Riverdi makes BT817 EVE4 displays. dl62
ec11-rotary-encoder-with-switch-grabcad,electrical,EC11 Rotary Encoder with Switch,Alps EC11 rotary encoder with switch,close,GrabCAD,https://grabcad.com/library/ec11-rotary-encoder-with-switch-1,Anthony Berkow,GrabCAD terms (free download with account),step,no,yes,,,1:1,,4,"formats listed: STEP / IGES,Rendering,Other",dl5959
ec11-rotary-encoder-dode-switch-15mm-grabcad,electrical,EC11 Rotary Encoder Dode Switch-15mm,EC11 rotary encoder 15 mm shaft,close,GrabCAD,https://grabcad.com/library/ec11-rotary-encoder-dode-switch-15mm-1,xindela,GrabCAD terms (free download with account),step,no,yes,,,1:1,,4,"formats listed: STEP / IGES,Rendering",dl3120
16mm-metal-push-button-grabcad,electrical,16mm metal push button,16 mm metal momentary pushbutton,close,GrabCAD,https://grabcad.com/library/16mm-metal-push-button-1,Damien Sorel,GrabCAD terms (free download with account),step,no,yes,,,1:1,,4,"formats listed: SOLIDWORKS,STEP / IGES",Page button / control panel candidate. dl3077
16mm-led-momentary-push-button-grabcad,electrical,16mm LED Momentary Push Button,16 mm LED momentary pushbutton,close,GrabCAD,https://grabcad.com/library/16mm-led-momentary-push-button-1,Lisa Fida,GrabCAD terms (free download with account),step,no,yes,,,1:1,,4,"formats listed: Fusion 360,STEP / IGES,Rendering",dl939
push-button-16mm-grabcad,electrical,Push button 16mm,16 mm pushbutton,close,GrabCAD,https://grabcad.com/library/push-button-16mm,Wayne Hunter,GrabCAD terms (free download with account),step,no,yes,,,1:1,,3,"formats listed: STEP / IGES,TurboCAD,Rendering",dl779
12v-battery-odyssey-pc680-grabcad,electrical,"12V Battery, Odyssey PC680",Odyssey PC680 AGM battery,exact,GrabCAD,https://grabcad.com/library/12v-battery-odyssey-pc680-1,bruce hodder,GrabCAD terms (free download with account),step,no,yes,,,1:1,,4,"formats listed: Autodesk Inventor 2012,STEP / IGES,Rendering",dl530
odyssey-odx-agm65-battery-grabcad,electrical,Odyssey ODX-AGM65 Battery,Odyssey ODX-AGM65 (Group 65) battery,close,GrabCAD,https://grabcad.com/library/odyssey-odx-agm65-battery-1,Darin L,GrabCAD terms (free download with account),step,no,yes,,,1:1,,4,"formats listed: SOLIDWORKS,STEP / IGES,Rendering",dl1247
antigravity-battery-2-grabcad,electrical,Antigravity Battery,Antigravity lithium battery,close,GrabCAD,https://grabcad.com/library/antigravity-battery-2,jose,GrabCAD terms (free download with account),step,no,yes,,,1:1,,3,"formats listed: Rhino,STEP / IGES,Rendering",dl91
antigravity-batteries-grabcad,electrical,Antigravity Batteries,Antigravity lithium battery,close,GrabCAD,https://grabcad.com/library/antigravity-batteries-1,Nemanja Petkov,GrabCAD terms (free download with account),step,no,yes,,,1:1,,3,"formats listed: STEP / IGES,STL,Rendering",dl77
12v-40ah-car-battery-terminals-grabcad,electrical,12V-40Ah-Car Battery & terminals,12 V 40 Ah car battery with post terminals,close,GrabCAD,https://grabcad.com/library/12v-40ah-car-battery-terminals-1,MEUNIER Stéphane,GrabCAD terms (free download with account),step,no,yes,,,1:1,,4,"formats listed: SOLIDWORKS 2014,STEP / IGES,Rendering",4415 downloads. dl4415
yuasa-battery-grabcad,electrical,Yuasa Battery,Yuasa battery,close,GrabCAD,https://grabcad.com/library/yuasa-battery,Marcos Armero,GrabCAD terms (free download with account),step,no,yes,,,1:1,,3,"formats listed: STEP / IGES,Rendering,Other",dl1327
pos-and-neg-tapered-battery-terminal-connectors-grabcad,electrical,POS AND NEG TAPERED BATTERY TERMINAL CONNECTORS,"SAE tapered-post battery terminals, positive and negative",exact,GrabCAD,https://grabcad.com/library/pos-and-neg-tapered-battery-terminal-connectors-1,George Buchert,GrabCAD terms (free download with account),step,no,yes,,,1:1,,4,"formats listed: SOLIDWORKS,STEP / IGES,Rendering",Parts list P095. dl70
positive-battery-terminal-clamp-grabcad,electrical,Positive Battery Terminal Clamp,Positive SAE battery terminal clamp,exact,GrabCAD,https://grabcad.com/library/positive-battery-terminal-clamp-1,Darin L,GrabCAD terms (free download with account),step,no,yes,,,1:1,,4,"formats listed: SOLIDWORKS,STEP / IGES,Rendering",Author Darin L. dl921
negative-battery-terminal-clamp-grabcad,electrical,Negative Battery Terminal Clamp,Negative SAE battery terminal clamp,exact,GrabCAD,https://grabcad.com/library/negative-battery-terminal-clamp-1,Darin L,GrabCAD terms (free download with account),step,no,yes,,,1:1,,4,"formats listed: SOLIDWORKS,STEP / IGES,Rendering",dl837
brass-m8-tapered-battery-terminal-posts-extenders-pos-and-ne-grabcad,electrical,"BRASS M8 TAPERED BATTERY TERMINAL POSTS/EXTENDERS, POS AND NEG",Brass tapered battery posts (M8),close,GrabCAD,https://grabcad.com/library/brass-m8-tapered-battery-terminal-posts-extenders-pos-and-neg-1,George Buchert,GrabCAD terms (free download with account),step,no,yes,,,1:1,,3,"formats listed: SOLIDWORKS,STEP / IGES,Rendering",dl60
m10-power-post-grabcad,electrical,M10 Power Post,M10 power/distribution post,close,GrabCAD,https://grabcad.com/library/m10-power-post-1,Refael Cohen,GrabCAD terms (free download with account),step,no,yes,,,1:1,,3,"formats listed: STEP / IGES,Rendering",dl18
heavy-duty-bus-bar-300a-4xm8-grabcad,electrical,Heavy Duty Bus Bar 300A (4xM8),300 A 4-stud busbar,different,GrabCAD,https://grabcad.com/library/heavy-duty-bus-bar-300a-4xm8-1,Mykola K,GrabCAD terms (free download with account),step,no,yes,,,1:1,,3,"formats listed: PTC Creo Elements,Solid Edge,STEP / IGES,Rendering",dl68
psp-1000-joystick-grabcad,electrical,Psp 1000 Joystick,PSP-1000 thumbstick,close,GrabCAD,https://grabcad.com/library/psp-1000-joystick-1,Veturis,GrabCAD terms (free download with account),step,no,yes,,,1:1,,4,"formats listed: STEP / IGES,STL,Rendering",Mirror thumbstick candidate (P156). dl892
psp-style-tht-mini-joystick-grabcad,electrical,PSP style THT Mini Joystick,PSP-style THT mini joystick,close,GrabCAD,https://grabcad.com/library/psp-style-tht-mini-joystick-1,Snake____1,GrabCAD terms (free download with account),step,no,yes,,,1:1,,4,"formats listed: STEP / IGES,Rendering",dl150
analog-thumb-joystick-grabcad,electrical,Analog Thumb Joystick,Analog thumb joystick,close,GrabCAD,https://grabcad.com/library/analog-thumb-joystick-1,Park SungYong,GrabCAD terms (free download with account),solidworks 2015,no,yes,,,1:1,,3,"formats listed: SOLIDWORKS 2015,Rendering",dl1017
dual-axis-xy-joystick-module-with-push-button-grabcad,electrical,Dual-axis XY Joystick Module with push button,Dual-axis joystick module with push,close,GrabCAD,https://grabcad.com/library/dual-axis-xy-joystick-module-with-push-button-1,Tine Logar,GrabCAD terms (free download with account),step,no,yes,,,1:1,,3,"formats listed: SOLIDWORKS 2016,STEP / IGES,Rendering",dl7895
serial-can-bus-module-seeedstudio-114991377-grabcad,electrical,"Serial CAN-BUS Module (SeeedStudio, 114991377)",Seeed serial CAN-bus module,different,GrabCAD,https://grabcad.com/library/serial-can-bus-module-seeedstudio-114991377-1,CHAPLARD,GrabCAD terms (free download with account),step,no,yes,,,1:1,,3,"formats listed: STEP / IGES,Rendering",dl93
car-steering-combination-switch-grabcad,electrical,Car steering combination switch,Generic steering-column combination switch (not Mazda),different,GrabCAD,https://grabcad.com/library/car-steering-combination-switch-1,Nithesh Shetty,GrabCAD terms (free download with account),step,no,yes,,,1:1,,2,"formats listed: STEP / IGES,Rendering",dl97
ignition-switch-delphi-50988-grabcad,electrical,Ignition switch Delphi 50988,Delphi ignition switch (not Mazda),different,GrabCAD,https://grabcad.com/library/ignition-switch-delphi-50988-1,Bale,GrabCAD terms (free download with account),step,no,yes,,,1:1,,2,"formats listed: STEP / IGES,Rendering",dl233
wiper-motor-15-grabcad,electrical,Wiper motor,Generic automotive wiper motor (not Mazda),different,GrabCAD,https://grabcad.com/library/wiper-motor-15,Ales A. Travnicek,GrabCAD terms (free download with account),step,no,yes,,,1:1,,3,"formats listed: STEP / IGES,Rendering",2043 downloads. dl2043
wiper-motor-2-grabcad,electrical,Wiper motor,Generic automotive wiper motor,different,GrabCAD,https://grabcad.com/library/wiper-motor-2,Ilirjan Leci,GrabCAD terms (free download with account),step,no,yes,,,1:1,,3,"formats listed: CATIA,Parasolid,PTC Creo Parametric,SOLIDWORKS 2015,Solid Edge 20,STEP / IGES,Rendering",dl1137
dt04-2p-grabcad,electrical,DT04-2P,"Deutsch DT04-2P (community, lunchbox)",exact,GrabCAD,https://grabcad.com/library/dt04-2p,lunchbox,GrabCAD terms (free download with account),step,no,yes,,,1:1,,4,"formats listed: Autodesk Inventor 2011,STEP / IGES,STL,Rendering",Official TE models already downloaded. dl642
dt04-12p-l012-grabcad,electrical,DT04-12P-L012,Deutsch DT04-12P-L012 flanged receptacle (community),exact,GrabCAD,https://grabcad.com/library/dt04-12p-l012,lunchbox,GrabCAD terms (free download with account),step,no,yes,,,1:1,,4,"formats listed: Autodesk Inventor 2011,SOLIDWORKS,STEP / IGES,STL,Rendering",dl574
dt04-6p-l012-bulkhead-grabcad,electrical,DT04-6P-L012 BULKHEAD,Deutsch DT04-6P-L012 flanged bulkhead receptacle,exact,GrabCAD,https://grabcad.com/library/dt04-6p-l012-bulkhead-1,Kev McCabe,GrabCAD terms (free download with account),step,no,yes,,,1:1,,4,formats listed: STEP / IGES,"Flange-mount variant, relevant to enclosure pass-throughs. dl85"
dt06-12s-grabcad,electrical,DT06-12S,Deutsch DT06-12S (community),exact,GrabCAD,https://grabcad.com/library/dt06-12s,lunchbox,GrabCAD terms (free download with account),step,no,yes,,,1:1,,4,"formats listed: Autodesk Inventor 2011,SOLIDWORKS,STEP / IGES,STL,Rendering",dl599
deutsch-3-4-6-pin-printed-circuit-board-header-connectors-grabcad,electrical,"Deutsch 3, 4, 6 Pin Printed Circuit Board Header Connectors",Deutsch DT 3/4/6-pin PCB header connectors,exact,GrabCAD,https://grabcad.com/library/deutsch-3-4-6-pin-printed-circuit-board-header-connectors-1,Nelson Stoldt,GrabCAD terms (free download with account),step,no,yes,,,1:1,,4,"formats listed: FreeCAD,STEP / IGES,Rendering",DT13/DT15-type headers. dl292
deutsch-connector-flexible-boots-backshells-grabcad,electrical,Deutsch Connector Flexible Boots / Backshells,Deutsch DT flexible boots/backshells,close,GrabCAD,https://grabcad.com/library/deutsch-connector-flexible-boots-backshells-1,Genis,GrabCAD terms (free download with account),step,no,yes,,,1:1,,3,"formats listed: STEP / IGES,Rendering",dl494
littelfuse-fuse-holder-3d-models-form,electrical,Littelfuse commercial-vehicle fuse holder 3D models (landing page),Littelfuse fuse holders incl. sealed ATO/MINI holders (MIDI/MEGA holders in the range),close,info.littelfuse.com,https://info.littelfuse.com/cvp-fuse-holder-3d-models-landing-page,Littelfuse,manufacturer download behind a contact form,step,no,yes,,,1:1,,5,,"Also https://info.littelfuse.com/ato-mini-sealed-fuse-holder-3d-model-landing-page and https://info.littelfuse.com/ato-afh-series-landing-page. Form-gated, not fetched."
littelfuse-mini-fuse-3dcontentcentral,electrical,Littelfuse mini fuse blade fuse 25 amp 0297025,Littelfuse MINI blade fuse,different,3D ContentCentral,https://www.3dcontentcentral.com/Download-Model.aspx?catalogid=171&id=726936,Littelfuse (supplier catalog),3D ContentCentral terms (free account),step,no,yes,,,1:1,,5,,MINI (ATM) not ATO; the ATO model was obtained from pcb-3d.com.
bluesea-official-product-cad-blocked,electrical,"Blue Sea Systems product pages (5191, 5502/5007100, 2300, 9003e, 2003, 5006)","Blue Sea Systems MRBF block, Class-T block, 2300 busbar, e-Series switch, PowerPost, MIDI holder",exact,bluesea.com,https://www.bluesea.com/products/5191/MRBF_Terminal_Fuse_Block_-_30_to_300A,Blue Sea Systems,manufacturer site,drawing,no,no,,,1:1,,,,"bluesea.com answers 403 to scripted requests (curl and fetch), and the archived page lists no CAD links. Nothing was fetched. Open it in a browser to check for spec-sheet or CAD downloads. Community models of the 2300, 6006/6008 and the MRBF block are recorded under GrabCAD (login)."
fb-tail-light-housing-rh-scan-printables-giooig13,parts,FB RX7 Tail Light Passenger Side Housing,"1979-85 SA22C/FB rear tail light housing, passenger (right) side, 3D scan",exact,printables,https://www.printables.com/model/993677-fb-rx7-tail-light-passenger-side-housing,GiooiG13,Creative Commons — Attribution — Noncommercial,stl,yes,no,01-REFERENCE/model/library/parts/fb-tail-light-housing-rh-scan-printables-giooig13,,1:1,1065874,3,"Housing only (scan mesh, ~1.07M tris); no lens/bulb detail separated","extents as found: 479.14; 217.06; 210.59 mm (3mf may load as m in trimesh). FB wraparound lamp housing. No description by author. Extents ~479x217x211 mm, consistent with 1:1 mm. Scan - check lens/mounting stud positions against the real part."
fb-turn-signal-canceler-bridge-printables-themagicd,parts,Rx7 FB and other Mazda turn signal canceler bridge,1980-85 RX-7 combination switch turn-signal cancel bridge (spring bridge),exact,printables,https://www.printables.com/model/260517-rx7-fb-and-other-mazda-turn-signal-canceler-bridge,TheMagicD,Creative Commons — Public Domain,stl,yes,no,01-REFERENCE/model/library/parts/fb-turn-signal-canceler-bridge-printables-themagicd,,1:1,348,3,Single small internal plastic part,extents as found: 56.85; 4.0; 20.33 mm (3mf may load as m in trimesh). Author broke original twice on 1980-85 combination switch; print 100% infill; notes Aliexpress complete combination switches ~30 USD.
fb-sunroof-latch-handle-printables-adnanklink,parts,RX7 Sunroof Latch Handle - First Generation FB,1979-85 FB sunroof latch handle (replacement),exact,printables,https://www.printables.com/model/318947-rx7-sunroof-latch-handle-first-generation-fb,adnanklink,Creative Commons — Attribution — Noncommercial — Share Alike,3mf/stl,yes,no,01-REFERENCE/model/library/parts/fb-sunroof-latch-handle-printables-adnanklink,,1:1,178040,4,"Handle only, fits original latch assembly; rotor-shaped grip (styled, not stock round)",extents as found: 0.11; 0.1; 0.02; 109.32; 104.48; 20.0 mm (3mf may load as m in trimesh). Reuses original heat-set insert; print on edge for spline strength. 3MF loads in metres in trimesh (0.109 m) = same as STL.
fb-glove-box-catch-printables-themagicd,parts,Rx7 Fb glove box catch,1985 FB glove box catch,exact,printables,https://www.printables.com/model/681842-rx7-fb-glove-box-catch,TheMagicD,Creative Commons — Attribution,stl,yes,no,01-REFERENCE/model/library/parts/fb-glove-box-catch-printables-themagicd,,1:1,5232,3,Two versions: long (tested) and short (untested),extents as found: 45.0; 45.0; 12.25; 45.0; 70.0; 12.25 mm (3mf may load as m in trimesh). Replacement for author's 85 FB; PETG.
fb-door-lock-guide-printables-lovc,parts,RX7 Fb Door Lock Guide,1979-85 FB door lock tab guide,exact,printables,https://www.printables.com/model/998734-rx7-fb-door-lock-guide,LoVC,Creative Commons — Attribution,stl,yes,no,01-REFERENCE/model/library/parts/fb-door-lock-guide-printables-lovc,,1:1,4560,3,"V1 tight-tolerance, V2 modified",extents as found: 36.81; 26.77; 11.0; 21.0; 34.0; 9.0 mm (3mf may load as m in trimesh). V1 follows original part measurements; straighter edges than OEM.
fb-wiper-grommet-printables-lovc,parts,RX7 FB Wiper Grommet,1979-85 FB wiper grommet,exact,printables,https://www.printables.com/model/998786-rx7-fb-wiper-grommet,LoVC,Creative Commons — Attribution,stl,yes,no,01-REFERENCE/model/library/parts/fb-wiper-grommet-printables-lovc,,1:1,1986,3,Grommet with 2 pop-rivet holes,extents as found: 29.0; 18.0; 7.0 mm (3mf may load as m in trimesh). Needs pop rivets.
rx7-emblem-printables-lovc,parts,Mazda Rx7 Emblem,1981-85 FB front and rear 'mazda' emblem,exact,printables,https://www.printables.com/model/998647-mazda-rx7-emblem,LoVC,Creative Commons — Attribution,3mf,yes,no,01-REFERENCE/model/library/parts/rx7-emblem-printables-lovc,,1:1,8768,3,Front and rear logo plates with guide prongs,extents as found: 155.07; 27.0; 10.0; 140.0; 24.38; 9.32 mm (3mf may load as m in trimesh). Not exact replica; text width/height close. 84-85 front emblem uses 3 prongs; glue on.
gx-rx7-emblem-printables-lovc,parts,GX RX7 Emblem,1981-83 FB 'GX' badge (Canadian market),close,printables,https://www.printables.com/model/998693-gx-rx7-emblem,LoVC,Creative Commons — Attribution,3mf/stl,yes,no,01-REFERENCE/model/library/parts/gx-rx7-emblem-printables-lovc,,1:1,2943388,3,Badge + blank + SVG text,extents as found: 50.0; 50.0; 5.0; 45.0; 45.0; 3.0 mm (3mf may load as m in trimesh). Modelled from photos. Our car is a US GS - GX badge does not apply but geometry style is similar.
fb-1985-dash-knob-printables-crazybandkid,parts,1985 mazda rx7 dash knob,1985 RX-7 dash knob (likely HVAC/lighting control knob),close,printables,https://www.printables.com/model/1746701-1985-mazda-rx7-dash-knob,just another crazy band kid,Creative Commons — Attribution,3mf,yes,no,01-REFERENCE/model/library/parts/fb-1985-dash-knob-printables-crazybandkid,,1:1,3614,2,Single knob,extents as found: 44.7; 44.7; 15.53 mm (3mf may load as m in trimesh). No description beyond 'replacement knob for the dash of my brothers rx7'. Which knob is unstated - verify against our 1982 dash (S2 knobs may differ from S3).
fb-hood-prop-bushing-printables-themagicd,parts,Mazda Rx7 Fb hood prop bushing,1979-85 FB hood prop rod pivot bushing,exact,printables,https://www.printables.com/model/681134-mazda-rx7-fb-hood-prop-bushing,TheMagicD,Creative Commons — Public Domain,stl,yes,no,01-REFERENCE/model/library/parts/fb-hood-prop-bushing-printables-themagicd,,1:1,3132,3,Single bushing,"extents as found: 10.7; 10.69; 25.0 mm (3mf may load as m in trimesh). Hammered onto prop rod end, clips into factory hole."
fb-electric-fan-shroud-printables-adnanklink,parts,Electric Fan Shroud for first gen RX7 FB,Electric fan shroud for 1979-85 FB stock radiator (Flex-a-lite 16 in fan),exact,printables,https://www.printables.com/model/298872-electric-fan-shroud-for-first-gen-rx7-fb,adnanklink,Creative Commons — Attribution — Noncommercial,3mf,yes,no,01-REFERENCE/model/library/parts/fb-electric-fan-shroud-printables-adnanklink,,1:1,55328,3,Multi-piece and one-piece versions,"extents as found: 0.58; 0.04; 0.44; 0.58; 0.02; 0.44 mm (3mf may load as m in trimesh). 3MF loads in metres in trimesh (0.58 x 0.44 m = 580 x 440 mm). Implies FB radiator core envelope; printed in polycarbonate; 10-32 screws + heat inserts. Cooling part, useful for engine-bay packaging."
sa22c-wiper-refresh-kit-printables-grantd,parts,SA22C RX7 Wiper Refresh Kit,1979-85 SA22C wiper linkage bushings and body mounts,exact,printables,https://www.printables.com/model/1594937-sa22c-rx7-wiper-refresh-kit,GrantD,Creative Commons — Attribution — Noncommercial — NoDerivatives,3mf/stl,yes,no,01-REFERENCE/model/library/parts/sa22c-wiper-refresh-kit-printables-grantd,,1:1,122432,3,"Anti-vibration mounts, firewall mounts, 3 tolerance variants of ball bushing",extents as found: 23.0; 23.0; 7.0; 25.0; 25.0; 8.25; 25.0; 25.0; 8.25; 25.0; 25.0; 8.25; 23.0; 23.0; 7.0; 658.92; 357.93; 8.25; 24.0; 24.0; 7.23; 30.0; 30.0; 4.0 mm (3mf may load as m in trimesh). Oval socket not yet included (author plans).
sa-gauge-pods-printables-grantd,parts,Gauge pods,52 mm gauge pod for SA22C A-pillar trim (GrantD),close,printables,https://www.printables.com/model/1594938-gauge-pods,GrantD,Creative Commons — Attribution — Noncommercial — Share Alike,stl,yes,no,01-REFERENCE/model/library/parts/sa-gauge-pods-printables-grantd,,1:1,63102,3,Pod body + base,extents as found: 56.49; 71.25; 56.5; 56.28; 45.0; 56.48 mm (3mf may load as m in trimesh). Fits 52.5 mm dia x 58.25 mm deep gauges; M3 heat-set inserts. Designed to mount on his printed SA A-pillar.
sa22c-cabin-light-switch-printables-grantd,parts,Mazda RX-7 SA22C Cabin Light Switch,SA22C cabin (dome) light switch slider,close,printables,https://www.printables.com/model/467216-mazda-rx-7-sa22c-cabin-light-switch,GrantD,Creative Commons — Attribution — Noncommercial,stl,yes,no,01-REFERENCE/model/library/parts/sa22c-cabin-light-switch-printables-grantd,,1:1,6508,3,Small switch actuator,extents as found: 11.5; 18.5; 7.1 mm (3mf may load as m in trimesh). SA22C 79-80; FB dome lamp likely same family - verify.
sa-radio-bezel-top-mount-plate-printables-grantd,parts,Mazda Rx-7 Radio Bezel Top Mount Plate,1979-80 RX-7 radio bezel top mount plate (part 60-406),close,printables,https://www.printables.com/model/467199-mazda-rx-7-radio-bezel-top-mount-plate,GrantD,Creative Commons — Public Domain,stl,yes,no,01-REFERENCE/model/library/parts/sa-radio-bezel-top-mount-plate-printables-grantd,,1:1,5026,4,Single plate,extents as found: 142.25; 41.8; 5.99 mm (3mf may load as m in trimesh). Dimensions taken directly from the original part. Check whether 81-85 dash uses the same plate.
sa-fb-bin-lid-piano-hinge-adapter-printables-grantd,parts,79-85 Mazda RX-7 Bin lid Piano Hinge adapter,1979-85 RX-7 rear storage bin lid to piano hinge adapter brackets,exact,printables,https://www.printables.com/model/768005-79-85-mazda-rx-7-bin-lid-piano-hinge-adapter,GrantD,Creative Commons — Attribution — Noncommercial,stl,yes,no,01-REFERENCE/model/library/parts/sa-fb-bin-lid-piano-hinge-adapter-printables-grantd,,1:1,2376,3,"Left, right, center bracket arms",extents as found: 153.3; 30.0; 2.75; 153.3; 30.0; 2.75; 206.0; 30.0; 2.75 mm (3mf may load as m in trimesh). Behind-seat storage bin lid.
sa-hood-emblem-8871-51-771b-printables-grantd,parts,79-80 RX-7 two pin Hood Emblem 8871-51-771B,1979-80 RX-7 two-pin hood emblem 8871-51-771B,close,printables,https://www.printables.com/model/634686-79-80-rx-7-two-pin-hood-emblem-8871-51-771b,GrantD,Creative Commons — Attribution — Noncommercial,stl,yes,no,01-REFERENCE/model/library/parts/sa-hood-emblem-8871-51-771b-printables-grantd,,1:1,111670,3,"Emblem plate, screw-mount variant",extents as found: 160.21; 26.91; 6.0 mm (3mf may load as m in trimesh). SA hood emblem; FB (81-85) uses a different emblem - see rx7-emblem-printables-lovc.
sa-fb-storage-bins-printables-grantd,parts,1979-1985 Rx-7 Storage Bins,"1979-85 RX-7 behind-seat storage bins (smaller, SA22C frame)",close,printables,https://www.printables.com/model/552459-1979-1985-rx-7-storage-bins,GrantD,Creative Commons — Attribution — Noncommercial,3mf/stl,yes,no,01-REFERENCE/model/library/parts/sa-fb-storage-bins-printables-grantd,,1:1,29584,3,"Bin bodies, bases, faces, joints; full assembly 3MF",extents as found: 794.32; 850.62; 146.4; 179.92; 41.67; 146.4; 153.48; 236.22; 146.4; 153.48; 236.22; 146.4; 179.92; 35.62; 146.4; 150.97; 204.19; 8.0; 150.97; 204.19; 8.0; 179.92; 204.19; 8.0; 179.92; 241.3; 22.8; 179.92; 18.0; 8.0; 179.92; 34.3; 8.0; 179.92; 241.3; 22.85; 40.0; 15.0; 1.5; 40.0; 15.0; 1.5; 39.6; 14.85; 1.49; 40.0; 15.0; 1.5 mm (3mf may load as m in trimesh). Designed for SA22C frame (welded bars absent on later 1st gens); usable 79-85.
sa-seat-knob-8038-88-109-printables-grantd,parts,79-80 Rx-7 Seat Knob/Adjuster 8038-88-109,1979-80 RX-7 seat rail adjuster knob 8038-88-109,close,printables,https://www.printables.com/model/636985-79-80-rx-7-seat-knobadjuster-8038-88-109,GrantD,Creative Commons — Attribution — Noncommercial,stl,yes,no,01-REFERENCE/model/library/parts/sa-seat-knob-8038-88-109-printables-grantd,,1:1,11250,3,Single knob,extents as found: 21.3; 17.2; 27.0 mm (3mf may load as m in trimesh). Not direct replica; SA seat rails.
sa-a-pillar-trim-8871-68-171-printables-grantd,parts,1979-1980 SA22C Rx-7 A-Pillar trim 8871-68-171,"1979-80 SA22C A-pillar trim 8871-68-171 (flat-printed, flexes to shape)",close,printables,https://www.printables.com/model/1251598-1979-1980-sa22c-rx-7-a-pillar-trim-8871-68-171,GrantD,Creative Commons — Attribution — Noncommercial — Share Alike,3mf/stl,yes,no,01-REFERENCE/model/library/parts/sa-a-pillar-trim-8871-68-171-printables-grantd,,1:1,145920,3,3 flat segments + joiners; assembly 3MF,extents as found: 385.95; 385.99; 240.87; 53.6; 57.68; 16.82; 215.16; 194.44; 20.0; 177.5; 180.3; 26.93; 65.22; 70.31; 16.83; 226.32; 177.14; 20.0 mm (3mf may load as m in trimesh). Printed flat and flexed into shape - geometry is NOT the installed 3D curvature. FB A-pillar trim may differ.
sa-shifter-cover-8871-64-350a-printables-grantd,parts,1979-1980 Mazda Rx-7 Interior Shifter cover 8871-64-350A-00,1979-80 RX-7 manual shifter bezel/cover 8871-64-350A,different,printables,https://www.printables.com/model/1625131-1979-1980-mazda-rx-7-interior-shifter-cover-8871-6,GrantD,Creative Commons — Attribution — Noncommercial,3mf/stl,yes,no,01-REFERENCE/model/library/parts/sa-shifter-cover-8871-64-350a-printables-grantd,,1:1,126072,3,Bezel + top/bottom retainers,extents as found: 82.25; 8.25; 2.0; 181.77; 203.26; 186.46; 128.39; 8.4; 2.0; 203.2; 228.82; 48.09 mm (3mf may load as m in trimesh). Manual-trans SA part; our car is a 3-speed auto FB - console differs.
rx7-cowl-grill-protector-printables-jtso,parts,RX-7 cowl grill protector,1981-85 RX-7 windshield cowl trim clip ('cowl grill protector'),exact,printables,https://www.printables.com/model/654390-rx-7-cowl-grill-protector,j_tso,Creative Commons — Public Domain,stl,yes,no,01-REFERENCE/model/library/parts/rx7-cowl-grill-protector-printables-jtso,,1:1,160,2,Small clip,extents as found: 37.85; 5.84; 11.68 mm (3mf may load as m in trimesh). Description: 'Trim for windshield on 81-85 RX-7s'.
fb-s2-center-dash-vent-printables-jtso,parts,S2 RX-7 center dash vent,1981-83 (S2) RX-7 centre dash A/C vent parts,exact,printables,https://www.printables.com/model/667511-s2-rx-7-center-dash-vent,j_tso,Creative Commons — Public Domain,stl,yes,no,01-REFERENCE/model/library/parts/fb-s2-center-dash-vent-printables-jtso,,1:1,5404,3,Vent louvre pieces (4 parts),extents as found: 86.87; 4.57; 2.54; 4.83; 4.83; 1.52; 48.8; 34.8; 2.29; 49.03; 35.41; 2.3 mm (3mf may load as m in trimesh). Exact for our 1982 car (S2).
rx7-door-opener-cup-printables-udopoerzgen,parts,Türoffner Griffschale Mazda RX 7,RX-7 FB interior door handle cup (Tuerofner Griffschale),exact,printables,https://www.printables.com/model/1317251-turoffner-griffschale-mazda-rx-7,udopörzgen,Creative Commons — Attribution — Noncommercial — Share Alike,stl,yes,no,01-REFERENCE/model/library/parts/rx7-door-opener-cup-printables-udopoerzgen,,1:1,2122,3,Handle bezel/cup,"extents as found: 101.0; 67.0; 25.8 mm (3mf may load as m in trimesh). German author, Tinkercad; replaces crumbled originals."
rx7-printables-pahapal,parts,RX-7,Low-poly RX-7 whole car (generation unclear),different,printables,https://www.printables.com/model/1583087-rx-7,PAHA PAL,Open Community License v1,obj,yes,no,01-REFERENCE/model/library/parts/rx7-printables-pahapal,,unknown,7450,1,"Whole car low-poly OBJ, 7450 faces","extents as found: 1.6; 0.94; 3.59 mm (3mf may load as m in trimesh). Not a part; filed here because it came up in the parts search. Extents 1.6 x 0.94 x 3.59 (units unknown, ~1:1.2 of real if metres). License 'Open Community License v1'."
sa-fb-headlight-bushing-thingiverse-not-a-penguin,parts,SA22C/FB Rx-7 Headlight Bushing,1979-85 SA22C/FB pop-up headlight mechanism bushing (TPU),exact,thingiverse (via archive.org mirror),https://www.thingiverse.com/thing:5605912,Rico Saavedra (Not_A_Penguin),https://creativecommons.org/licenses/by/4.0/,3mf/stl,yes,no,01-REFERENCE/model/library/parts/sa-fb-headlight-bushing-thingiverse-not-a-penguin,,1:1,5040,3,"Single bushing; STL, 3MF and Solid Edge .par source",extents as found: 27.5; 27.5; 9.0; 27.5; 27.5; 9.0 mm. Print in TPU and slit after printing. Includes native CAD (.par). Downloaded from https://archive.org/details/thingiverse-5605912 (Thingiverse itself blocks scripted download).
sa-console-switch-blank-hole-thingiverse-benjamin4456,parts,SA RX-7 Console Switch Blank (with hole for aftermarket switch),1979-80 SA centre console switch blank with 12.7 mm hole for aftermarket switch,close,thingiverse (via archive.org mirror),https://www.thingiverse.com/thing:4831532,Ben Tracy (Benjamin4456),https://creativecommons.org/licenses/by-nc-nd/4.0/,stl,yes,no,01-REFERENCE/model/library/parts/sa-console-switch-blank-hole-thingiverse-benjamin4456,,1:1,2124,3,Blank,extents as found: 28.26; 38.26; 12.5 mm. Remix of thing 4817407. SA console; check FB console openings (FB console differs). Downloaded from https://archive.org/details/thingiverse-4831532 (Thingiverse itself blocks scripted download).
sa-console-switch-blank-thingiverse-benjamin4456,parts,SA RX-7 Console Switch Blank,1979-80 SA centre console switch blank (lower console holes),close,thingiverse (via archive.org mirror),https://www.thingiverse.com/thing:4817407,Ben Tracy (Benjamin4456),https://creativecommons.org/licenses/by-nc-nd/4.0/,stl,yes,no,01-REFERENCE/model/library/parts/sa-console-switch-blank-thingiverse-benjamin4456,,1:1,1516,3,Blank,extents as found: 28.26; 38.26; 12.5 mm. Downloaded from https://archive.org/details/thingiverse-4817407 (Thingiverse itself blocks scripted download).
fb-sleek-headlight-thingiverse-cabentley22,parts,mazda rx7 FB sleek head light,FB RX-7 'sleek' (fixed/faired) headlight cover panel,close,thingiverse (via archive.org mirror),https://www.thingiverse.com/thing:865886,(cabentley22),https://creativecommons.org/licenses/by-sa/3.0/,stl,yes,no,01-REFERENCE/model/library/parts/fb-sleek-headlight-thingiverse-cabentley22,,1:1,7282,2,"Panel with round lamp openings, sparse mesh","extents as found: 256.54; 101.6; 447.04 mm. Author cut it in half in Meshlab to print; units likely mm (447 x 257 x 102). Custom styling part, not OEM. Downloaded from https://archive.org/details/thingiverse-865886 (Thingiverse itself blocks scripted download)."
miata-na-hood-rod-clip-thingiverse-jigsawnz,parts,Mazda Miata MK1 Hood Rod Clip,Mazda Miata NA hood prop rod clip (reported on rx7club to fit 84-85 FB; 83 FB needs ~83% scale),close,thingiverse (via archive.org mirror),https://www.thingiverse.com/thing:2389169,George (Jigsawnz),https://creativecommons.org/licenses/by-nc-sa/4.0/,stl,yes,no,01-REFERENCE/model/library/parts/miata-na-hood-rod-clip-thingiverse-jigsawnz,,1:1,300,3,Clip; STL + SketchUp,extents as found: 20.0; 23.71; 12.2 mm. rx7club thread 1173131 says this fits 84/85 FB; an 83 needed 83% scale. Our car is an 82 - test print. Downloaded from https://archive.org/details/thingiverse-2389169 (Thingiverse itself blocks scripted download).
sa-fb-console-bolt-hole-cover-thingiverse-benjamin4456,parts,1979-1985 Mazda RX-7 Center Console Bolt Hole Cover,1979-85 RX-7 centre console side bolt-hole cover clip,exact,thingiverse (via archive.org mirror),https://www.thingiverse.com/thing:4818189,Ben Tracy (Benjamin4456),https://creativecommons.org/licenses/by-nc-nd/4.0/,stl,yes,no,01-REFERENCE/model/library/parts/sa-fb-console-bolt-hole-cover-thingiverse-benjamin4456,,1:1,3258,3,Clip,"extents as found: 32.0; 32.0; 9.5 mm. Designed close to factory specs, fitment favoured. Downloaded from https://archive.org/details/thingiverse-4818189 (Thingiverse itself blocks scripted download)."
sa-fb-console-bolt-hole-covers-thingiverse-benjamin4456,parts,1979-1985 Mazda RX-7 Center Console Bolt Hole Covers,1979-85 RX-7 centre console side bolt-hole cover clips (duplicate upload of 4818189),exact,thingiverse (via archive.org mirror),https://www.thingiverse.com/thing:4817318,Ben Tracy (Benjamin4456),https://creativecommons.org/licenses/by-nc-nd/4.0/,stl,yes,no,01-REFERENCE/model/library/parts/sa-fb-console-bolt-hole-covers-thingiverse-benjamin4456,,1:1,3258,3,Clip,extents as found: 32.0; 32.0; 9.5 mm. Same STL as 4818189. Downloaded from https://archive.org/details/thingiverse-4817318 (Thingiverse itself blocks scripted download).
sa-fb-1157-side-marker-housing-a-thingiverse-not-a-penguin,parts,1157 Housing for SA22C/FB Rx-7,1979-85 SA22C/FB side marker lamp housing for 1157 bulb,exact,thingiverse (via archive.org mirror),https://www.thingiverse.com/thing:5590016,Rico Saavedra (Not_A_Penguin),https://creativecommons.org/licenses/by/4.0/,3mf/stl,yes,no,01-REFERENCE/model/library/parts/sa-fb-1157-side-marker-housing-a-thingiverse-not-a-penguin,,1:1,44016,2,Housing; STL + 3MF,extents as found: 125.0; 36.0; 29.0; 125.0; 36.0; 29.0 mm. Untested by author; bulb hole exact size - may need sanding. Downloaded from https://archive.org/details/thingiverse-5590016 (Thingiverse itself blocks scripted download).
sa-fb-1157-side-marker-housing-b-thingiverse-not-a-penguin,parts,1157 Housing for SA22C/FB Rx-7,1979-85 SA22C/FB side marker lamp housing for 1157 bulb (second upload),exact,thingiverse (via archive.org mirror),https://www.thingiverse.com/thing:5589977,Rico Saavedra (Not_A_Penguin),https://creativecommons.org/licenses/by/4.0/,3mf/stl,yes,no,01-REFERENCE/model/library/parts/sa-fb-1157-side-marker-housing-b-thingiverse-not-a-penguin,,1:1,44016,2,Housing; STL + 3MF,"extents as found: 125.0; 36.0; 29.0; 125.0; 36.0; 29.0 mm. Author: use the 3MF, STL settings may be off. Untested. Downloaded from https://archive.org/details/thingiverse-5589977 (Thingiverse itself blocks scripted download)."
sa-1980-front-logo-thingiverse-maniaticus,parts,Mazda RX-7 1980 Front LOGO,1979-80 SA RX-7 front 'mazda' hood plaque + pins,close,thingiverse (via archive.org mirror),https://www.thingiverse.com/thing:3084133,Miguel Rodriguez (Maniaticus),https://creativecommons.org/licenses/by-nc/4.0/,stl,yes,no,01-REFERENCE/model/library/parts/sa-1980-front-logo-thingiverse-maniaticus,,1:1,61598,3,Plaque and pins,extents as found: 17.88; 5.0; 15.11; 19.95; 183.33; 13.13 mm. SA-era emblem; FB 81-85 emblem differs. Downloaded from https://archive.org/details/thingiverse-3084133 (Thingiverse itself blocks scripted download).
sa-fb-cup-holders-thingiverse-logicallucario,parts,1st Gen RX7 Cup Holders,1979-85 RX-7 centre compartment (between seats) cup holder tray and top,exact,thingiverse (via archive.org mirror),https://www.thingiverse.com/thing:5243615,Caleb Parker (LogicalLucario),https://creativecommons.org/licenses/by-nc-sa/4.0/,stl,yes,no,01-REFERENCE/model/library/parts/sa-fb-cup-holders-thingiverse-logicallucario,,1:1,3060,3,Tray + top,extents as found: 239.5; 96.29; 8.0; 236.88; 97.28; 90.02 mm. Measured from an SA; untested fit. Downloaded from https://archive.org/details/thingiverse-5243615 (Thingiverse itself blocks scripted download).
fb-camber-plate-riser-thingiverse-b-jiggy,parts,Rx7 FB Camber Plate Riser/Spacer Newest,84-85 FB (FBS3 13B GSL-SE) camber plate riser/spacer between camber plate and strut tower reinforcement,close,thingiverse (via archive.org mirror),https://www.thingiverse.com/thing:2471490,Byron Rudnick (B_Jiggy),https://creativecommons.org/licenses/by-sa/3.0/,stl,yes,no,01-REFERENCE/model/library/parts/fb-camber-plate-riser-thingiverse-b-jiggy,,1:1,1088,3,Spacer plate,extents as found: 167.2; 140.2; 10.0 mm. Specific to 84-85 GSL-SE strut tower; our 82 GS may differ. Strut tower bolt pattern reference. Downloaded from https://archive.org/details/thingiverse-2471490 (Thingiverse itself blocks scripted download).
sa-fb-mirror-delete-plate-thingiverse-qwikyking,parts,fb/sa22c rx7 mirror delete fill plate,1979-85 SA22C/FB door mirror delete fill plate (file named 1984),exact,thingiverse (via archive.org mirror),https://www.thingiverse.com/thing:2758322,Mark Holden (qwikyking),https://creativecommons.org/licenses/by/4.0/,stl,yes,no,01-REFERENCE/model/library/parts/sa-fb-mirror-delete-plate-thingiverse-qwikyking,,1:1,7104,3,Plate,extents as found: 80.0; 30.0; 8.0 mm. Gives the FB door-mirror base footprint (80 x 30 mm). Downloaded from https://archive.org/details/thingiverse-2758322 (Thingiverse itself blocks scripted download).
sa-fb-strut-top-cap-thingiverse-dongers,parts,1979-1985 SA22C Mazda RX7 Strut Top Cap,1979-85 SA22C/FB front strut top dust cap (stock strut tops),exact,thingiverse (via archive.org mirror),https://www.thingiverse.com/thing:4922718,Simon Dong (dongers),https://creativecommons.org/licenses/by/4.0/,stl,yes,no,01-REFERENCE/model/library/parts/sa-fb-strut-top-cap-thingiverse-dongers,,1:1,3336,3,Cap with clips,"extents as found: 43.0; 43.0; 26.45 mm. Print rotated 90 deg, raft + tree supports; tight fit. Downloaded from https://archive.org/details/thingiverse-4922718 (Thingiverse itself blocks scripted download)."
fb-battery-lug-thingiverse-benderj,parts,FB Mazda RX-7 battery lug,FB RX-7 large battery cable lug (pattern for lead casting),exact,thingiverse (via archive.org mirror),https://www.thingiverse.com/thing:4625904,Jacob Bender (benderj),https://creativecommons.org/licenses/by/4.0/,stl,yes,no,01-REFERENCE/model/library/parts/fb-battery-lug-thingiverse-benderj,,1:1,548,3,Lug,"extents as found: 52.0; 59.53; 13.8 mm. Print, mould and cast in lead. Useful for battery terminal envelope. Downloaded from https://archive.org/details/thingiverse-4625904 (Thingiverse itself blocks scripted download)."
rx7-koni-adjuster-grip-thingiverse-b-jiggy,parts,Koni Strut Adjuster Rotor Grip Rx7,"Koni strut adjuster knob with rotor grip (RX-7, generation unstated; author B_Jiggy runs an FB)",close,thingiverse (via archive.org mirror),https://www.thingiverse.com/thing:2467251,Byron Rudnick (B_Jiggy),https://creativecommons.org/licenses/by-sa/3.0/,stl,yes,no,01-REFERENCE/model/library/parts/rx7-koni-adjuster-grip-thingiverse-b-jiggy,,1:1,104518,3,Knob,extents as found: 51.5; 53.86; 30.0 mm. Koni inserts common on FB. Downloaded from https://archive.org/details/thingiverse-2467251 (Thingiverse itself blocks scripted download).
rx7-dash-scan-thingiverse-cabentley22,parts,RX7 dash scan,RX-7 dashboard partial 3D scan (generation not stated; author also posted FB and FC parts),close,thingiverse (via archive.org mirror),https://www.thingiverse.com/thing:3647656,(cabentley22),https://creativecommons.org/licenses/by/4.0/,fbx/obj/stl,yes,no,01-REFERENCE/model/library/parts/rx7-dash-scan-thingiverse-cabentley22,,unknown,126758,2,Partial dash surface scan; STL/OBJ/FBX/Maya/.psmodel,"extents as found: 310.42; 441.6; 252.86; ; 310.42; 441.6; 252.86 mm. Only 'scanned' in description. Extents 310 x 442 x 253 units - too small for a whole dash at mm, so either a section or arbitrary scale. Identify before use. Downloaded from https://archive.org/details/thingiverse-3647656 (Thingiverse itself blocks scripted download)."
sa22c-fender-mirrors-1-10-thingiverse-kyosho-hunters,parts,Mazda RX7 Sa22c Fender Mirrors,SA22C fender mirrors at 1/10 RC scale,close,thingiverse,https://www.thingiverse.com/thing:6082365,kyosho_hunters,unknown (not read),stl,no,no,,,1:10,,2,"Pair of fender mirrors, TPU","1:10 scale RC part - shape reference only. Thingiverse blocks scripted download (thing pages client-rendered, /zip returns HTML); fetch manually in a browser (no account needed normally)."
rx7-caliper-paint-mask-thingiverse-zepticon,parts,RX-7 Brake caliper paint masking,RX-7 brake caliper lettering paint mask (generation unstated),different,thingiverse,https://www.thingiverse.com/thing:6165136,Zepticon,unknown (not read),stl,no,no,,,,,2,Mask,"Probably FC/FD caliper. Thingiverse blocks scripted download (thing pages client-rendered, /zip returns HTML); fetch manually in a browser (no account needed normally)."
fb-cupholder-cults3d,parts,RX7 FB Cupholder,FB RX-7 cupholder insert,exact,cults3d,https://cults3d.com/en/tags/rx7,unknown,paid (~11.7 USD) - not free,stl,no,yes,,,,,3,Cupholder,"PAID item, listed for completeness only; do not buy without owner. Cults3D blocks scripted access."
rx7-wheel-sketchfab-namandeep444,parts,MAZDA_RX7_ Wheel,"RX-7 wheel and tyre (generation not stated, likely FD)",different,sketchfab,https://sketchfab.com/3d-models/ac11fffbbb504d118d988f5f2dc438f9,namandeep444,CC Attribution,sketchfab (glb/gltf/usdz + original),no,yes,,,1:1,12506,2,Textured wheel+tyre from his full RX-7 model,Author says free for commercial/non-commercial use. Sketchfab: downloads require a (free) account.
panasport-g7-sketchfab-dakta,parts,Panasport G7,Panasport G7 8-spoke wheel (period aftermarket wheel for FB),close,sketchfab,https://sketchfab.com/3d-models/9a03762b831f425fabd0063293424b75,Dakta.Grower.Nzl,CC Attribution,sketchfab (glb/gltf/usdz + original),no,yes,,,1:1,102740,3,Wheel,Size not stated. Sketchfab: downloads require a (free) account.
panasport-g7-rims-sketchfab-dakta,parts,Panasport G7RIms,Panasport G7 wheel (duplicate/variant upload),close,sketchfab,https://sketchfab.com/3d-models/59276dd5cac94cc88b233ad39455acd7,Dakta.Grower.Nzl,CC Attribution,sketchfab (glb/gltf/usdz + original),no,yes,,,1:1,102740,3,Wheel,Likely same mesh as Panasport G7. Sketchfab: downloads require a (free) account.
hoosier-13in-tire-sketchfab-dakta,parts,Hoosier+13+inch+tire+treaded,13 in treaded Hoosier race tyre,close,sketchfab,https://sketchfab.com/3d-models/42e021ebba574c1a96903dc056aba1c6,Dakta.Grower.Nzl,CC Attribution,sketchfab (glb/gltf/usdz + original),no,yes,,,1:1,20160,2,Tyre only,13 in bead; not 185/70R13 street size. Sketchfab: downloads require a (free) account.
watanabe-rs-inspired-sketchfab-bayside72,parts,Watanabe RS Inspired Wheel,"RS Watanabe 8-spoke style wheel, 15x10 4x98",close,sketchfab,https://sketchfab.com/3d-models/c7009c73a2544e7c980130d2c3eb7cdd,bayside72,CC Attribution-NonCommercial,sketchfab (glb/gltf/usdz + original),no,yes,,,1:1,248628,3,Wheel,Modelled from photos; 15x10 with Fiat 4x98 PCD (FB is 4x110). Sketchfab: downloads require a (free) account.
rs-jdm-style-wheel-sketchfab-driver-fire,parts,RS JDM Style Wheel,RS Watanabe-style wheel (Tinkercad),close,sketchfab,https://sketchfab.com/3d-models/69c73698e8b34c89b3ce25f3760ea5d6,DRIVER-FIRE,CC Attribution,sketchfab (glb/gltf/usdz + original),no,yes,,,1:1,412242,2,Wheel,Hobby Tinkercad model. Sketchfab: downloads require a (free) account.
hayashi-cr-inspired-sketchfab-bayside72,parts,Hayashi Racing CR Inspired Wheel,Hayashi Racing CR style wheel 15x10 4x98,close,sketchfab,https://sketchfab.com/3d-models/3178e522562342f5b3e2f10024238d1d,bayside72,CC Attribution-NonCommercial,sketchfab (glb/gltf/usdz + original),no,yes,,,1:1,211252,3,Wheel,From photos. Sketchfab: downloads require a (free) account.
hayashi-street-sketchfab-hwong9000,parts,Hayashi Street wheel,Hayashi Street wheel,close,sketchfab,https://sketchfab.com/3d-models/ebda700cd8eb4428a833244cd8af9398,hwong9000,CC Attribution,sketchfab (glb/gltf/usdz + original),no,yes,,,1:1,14487,2,Wheel,Sketchfab: downloads require a (free) account.
ssr-mk1-15-sketchfab-xmatlies,parts,SSR MK-I 15 Rim,SSR MK-I 15 in wheel,close,sketchfab,https://sketchfab.com/3d-models/46213ff779ac4e20956701b865f9e2f9,xMatlies,CC Attribution,sketchfab (glb/gltf/usdz + original),no,yes,,,1:1,9706,2,"Wheel, low poly",Sketchfab: downloads require a (free) account.
miata-na-14x5.5-wheel-scan-sketchfab-bartos,parts,Mazda Miata NA OEM Wheel - 14x5.5J ET45 (1993),"1993 Mazda Miata NA OEM 14x5.5 ET45 alloy wheel, 3D scan",different,sketchfab,https://sketchfab.com/3d-models/b584bd4797a74d47b29bb0a685c95e48,sylvester.bartos,CC Attribution,sketchfab (glb/gltf/usdz + original),no,yes,,,1:1,1808384,4,Scanned wheel,Real scan of a 14 in Mazda alloy - good dimensional reference for a 14x5.5 envelope (FB GSL-SE used 14x5.5). PCD 4x100 not 4x110. Sketchfab: downloads require a (free) account.
trailer-wheel-13in-165r13-sketchfab-mranycad,parts,Trailer Wheel 13 inch 165R13 4 Stud x 100mm PCD,13 in steel wheel with 165R13 tyre,close,sketchfab,https://sketchfab.com/3d-models/f2189de7cf0c456d9effda5001d7445e,MRAnyCAD,see page,sketchfab (glb/gltf/usdz + original),no,yes,,,1:1,,3,Wheel + tyre,13 in wheel/tyre envelope reference (FB GS stock was 13 in). Sketchfab: downloads require a (free) account.
h6024-headlight-adaptor-sketchfab-tbob,parts,Headlight Adaptor,H6024 7 in round halogen sealed beam + printed adaptor (1934 Ford shell),close,sketchfab,https://sketchfab.com/3d-models/ac7c6d837625417c993a486bbc9692ed,tbob,CC Attribution,sketchfab (glb/gltf/usdz + original),no,yes,,,1:1,17158,3,H6024 sealed-beam lamp model plus adaptor rings,H6024 = the FB's 7 in round sealed beam. SketchUp origin. Sketchfab: downloads require a (free) account.
7in-round-headlight-sketchfab-anellavisuals,parts,Round headlight,7 in round headlight with bulb shape,close,sketchfab,https://sketchfab.com/3d-models/bc80e954ac954a149486d5547c42c3f0,AnellaVisuals,CC Attribution,sketchfab (glb/gltf/usdz + original),no,yes,,,1:1,72096,3,Lens+reflector+bulb shape,Visual model. Sketchfab: downloads require a (free) account.
hvac-blower-ai-sketchfab-martelli,parts,Automotive HVAC blower motor assembly,Generic automotive HVAC blower motor (AI-generated),different,sketchfab,https://sketchfab.com/3d-models/dbc371f5551b4dd195a3db2f416a256c,martelli,CC Attribution,sketchfab (glb/gltf/usdz + original),no,yes,,,1:1,547252,1,AI (Meshy) mesh,AI-generated; not dimensionally meaningful. Sketchfab: downloads require a (free) account.
nardi-torino-sketchfab-driver-fire,parts,Nardi Torino steering wheel,Nardi Torino style wood steering wheel,close,sketchfab,https://sketchfab.com/3d-models/af102ee4a3f449fbb7976a4dca4a8e62,DRIVER-FIRE,CC Attribution,sketchfab (glb/gltf/usdz + original),no,yes,,,1:1,40258,2,Wheel,Tinkercad origin by giatama.gp. Sketchfab: downloads require a (free) account.
brake-caliper-scan-sketchfab-laserdesign,parts,Brake Caliper 3D Scan,"Generic automotive brake caliper assembly, Artec scan",different,sketchfab,https://sketchfab.com/3d-models/f472245c56ff48ffb8af2489b50b2d6a,Laserdesign,CC Attribution-NonCommercial,sketchfab (glb/gltf/usdz + original),no,yes,,,1:1,1000000,4,Scan,Vehicle unknown. Sketchfab: downloads require a (free) account.
macpherson-strut-sketchfab-vrdesigner09,parts,MACHPERSON SUSPENSION (STRUD),Generic MacPherson strut assembly,different,sketchfab,https://sketchfab.com/3d-models/bd202ee134454402bf398ca906c8e2f5,vr.designer_09,CC Attribution,sketchfab (glb/gltf/usdz + original),no,yes,,,1:1,97694,2,Strut,Sketchfab: downloads require a (free) account.
brake-shoe-scan-sketchfab-adderecreations,parts,Brake Shoe,Drum brake shoe 3D scan,different,sketchfab,https://sketchfab.com/3d-models/c2b2e708f2fd4bd297c353776abb39a9,adderecreations,CC Attribution,sketchfab (glb/gltf/usdz + original),no,yes,,,1:1,100416,3,Scan,Vehicle unknown; FB rear drums on GS. Sketchfab: downloads require a (free) account.
mr2-oem-seat-scan-sketchfab-bartos,parts,Toyota MR2 (2001) - OEM Seat - 3D Scan,2001 Toyota MR2 OEM seat scan,different,sketchfab,https://sketchfab.com/3d-models/11cfe3b00c8f4b8f8e036b34c98a7d3f,sylvester.bartos,see page,sketchfab (glb/gltf/usdz + original),no,yes,,,1:1,,3,Seat scan,Small 2-seater sports car seat - envelope reference for seat swaps. Sketchfab: downloads require a (free) account.
leather-car-seat-scan-sketchfab-beaulier,parts,Leather Car Seat Scan (photogrammetry),"Generic leather car seat, photogrammetry",different,sketchfab,https://sketchfab.com/3d-models/a762912e5eff4271b79785daaddf6f7d,Austin.Beaulier,see page,sketchfab (glb/gltf/usdz + original),no,yes,,,1:1,,2,Seat scan,Sketchfab: downloads require a (free) account.
corsa-seat-scan-sketchfab-printedforfun,parts,Opel Corsa Seat - Einscan Rigil Markerless Laser,Opel Corsa seat laser scan,different,sketchfab,https://sketchfab.com/3d-models/e4a20c39f60448fbb82c2561c800a95f,PrintedForFun,see page,sketchfab (glb/gltf/usdz + original),no,yes,,,1:1,,3,Seat scan,Sketchfab: downloads require a (free) account.
c4-corvette-tail-light-pot-sketchfab,parts,C4 Corvette - Rear tail light pot,C4 Corvette tail lamp pot for custom LED boards,different,sketchfab,https://sketchfab.com/3d-models/0b754c6e14fc4fbdac25daab7b756489,jayautorepairs,CC Attribution-NonCommercial-NoDerivs,sketchfab (glb/gltf/usdz + original),no,yes,,,1:1,5404,2,Lamp pot,Example of a printable LED tail-light pot. Sketchfab: downloads require a (free) account.
rx7-front-caliper-grabcad-mike,parts,Mazda RX7 front caliper,"RX-7 front caliper modelled from a real part (FC/FD, 295 mm disc)",different,grabcad,https://grabcad.com/library/mazda-rx7-front-caliper-1,Mike,GrabCAD community terms,"SOLIDWORKS 2017, STEP",no,yes,,,,,4,Caliper,"Russian description: from real caliper, 3.8 kg, clears 16 in wheels with 295 mm disc - FC/FD size, not FB. GrabCAD: downloads require a free account. License per GrabCAD terms (non-commercial use unless stated)."
rx7-brake-disk-grabcad-mike,parts,brake disk,Mazda RX-7 front brake disc (generation not stated),different,grabcad,https://grabcad.com/library/brake-disk-43,Mike,GrabCAD community terms,KeyCreator,no,yes,,,,,3,Disc,'Front brake disk mazda rx7' - likely FC/FD. GrabCAD: downloads require a free account. License per GrabCAD terms (non-commercial use unless stated).
saab99-hub-rx7-caliper-grabcad-mike,parts,front wheel hub saab 99,Saab 99 front hub with cast disc adapted for RX-7 caliper,different,grabcad,https://grabcad.com/library/front-wheel-hub-saab-99-1,Mike,GrabCAD community terms,KeyCreator,no,yes,,,,,3,Hub+disc,GrabCAD: downloads require a free account. License per GrabCAD terms (non-commercial use unless stated).
rx7-emblem-grabcad-klatt,parts,"Mazda,RX7,Emblem",RX-7 emblem (generation unclear),close,grabcad,https://grabcad.com/library/mazda-rx7-emblem-1,Hermann Klatt,GrabCAD community terms,STL,no,yes,,,,,2,Emblem,GrabCAD: downloads require a free account. License per GrabCAD terms (non-commercial use unless stated).
mazda-lug-nut-cover-grabcad-wieser,parts,Mazda Log Nut Cover,"Lug nut cover for older Mazdas, M12x1.5 through-thread nuts",close,grabcad,https://grabcad.com/library/mazda-log-nut-cover-1,Manuel Wieser,GrabCAD community terms,see page,no,yes,,,,,2,Cap,FB uses M12x1.5 lug nuts. GrabCAD: downloads require a free account. License per GrabCAD terms (non-commercial use unless stated).
watanabe-style-grabcad-slo2flo,parts,Watanabe Style Wheels,RS Watanabe style wheel,close,grabcad,https://grabcad.com/library/watanabe-style-wheels-1,Slo2Flo,GrabCAD community terms,Fusion 360,no,yes,,,,,3,Wheel,GrabCAD: downloads require a free account. License per GrabCAD terms (non-commercial use unless stated).
watanabe-rim-grabcad-mendes,parts,Roda Watanabe (Watanabe Wheel Rim),RS Watanabe 8-spoke wheel,close,grabcad,https://grabcad.com/library/roda-watanabe-watanabe-wheel-rim-1,Rodrigo Mota Mendes,GrabCAD community terms,"Parasolid, STEP, STL",no,yes,,,,,3,Wheel,GrabCAD: downloads require a free account. License per GrabCAD terms (non-commercial use unless stated).
watanabe-15x8-grabcad-talib,parts,RS Watanabe 15x8jj,RS Watanabe 15x8 wheel,close,grabcad,https://grabcad.com/library/rs-watanabe-15x8jj-1,Husaini Talib,GrabCAD community terms,STEP,no,yes,,,,,3,Wheel,"Author: modelled from appearance, not actual dimensions. GrabCAD: downloads require a free account. License per GrabCAD terms (non-commercial use unless stated)."
watanabe-inspired-grabcad-rodriguez,parts,Watanabe inspired wheels,Watanabe inspired 17x8 wheel,close,grabcad,https://grabcad.com/library/watanabe-inspired-wheels-1,Uziel Rodriguez-Loredo,GrabCAD community terms,SOLIDWORKS,no,yes,,,,,2,Wheel,17x8 - too large for FB stock. GrabCAD: downloads require a free account. License per GrabCAD terms (non-commercial use unless stated).
watanabe-falcon-steering-grabcad-henderson,parts,Replica of RS Watanabe Falcon steering wheel,RS Watanabe Falcon steering wheel replica,close,grabcad,https://grabcad.com/library/replica-of-rs-watanabe-falcon-steering-wheel-1,Hugh Henderson,GrabCAD community terms,STEP,no,yes,,,,,3,Steering wheel,Period JDM wheel. GrabCAD: downloads require a free account. License per GrabCAD terms (non-commercial use unless stated).
13in-steel-wheel-grabcad-dewang,parts,13 Inch Steel Wheel Rim,Generic 13 in steel wheel,close,grabcad,https://grabcad.com/library/13-inch-steel-wheel-rim-1,Dewang,GrabCAD community terms,STEP,no,yes,,,,,3,Wheel,13 in envelope reference. GrabCAD: downloads require a free account. License per GrabCAD terms (non-commercial use unless stated).
13x5-alloy-wheel-grabcad-vanderhoven,parts,13 x 5 Inch Aluminium Wheel,13x5 alloy wheel,close,grabcad,https://grabcad.com/library/13-x-5-inch-aluminium-wheel,John L van der Hoven,GrabCAD community terms,STEP,no,yes,,,,,3,Wheel,Close to FB GS 13x5 alloys. GrabCAD: downloads require a free account. License per GrabCAD terms (non-commercial use unless stated).
13x5.5-steel-grabcad-locatelli,parts,rin 13x5.5 steel,13x5.5 steel wheel,close,grabcad,https://grabcad.com/library/rin-13x5-5-steel-1,Diego Locatelli,GrabCAD community terms,SOLIDWORKS,no,yes,,,,,3,Wheel,GrabCAD: downloads require a free account. License per GrabCAD terms (non-commercial use unless stated).
compomotive-13x8-grabcad-buckles,parts,Compomotive 13 x 8 split rim wheel,Compomotive 13x8 split-rim wheel,close,grabcad,https://grabcad.com/library/compomotive-13-x-8-split-rim-wheel,M Buckles,GrabCAD community terms,"SOLIDWORKS, STEP",no,yes,,,,,3,Wheel,Period aftermarket 13 in. GrabCAD: downloads require a free account. License per GrabCAD terms (non-commercial use unless stated).
tire-175-60-13-grabcad-cerrada,parts,"Tire 175-60-13, Caucho",175/60R13 tyre,close,grabcad,https://grabcad.com/library/tire-175-60-13-caucho-1,LuisCerrada,GrabCAD community terms,"Inventor 2012, STEP",no,yes,,,,,3,Tyre,13 in tyre; ours 185/70R13 (taller). GrabCAD: downloads require a free account. License per GrabCAD terms (non-commercial use unless stated).
hoosier-13-oz-wheel-grabcad-stamoulis,parts,"Hoosier R25B 20x7.5-13 & 13"" OZ Aluminum Wheel",Hoosier 20x7.5-13 tyre on 13 in OZ wheel,close,grabcad,https://grabcad.com/library/hoosier-r25b-20x7-5-13-13-oz-aluminum-wheel-1,Stefanos Stamoulis,GrabCAD community terms,"SOLIDWORKS, STEP",no,yes,,,,,3,Wheel+tyre,GrabCAD: downloads require a free account. License per GrabCAD terms (non-commercial use unless stated).
14in-wheel-grabcad-silva,parts,14 inch wheel/ Roda aro 14,Generic 14 in wheel,close,grabcad,https://grabcad.com/library/14-inch-wheel-roda-aro-14-1,Mateus Silva,GrabCAD community terms,STEP,no,yes,,,,,2,Wheel,GrabCAD: downloads require a free account. License per GrabCAD terms (non-commercial use unless stated).
l300-205-70r14-grabcad-pandapotan,parts,L300 wheel 205 70 R14 turanza RIM & TIRE,14 in wheel + 205/70R14 tyre,close,grabcad,https://grabcad.com/library/l300-wheel-205-70-r14-turanza-rim-tire-1,dan pandapotan,GrabCAD community terms,SOLIDWORKS 2014,no,yes,,,,,3,Wheel+tyre,Nearest 14 in tyre found; ours 205/60R14. GrabCAD: downloads require a free account. License per GrabCAD terms (non-commercial use unless stated).
7in-universal-headlight-grabcad-aguilar,parts,7 inch Universal Headlight,7 in round retro LED headlight (Morimoto-style),close,grabcad,https://grabcad.com/library/7-inch-universal-headlight-1,Marco Aguilar,GrabCAD community terms,"Fusion 360, STEP",no,yes,,,,,4,Headlamp,Luxury: sealed-beam replacement envelope. GrabCAD: downloads require a free account. License per GrabCAD terms (non-commercial use unless stated).
7in-led-headlight-jeep-grabcad-mikeno,parts,"7"" LED Headlight Land Rover Jeep",7 in round LED headlamp,close,grabcad,https://grabcad.com/library/7-led-headlight-land-rover-jeep-1,MIKENO,GrabCAD community terms,"SketchUp, STL",no,yes,,,,,3,Headlamp,GrabCAD: downloads require a free account. License per GrabCAD terms (non-commercial use unless stated).
sealed-beam-par46-par56-grabcad-nicholas,parts,Sealed Beam Headlight Bulbs,PAR46 and PAR56 sealed beam headlamps with reference drawings,close,grabcad,https://grabcad.com/library/sealed-beam-headlight-bulbs-1,Matthew Nicholas,GrabCAD community terms,"STEP, other",no,yes,,,,,3,Lamps + PDF references,PAR56 is the 7 in round sealed-beam size family (H6024 class). Includes PDF reference files. GrabCAD: downloads require a free account. License per GrabCAD terms (non-commercial use unless stated).
mabuchi-window-motor-grabcad-foltas,parts,mabuchi power window motor,Mabuchi 12 V power window motor,close,grabcad,https://grabcad.com/library/mabuchi-power-window-motor-1,Matias Foltas,GrabCAD community terms,"SOLIDWORKS, STEP",no,yes,,,,,3,Motor+gearbox,Luxury: power window retrofit. GrabCAD: downloads require a free account. License per GrabCAD terms (non-commercial use unless stated).
window-motor-gearbox-grabcad-abdelmegeed,parts,Power Window Motor w/ Gearbox,12 V power window motor with gearbox,close,grabcad,https://grabcad.com/library/power-window-motor-w-gearbox-1,Ahmed Abdelmegeed,GrabCAD community terms,SOLIDWORKS 2015,no,yes,,,,,3,Motor,Most-downloaded GrabCAD window motor. GrabCAD: downloads require a free account. License per GrabCAD terms (non-commercial use unless stated).
universal-window-motor-7t-grabcad-yudhistira,parts,UNIVERSAL POWER WINDOW MOTOR RH-LH 7T,"Universal aftermarket power window motor, 7-tooth",close,grabcad,https://grabcad.com/library/universal-power-window-motor-rh-lh-7t-1,Bulam Yudhistira,GrabCAD community terms,SOLIDWORKS 2016,no,yes,,,,,3,Motor,Universal retrofit style. GrabCAD: downloads require a free account. License per GrabCAD terms (non-commercial use unless stated).
window-motor-grabcad-ward,parts,Power window motor,Power window motor,close,grabcad,https://grabcad.com/library/power-window-motor-4,David Ward,GrabCAD community terms,"Fusion 360, STEP",no,yes,,,,,3,Motor + separate plug model (power-window-motor-power-plug-1),GrabCAD: downloads require a free account. License per GrabCAD terms (non-commercial use unless stated).
window-regulator-grabcad-3ddesignpro,parts,Windows Regulator,Car window regulator,close,grabcad,https://grabcad.com/library/windows-regulator-1,3D Design Pro,GrabCAD community terms,SOLIDWORKS,no,yes,,,,,3,Regulator,GrabCAD: downloads require a free account. License per GrabCAD terms (non-commercial use unless stated).
ibiza-window-regulator-grabcad-aylott,parts,Seat Ibiza Window Regulator,Seat Ibiza window regulator,different,grabcad,https://grabcad.com/library/seat-ibiza-window-regulator,John Aylott,GrabCAD community terms,"SOLIDWORKS 2013, STEP",no,yes,,,,,3,Regulator,GrabCAD: downloads require a free account. License per GrabCAD terms (non-commercial use unless stated).
car-seat-grabcad-coolwin,parts,car seat,Generic car seat,different,grabcad,https://grabcad.com/library/car-seat--2,Coolwin,GrabCAD community terms,"Pro/E, SOLIDWORKS, STEP",no,yes,,,,,3,Seat,Most downloaded seat. GrabCAD: downloads require a free account. License per GrabCAD terms (non-commercial use unless stated).
seat-with-rails-grabcad-vanryn,parts,Performance Car Seat with Rails,Performance car seat with seat rails,different,grabcad,https://grabcad.com/library/performance-car-seat-with-rails,Tom Van Ryn,GrabCAD community terms,"Rhino, SOLIDWORKS, STEP",no,yes,,,,,4,Seat+rails,Luxury: seat envelope/rail reference. GrabCAD: downloads require a free account. License per GrabCAD terms (non-commercial use unless stated).
seat-rail-grabcad-sebastien,parts,Seat rail,Car seat rail,different,grabcad,https://grabcad.com/library/seat-rail-1,Sebastien 0-B,GrabCAD community terms,"SOLIDWORKS, STEP",no,yes,,,,,3,Seat rail,GrabCAD: downloads require a free account. License per GrabCAD terms (non-commercial use unless stated).
blower-motor-grabcad-ferozkhan,parts,Motor with blower,Motor with blower wheel,different,grabcad,https://grabcad.com/library/motor-with-blower-1,Ferozkhan,GrabCAD community terms,SOLIDWORKS 2013,no,yes,,,,,2,Blower,Generic; not automotive-specific. GrabCAD: downloads require a free account. License per GrabCAD terms (non-commercial use unless stated).
civic-heater-flap-actuator-grabcad-bielov,parts,Heater blower flap actuator CIVIC 5D 2006-2011,HVAC flap servo actuator (Honda Civic 2006-11),different,grabcad,https://grabcad.com/library/heater-blower-flap-actuator-civic-5d-2006-2011-1,Serhii Bielov,GrabCAD community terms,"SOLIDWORKS, STL",no,yes,,,,,3,Actuator,Luxury: HVAC servo actuator envelope. GrabCAD: downloads require a free account. License per GrabCAD terms (non-commercial use unless stated).
utuo-brushless-blower-grabcad-gililland,parts,UTUO Brushless Radial Blower,Brushless radial blower,different,grabcad,https://grabcad.com/library/utuo-brushless-radial-blower-1,Russell Gililland,GrabCAD community terms,"STEP, STL",no,yes,,,,,3,Blower,GrabCAD: downloads require a free account. License per GrabCAD terms (non-commercial use unless stated).
led-4in-stop-turn-tail-grabcad-campbell,parts,light 4 inch - LED stop turn tail,4 in round LED stop/turn/tail lamp,close,grabcad,https://grabcad.com/library/light-4-inch-led-stop-turn-tail-1,John Campbell,GrabCAD community terms,"Inventor, STEP",no,yes,,,,,3,Lamp,Luxury: DOT LED tail module envelope. GrabCAD: downloads require a free account. License per GrabCAD terms (non-commercial use unless stated).
optronics-4in-led-stt-grabcad,parts,"Optronics LED Stop Tail & Turn Light - 4"" Round, 10-Diode",Optronics 4 in round LED stop/tail/turn lamp,close,grabcad,https://grabcad.com/library/optronics-led-stop-tail-turn-light-4-round-10-diode-red-flush-mount-1,unknown,GrabCAD community terms,see page,no,yes,,,,,3,Lamp,Real product model. GrabCAD: downloads require a free account. License per GrabCAD terms (non-commercial use unless stated).
grote-g4002-grabcad-aaron,parts,Grote G4002,Grote G4002 4 in LED stop/tail/turn lamp,close,grabcad,https://grabcad.com/library/grote-g4002-1,Aaron,GrabCAD community terms,CATIA V5,no,yes,,,,,3,Lamp,Real product (DOT). GrabCAD: downloads require a free account. License per GrabCAD terms (non-commercial use unless stated).
led-combination-rear-lamp-grabcad-petty,parts,LED Combination Rear Stop/Tail & Direction Indicator Lamp,LED combination rear lamp,close,grabcad,https://grabcad.com/library/led-combination-rear-stop-tail-direction-indicator-lamp-1,Damo Petty,GrabCAD community terms,SOLIDWORKS,no,yes,,,,,3,Lamp,GrabCAD: downloads require a free account. License per GrabCAD terms (non-commercial use unless stated).
bsd-enclosure-grabcad-zheng,parts,Enclosure for a blind spot detection system,Enclosure for a blind-spot detection sensor,close,grabcad,https://grabcad.com/library/enclosure-for-a-blind-spot-detection-system-1,Qiaojie Zheng,GrabCAD community terms,SOLIDWORKS,no,yes,,,,,2,Enclosure,No automotive 24 GHz radar module model found on free sites. GrabCAD: downloads require a free account. License per GrabCAD terms (non-commercial use unless stated).
radar-sensor-grabcad-berghs,parts,Radar Sensor,Generic radar sensor,different,grabcad,https://grabcad.com/library/radar-sensor-1,Mart Berghs,GrabCAD community terms,STEP,no,yes,,,,,2,Sensor,Not automotive-specific. GrabCAD: downloads require a free account. License per GrabCAD terms (non-commercial use unless stated).
macpherson-strut-grabcad-darji,parts,MacPherson Strut,MacPherson strut assembly,different,grabcad,https://grabcad.com/library/macpherson-strut-3,Yash Darji,GrabCAD community terms,STEP,no,yes,,,,,3,Strut,Generic. GrabCAD: downloads require a free account. License per GrabCAD terms (non-commercial use unless stated).
drum-brake-grabcad-kumar,parts,Drum Brake Assembly,Drum brake assembly,different,grabcad,https://grabcad.com/library/drum-brake-assembly-1,Aniket Kumar,GrabCAD community terms,STEP,no,yes,,,,,3,Drum brake,Generic. GrabCAD: downloads require a free account. License per GrabCAD terms (non-commercial use unless stated).
steering-wheel-grabcad-swpractice,parts,Steering Wheel,Generic steering wheel,different,grabcad,https://grabcad.com/library/steering-wheel--3,Solidworks Practice,GrabCAD community terms,"SOLIDWORKS, STEP, STL",no,yes,,,,,2,Wheel,GrabCAD: downloads require a free account. License per GrabCAD terms (non-commercial use unless stated).
prosport-evo-gauge-grabcad-scrivin,parts,Prosport Evo Gauge,Prosport Evo 52/60 mm aftermarket gauge,close,grabcad,https://grabcad.com/library/prosport-evo-gauge-1,Jon Scrivin,GrabCAD community terms,"OBJ, STEP",no,yes,,,,,3,Gauge,For gauge-pod design. GrabCAD: downloads require a free account. License per GrabCAD terms (non-commercial use unless stated).
13b-rew-working-model-mmf-ericthepoolboy,rotary,Mazda RX7 Wankel Rotary Engine 13B-REW - Working Model,"13B-REW (FD3S RX-7) complete twin-rotor engine, working display model",close,MyMiniFactory,https://www.myminifactory.com/object/3d-print-mazda-rx7-wankel-rotary-engine-13b-rew-working-model-106718,Eric G Harrell (ericthepoolboy),MyMiniFactory listing (license not shown in page source; Thingiverse original license not verified),stl,yes,no,01-REFERENCE/model/library/rotary/13b-rew-working-model-mmf-ericthepoolboy,110 x 112 x 28,~1:2.86 (35%),888568,3,"Full engine: rotor housings, front/center/rear irons, rotors (incl. 'smart rotor' with LEDs), 3-piece eccentric shaft, stationary gears, flywheel, pulley, oil pan, timing cover, upper/lower intake manifold, throttle body, single-turbo manifold+turbo, coils. Includes mazda-13b-assembly-instructions.pdf. No 12A parts; 13B-REW turbo accessories, not carb/12A.","~0.35 (1/3rd) scale model of 13B-REW; checked: rotor 62.15 across x 27.48 thick -> /0.35 = 177.6 x 78.5 mm, rotor housing 28 mm thick -> 80 mm = 13B width. Author states parts 'not dimensionally accurate' (modelled from pictures/diagrams). Original is Thingiverse thing:3006071 by ericthepoolboy (Eric G Harrell); MMF mirror downloaded without login. Original zip kept (mmf-106718.zip)."
13b-rew-working-model-remix-printables-motani-works,rotary,Mazda RX7 Wankel Rotary Engine 13B-REW - Working Model - remix,13B-REW complete engine working model (re-upload/remix of ericthepoolboy),close,Printables,https://www.printables.com/model/1018202-mazda-rx7-wankel-rotary-engine-13b-rew-working-mod,Motani_Works,Creative Commons — Attribution — Noncommercial — NoDerivatives,stl,yes,no,01-REFERENCE/model/library/rotary/13b-rew-working-model-remix-printables-motani-works,110 x 112 x 28,~1:2.86 (35%) and ~1:5.7 ('10_' files),2561650,3,"Same full part set as ericthepoolboy model (files '*-Scaled.stl', 35%) plus a '10_' prefixed set at half that size (~17.5%, e.g. rotor 31.08 x 13.74).","~0.35 (1/3rd) scale model of 13B-REW; checked: rotor 62.15 across x 27.48 thick -> /0.35 = 177.6 x 78.5 mm, rotor housing 28 mm thick -> 80 mm = 13B width. Author states parts 'not dimensionally accurate' (modelled from pictures/diagrams). Description copied from ericthepoolboy; this is a re-upload under Motani_Works. Treat as duplicate of 13b-rew-working-model-mmf-ericthepoolboy."
13b-rew-simple-1-8-printables-motani-works,rotary,SIMPLE 1/8 Mazda RX-7 13B REW Engine,13B-REW engine 'simple' working model,close,Printables,https://www.printables.com/model/1318582-simple-18-mazda-rx-7-13b-rew-engine,Motani_Works,Creative Commons — Attribution — Noncommercial — NoDerivatives,stl,yes,no,01-REFERENCE/model/library/rotary/13b-rew-simple-1-8-printables-motani-works,110 x 112 x 28,~1:2.86 (35%) despite '1/8' title,823766,2,"Subset of ericthepoolboy parts (housings, plates, rotor, e-shaft, intake, turbo, oil pan).","Titled 1/8 but measured parts are identical to ericthepoolboy 35% files (rotor housing 109.72 x 112.01 x 28) -> actually ~35% scale, not 1/8. Duplicate content."
13b-rew-wankel-remix-printables-mcmaven,rotary,Mazda Rx7 Wankel Remix,"Add-on parts for ericthepoolboy 13B-REW model (base, coils, spark plugs, oil filler)",close,Printables,https://www.printables.com/model/83981-mazda-rx7-wankel-remix,mcmaven,Creative Commons — Attribution — Noncommercial,stl,yes,no,01-REFERENCE/model/library/rotary/13b-rew-wankel-remix-printables-mcmaven,139 x 182 x 36,~1:2.86 (35%),2846006,2,"Only add-on parts: display base, coil pack, spark plug, wire elbows, oil filler, oil inlet pipe, labels. Needs ericthepoolboy model.",35% scale add-ons (spark plug body 8 mm -> ~23 mm real).
13b-rew-model-addons-printables-dancan13f,rotary,MAZDA RX7 (1..27/27) add-ons (19 free prints),Add-on parts series 'MAZDA RX7 (n/27)' for ericthepoolboy 13B-REW model,close,Printables,https://www.printables.com/@dancan13f/models,dancan13f (CANAVESE DANIEL),Creative Commons — Attribution — Noncommercial,stl,yes,no,01-REFERENCE/model/library/rotary/13b-rew-model-addons-printables-dancan13f,110 x 136 x 36,~1:2.86 (35%),454390,2,"19 free add-ons (1,2,3,4,5,6,7,8,9,10,11,13,14,15,20,21,22,26,27 of 27): turbo accessories, coil plate, timing cover gasket, rear plate cover, oil pan, oil pressure sender, oil filter, hall sensor/pulley trigger, knock sensor, spark plugs, oil flanges, coil pack, throttle body, oil filler, oil metering pump, engine hooks, accessory bracket/idler, apex seal springs, belts. Each print in its own subfolder named by Printables id. Missing numbers (12,16-19,23-25: e.g. alternator, water pump) are paid add-ons (Printables 1472313, $15) - not downloaded.",35% scale (oil pan 109.72 x 135.68 matches ericthepoolboy oil pan). Apex seal spring 27.46 long -> ~78 mm real (13B apex seal length ~80).
13b-rew-model-display-stand-printables-onkel-pierre,rotary,Display Stand For Mazda RX7 Wankel Rotary Engine 13B-REW by ericthepoolboy,Display stand for ericthepoolboy 13B-REW model,different,Printables,https://www.printables.com/model/667197-display-stand-for-mazda-rx7-wankel-rotary-engine-1,Onkel Pierre,Creative Commons — Attribution — Share Alike,stl,yes,no,01-REFERENCE/model/library/rotary/13b-rew-model-display-stand-printables-onkel-pierre,153 x 169 x 15,n/a (fits 35% model),12398,1,Stand only.,Accessory; not engine geometry. large_display_stand file failed to load in trimesh.
13b-rotor-full-size-printables-micah-beck,rotary,13B engine rotor,"13B rotor (Mazda RX-7), full size",close,Printables,https://www.printables.com/model/443772-13b-engine-rotor,Micah Beck,BSD License,3mf,yes,no,01-REFERENCE/model/library/rotary/13b-rotor-full-size-printables-micah-beck,177 x 174 x 79,1:1,30670,3,"Single rotor body (no seals, no bearing detail verified). 3MF.",Measured 177.1 x 174.11 x 78.74 mm. Stated 'full size'. Check vs 13B: R=105 generating radius -> apex-to-apex 2*105*sin60 = 181.9 mm (actual rotor slightly smaller); thickness 78.74 mm (=3.100 in) vs 13B housing width 80 mm (rotor ~79.5). A 12A rotor would share the flank profile but be ~70 mm thick. Consistent with 1:1 13B within a few mm; not verified against a real rotor.
13b-exhaust-street-port-template-printables-sportrotary,rotary,13B Rotary Engine Exhaust Street Port Template,13B-REW exhaust port templates (stock and street port shapes),close,Printables,https://www.printables.com/model/559666-13b-rotary-engine-exhaust-street-port-template,SportRotary,Creative Commons — Attribution — Noncommercial,stl,yes,no,01-REFERENCE/model/library/rotary/13b-exhaust-street-port-template-printables-sportrotary,91 x 60 x 15,1:1,61084,4,"Two templates: stock exhaust port and medium street port, for tracing on 13B-REW rotor housing.",Real-size tool (90.6 x 60 x 15.15 mm). Author designed port shape in CAD from research; stock-port template gives the 13B-REW exhaust port outline. 12A exhaust port differs (12A housing narrower 70 mm) - do not use on 12A without checking. Also on Thingiverse thing:3257874.
13b-apex-seal-jig-printables-blockatiel,rotary,Mazda 13B apex seal jig,13B apex seal gauge/jig,close,Printables,https://www.printables.com/model/1212223-mazda-13b-apex-seal-jig,Blockatiel,Creative Commons — Attribution,stl,yes,no,01-REFERENCE/model/library/rotary/13b-apex-seal-jig-printables-blockatiel,100 x 30 x 12,1:1,1020,3,Flatness/wear jig for 13B apex seals; holds corner pieces.,1:1 tool (100 x 30 x 12). Slot length implies 13B apex seal (~80 mm); 12A apex seal is shorter (~70 mm).
rotary-rear-main-seal-driver-printables-dblyu,rotary,Mazda Rotary Engine Rear Main Seal Driver,Rear main seal driver tool for Mazda rotaries (S5 13B),close,Printables,https://www.printables.com/model/1281658-mazda-rotary-engine-rear-main-seal-driver,dblyu,Creative Commons — Attribution,stl,yes,no,01-REFERENCE/model/library/rotary/rotary-rear-main-seal-driver-printables-dblyu,100 x 100 x 22,1:1,13418,3,Seal driver disc.,"1:1 tool, 100 mm dia x 22. Author: works for all Mazda rotaries (unverified for 12A)."
13b-cas-cover-printables-cs900,rotary,13B CAS cover,"Crank angle sensor hole cover, 13B/20B (FC/FD type front cover)",different,Printables,https://www.printables.com/model/708435-13b-cas-cover,cs900,Creative Commons — Attribution — Noncommercial,stl,yes,no,01-REFERENCE/model/library/rotary/13b-cas-cover-printables-cs900,90 x 55 x 10,1:1,4954,3,Blank plate.,"1:1, 89.5 x 55.07 x 9.52. 12A (FB) uses a distributor, not a CAS - not applicable to our car."
13b-water-pump-cover-plate-printables-cs900,rotary,RX7 water pump cover plate,"Water pump opening cover plate, 13B/20B incl. RX-8",close,Printables,https://www.printables.com/model/707195-rx7-water-pump-cover-plate,cs900,Creative Commons — Attribution — Noncommercial,stl,yes,no,01-REFERENCE/model/library/rotary/13b-water-pump-cover-plate-printables-cs900,100 x 72 x 6,1:1,5576,3,Blank plate.,"1:1, 99.53 x 71.91 x 6.35. Gives 13B water pump flange bolt pattern; 12A front housing pump flange may differ - check."
renesis-oil-filler-neck-printables-swimminginprojects,rotary,Mazda RX8 Renesis Oil filler neck,Renesis (RX-8 13B-MSP) oil filler neck + two lids,different,Printables,https://www.printables.com/model/1614989-mazda-rx8-renesis-oil-filler-neck,Swimminginprojects,Creative Commons — Attribution,stl,yes,no,01-REFERENCE/model/library/rotary/renesis-oil-filler-neck-printables-swimminginprojects,81 x 46 x 45,1:1,83880,3,Filler neck with O-ring groove and breather fitting.,1:1; 80.66 x 46.47 x 45 neck.
wankel-print-in-place-printables-eveve05,rotary,Wankel rotary engine (print in place),Generic Wankel engine print-in-place teaching model,different,Printables,https://www.printables.com/model/626259-wankel-rotary-engine-print-in-place,eveve05,Creative Commons — Attribution,stl,yes,no,01-REFERENCE/model/library/rotary/wankel-print-in-place-printables-eveve05,51 x 62 x 26,toy,16284,2,Single print-in-place housing+rotor.,"50.72 x 62.28 x 26 mm; generic, not Mazda proportions."
wankel-engine-printables-3dzoomind,rotary,Wankel Engine,"Generic Wankel engine (casing, rotor, lid, shaft)",different,Printables,https://www.printables.com/model/1136907-wankel-engine,3DZooMind,Creative Commons — Public Domain,stl,yes,no,01-REFERENCE/model/library/rotary/wankel-engine-printables-3dzoomind,18 x 71 x 65,toy,31078,1,4 parts.,"Generic teaching model, ~71 mm casing."
wankel-pneumatic-printables-kerzhakov,rotary,Wankel pneumatic rotary engine (working),Generic Wankel pneumatic (lung-powered) working engine,different,Printables,https://www.printables.com/model/767293-wankel-pneumatic-rotary-engine-working,Андрей Кержаков,Creative Commons — Attribution — Noncommercial — Share Alike,stl,yes,no,01-REFERENCE/model/library/rotary/wankel-pneumatic-printables-kerzhakov,79 x 73 x 14,toy,26586,2,"8 parts (housing, rotor, eccentric shaft, lid...). Filenames in Russian.",~79 x 73 housing.
wankel-apex-seals-kocyn-printables-julshg,rotary,Apex Seals for Kocyns Wankel Engine,Apex seals for Kocyns MakerWorld Wankel model,different,Printables,https://www.printables.com/model/1353622-apex-seals-for-kocyns-wankel-engine,JulsHg,Creative Commons — Attribution,3mf/step/stl,yes,no,01-REFERENCE/model/library/rotary/wankel-apex-seals-kocyn-printables-julshg,40 x 10 x 2,toy,19466,1,Apex seals with/without spring; STEP+STL+3MF.,"STEP converted via cascadio reads in metres (0.04 m = 40 mm). For a toy model, not Mazda."
mini-wankel-steam-engine-printables-salch,rotary,mini Wankel steam engine air engine,Generic mini Wankel steam/air engine,different,Printables,https://www.printables.com/model/1356810-mini-wankel-steam-engine-air-engine,Salch,Creative Commons — Attribution — Noncommercial,stl,yes,no,01-REFERENCE/model/library/rotary/mini-wankel-steam-engine-printables-salch,66 x 50 x 12,toy,42914,1,5 parts.,65.5 x 50 housing.
wankel-motor-printables-myslivecek,rotary,Wankelův motor,Generic Wankel engine model (Czech 'Wankeluv motor'),different,Printables,https://www.printables.com/model/877339-wankeluv-motor,Jan Mysliveček,Creative Commons — Attribution — Noncommercial,stl,yes,no,01-REFERENCE/model/library/rotary/wankel-motor-printables-myslivecek,246 x 190 x 20,unknown/generic,8920,1,"Chamber, rotor, shaft, platform.","Chamber 246 x 190 x 20; rotor 171 x 162 (rotor size near full-size 13B by coincidence, but generic profile - do not use as a dimensional reference)."
weber-dcoe40-stack-printables-heine-sorensen,rotary,Weber DCOE40 Stack / Trumpet,Weber DCOE 40 velocity stack/trumpet 96 mm,close,Printables,https://www.printables.com/model/291195-weber-dcoe40-stack-trumpet,Heine Sørensen,Creative Commons — Attribution,stl,yes,no,01-REFERENCE/model/library/rotary/weber-dcoe40-stack-printables-heine-sorensen,80 x 80 x 96,1:1,6394,3,One stack.,"1:1, 80 dia x 96. DCOE flange pattern reference; DCOE side-draft carbs are a common 12A/13B intake upgrade (not stock on FB)."
weber-dcoe45-intake-golf-printables-david,rotary,Weber DCOE 45 Intake for Golf Mk2 GTI 16V,Weber DCOE 45 intake manifold (VW Golf Mk2 GTI 16V),different,Printables,https://www.printables.com/model/611515-weber-dcoe-45-intake-for-golf-mk2-gti-16v,David,Creative Commons — Attribution — Noncommercial — NoDerivatives,stl,yes,no,01-REFERENCE/model/library/rotary/weber-dcoe45-intake-golf-printables-david,176 x 90 x 108,1:1,604589,2,Manifold + carb bodies (Left/Right-Carbs = DCOE outlines).,1:1; carb body extents 151 x 91 x 25.5 (flange-side outline only). Not a rotary manifold; useful for DCOE 45 flange/bolt spacing only.
weber-dcoe40-intake-printables-david,rotary,Intake WEBER DCOE40,Weber DCOE 40 intake bottom (VW 1.6 AKL/AFT),different,Printables,https://www.printables.com/model/1773184-intake-weber-dcoe40,David,Creative Commons — Attribution — Noncommercial — NoDerivatives,stl,yes,no,01-REFERENCE/model/library/rotary/weber-dcoe40-intake-printables-david,167 x 91 x 105,1:1,173994,2,Manifold.,1:1; DCOE flange geometry reference only.
wankel-engine-mmf-blazp,rotary,Wankel engine,Generic Wankel engine model,different,MyMiniFactory,https://www.myminifactory.com/object/3d-print-wankel-engine-13726,BlazP,MyMiniFactory listing (license not captured),stl,yes,no,01-REFERENCE/model/library/rotary/wankel-engine-mmf-blazp,98 x 76 x 24,toy,5496,1,4 unnamed STL parts.,~98 x 76 housing; generic.
wankel-engine-block-mmf-viktor-gustafsson,rotary,Wankel Engine Block,Generic large Wankel engine block (4-piece),different,MyMiniFactory,https://www.myminifactory.com/object/3d-print-wankel-engine-block-82036,Viktor Gustafsson,MyMiniFactory listing (license not captured),stl,yes,no,01-REFERENCE/model/library/rotary/wankel-engine-block-mmf-viktor-gustafsson,312 x 318 x 80,unknown,32894,1,Block split in 4 quarters + whole.,311.69 x 317.89 x 80 mm; 80 mm thick like a 13B housing but generic proportions.
wankel-engine-core-mmf-viktor-gustafsson,rotary,Wankel Engine Core,Generic Wankel rotor + gear (companion to block),different,MyMiniFactory,https://www.myminifactory.com/object/3d-print-wankel-engine-core-65738,Viktor Gustafsson,MyMiniFactory listing (license not captured),stl,yes,no,01-REFERENCE/model/library/rotary/wankel-engine-core-mmf-viktor-gustafsson,177 x 180 x 40,unknown,39824,1,"Rotor halves, gear, stand.","Rotor 176.9 x 179.9 x 40 (x2 halves = 80 mm) - near full-size 13B-like rotor, but generic; not a verified Mazda profile."
air-wankel-integza-github-ddegonge,rotary,AirWankelEngine (IntegzaVersion),Integza-style air-powered Wankel engine,different,GitHub,https://github.com/DDeGonge/AirWankelEngine,DDeGonge,MIT,stl,yes,no,01-REFERENCE/model/library/rotary/air-wankel-integza-github-ddegonge,14 x 57 x 57,toy,443374,1,"Body, lid, rotor, shaft, assembly guide STL (Inventor .ipt sources left on GitHub).",~57 mm body; generic toy.
sw92-wankel-solidworks-jasonatwood,rotary,SW92 Wankel engine - SolidWorks CAD conversion,"SW-92 9.2 cc model-aircraft Wankel (Faleki, 1960s) with original German drawings",different,jasonatwood.io,https://jasonatwood.io/archives/73,Jason Atwood,author shares files freely on page; no formal license stated,SLDPRT/SLDASM/SLDDRW/dxf/png/xls,yes,no,01-REFERENCE/model/library/rotary/sw92-wankel-solidworks-jasonatwood,,1:1 of a 9.2cc engine,,4,Full parametric SolidWorks parts + drawings + scans of original blueprints; epitrochoid test files; MITCalc gear sheet.,Teaching reference for epitrochoid/gear construction only. Not measurable with trimesh (SolidWorks native). Also mirrored at github.com/arpieb/Wankel-SW92 (no license file).
13b-rew-remix-mmf-dancan13f,rotary,Mazda RX7 Wankel Rotary Engine 13B-REW Remix,13B-REW model remix with add-ons (dancan13f),close,MyMiniFactory,https://www.myminifactory.com/object/3d-print-mazda-rx7-wankel-rotary-engine-13b-rew-remix-170431,CANAVESE DANIEL (dancan13f),MyMiniFactory listing,stl,no,no,,,,,2,Remix of ericthepoolboy model with add-ons.,Download without login returned only a 684-byte 10x10x1 placeholder STL (kept as mmf-170431-placeholder.stl in 01-REFERENCE/model/library/rotary/13b-rew-remix-mmf-dancan13f); real files not obtained. Free add-ons obtained from Printables instead (13b-rew-model-addons-printables-dancan13f).
sketchfab-0237937e,rotary,Rotor Housing,"Rotor housing (generic Wankel, from fasteng mechanism set)",different,Sketchfab,https://sketchfab.com/3d-models/0237937ea0af45968cd015661f67af85,fasteng,CC Attribution,sketchfab download (glTF/original),no,yes,,,,36605,2,,
sketchfab-52f79b3e,rotary,Rotor,"Wankel rotor (generic, fasteng)",different,Sketchfab,https://sketchfab.com/3d-models/52f79b3eb0494e328d9e2d5fee0e9520,fasteng,CC Attribution,sketchfab download (glTF/original),no,yes,,,,6229,1,,
sketchfab-097379e3,rotary,13B-REW Front Cover,"13B-REW front cover (3D scan, low-res)",close,Sketchfab,https://sketchfab.com/3d-models/097379e3c0c44c26a3204fe5c4a9d718,fritts,CC Attribution,sketchfab download (glTF/original),no,yes,,,,768774,4,Front cover only.,"Author fritts: 'Low res version of the 13b-rew front cover'. Scan = true scale (units to verify on download). 12A front cover differs (distributor drive, no CAS). Description: Low res version of the 13b-rew front cover. Metro X"
sketchfab-b5108c9d,rotary,Rotor S5 NA 1 Low,"13B rotor, 1989-92 S5 NA 9.7:1 (FC3S) - EinScan 3D scan",close,Sketchfab,https://sketchfab.com/3d-models/b5108c9d6c674d738d731356dfce4e53,fritts,CC Attribution,sketchfab download (glTF/original),no,yes,,,,300000,4,"Single rotor, scanned.","Author fritts: '13B 89-92 NA 9.7 Rotor', EinScan-SE. Real-scale scan -> good check of R=105/80 mm width (12A rotor same flanks, 70 mm thick). Description: 13B 89-92 NA 9.7 Rotor"
sketchfab-1e9b68b5,rotary,Rotor motor Wankel 13B Mazda RX8,13B rotor from RX-8 (Renesis) - photogrammetry,close,Sketchfab,https://sketchfab.com/3d-models/1e9b68b557824b6fa8f5e9451b87d60b,RaulLuengo,CC Attribution,sketchfab download (glTF/original),no,yes,,,,139318,3,Single rotor.,Agisoft Metashape photogrammetry; 1.4M-poly original on request. Photogrammetry scale is arbitrary unless author scaled it - verify. Description: Rotor extraido de motor 13B Wankel proveniente de Mazda RX-8. Modelo 3D realizado a traves de fotogrametría con Agisoft Metashape y postprocesado con Blender. Si quieres el modelo 3D original de 1.4
sketchfab-3aa8538a,rotary,Rotor (wankel),"Wankel rotor (RealityScan scan, likely Mazda)",close,Sketchfab,https://sketchfab.com/3d-models/3aa8538a946042588947bb1550a50f3f,Williamdavies,CC Attribution,sketchfab download (glTF/original),no,yes,,,,653753,2,Single rotor scan.,Phone scan; scale unverified.
sketchfab-646bd17c,rotary,Rotary engine,Rotary engine (Scaniverse phone scan),close,Sketchfab,https://sketchfab.com/3d-models/646bd17cc4df4e26a3e5d531ae30b6a5,adhubbard,CC Attribution-NonCommercial-ShareAlike,sketchfab download (glTF/original),no,yes,,,,339891,2,Phone scan of a rotary engine.,Which engine not stated; scale unverified.
sketchfab-951e0d41,rotary,rotary engine model,Generic rotary engine model 'each and every part',different,Sketchfab,https://sketchfab.com/3d-models/951e0d4118724a6197c807b30b07790d,sahil.s237192101,CC Attribution,sketchfab download (glTF/original),no,yes,,,,17074,2,,Description: The 3d model of rotary engine with each and every part of engine included
sketchfab-73cb7b84,rotary,13b_Wankel,13B Wankel (Dakta.Grower.Nzl),close,Sketchfab,https://sketchfab.com/3d-models/73cb7b8457044a218a387301a33a0eb8,Dakta.Grower.Nzl,CC Attribution,sketchfab download (glTF/original),no,yes,,,,876976,2,,Same face count (876976) as '13b_ppre' by same user - duplicate uploads. 'PPRE' may be a copy of a commercial model; license stated CC-BY by uploader - provenance unclear.
sketchfab-1d5c118e,rotary,13b_ppre,13B (peripheral port race engine?) '13b_ppre',close,Sketchfab,https://sketchfab.com/3d-models/1d5c118e74574763a534fba8f1bf5231,Dakta.Grower.Nzl,CC Attribution,sketchfab download (glTF/original),no,yes,,,,876976,2,,Duplicate of 13b_Wankel (same face count). Provenance unclear.
sketchfab-a603b26a,rotary,13B PPRE Rotary Engine,13B PPRE rotary engine (peripheral port),close,Sketchfab,https://sketchfab.com/3d-models/a603b26ad9f5478dbb801591847e2f72,Dakta.Grower.Nzl,CC Attribution,sketchfab download (glTF/original),no,yes,,,,1575028,2,,Dakta.Grower.Nzl; 1.58M faces. Cults3D also lists 'Rotary 26B PPRE OBJ'. Provenance unclear.
sketchfab-6d899c88,rotary,13b-rew__mazda_rx7_car_engine,13B-REW RX-7 car engine (Dakta),close,Sketchfab,https://sketchfab.com/3d-models/6d899c8893094e39910838cd24c5bfa0,Dakta.Grower.Nzl,CC Attribution,sketchfab download (glTF/original),no,yes,,,,90809,2,,90809 faces - same as bd2fdb... and near EZ-GAZI b4feef (91544): likely the same source model re-uploaded; provenance unclear.
sketchfab-bd2fdb66,rotary,13b_mazda_car_engine,13B Mazda car engine (Dakta),close,Sketchfab,https://sketchfab.com/3d-models/bd2fdb66cd24468787c495f0a91b29c3,Dakta.Grower.Nzl,CC Attribution,sketchfab download (glTF/original),no,yes,,,,90809,2,,Duplicate of 6d899c8893094e39910838cd24c5bfa0.
sketchfab-b4feef96,rotary,13B-REW / MAZDA RX7 CAR ENGINE,13B-REW / Mazda RX7 car engine (Blender + FBX in RAR),close,Sketchfab,https://sketchfab.com/3d-models/b4feef96666a4bc494caae6c98fb9b83,EZ-GAZI,CC Attribution,sketchfab download (glTF/original),no,yes,,,,91544,2,Complete engine mesh.,EZ-GAZI; 'contains Blender file and FBX'. Probably same mesh as Dakta 13b-rew uploads; could be a re-upload of a paid CGTrader model ('Rotary 13B RX7 MAZDA') - provenance unclear. Description: contains (Blender file) and (FBX file) of the car engine 3D model in a RAR compressed file
sketchfab-aff88d9a,rotary,13B ROTOR ENG,13B rotor engine (Dakta),close,Sketchfab,https://sketchfab.com/3d-models/aff88d9ab5c6431ba02b936bfb7624cd,Dakta.Grower.Nzl,CC Attribution,sketchfab download (glTF/original),no,yes,,,,45589,2,,Duplicate of 4e94aebb... (Fin 13B ROTOR ENG).
sketchfab-4e94aebb,rotary,Fin 13B ROTOR ENG,13B rotor engine 'Fin' (Dakta),close,Sketchfab,https://sketchfab.com/3d-models/4e94aebb3e9d46e896e00ee0bd5bdfdc,Dakta.Grower.Nzl,CC Attribution,sketchfab download (glTF/original),no,yes,,,,45589,2,,
sketchfab-59aa71cf,rotary,20B three-rotor turbo engine (Dakta),20B three-rotor turbo engine (Dakta),different,Sketchfab,https://sketchfab.com/3d-models/59aa71cfb465484196d06635f7676fe2,,,sketchfab download (glTF/original),no,yes,,,,,2,,Duplicate '20B+tirbo' 17beb322a9ba455fadc4fe1c4a97d25d same face count.
sketchfab-99115a3a,rotary,Distributor,"Distributor (Dakta, rotary-related uploads)",close,Sketchfab,https://sketchfab.com/3d-models/99115a3a1cdd4900b05a7a8bdfa34cef,Dakta.Grower.Nzl,CC Attribution,sketchfab download (glTF/original),no,yes,,,,10728,1,,Which distributor not stated; 12A FB uses a Mitsubishi/Nippondenso twin-point distributor - unverified match.
sketchfab-f2ee2bfd,rotary,13B rensis Engine,13B Renesis engine (RX-8),different,Sketchfab,https://sketchfab.com/3d-models/f2ee2bfde28242f19f1e99ad803a0fc8,dacordova2003,CC Attribution,sketchfab download (glTF/original),no,yes,,,,200000,2,,
sketchfab-c0b73b5a,rotary,Motor Wankel,"Sectioned Wankel engine, ETSII-UPM engine lab (museum scan)",close,Sketchfab,https://sketchfab.com/3d-models/c0b73b5a311e4ebb86d2c8411aa7ae44,museoETSII,CC Attribution,sketchfab download (glTF/original),no,yes,,,,769218,3,Cutaway engine scan.,Museo ETSII: 'Motor de combustion interna Wankel seccionado'. Likely a Mazda or NSU unit - identity not stated. Description: Motor de combustión interna Wankel seccionado del Laboratorio de Motores de la ETSII-UPM.
sketchfab-fae8a079,rotary,Rotary Engine,Rotary engine (kyou0086),close,Sketchfab,https://sketchfab.com/3d-models/fae8a079080c49669502fda3621e893e,kyou0086,CC Attribution,sketchfab download (glTF/original),no,yes,,,,1656832,2,1.66M faces.,Engine identity not stated.
sketchfab-1d85b669,rotary,1994 Fd Rx-7 Engine Bay V2,1994 FD RX-7 engine bay V2 (RealityScan),different,Sketchfab,https://sketchfab.com/3d-models/1d85b66923244796916f510696bb5057,lunchinthetree,CC Attribution,sketchfab download (glTF/original),no,yes,,,,917644,2,"Engine bay with 13B-REW, phone scan.",
sketchfab-8da67383,rotary,Fd Rx7 Engine Bay,FD RX-7 engine bay (RealityScan),different,Sketchfab,https://sketchfab.com/3d-models/8da6738349754d6b9394d6f980b0df29,lunchinthetree,Free Standard,sketchfab download (glTF/original),no,yes,,,,673356,2,,Duplicate of ae5a2aafcdcb4cfb9ec2d8f7719b0907 (same faces).
sketchfab-88d1736d,rotary,Blackout 8.2L-2T4R,Fictional 'Blackout 8.2L-2T4R' 4-rotor twin-turbo,different,Sketchfab,https://sketchfab.com/3d-models/88d1736de8be4e75b63f7231039f5464,TnBExorcistCustoms,CC Attribution,sketchfab download (glTF/original),no,yes,,,,193908,1,,"Fantasy engine, hand-modelled. Description: Now this is an unrestricted model of our 4 Rotor but it shares a very similar design. This is the Blackout 8.2L-2T4R, its an 8.2-Liter 500 Cubic inch 2 Turbo 4 Rotary engine, its fitted with Two Modi"
sketchfab-d79a42f5,rotary,Blackout 8.2L-4R,Fictional 'Blackout 8.2L-4R' 4-rotor,different,Sketchfab,https://sketchfab.com/3d-models/d79a42f5d322404881f97197f9890cd8,TnBExorcistCustoms,CC Attribution,sketchfab download (glTF/original),no,yes,,,,135002,1,,"Fantasy engine. Description: 100% Handmade no scans or import This is the Blackout 8.2L-4R, it's an 8.2-liter naturally aspirated 4 rotor engine, it makes 700 horsepower and 650 ft-lb of torque because Le Mans wants to limit the"
sketchfab-537ffc64,rotary,rear-axle,Generic rear axle (fasteng),different,Sketchfab,https://sketchfab.com/3d-models/537ffc649a5348859428e100d773495c,fasteng,CC Attribution,sketchfab download (glTF/original),no,yes,,,,48516,1,,Generic live axle; not Mazda.
sketchfab-3fb4fc9c,rotary,Turbo Hydramatic 400 Transmission,Turbo Hydramatic 400 transmission (reference model),different,Sketchfab,https://sketchfab.com/3d-models/3fb4fc9c7d5b458e9b511dfbc2addd0d,Rysky,CC Attribution,sketchfab download (glTF/original),no,yes,,,,13274,2,,"Not JATCO 3N71B; teaching reference for automatic transmissions. Description: Here are some reference points (and keywords) to understand automatic transmissions. Most, if not all points here apply for all american autotransmissions up to atleast 80's and newer ones (and europe"
sketchfab-9505b043,rotary,"Ignition, Distributor and Firing Order",Ignition/distributor/firing order teaching model (BBC HEI),different,Sketchfab,https://sketchfab.com/3d-models/9505b043a8ba4c039899899d413764eb,Rysky,CC Attribution,sketchfab download (glTF/original),no,yes,,,,36235,1,,"Description: Here is reference for vehicle artists, showing easy to follow tutorial for ignition wiring. Complete with all the names needed for searching deeper understanding about subject. Our mannequin is gener"
sketchfab-17beb322,rotary,20B+tirbo,see notes,different,Sketchfab,https://sketchfab.com/3d-models/17beb322a9ba455fadc4fe1c4a97d25d,Dakta.Grower.Nzl,CC Attribution,sketchfab download,no,yes,,,,164738,1,,Duplicate of 20B Turbo 59aa71cf.
sketchfab-ae5a2aaf,rotary,Fd Rx7 Engine Bay,see notes,different,Sketchfab,https://sketchfab.com/3d-models/ae5a2aafcdcb4cfb9ec2d8f7719b0907,lunchinthetree,CC Attribution,sketchfab download,no,yes,,,,673356,1,,CC-BY copy of 8da67383 (Free Standard).
sketchfab-f176068f,rotary,13B,see notes,different,Sketchfab,https://sketchfab.com/3d-models/f176068f49ed40acabeeb9afd592f8ce,mikowstone,CC Attribution,sketchfab download,no,yes,,,,692,1,,"Very low poly (692 faces) - likely lettering/badge, not engine. Unverified."
sketchfab-2d819fba,rotary,12A,see notes,different,Sketchfab,https://sketchfab.com/3d-models/2d819fba1c9245ff96866456a109a028,mikowstone,CC Attribution,sketchfab download,no,yes,,,,232,1,,232 faces - likely lettering. Unverified.
sketchfab-34b55f9c,rotary,20B,see notes,different,Sketchfab,https://sketchfab.com/3d-models/34b55f9c5e0345a1859525f7a2da0a30,mikowstone,CC Attribution,sketchfab download,no,yes,,,,6487,1,,Likely lettering/logo. Unverified.
sketchfab-dff4ef7a,rotary,26B,see notes,different,Sketchfab,https://sketchfab.com/3d-models/dff4ef7ad8d54d23b2d2e19272d3bc0b,mikowstone,CC Attribution,sketchfab download,no,yes,,,,236,1,,Likely lettering. Unverified.
grabcad-full-12-a-rotary-engine,rotary,Full 12-A Rotary Engine,"Mazda 12A rotary engine, full assembly (bolts excluded)",exact,GrabCAD,https://grabcad.com/library/full-12-a-rotary-engine,Trenton Turmell,GrabCAD Community (free with account; per-model terms),"Autodesk Inventor,Rendering,Other",no,yes,,,,,3,Full 12A assembly; 22 content files (Inventor).,TOP PRIORITY for our car: the only full 12A CAD found. Author Trenton Turmell (2013). Check housing width = 70 mm and R=105/e=15 on download. Author text: The full assembly of my 12-A rotary engine (bolts excluded).
grabcad-13b-wankel-rotary-engine,rotary,13B wankel rotary engine,"13B engine parts, modelled from a disassembled engine",close,GrabCAD,https://grabcad.com/library/13b-wankel-rotary-engine,Jean-Nicholas Mason,GrabCAD Community (free with account; per-model terms),,no,yes,,,,,3,Incomplete assembly; parts made 'with the specs from the actual engine'.,"Jean-Nicholas Mason 2011. Measured-from-real claim - good dimensional check candidate. Author text: This is a 13B engine my friend and I designed after he disassembled it from his car. Most of it is his work. The assembly is not complete, but these are all the parts made for now, all done with the specs from the actual engine."
grabcad-mazda-13b-rotary-shortblock-1,rotary,Mazda 13B Rotary shortblock,"Mazda 13B short block, measured from a real engine",close,GrabCAD,https://grabcad.com/library/mazda-13b-rotary-shortblock-1,Samuel Nepia,GrabCAD Community (free with account; per-model terms),"SOLIDWORKS 2014,Rendering",no,yes,,,,,4,Short block.,"Samuel Nepia 2015: 'I measured up a 13B... pretty accurate'. SolidWorks 2014. Most-downloaded 13B on GrabCAD (4926). Author text: I measured up a 13B for my 2nd year manufacturing paper at uni. Its pretty accurate, i wouldnt produce it over CNC or anything.. but its close enough to be a good replicate."
grabcad-rotary-engine-housing-13b-1,rotary,Rotary engine housing 13b,13B rotor housing (basic),close,GrabCAD,https://grabcad.com/library/rotary-engine-housing-13b-1,Justin Malone,GrabCAD Community (free with account; per-model terms),"SOLIDWORKS 2015,Other",no,yes,,,,,2,Housing only.,"'rotor flank equations not solved as yet'. Author text: Basic housing, rotor flank equations not solved as yet. mazda 13b"
grabcad-13b-renesis-rotary-engine-1,rotary,13b Renesis rotary engine,13B Renesis engine (student design),different,GrabCAD,https://grabcad.com/library/13b-renesis-rotary-engine-1,Alvy Ahmed,GrabCAD Community (free with account; per-model terms),SOLIDWORKS,no,yes,,,,,2,,Author text: my first attempt at designing an internal combustion engine in solidworks.
grabcad-4-rotor-mazda-rotary-engine-1,rotary,4-Rotor Mazda Rotary Engine,4-rotor Mazda rotary (26B-style),different,GrabCAD,https://grabcad.com/library/4-rotor-mazda-rotary-engine-1,Pratik Palwai,GrabCAD Community (free with account; per-model terms),"SOLIDWORKS,Rendering",no,yes,,,,,2,,SolidWorks + KeyShot. Author text: Made with Solidworks and rendered in Keyshot.
grabcad-engine-wankel-rx7-rx8-mazda-1,rotary,"ENGINE wankel rx7, rx8 Mazda",Wankel engine RX-7/RX-8 style,close,GrabCAD,https://grabcad.com/library/engine-wankel-rx7-rx8-mazda-1,PHẠM DUY TRƯỜNG,GrabCAD Community (free with account; per-model terms),"STEP / IGES,Rendering",no,yes,,,,,2,,"Author text: rotary engine of the dynamic type, different from the reciprocating piston type engine"
grabcad-mazda-rx-7-13b-wankel-engine-rotor-1,rotary,Mazda RX-7 13B Wankel Engine Rotor,13B rotor,close,GrabCAD,https://grabcad.com/library/mazda-rx-7-13b-wankel-engine-rotor-1,NFSGamer98,GrabCAD Community (free with account; per-model terms),"KeyShot,SOLIDWORKS 2017,Rendering",no,yes,,,,,2,,"Author text: ---Mazda RX-7 13b Engine Rotor--- ""A JDM legend's one of the most popular engine part is here. RX-7 13b rotor. The iconic ""RX"" name means ""Rotary Experimental"" Like before download."
grabcad-mazda-rx7-stator-rough-3d-scan-1,rotary,Mazda RX7 stator rough 3d scan,Mazda RX-7 stationary gear ('stator') rough 3D scan,close,GrabCAD,https://grabcad.com/library/mazda-rx7-stator-rough-3d-scan-1,Valery Rutkovskiy,GrabCAD Community (free with account; per-model terms),"STL,Rendering",no,yes,,,,,3,"Scan, STL.",Valery Rutkovskiy; for a UAV engine from RX-7/RX-8 parts. Real-scale scan. Author text: Mazda RX7 stator rough 3d scan. Enough for most cases. Making UAV engine based on RX7 RX8 parts.May be one day will do more precise.
grabcad-mazda-rx7-rotor-3d-scan-1,rotary,Mazda RX7 rotor 3d scan,Mazda RX-7 rotor rough 3D scan,close,GrabCAD,https://grabcad.com/library/mazda-rx7-rotor-3d-scan-1,Valery Rutkovskiy,GrabCAD Community (free with account; per-model terms),"STL,Rendering",no,yes,,,,,3,"Scan, STL.",Real-scale scan (13B presumably) - check R/width. Author text: Mazda RX7 rotor rough 3d scan. Enough for most cases. Making UAV engine based on RX7 RX8 parts.May be one day will do more precise.
grabcad-mazda-13b-mazda-rx7-1,rotary,Mazda 13B - Mazda Rx7,Mazda 13B engine (training project from Mazda technical documents),close,GrabCAD,https://grabcad.com/library/mazda-13b-mazda-rx7-1,Houssam Ben chaïeb,GrabCAD Community (free with account; per-model terms),"SOLIDWORKS,Rendering",no,yes,,,,,3,,"Author text: Hello, Here is my project for the end of the industrial designer training organized by Technicity in Brussels Formation. This is the Mazda 13B engine, their version of the Wankel engine made for the Mazda RX7 & RX8. It is a model made on the basi"
grabcad-eccentric-shaft-from-mazda-13b-engine-1,rotary,Eccentric shaft from Mazda 13B engine,13B eccentric shaft,close,GrabCAD,https://grabcad.com/library/eccentric-shaft-from-mazda-13b-engine-1,Houssam Ben chaïeb,GrabCAD Community (free with account; per-model terms),"SOLIDWORKS,Rendering",no,yes,,,,,3,,"States eccentricity 15 mm (matches 12A/13B e=15). Author text: Hello, I am currently completing a training course in industrial design I made as a project the Mazda 13B engine Here is one of the parts that I made correctly based on the technical documents of Mazda available online the eccentricity is 15mm"
grabcad-front-stacionary-gear-13b-rew-1,rotary,Front Stacionary Gear 13B-REW,"13B-REW front stationary gear, measured",close,GrabCAD,https://grabcad.com/library/front-stacionary-gear-13b-rew-1,Guillermo,GrabCAD Community (free with account; per-model terms),"STEP / IGES,Rendering",no,yes,,,,,4,,"'Really accurate dimensions unless in teeth... measured from my own 13B-REW'. Author text: Front Stationary Gear 13B-REW. Really accurate dimensions unless in teeth. Everything my own work, measured from my own 13B-REW. Hope you enjoy."
grabcad-mazda-13b-curves-1,rotary,Mazda 13B curves,Mazda 13B epitrochoid/rotor curves (STEP + text),close,GrabCAD,https://grabcad.com/library/mazda-13b-curves-1,CadaZ *****,GrabCAD Community (free with account; per-model terms),"STEP / IGES,Text file",no,yes,,,,,5,"Curves: housing epitrochoid, rotor flank, gear pitch circles.","States 15 mm crankshaft offset (e) and 105 mm rotor radius (R) - exactly the 12A/13B generating parameters; valid for 12A profile too (only width differs: 12A 70 mm vs 13B 80 mm). Author CadaZ refers to a companion spreadsheet model on GrabCAD. Author text: Since some of you asked how can the Mazda 13B made from the spreadsheet which I uploaded previously (https://grabcad.com/library/rotary-engine-28), here it is in curve form. It has 15 mm crankshaft offset, and 105 mm rotor radius. Pitch circles of th"
grabcad-renesis-13b-msp-1,rotary,Renesis 13B MSP - Эпитрохоидная кривая,"13B-MSP Renesis rotor housing epitrochoid surface, 1:1",close,GrabCAD,https://grabcad.com/library/renesis-13b-msp-1,Anton Lobov,GrabCAD Community (free with account; per-model terms),"SOLIDWORKS,Rendering",no,yes,,,,,5,Inner running surface only.,"Anton Lobov: scale 1:1, dimensions per table 2.1 of Kenichi Yamamoto 'Rotary Engine' (1981). Author text: Модель внутренней поверхности камеры сгорания гильзы корпуса ротора (Rotor housing) роторно-поршневого двигателя 13B MSP ""Renesis"". Масштаб модели - 1:1. Размеры модели соответствуют размерам таблицы 2.1 книги ""Rotary engine by Kenichi Yamomoto"",1981"
grabcad-13b-msp-renesis-2,rotary,"Гильза корпуса ротора роторно-поршневого двигателя 13B MSP ""Renesis""","13B-MSP Renesis rotor housing liner (sleeve) for self-manufacture, 1:1",close,GrabCAD,https://grabcad.com/library/13b-msp-renesis-2,Anton Lobov,GrabCAD Community (free with account; per-model terms),"SOLIDWORKS,Rendering",no,yes,,,,,4,,"Author text: Проект самостоятельного изготовления гильзы корпуса ротора (rotor housing) роторно-поршневого двигателя 13B MSP ""Renesis"". Масштаб модели - 1:1. Материал детали - жаропрочная износостойкая легированная сталь, например 42CrMo4 (DIN 1.7225), либо ана"
grabcad-mazda-wankel-engine-alternator-1,rotary,Mazda Wankel Engine Alternator,Mazda Wankel engine alternator,close,GrabCAD,https://grabcad.com/library/mazda-wankel-engine-alternator-1,Ulaş Baha Çınar,GrabCAD Community (free with account; per-model terms),"STEP / IGES,Rendering",no,yes,,,,,2,,Which generation not stated. Author text: Mazda Wankel Engine Alternator
grabcad-oil-pump-mazda-13b-renesis,rotary,Oil Pump Mazda 13B Renesis,"Oil pump, Mazda 13B Renesis",different,GrabCAD,https://grabcad.com/library/oil-pump-mazda-13b-renesis,Zhenya Serikov,GrabCAD Community (free with account; per-model terms),"SOLIDWORKS 2013,STEP / IGES,Rendering",no,yes,,,,,2,,Author text: Oil Pump Mazda 13B Renesis
grabcad-ignition-coil-mazda-13b,rotary,Ignition Coil Mazda 13B,"Ignition coil, 13B Renesis",different,GrabCAD,https://grabcad.com/library/ignition-coil-mazda-13b,Zhenya Serikov,GrabCAD Community (free with account; per-model terms),"SOLIDWORKS,STEP / IGES,Rendering",no,yes,,,,,2,,Author text: Ignition Coil Mazda 13B Renesis
grabcad-mazda-13b-renesis-1,rotary,Mazda 13B Renesis,Mazda RX-8 13B Renesis engine 3D scan (partly disassembled),different,GrabCAD,https://grabcad.com/library/mazda-13b-renesis-1,Timothy Grondin,GrabCAD Community (free with account; per-model terms),"OBJ,SOLIDWORKS 2016,STEP / IGES,STL",no,yes,,,,,3,OBJ/STEP/STL.,3D Systems Sense scan. Author text: Mazda RX-8 13B Renesis Engine scan. 3D scan completed with a 3D Systems Sense Gen 1 scanner. Partially broken down for installation into an aircraft.
grabcad-13b-exhaust-flange-1,rotary,13B EXHAUST FLANGE,13B exhaust flange (for 3D-printed turbo manifold demo),close,GrabCAD,https://grabcad.com/library/13b-exhaust-flange-1,Jon Volk,GrabCAD Community (free with account; per-model terms),STEP / IGES,no,yes,,,,,3,,Author text: Flange used for demo of creating 3D printed turbo manifold for a custom 13B rotary swap.
grabcad-mazda-rx8-exhaust-flange-1,rotary,Mazda RX8 Exhaust Flange,RX-8 (13B-MSP) exhaust flange for 1.625 in primaries,different,GrabCAD,https://grabcad.com/library/mazda-rx8-exhaust-flange-1,Gavin Newton,GrabCAD Community (free with account; per-model terms),STEP / IGES,no,yes,,,,,3,,Author text: I Made this exhaust flange to use with 1.625 primary tubing. Then ported the Engine side to match the flange. The expanded one has extra materail added around the entire flange to meet the requirements of some laser cutting company's. you will need g
grabcad-mazda-rx-8-13b-msp-exhaust-side-ports-engine-mount-1,rotary,Mazda RX-8 13B-MSP Exhaust Side Ports + Engine Mount,13B-MSP exhaust side + engine mount 3D scan,different,GrabCAD,https://grabcad.com/library/mazda-rx-8-13b-msp-exhaust-side-ports-engine-mount-1,Garrett Gloceri,GrabCAD Community (free with account; per-model terms),SOLIDWORKS,no,yes,,,,,3,,Author text: 3D Scan of a 13B-MSP on the exhaust side with the engine mount. Good for exhaust flange design and tubular header clearing.
grabcad-mazda-rx8-13b-maf-sensor-mass-airflow-1,rotary,Mazda RX8 13B MAF sensor Mass Airflow,RX-8 MAF sensor,different,GrabCAD,https://grabcad.com/library/mazda-rx8-13b-maf-sensor-mass-airflow-1,Timothy Grondin,GrabCAD Community (free with account; per-model terms),"CATIA,STEP / IGES,STL",no,yes,,,,,2,,Author text: MAF Mass Airflow RX7 RX8 RX-8
grabcad-13b-rotary-dowel-1,rotary,13b Rotary Dowel,13B housing dowels (boost/port builds),close,GrabCAD,https://grabcad.com/library/13b-rotary-dowel-1,Sean Wessels,GrabCAD Community (free with account; per-model terms),"Geomagic Design,STL",no,yes,,,,,2,,Author text: Dowels to strengthen motor up for higher boosting and/or ported motor
grabcad-jr-rotary-engine-desk-ornament-mazda-13b-rotor-1,rotary,Jr rotary engine desk ornament Mazda 13b rotor,13B rotor desk ornament,close,GrabCAD,https://grabcad.com/library/jr-rotary-engine-desk-ornament-mazda-13b-rotor-1,k s,GrabCAD Community (free with account; per-model terms),"Parasolid,STL",no,yes,,,,,1,,"Author text: Fun little desk ornament I made long ago for the late Jr, one of the best rotary mechanics I've ever known, RIP my friend."
grabcad-fly-wheel-rx7-rx8-1,rotary,FLy Wheel RX7 Rx8,Lightweight flywheel RX-7/RX-8,close,GrabCAD,https://grabcad.com/library/fly-wheel-rx7-rx8-1,Krypto,GrabCAD Community (free with account; per-model terms),"STEP / IGES,Rendering",no,yes,,,,,3,,'Correct in size. Ready for production'; needs counterweight from automatic version (relevant to our 3N71B car's flexplate/counterweight arrangement). Author text: Lightwheigt rx7-8 flywheel. You need a counterbalance from automatic version for this flywheel. Correct in size. Ready for production.
grabcad-rx7-longer-5th-gear-wip-1,rotary,RX7 Longer 5th gear *WIP*,"RX-7 5-speed 5th gear (1st-gen box, WIP)",close,GrabCAD,https://grabcad.com/library/rx7-longer-5th-gear-wip-1,Damic,GrabCAD Community (free with account; per-model terms),"SOLIDWORKS 2012,Rendering",no,yes,,,,,2,,Author swaps 84-85 5th gear into earlier RX-7 5-speed - first-gen manual gearbox gear; WIP. Author text: My rx-7 is to happy with the fuel usage when cruising in 5th gear (3500rpm on the highway = 120kmph) so I thought lets buy a 84-85 gearbox and transfer that 5th gear to my box for a longer gear. The problem is you can't see on the outside which year
grabcad-mazda-rx7-fc-throttle-body-adapter-1,rotary,Mazda RX7 FC Throttle Body Adapter,RX-7 FC throttle body adapter,different,GrabCAD,https://grabcad.com/library/mazda-rx7-fc-throttle-body-adapter-1,Jeremy Desmarais,GrabCAD Community (free with account; per-model terms),"STEP / IGES,Rendering",no,yes,,,,,2,,"Author text: This is an adapter that I designed and machined for my brother's Mazda RX7 to adapt the rounded-triangular throttle inlet to a standard 3"" pipe. I machined the bevel model, then welded on a Wiggins ferrule. I have included the step files for a shor"
grabcad-rx7-fc-n-a-injector-and-small-fuel-rail-1,rotary,RX7 FC (n/a) injector and small fuel rail,RX-7 FC n/a injector + small fuel rail,different,GrabCAD,https://grabcad.com/library/rx7-fc-n-a-injector-and-small-fuel-rail-1,Damic,GrabCAD Community (free with account; per-model terms),"SOLIDWORKS,STEP / IGES,STL",no,yes,,,,,2,,"Author text: I needed the injector spacing for a RX7 FC n/a with small fuel rail for another project and since I couldn't find it, I started to draw it and now I'm sharing it. The injector is very basic but comes with the necessary spacing rubbers."
grabcad-mazda-rx7-fc3s-engine-bay-scan-1,rotary,Mazda rx7 FC3S Engine Bay Scan,RX-7 FC3S empty engine bay scan,different,GrabCAD,https://grabcad.com/library/mazda-rx7-fc3s-engine-bay-scan-1,Knut Molaug,GrabCAD Community (free with account; per-model terms),STL,no,yes,,,,,2,,Author text: 3D scan of empthy engine bay.
grabcad-mazda-rotary-1,rotary,Mazda Rotary,Mazda rotary rear counterweight lock,close,GrabCAD,https://grabcad.com/library/mazda-rotary-1,Steven Peeku,GrabCAD Community (free with account; per-model terms),STL,no,yes,,,,,2,,Author text: Rear Counter weigh lock
grabcad-4-rotor-wankel-exhaust-manifold-1,rotary,4 Rotor Wankel exhaust manifold,4-rotor Wankel tubular exhaust manifold,different,GrabCAD,https://grabcad.com/library/4-rotor-wankel-exhaust-manifold-1,Aaron,GrabCAD Community (free with account; per-model terms),"SOLIDWORKS 2012,STEP / IGES,Rendering",no,yes,,,,,2,,Author text: This is a tubular manifold with a tuned collector for a custom built 4 rotor Wankel rotary engine
grabcad-rotary-exhaust-manifold-1,rotary,rotary exhaust manifold,Rotary exhaust manifold (test bench piping),different,GrabCAD,https://grabcad.com/library/rotary-exhaust-manifold-1,Otávio A. S.,GrabCAD Community (free with account; per-model terms),"STEP / IGES,Rendering",no,yes,,,,,1,,Author text: Piping to collect exhaust gases from various positions of an engine within a test bench
grabcad-mazda-rx8-throttle-body-flange-1,rotary,Mazda RX8 Throttle body flange,RX-8 throttle body flange,different,GrabCAD,https://grabcad.com/library/mazda-rx8-throttle-body-flange-1,Artem Tsvyetkov,GrabCAD Community (free with account; per-model terms),"AutoCAD,SOLIDWORKS 2012,Other",no,yes,,,,,2,,"Author text: Mazda RX8 Throttle body flange, holes are sized for 1/4-20 tap."
grabcad-gearbox_mazda-rx8-1,rotary,Gearbox_Mazda RX8,RX-8 gearbox 3D scan,different,GrabCAD,https://grabcad.com/library/gearbox_mazda-rx8-1,Kawyl,GrabCAD Community (free with account; per-model terms),"STL,Rendering",no,yes,,,,,2,,Author text: 3D scan
grabcad-mazda-rx-8-upper-intake-manifold-scan-1,rotary,Mazda RX-8 Upper intake manifold scan,RX-8 upper intake manifold scan (Einstar),different,GrabCAD,https://grabcad.com/library/mazda-rx-8-upper-intake-manifold-scan-1,James Pekarek,GrabCAD Community (free with account; per-model terms),"Rendering,3D Manufacturing Format",no,yes,,,,,3,,Author text: This is a scan of the upper intake manifold from a 2006 Mazda RX-8 with the 6-speed manual. Scanned with an Einstar Shining3D.
grabcad-mazda-rx-8-throttle-body-scan-1,rotary,Mazda RX-8 Throttle body scan,RX-8 throttle body scan,different,GrabCAD,https://grabcad.com/library/mazda-rx-8-throttle-body-scan-1,James Pekarek,GrabCAD Community (free with account; per-model terms),"Rendering,3D Manufacturing Format",no,yes,,,,,3,,"Author text: This is a scan of the throttle body from a 2006 Mazda RX-8 with the 6-speed manual. Scanned with an Einstar Shining3D. It had some trouble with the black for the connector, but otherwise came out alright."
grabcad-mazda-rx-8-exhaust-manifold-scan-1,rotary,Mazda RX-8 Exhaust manifold scan,RX-8 exhaust manifold scan (~0.5 mm),different,GrabCAD,https://grabcad.com/library/mazda-rx-8-exhaust-manifold-scan-1,James Pekarek,GrabCAD Community (free with account; per-model terms),"Rendering,3D Manufacturing Format",no,yes,,,,,3,,"Author text: This is a scan of the stock exhaust manifold/header from a 2006 Mazda RX-8. Scanned with an Einstar Shining3D, which should be accurate to about 0.5mm."
grabcad-mazda-rx-8-rear-differential-scan-1,rotary,Mazda RX-8 Rear differential scan,RX-8 rear differential scan (~0.5 mm),different,GrabCAD,https://grabcad.com/library/mazda-rx-8-rear-differential-scan-1,James Pekarek,GrabCAD Community (free with account; per-model terms),"Rendering,3D Manufacturing Format",no,yes,,,,,3,,"IRS diff - not the FB live axle. Author text: This is a scan of the rear diff from a 2006 Mazda RX-8 with the 6-speed manual. Scanned with an Einstar Shining3D, which should be accurate to about 0.5mm."
grabcad-3-3b-rxk-project-go-kart-rotary-engine-wankel-1,rotary,3.3b - RXK Project - Go Kart rotary engine (wankel),345 cc go-kart Wankel,different,GrabCAD,https://grabcad.com/library/3-3b-rxk-project-go-kart-rotary-engine-wankel-1,da-FOX,GrabCAD Community (free with account; per-model terms),"STEP / IGES,Rendering",no,yes,,,,,2,,"Author text: I drew a 345cc Wankel engine for a go-kart, for my second-year project, and now for the ISAT Kart Team association, for the RXK project. There are still small problems, but they'll be solved before machining the parts. If you're interested in this"
grabcad-mazda-rx7-wankel-remix-1,rotary,Mazda Rx7 Wankel Remix,Mazda RX7 Wankel Remix (GrabCAD copy of mcmaven/ericthepoolboy),close,GrabCAD,https://grabcad.com/library/mazda-rx7-wankel-remix-1,Jan Pressl,GrabCAD Community (free with account; per-model terms),"STL,Rendering",no,yes,,,,,2,,Duplicate. Author text: model design by mcmaven / ericthepoolboy
grabcad-rotary-engine-36,rotary,Rotary Engine,Rotary engine (recommended in rx7club 12A-blueprint thread),close,GrabCAD,https://grabcad.com/library/rotary-engine-36,Chumvannarith Kaing,GrabCAD Community (free with account; per-model terms),SOLIDWORKS,no,yes,,,,,2,,Author text: Rotary Engine
grabcad-rotary-engine,rotary,Rotary engine,"Rotary engine similar to Renesis, from Yamamoto's books (60+ parts)",close,GrabCAD,https://grabcad.com/library/rotary-engine,engineer,GrabCAD Community (free with account; per-model terms),"STEP / IGES,Rendering",no,yes,,,,,3,,"Design from Kenichi Yamamoto's books. Author text: Rotary engine similar to Renesis from Mazda. Design is taken from the Kenichi Yamamoto's books. Design Rotor housing is not completed yet, but rotor is almost finished. Assembly contains more than 60 parts."
grabcad-wankel-engine-21,rotary,Wankel Engine,Two-rotor turbo Wankel with intercooler,close,GrabCAD,https://grabcad.com/library/wankel-engine-21,Mei Rezki,GrabCAD Community (free with account; per-model terms),"STEP / IGES,Rendering",no,yes,,,,,2,,Most downloaded Wankel on GrabCAD (3724). Author text: Wankel Engine Turbocharger with intercooler Two Rotor If needed please contact me: meirezki96@gmail.com visit my youtube channel at https://www.youtube.com/channel/UCZgwmsocLHf3iy-coQYPPVQ you can get the manual transmission from V160 6-speed manu
grabcad-wankel-rotary-engine-2,rotary,Wankel Rotary Engine,"Wankel rotary engine (from pictures, not to scale)",different,GrabCAD,https://grabcad.com/library/wankel-rotary-engine-2,Oliver Kiss,GrabCAD Community (free with account; per-model terms),"STEP / IGES,Rendering,Other,SOLIDWORKS 2014",no,yes,,,,,2,,"Author text: I will create a video and exploded view. After that I will upload the SolidWorks assembly. Its not a scale model, because Im created it from pictures and writings."
grabcad-wankel-rotary-engine-display-model,rotary,Wankel Rotary Engine Display Model,Wankel display model for 3D printing,different,GrabCAD,https://grabcad.com/library/wankel-rotary-engine-display-model,Drew Hauck,GrabCAD Community (free with account; per-model terms),"SOLIDWORKS 2011,STEP / IGES,STL,Rendering",no,yes,,,,,2,,Author text: Wankel rotary model with handle ready for 3d printing. http://www.solidsmack.com/contests/solidsmack-awesome-sauce-design-contest
grabcad-wankel-rotary-engine-single-rotor-654cc,rotary,Wankel rotary engine single rotor 654cc,Single-rotor 654 cc Wankel (13B-sized chamber),close,GrabCAD,https://grabcad.com/library/wankel-rotary-engine-single-rotor-654cc,Christos Psaras,GrabCAD Community (free with account; per-model terms),"SOLIDWORKS,Rendering,Other",no,yes,,,,,2,,654 cc = one 13B chamber. Author text: This is a full working model of a signle rotor wankel rotary engine. The rotor and the shaft have a complete mechanical assembly with rotor/shaft ratio 1:3
grabcad-graupner-os-wankel-engine,rotary,Graupner-OS wankel engine,Graupner/OS model Wankel,different,GrabCAD,https://grabcad.com/library/graupner-os-wankel-engine,Maciej,GrabCAD Community (free with account; per-model terms),"CATIA V5,STEP / IGES,Rendering",no,yes,,,,,3,,"Author text: The smallest rotary I've ever seen. Model without front shaft bearing, carburettor and exhaust, glow plug, screws. Added muffler. Anyone would create carbo?"
grabcad-os-engine-graupner-wankel-version-1-1,rotary,OS Engine Graupner Wankel Version 1,OS/Graupner Wankel v1,different,GrabCAD,https://grabcad.com/library/os-engine-graupner-wankel-version-1-1,TheHeliart,GrabCAD Community (free with account; per-model terms),"STEP / IGES,Rendering",no,yes,,,,,2,,Author text: I made some construction with Fusion 360 to get a clue about to work with. Actually only some pictures and stp-file for the assembled carburetor.
grabcad-wankel-engine-26,rotary,Wankel Engine,Wankel engine (retouch of wankel-engine-21),close,GrabCAD,https://grabcad.com/library/wankel-engine-26,Yash Darji,GrabCAD Community (free with account; per-model terms),"STEP / IGES,Rendering",no,yes,,,,,2,,Author text: Designed by YASH DARJI Found it : https://grabcad.com/library/wankel-engine-21 and I retouched it for some design updation
grabcad-motor-wankel,rotary,MOTOR WANKEL,Two-chamber Wankel,different,GrabCAD,https://grabcad.com/library/motor-wankel,Fredy Gomez,GrabCAD Community (free with account; per-model terms),"SOLIDWORKS,STEP / IGES,STL,Rendering",no,yes,,,,,2,,Author text: MOTOR WANKEL DE DOBLE CAMARA
grabcad-wankel-motor-model-for-3d-printers-1,rotary,Wankel motor model for 3D printers,Wankel motor model for 3D printing,different,GrabCAD,https://grabcad.com/library/wankel-motor-model-for-3d-printers-1,Tommi Sintonen,GrabCAD Community (free with account; per-model terms),"SOLIDWORKS,Rendering,Other",no,yes,,,,,2,,"Author text: Basic mechanical demonstration of Wankel motor. These .STL files have been printed, and it works :)"
grabcad-3-chamber-wankel-engine-1,rotary,3-chamber Wankel engine,3-chamber Wankel concept,different,GrabCAD,https://grabcad.com/library/3-chamber-wankel-engine-1,Aleksandar Andjelkovic,GrabCAD Community (free with account; per-model terms),"OBJ,STEP / IGES,STL,Rendering,Other",no,yes,,,,,1,,"Author text: I wanted to construct a Wankel engine with three chambers. This is just my idea of ​​how it might be resolved.All wankel engines on this site are designed with two chambers. How I solved the problem with the middle chamber, you can see in step file."
grabcad-wankel-powertrain-1,rotary,Wankel Powertrain,Wankel powertrain (uses Jean-Nicholas Mason 13B),close,GrabCAD,https://grabcad.com/library/wankel-powertrain-1,Sorin Ovidiu,GrabCAD Community (free with account; per-model terms),"STEP / IGES,Rendering",no,yes,,,,,2,,"Author text: A project I work at. The engine assembly is downloaded from GabCAD, thanks to Jean-Nicholas Mason."
grabcad-dual-rotor-wankel-engine-1,rotary,Dual-rotor Wankel engine,Dual-rotor Wankel kinematics,different,GrabCAD,https://grabcad.com/library/dual-rotor-wankel-engine-1,borz31,GrabCAD Community (free with account; per-model terms),"CATIA V5,Rendering",no,yes,,,,,2,,Author text: Rotors and shaft of dual-rotor Wankel engine and kinematics of moving (gears teeth doesn't fit properly)
grabcad-2-rotor-wankel-engine-2,rotary,2 Rotor Wankel Engine,2-rotor Wankel inspired by RX-7 (655 cc/chamber),close,GrabCAD,https://grabcad.com/library/2-rotor-wankel-engine-2,security ALICE,GrabCAD Community (free with account; per-model terms),"SOLIDWORKS,Rendering",no,yes,,,,,2,,"Author text: Made a Model of a wankel Engine using Solidworks and autodesk fusion 360 . Its a two-rotor design, with each chamber displacing 655 cc or 1310cc total displacement. Inspired from Mazda RX-7 Twin rotary engine (13A). Video of the working model is also"
grabcad-wankel-engine-18,rotary,Wankel engine,"Wankel engine (SolidWorks 2019, IGS)",different,GrabCAD,https://grabcad.com/library/wankel-engine-18,Daniel Loera,GrabCAD Community (free with account; per-model terms),"SOLIDWORKS 2017,STEP / IGES,Rendering",no,yes,,,,,2,,Author text: Solidworks 2019. .IGS file of the full motor assembly in the folder
grabcad-wankel-engine-19,rotary,Wankel Engine,Wankel engine (SolidWorks 2019),different,GrabCAD,https://grabcad.com/library/wankel-engine-19,Umer Shamshad,GrabCAD Community (free with account; per-model terms),"SOLIDWORKS 2017,STEP / IGES,Rendering",no,yes,,,,,2,,Author text: Model of a Wankel Engine. Made in SolidWorks 2019.
grabcad-wankel-engine-wankel-motoru-rotary-engine-1,rotary,"Wankel Engine, wankel motoru, Rotary engine",Wankel engine (educational),different,GrabCAD,https://grabcad.com/library/wankel-engine-wankel-motoru-rotary-engine-1,An Engineer,GrabCAD Community (free with account; per-model terms),"SOLIDWORKS,STEP / IGES,Rendering",no,yes,,,,,2,,"Author text: Compared to the reciprocating piston engine, the Wankel engine has more uniform torque and less vibration and, for a given power, is more compact and weighs less. The rotor, which creates the turning motion, is similar in shape to a Reuleaux triangl"
grabcad-wankel-rotary-engine-8,rotary,Wankel Rotary Engine,Wankel rotary engine,different,GrabCAD,https://grabcad.com/library/wankel-rotary-engine-8,Ulaş Baha Çınar,GrabCAD Community (free with account; per-model terms),"STEP / IGES,Rendering",no,yes,,,,,2,,Author text: The Wankel engine is a type of internal combustion engine using an eccentric rotary design to convert pressure into rotating motion.
grabcad-wankel-rotary-engine-w-slash-constraints,rotary,Wankel Rotary Engine w/constraints,Wankel with Inventor constraints,different,GrabCAD,https://grabcad.com/library/wankel-rotary-engine-w-slash-constraints,Beau Bernis,GrabCAD Community (free with account; per-model terms),"Autodesk Inventor 2012,Rendering",no,yes,,,,,1,,"Author text: This is an elaboration upon an unconstrained Wankel Rotary Engine designed to work in AutoDesk Inventor. The only missing constraint is unfortunately the most important, namely the interaction between the rotor housing and the rotor itself. If anyone"
grabcad-design-of-wankel-engine-1,rotary,DESIGN OF WANKEL ENGINE,Design of Wankel engine,different,GrabCAD,https://grabcad.com/library/design-of-wankel-engine-1,Srinivaasan mechanical,GrabCAD Community (free with account; per-model terms),"SOLIDWORKS 2017,SOLIDWORKS 2014,Rendering",no,yes,,,,,2,,"Author text: The Wankel engine is a type of internal combustion engine using an eccentric rotary design to convert pressure into rotating motion. All parts rotate consistently in one direction, as opposed to the common reciprocating piston engine, which has pisto"
grabcad-wankel-engine-with-complete-movement-1,rotary,Wankel Engine with complete movement,Wankel with complete movement (educational),different,GrabCAD,https://grabcad.com/library/wankel-engine-with-complete-movement-1,Chera D.E,GrabCAD Community (free with account; per-model terms),"SOLIDWORKS,Rendering",no,yes,,,,,2,,Author text: Wankel rotary engine assembly for educational and learning purposes.
grabcad-wankels-rotor-and-shaft,rotary,wankel's rotor and shaft.,Wankel rotor + shaft,different,GrabCAD,https://grabcad.com/library/wankels-rotor-and-shaft,Mohamad Ebad Mehrfar,GrabCAD Community (free with account; per-model terms),"CATIA Older,SOLIDWORKS 2010,STL,Rendering",no,yes,,,,,1,,Author text: Rotors and Shaft of Wankel engine.
grabcad-rotary-engine--1,rotary,Rotary Engine,Wankel engine,different,GrabCAD,https://grabcad.com/library/rotary-engine--1,Derrek Thompson-Sevcik,GrabCAD Community (free with account; per-model terms),"SOLIDWORKS 2011,STEP / IGES,STL,Rendering,Other",no,yes,,,,,1,,Author text: Wankel Engine
grabcad-wankel-rotary-engine-model-2,rotary,Wankel Rotary Engine Model,Wankel rotary engine model (787B/RX-7 inspired),different,GrabCAD,https://grabcad.com/library/wankel-rotary-engine-model-2,Ardi Esdiyanto,GrabCAD Community (free with account; per-model terms),SOLIDWORKS,no,yes,,,,,2,,"Author text: A Wankel engine or rotary engine is an engine that has been developed by Wankel, which is popularly used by Mazda RX-7 and Mazda 787B in 24 hours Le Mans series."
grabcad-turbocharged-4-rotor-engine-1,rotary,turbocharged 4 rotor engine,Turbocharged 4-rotor (787B-style),different,GrabCAD,https://grabcad.com/library/turbocharged-4-rotor-engine-1,Ahnaf Zahid,GrabCAD Community (free with account; per-model terms),"SOLIDWORKS,Rendering",no,yes,,,,,2,,"Author text: the Wankel rotary engine, taken up to 4 rotors, as you would find in the Mazda 787B. It has also been turbocharged with custom blade diameters and custom injectors"
grabcad-rotron-rt1200-p-200hp-quad-rotor-wankel-engine-1,rotary,Rotron RT1200-P 200hp Quad-Rotor Wankel Engine,Rotron RT1200-P UAV quad-rotor Wankel,different,GrabCAD,https://grabcad.com/library/rotron-rt1200-p-200hp-quad-rotor-wankel-engine-1,Felipe Westin,GrabCAD Community (free with account; per-model terms),"Parasolid,Rendering,Other",no,yes,,,,,2,,"Author text: Rotron RT1200-P https://rotronpower.com/rt1200p-rotary-engine/ Rotron Power Limited is a British aircraft engine manufacturer based in Semley, Wiltshire. The company specializes in the design and manufacture of Wankel engines for unmanned aerial ve"
grabcad-rotron-690-wankel-engine-1,rotary,Rotron 690 Wankel Engine,Rotron RT690 UAV Wankel,different,GrabCAD,https://grabcad.com/library/rotron-690-wankel-engine-1,CAD Pilled,GrabCAD Community (free with account; per-model terms),"STEP / IGES,Rendering",no,yes,,,,,2,,Author text: Reference model from https://rotronpower.com/rt690xe-rotary-engine/ https://rotronpower.com/5lmospujo2lbocroqiph/
grabcad-rotron-rt690-xe-rotor-housing-1,rotary,ROTRON RT690-XE rotor housing,Rotron RT690-XE rotor housing with internals,different,GrabCAD,https://grabcad.com/library/rotron-rt690-xe-rotor-housing-1,Sam v L,GrabCAD Community (free with account; per-model terms),"STEP / IGES,Rendering",no,yes,,,,,2,,"States 345 cc, width 80 mm. Author text: ROTRON RT690-XE with internal design Got the parasolid model from their website and designed the internals. Displacement: 345cc Width: 80mm Exhaust port diameter: 38mm Intake port diameter: 40mm Weight: 2187g"
grabcad-wankel-rotary-engine-advanced-3d-cad-modeling-1,rotary,Wankel Rotary Engine: Advanced 3D CAD Modeling,"Wankel engine, parametric epitrochoid modelling",different,GrabCAD,https://grabcad.com/library/wankel-rotary-engine-advanced-3d-cad-modeling-1,Níkolas Grüdtner,GrabCAD Community (free with account; per-model terms),"STEP / IGES,Rendering",no,yes,,,,,2,,"Author text: Description: High-precision 3D modeling project of a Wankel rotary engine, focused on the unique geometry and orbital kinematics of the rotary combustion cycle. The project served as a deep dive into non-standard mechanical design, requiring advance"
grabcad-weber-dcoe-carburetor-1,rotary,Weber DCOE Carburetor,Weber 45 DCOE carburettor (from drawings + measurements),close,GrabCAD,https://grabcad.com/library/weber-dcoe-carburetor-1,ATS,GrabCAD Community (free with account; per-model terms),"STEP / IGES,Rendering",no,yes,,,,,4,External body; internals unfinished.,ATS 2016. DCOE 45 is a common 12A/13B upgrade (not stock FB). Author text: Weber DCOE 45 based on drawings and actual measurements. Still unfinished internals and a few brackets/ bolts here and there. I got tired of seeing the only DCOE CAD models on the internet being for sale so I figured I would make my own and put i
grabcad-pinto-weber-dcoe-intake-manifold-1,rotary,Pinto Weber DCOE Intake Manifold,Ford Pinto intake manifold for Weber 45 DCOE,different,GrabCAD,https://grabcad.com/library/pinto-weber-dcoe-intake-manifold-1,Gh0sT,GrabCAD Community (free with account; per-model terms),"STEP / IGES,Rendering",no,yes,,,,,2,,Non-commercial use only per author. Author text: Manifold for Weber 45 DCOE Carburetor Weber DCOE 45: https://grabcad.com/library/weber-dcoe-carburetor-1 PS: Free for no commercial use ! Other contact me !
grabcad-weber-dcoe-40-flange-pattern-1,rotary,Weber DCOE 40 Flange Pattern,"Weber DCOE 40 flange pattern, to scale",close,GrabCAD,https://grabcad.com/library/weber-dcoe-40-flange-pattern-1,Pedro Gil,GrabCAD Community (free with account; per-model terms),"SOLIDWORKS,Rendering",no,yes,,,,,4,,DCOE flange template (same bolt pattern family as 45). Author text: This model is to escale for the Weber DCOE 40
grabcad-weber-dcoe45-carburettor-jets-1,rotary,Weber DCOE45 Carburettor Jets,Weber DCOE45 jets,close,GrabCAD,https://grabcad.com/library/weber-dcoe45-carburettor-jets-1,Chris Humphris,GrabCAD Community (free with account; per-model terms),"STEP / IGES,Other",no,yes,,,,,2,,Author text: Years ago I had to make some jets to suit Weber DCOE45 Carburettors for my son's car. Created a monster that really gulped fuel.
grabcad-fajs-heat-shield-for-weber-45dcoe-2,rotary,FAJS Heat shield for Weber 45DCOE,Heat shield for Weber 45 DCOE (FreeCAD sheet metal),close,GrabCAD,https://grabcad.com/library/fajs-heat-shield-for-weber-45dcoe-2,H. Segeth,GrabCAD Community (free with account; per-model terms),"STEP / IGES,Rendering,Other",no,yes,,,,,2,,Author text: On non-crossflow engines Weber sidedraught carburettors are often exposed to heat radiation from the exhaust manifold. While a heat shield cannot eliminate all of the heat transfer it can reduce the temperature of the carb. CAD: a quite simple design
grabcad-velocity-stack-for-weber-mikuni-solex-dcoe-1,rotary,"Velocity stack for Weber, Mikuni, Solex DCOE",Velocity stack for DCOE,close,GrabCAD,https://grabcad.com/library/velocity-stack-for-weber-mikuni-solex-dcoe-1,MMotorCo.,GrabCAD Community (free with account; per-model terms),"PTC Creo Elements,STL",no,yes,,,,,2,,"Author text: veolcity stack for Weber, Mikuni or Solex DCOE carb, form small engine bay. i made it for my classic mini with small engine bay room, also have a little space for a air filter, you cut a round piece"
grabcad-carburetor-3,rotary,Carburetor,Nikki 6100 carburettor (flange dims only real),different,GrabCAD,https://grabcad.com/library/carburetor-3,Miloš Šuvakov,GrabCAD Community (free with account; per-model terms),"SOLIDWORKS 2012,STEP / IGES,Rendering,Other",no,yes,,,,,2,,"Only flange dimensions known; rest from images. Not the Mazda 12A Nikki 4-barrel. Author text: Carburetor Nikki-6100 I found only flange dimensions, all other dimensions are my impressions from images that I found on the internet."
thingiverse-3006071,rotary,Mazda RX7 Wankel Rotary Engine 13B-REW - Working Model,"13B-REW working model, 35% scale",close,Thingiverse,https://www.thingiverse.com/thing:3006071,ericthepoolboy,not captured (Thingiverse page is JS-only),stl (typ.),no,yes,,,,,3,,Thingiverse zip endpoint now redirects to /files and needs a browser session/login; not downloaded. Original of the MMF/Printables copies (downloaded from MMF).
thingiverse-4709639,rotary,Mazda RX7 Wankel Rotary Engine 13B-REW Remix,13B-REW model remix + add-ons,close,Thingiverse,https://www.thingiverse.com/thing:4709639,dancan13f,not captured (Thingiverse page is JS-only),stl (typ.),no,yes,,,,,2,,Thingiverse zip endpoint now redirects to /files and needs a browser session/login; not downloaded. Free add-ons obtained from Printables.
thingiverse-3053520,rotary,Wankel Rotary Engine Mazda RX-7 13B Working Model,13B working model with PDF instructions,close,Thingiverse,https://www.thingiverse.com/thing:3053520,shunya0413,not captured (Thingiverse page is JS-only),stl (typ.),no,yes,,,,,3,,Thingiverse zip endpoint now redirects to /files and needs a browser session/login; not downloaded.
thingiverse-3286513,rotary,4rotor Wankel Rotary Engine Working Model,26B (787B mock) 4-rotor working model,different,Thingiverse,https://www.thingiverse.com/thing:3286513,shunya0413,not captured (Thingiverse page is JS-only),stl (typ.),no,yes,,,,,3,,Thingiverse zip endpoint now redirects to /files and needs a browser session/login; not downloaded.
thingiverse-184659,rotary,Remixed Wankel Rotary Engine 13B,13B model; housing from 13B-REW block 93-02; 13B 2-rotor and 20B 3-rotor shafts,close,Thingiverse,https://www.thingiverse.com/thing:184659,Thinkinglink,not captured (Thingiverse page is JS-only),stl (typ.),no,yes,,,,,3,,Thingiverse zip endpoint now redirects to /files and needs a browser session/login; not downloaded. Also on MakerWorld 716904 ('death').
thingiverse-3135944,rotary,1-10 Scale Mazda RX7 Wankel rotary engine,ericthepoolboy model rescaled to 1/10,close,Thingiverse,https://www.thingiverse.com/thing:3135944,Dblnaknak,not captured (Thingiverse page is JS-only),stl (typ.),no,yes,,,,,2,,Thingiverse zip endpoint now redirects to /files and needs a browser session/login; not downloaded.
thingiverse-3763510,rotary,13b rotor,13B rotor,close,Thingiverse,https://www.thingiverse.com/thing:3763510,person_who_CAD,not captured (Thingiverse page is JS-only),stl (typ.),no,yes,,,,,2,,Thingiverse zip endpoint now redirects to /files and needs a browser session/login; not downloaded.
thingiverse-6961503,rotary,Free 13B organizer version 2.0,Seal organizer for 13B/12A/Renesis rebuilds,close,Thingiverse,https://www.thingiverse.com/thing:6961503,segphil26,not captured (Thingiverse page is JS-only),stl (typ.),no,yes,,,,,2,,Thingiverse zip endpoint now redirects to /files and needs a browser session/login; not downloaded. Workshop tray.
thingiverse-6632246,rotary,"Integza Air Wankel Rotary Engine - 2 & 4 rotor (13B, 26B)",Air-powered 13B/26B-style toy,different,Thingiverse,https://www.thingiverse.com/thing:6632246,gavinhogberg,not captured (Thingiverse page is JS-only),stl (typ.),no,yes,,,,,2,,Thingiverse zip endpoint now redirects to /files and needs a browser session/login; not downloaded.
thingiverse-4859515,rotary,Compressed Air Wankel Engine,Air Wankel toy,different,Thingiverse,https://www.thingiverse.com/thing:4859515,Integza,not captured (Thingiverse page is JS-only),stl (typ.),no,yes,,,,,2,,Thingiverse zip endpoint now redirects to /files and needs a browser session/login; not downloaded.
thingiverse-3257874,rotary,13B Rotary Engine Exhaust Street Port Template,13B-REW exhaust port templates,close,Thingiverse,https://www.thingiverse.com/thing:3257874,SportRotary,not captured (Thingiverse page is JS-only),stl (typ.),no,yes,,,,,4,,Thingiverse zip endpoint now redirects to /files and needs a browser session/login; not downloaded. Downloaded from Printables mirror.
thingiverse-4061827,rotary,Display Stand for Mazda RX7 13B-REW model,Stand,different,Thingiverse,https://www.thingiverse.com/thing:4061827,OnkelPierre,not captured (Thingiverse page is JS-only),stl (typ.),no,yes,,,,,1,,Thingiverse zip endpoint now redirects to /files and needs a browser session/login; not downloaded. Downloaded from Printables mirror.
thingiverse-2254635,rotary,13B Rotary Engine Keychain,Keychain,different,Thingiverse,https://www.thingiverse.com/thing:2254635,fuzzchucker,not captured (Thingiverse page is JS-only),stl (typ.),no,yes,,,,,1,,Thingiverse zip endpoint now redirects to /files and needs a browser session/login; not downloaded.
thingiverse-5815836,rotary,RX7 Side Seal Clearance Tool,13B side seal/corner seal clearance tool,close,Thingiverse,https://www.thingiverse.com/thing:5815836,cs900,not captured (Thingiverse page is JS-only),stl (typ.),no,yes,,,,,3,,Thingiverse zip endpoint now redirects to /files and needs a browser session/login; not downloaded.
thingiverse-4657060,rotary,RX7 (FD3S) Lower Intake Manifold Cover,FD 13B-REW lower intake cover,different,Thingiverse,https://www.thingiverse.com/thing:4657060,Goggles_do_nothing,not captured (Thingiverse page is JS-only),stl (typ.),no,yes,,,,,2,,Thingiverse zip endpoint now redirects to /files and needs a browser session/login; not downloaded.
thingiverse-1234213,rotary,Mazda RX7 12A to Holley carb spacer,12A (FB) intake manifold to Holley 4-barrel spacer - carries the stock 12A 4-barrel manifold flange,exact,Thingiverse,https://www.thingiverse.com/thing:1234213,cabentley22,not captured (Thingiverse page is JS-only),stl (typ.),no,yes,,,,,3,,Thingiverse zip endpoint now redirects to /files and needs a browser session/login; not downloaded. Prototype; gives FB 12A carb-mount flange geometry.
thingiverse-2239231,rotary,Rotary Engine Pilot Bearing & Seal Tool (RX-7 12A Engine),12A e-shaft pilot bearing + seal install tool (20 mm bore),exact,Thingiverse,https://www.thingiverse.com/thing:2239231,FluffyKittens12,not captured (Thingiverse page is JS-only),stl (typ.),no,yes,,,,,3,,Thingiverse zip endpoint now redirects to /files and needs a browser session/login; not downloaded. 12A-specific tool (2017).
thingiverse-3305933,rotary,Single Rotor Display 13B,Single-rotor 13B display (remix of 3053520),close,Thingiverse,https://www.thingiverse.com/thing:3305933,Valnar300,not captured (Thingiverse page is JS-only),stl (typ.),no,yes,,,,,2,,Thingiverse zip endpoint now redirects to /files and needs a browser session/login; not downloaded.
thingiverse-536050,rotary,Wankel Rotary Engine,Generic Wankel,different,Thingiverse,https://www.thingiverse.com/thing:536050,ECU_Engineer,not captured (Thingiverse page is JS-only),stl (typ.),no,yes,,,,,2,,Thingiverse zip endpoint now redirects to /files and needs a browser session/login; not downloaded.
thingiverse-42579,rotary,Detailed Wankel Engine Model,Generic Wankel derived from GrabCAD,different,Thingiverse,https://www.thingiverse.com/thing:42579,petropixel,not captured (Thingiverse page is JS-only),stl (typ.),no,yes,,,,,2,,Thingiverse zip endpoint now redirects to /files and needs a browser session/login; not downloaded.
thingiverse-13372,rotary,Wankel Engine Rotor,Rotor,different,Thingiverse,https://www.thingiverse.com/thing:13372,Dawg2,not captured (Thingiverse page is JS-only),stl (typ.),no,yes,,,,,1,,Thingiverse zip endpoint now redirects to /files and needs a browser session/login; not downloaded.
thingiverse-13406,rotary,Wankel Rotary Engine Model,Generic Wankel,different,Thingiverse,https://www.thingiverse.com/thing:13406,jag,not captured (Thingiverse page is JS-only),stl (typ.),no,yes,,,,,2,,Thingiverse zip endpoint now redirects to /files and needs a browser session/login; not downloaded.
thingiverse-4239073,rotary,Mazda Rotary Logo,Logo,different,Thingiverse,https://www.thingiverse.com/thing:4239073,chrizzlee,not captured (Thingiverse page is JS-only),stl (typ.),no,yes,,,,,1,,Thingiverse zip endpoint now redirects to /files and needs a browser session/login; not downloaded.
thingiverse-3061260,rotary,Rotary Rotor Volume Knob for Mazda RX8,Knob,different,Thingiverse,https://www.thingiverse.com/thing:3061260,cc6r2006,not captured (Thingiverse page is JS-only),stl (typ.),no,yes,,,,,1,,Thingiverse zip endpoint now redirects to /files and needs a browser session/login; not downloaded.
makerworld-716904,rotary,Rotary Engine 13B,"13B model, housing based on 13B-REW 93-02 block",close,MakerWorld,https://makerworld.com/en/models/716904,death,Standard Digital File License,stl/3mf,no,yes,,,,,3,,MakerWorld downloads need login. Same design as Thingiverse 184659 remix.
makerworld-1996292,rotary,Tribute to 13B Engine in 1/6 Scale (Fanmade),"13B engine display model, 1/6 scale (author: 'not 100% true to scale')",close,MakerWorld,https://makerworld.com/en/models/1996292,Danko_Creates,Standard Digital File License,stl/3mf,no,yes,,,,,3,,MakerWorld downloads need login.
makerworld-1491434,rotary,SIMPLE 1/8 Mazda RX-7 13B REW Engine,13B-REW simple model,close,MakerWorld,https://makerworld.com/en/models/1491434,Motani Works,BY-NC-SA,stl/3mf,no,yes,,,,,2,,MakerWorld downloads need login. Printables copy downloaded (actually 35% scale).
makerworld-1173414,rotary,ROTORSTACK RX7 Rotary Engine Parts Tray 13B/12A,Seal/spring tray for 12A and 13B rebuilds,close,MakerWorld,https://makerworld.com/en/models/1173414,mdt623,BY-SA,stl/3mf,no,yes,,,,,2,,MakerWorld downloads need login.
makerworld-716310,rotary,Mazda rotary engine (remix),Rotary engine model,close,MakerWorld,https://makerworld.com/en/models/716310,3D打印小小一,Standard Digital File License,stl/3mf,no,yes,,,,,2,,MakerWorld downloads need login.
makerworld-798002,rotary,Mazda rotary engine repair edition,Rotary engine model,close,MakerWorld,https://makerworld.com/en/models/798002,3D打印小小一,Standard Digital File License,stl/3mf,no,yes,,,,,2,,MakerWorld downloads need login.
makerworld-690541,rotary,Wankel engine - Manual drive,"Educational Wankel (13B-REW-like), TT motor option",close,MakerWorld,https://makerworld.com/en/models/690541,Kocyns,Standard Digital File License,stl/3mf,no,yes,,,,,2,,MakerWorld downloads need login. Apex seals for it downloaded from Printables (JulsHg).
makerworld-1020675,rotary,Mazda 787B,787B car (26B),different,MakerWorld,https://makerworld.com/en/models/1020675,(see page),(see page),stl/3mf,no,yes,,,,,1,,"MakerWorld downloads need login. Car, listed for 26B completeness."
makerworld-mazda-13b-rew-rx7-turbo,rotary,Mazda 13B-REW Rotary Engine (RX7 Turbo),13B-REW engine model,close,MakerWorld,https://www.yeggi.com/q/13b+rotary+engine/,(unknown),(unknown),stl/3mf,no,yes,,,,,2,,Seen via Yeggi only; MakerWorld id not resolved.
cults-mazda-rx7-wankel-rotary-engine-13b-rew-working-mod,rotary,ericthepoolboy 13B-REW working model (Cults copy),ericthepoolboy 13B-REW working model (Cults copy),close,Cults3D,https://cults3d.com/en/3d-model/gadget/mazda-rx7-wankel-rotary-engine-13b-rew-working-model,(see page),(not captured - Cloudflare blocked),stl,no,yes,,,,,3,,Cults downloads need login. Duplicate of downloaded MMF model.
cults-mazda-rx7-13b-wankel-rotary-engine,rotary,"MAZDA RX7 13B WANKEL - rotary engine (single-turbo, injection, exhaust manifold)","MAZDA RX7 13B WANKEL - rotary engine (single-turbo, injection, exhaust manifold)",close,Cults3D,https://cults3d.com/en/3d-model/various/mazda-rx7-13b-wankel-rotary-engine,(see page),(not captured - Cloudflare blocked),stl,no,yes,,,,,2,,Cults downloads need login. May be paid; price not captured (Cloudflare).
cults-wankel-13b-rotary,rotary,Mazda RX7 Wankel 13B Rotary,Mazda RX7 Wankel 13B Rotary,close,Cults3D,https://cults3d.com/en/3d-model/game/wankel-13b-rotary,(see page),(not captured - Cloudflare blocked),stl,no,yes,,,,,2,,Cults downloads need login.
cults-mazda-wankel-single-rotor-rotary-engine,rotary,Mazda Wankel single rotor rotary engine,Mazda Wankel single rotor rotary engine,close,Cults3D,https://cults3d.com/en/3d-model/gadget/mazda-wankel-single-rotor-rotary-engine,(see page),(not captured - Cloudflare blocked),stl,no,yes,,,,,2,,Cults downloads need login.
cults-mazda-rx7-wankel-remix-mcmaven,rotary,Mazda Rx7 Wankel Remix (mcmaven copy),Mazda Rx7 Wankel Remix (mcmaven copy),close,Cults3D,https://cults3d.com/en/3d-model/various/mazda-rx7-wankel-remix-mcmaven,(see page),(not captured - Cloudflare blocked),stl,no,yes,,,,,2,,Cults downloads need login. Duplicate of Printables 83981.
cults-mazda-rx7-wankel-rotary-engine-13b-rew-remix,rotary,13B-REW Remix (dancan13f copy),13B-REW Remix (dancan13f copy),close,Cults3D,https://cults3d.com/en/3d-model/game/mazda-rx7-wankel-rotary-engine-13b-rew-remix,(see page),(not captured - Cloudflare blocked),stl,no,yes,,,,,2,,Cults downloads need login.
cults-12a-rotaty-for-rx7-fb-hotwheels-1-64-engine-bay,rotary,12A rotary for RX7 FB Hot Wheels 1/64 engine bay (Kuruma_64),12A rotary for RX7 FB Hot Wheels 1/64 engine bay (Kuruma_64),exact,Cults3D,https://cults3d.com/en/3d-model/game/12a-rotaty-for-rx7-fb-hotwheels-1-64-engine-bay,(see page),(not captured - Cloudflare blocked),stl,no,yes,,,,,2,,Cults downloads need login. 1:64 scale - only engine+bay silhouette; FB/12A exact subject.
cults-12a-rotary-engine-for-1-64-custom,rotary,12A rotary engine for 1/64 custom,12A rotary engine for 1/64 custom,exact,Cults3D,https://cults3d.com/en/3d-model/game/12a-rotary-engine-for-1-64-custom,(see page),(not captured - Cloudflare blocked),stl,no,yes,,,,,2,,Cults downloads need login. 1:64 scale.
cults-sa22-rx7-fb-engine-bay-for-hotwheels-custom,rotary,SA22 RX7 FB engine bay for Hot Wheels custom,SA22 RX7 FB engine bay for Hot Wheels custom,exact,Cults3D,https://cults3d.com/en/3d-model/game/sa22-rx7-fb-engine-bay-for-hotwheels-custom,(see page),(not captured - Cloudflare blocked),stl,no,yes,,,,,2,,Cults downloads need login. 1:64 scale engine bay.
cults-1-64-scale-engine-13b-rotary-hot-wheels-mazda-sava,rotary,1/64 13B rotary for Hot Wheels Savanna RX7,1/64 13B rotary for Hot Wheels Savanna RX7,close,Cults3D,https://cults3d.com/en/3d-model/various/1-64-scale-engine-13b-rotary-hot-wheels-mazda-savanna-rx7,(see page),(not captured - Cloudflare blocked),stl,no,yes,,,,,1,,Cults downloads need login.
cults-1-64-scale-engine-rotary-26b-4-rotor-diecast-hot-w,rotary,1/64 26B 4-rotor for Hot Wheels,1/64 26B 4-rotor for Hot Wheels,different,Cults3D,https://cults3d.com/en/3d-model/various/1-64-scale-engine-rotary-26b-4-rotor-diecast-hot-wheels-mazda-rx7-fd,(see page),(not captured - Cloudflare blocked),stl,no,yes,,,,,1,,Cults downloads need login.
cults-48-ida-carburetor-simplified,rotary,"Weber 48 IDA carburettor simplified, 1:1, measured on a real 48 IDA","Weber 48 IDA carburettor simplified, 1:1, measured on a real 48 IDA",close,Cults3D,https://cults3d.com/en/3d-model/various/48-ida-carburetor-simplified,(see page),(not captured - Cloudflare blocked),stl,no,yes,,,,,4,,Cults downloads need login. Price/license not captured.
cults-48mm-ida-downdraft-weber-carburettor,rotary,"48 IDA Weber with K&N filter, 1/24","48 IDA Weber with K&N filter, 1/24",close,Cults3D,https://cults3d.com/en/3d-model/various/48mm-ida-downdraft-weber-carburettor,(see page),(not captured - Cloudflare blocked),stl,no,yes,,,,,1,,Cults downloads need login.
cults-trompeta-weber-ida-48,rotary,Trumpet Weber IDA 48,Trumpet Weber IDA 48,close,Cults3D,https://cults3d.com/en/3d-model/various/trompeta-weber-ida-48,(see page),(not captured - Cloudflare blocked),stl,no,yes,,,,,2,,Cults downloads need login.
cults-weber-45-dcoe,rotary,Weber 45 DCOE (linked by Printables 611515 author),Weber 45 DCOE (linked by Printables 611515 author),close,Cults3D,https://cults3d.com/en/3d-model/various/weber-45-dcoe,(see page),(not captured - Cloudflare blocked),stl,no,yes,,,,,3,,Cults downloads need login.
cults-yeggi-13b-engine-kit-for-mazda-rx-7-scale-110-,rotary,13B Engine Kit for Mazda RX-7 Scale 1:10-1:24,"13B engine kit, scale model",close,Cults3D,https://www.yeggi.com/q/13b+rotary+engine/,(see page),(not captured),stl/obj,no,yes,,,,,2,,Seen via Yeggi; Cults URL not resolved.
cults-yeggi-124-scale-engine-mazda-13b-3-rotor,rotary,1:24 Scale Engine Mazda 13B 3 Rotor,13B-based 3-rotor 1:24,close,Cults3D,https://www.yeggi.com/q/13b+rotary+engine/,(see page),(not captured),stl/obj,no,yes,,,,,2,,Yeggi; Cults.
cults-yeggi-164-scale-rotary-13b-ida-non-filter-engi,rotary,1:64 Scale Rotary 13B IDA Non Filter Engine Diecast,13B with IDA carbs 1:64,close,Cults3D,https://www.yeggi.com/q/13b+rotary+engine/,(see page),(not captured),stl/obj,no,yes,,,,,2,,Yeggi; Cults.
cults-yeggi-rotary-26b-ppre-obj-file,rotary,Rotary 26B PPRE OBJ File,26B peripheral port,close,Cults3D,https://www.yeggi.com/q/13b+rotary+engine/,(see page),(not captured),stl/obj,no,yes,,,,,2,,Yeggi; Cults; possibly related to Dakta 13B PPRE uploads.
cults-yeggi-13b-rough-scan-stl-file,rotary,13B rough scan STL File,13B rough 3D scan,close,Cults3D,https://www.yeggi.com/q/13b+rotary+engine/,(see page),(not captured),stl/obj,no,yes,,,,,2,,Yeggi; Cults - real-scale scan candidate.
cults-yeggi-free-13b-exhaust-port-block-off-plate,rotary,Free 13b exhaust port block off plate,13B exhaust port block-off plate,close,Cults3D,https://www.yeggi.com/q/13b+rotary+engine/,(see page),(not captured),stl/obj,no,yes,,,,,2,,Yeggi; Cults.
cults-yeggi-mazdaspeed-rotary-oil-cap,rotary,Mazdaspeed rotary oil cap,Rotary oil filler cap,close,Cults3D,https://www.yeggi.com/q/13b+rotary+engine/,(see page),(not captured),stl/obj,no,yes,,,,,2,,Yeggi; Cults.
cgtrader-rotary-13b-rx7-mazda,rotary,Rotary 13B RX7 MAZDA,"13B twin-turbo complete engine, 110+ parts",close,CGTrader,https://www.cgtrader.com/3d-models/vehicle/part/rotary-13b-rx7-mazda,(see page),(not captured; likely paid),various,no,yes,,,,,2,,Listed as 3D model; likely PAID - not free. Recorded for provenance of Sketchfab re-uploads.
cgtrader-rotary-engine-13b-custom-turbo-setup,rotary,Rotary 13B RX7 MAZDA custom turbo setup,13B single-turbo engine,close,CGTrader,https://www.cgtrader.com/3d-models/vehicle/vehicle-part/rotary-engine-13b-custom-turbo-setup,(see page),(not captured; likely paid),various,no,yes,,,,,2,,Likely PAID.
cgtrader-moteur-rotatif-wankel-wankel-rotary-engine,rotary,Moteur rotatif Wankel,Generic Wankel printable,close,CGTrader,https://www.cgtrader.com/3d-print-models/hobby-diy/mechanical-parts/moteur-rotatif-wankel-wankel-rotary-engine,(see page),(not captured; likely paid),various,no,yes,,,,,2,,Price not captured.
github-arpieb-wankel-sw92,rotary,arpieb/Wankel-SW92,SW-92 Wankel SolidWorks + scanned original plans,different,GitHub,https://github.com/arpieb/Wankel-SW92,arpieb,none stated,SLDPRT/STL,no,no,,,,,1,,No license file - not downloaded (same content as downloaded jasonatwood zip).
github-anandksa597-wankel_engine,rotary,AnandKSA597/Wankel_Engine,Generic Wankel SolidWorks assembly + drawing,different,GitHub,https://github.com/AnandKSA597/Wankel_Engine,AnandKSA597,none stated,SLDPRT/STL,no,no,,,,,1,,No license file; SolidWorks only - not downloaded.
github-jasonnyberg-wankel,rotary,jasonnyberg/wankel,Wankel / reverse-Wankel 3D-print experiments (STL),different,GitHub,https://github.com/jasonnyberg/wankel,jasonnyberg,none stated,SLDPRT/STL,no,no,,,,,1,,No license file - not downloaded.
drawing-grabcad-mazda-13b-curves,rotary,Mazda 13B curves (epitrochoid + rotor + gear pitch circles),dimension source: 12A/13B rotary geometry,close,GrabCAD,https://grabcad.com/library/mazda-13b-curves-1,CadaZ,(n/a / not stated),drawing,no,yes,,,,,3,,"R=105, e=15 stated -> valid 12A/13B profile; see grabcad-mazda-13b-curves-1 entry."
drawing-rx7club-engine-dimensions-12a-13b,rotary,"rx7club thread 'engine dimensions 12A and 13B' - image rotary-dimensions.gif (Aaron Cake, 2017)",dimension source: 12A/13B rotary geometry,exact,rx7club.com,https://www.rx7club.com/new-member-rx-7-technical-256/engine-dimensions-12a-13b-1110485/,Aaron Cake (post),(n/a / not stated),drawing,no,yes,,,,,3,,Overall 12A/13B engine outline dimensions diagram attached to post; attachment not retrievable without forum login. AusRotary notes 12A vs 13B length differs by ~20 mm (10 mm per housing).
drawing-rx7club-13b-rew-cad-epitrochoid,rotary,rx7club '13b-rew CAD/technical drawings' thread,dimension source: 12A/13B rotary geometry,close,rx7club.com,https://www.rx7club.com/3rd-gen-general-discussion-322/13b-rew-cad-technical-drawings-1077217/,Sideo et al.,(n/a / not stated),drawing,no,no,,,,,3,,"States X=E cos3t + R cos t, Y=E sin3t + R sin t with E=15, R=104 mm (note 104 vs 105 - 105 is Mazda generating radius; 104 may include apex clearance offset). No files posted publicly."
drawing-ausrotary-13bt-dimensions,rotary,AusRotary '13BT Engine Dimensions',dimension source: 12A/13B rotary geometry,close,ausrotary.com,http://www.ausrotary.com/viewtopic.php?t=88903,forum,(n/a / not stated),drawing,no,no,,,,,3,,"13BT: pulley-to-back 19 in; clutch-fan-to-back 22 in; sump to injector rail 20 in; water pump outlet to dipstick 16 in (forum-measured, unverified). 12A ~20 mm shorter."
drawing-yamamoto-rotary-engine-book,rotary,"Kenichi Yamamoto, 'Rotary Engine' (Toyo Kogyo 1969/1981) - dimension tables",dimension source: 12A/13B rotary geometry,close,foxed.ca (per rx7club),https://www.rx7club.com/new-member-rx-7-technical-256/1978-12a-engine-blueprints-1164578/,Kenichi Yamamoto / Mazda,(n/a / not stated),drawing,no,no,,,,,3,,"Primary published source for 10A/12A/13B generating radius, eccentricity, width (table 2.1 used by GrabCAD renesis-13b-msp-1). Not downloaded; location only."
drawing-free-info-pages-nikki-carb,rotary,Rebuilding the RX-7 Nikki carb (1979-85 12A) - exploded diagrams,dimension source: 12A/13B rotary geometry,close,free-info-pages.com,https://free-info-pages.com/rx7-rebuilding-nikki-carburetor-yourself.htm,free-info-pages,(n/a / not stated),drawing,no,no,,,,,3,,Exploded (non-dimensioned) diagrams of the stock FB 12A Nikki 4-barrel; Flickr set 'glazedham42' also has Nikki diagrams. No 3D model of the Nikki carb found anywhere.
drawing-grabcad-tutorial-wankel-design,rotary,How to design a Wankel or any other rotary engine (tutorial),dimension source: 12A/13B rotary geometry,close,GrabCAD,https://grabcad.com/tutorials/how-to-design-a-wankel-or-any-other-rotary-engine,GrabCAD community,(n/a / not stated),drawing,no,no,,,,,3,,Epitrochoid/gear construction method.
1-15-engine-holder-for-the-ls3-chevy-engine-printables-dancan13f,swap,1/15.Engine Holder for the LS3 Chevy Engine,LS3 engine scale model holder (dancan13f remix series of Eric Harrell LS3),close,printables.com,https://www.printables.com/model/18179-115engine-holder-for-the-ls3-chevy-engine,dancan13f,Creative Commons — Attribution — Noncommercial,stl,yes,no,01-REFERENCE/model/library/swap/1-15-engine-holder-for-the-ls3-chevy-engine-printables-dancan13f,154 x 190 x 141,display stand for ~1:3 scale LS3 model,25070,2,"This is a new Engine Holder for the LS3 Chevy Engine (https://www.thingiverse.com/thing:1911808). This is a new Engine Holder for the LS3 Chevy Engine ( https://www.thingiverse.com/thing:1911808 ). I modeled a new holder to support the weight of he engine (more than 3Kg with accessories, and there are still many elements to add). Print instructions Print Settings 1 x Engine_Holder : Layer:0.15mm Raft:no Brim:no Support:yes Infill:50% 1 x Engine_Holder_Logo : Layer:0.15mm Raft:no Brim:no Support:no Infill:100% Accessories 2 x m2x5mm SHCS 8 x m3x5mm SHCS Mounting Look at pictures. More add-ons h","measured: largest=engine_holder.stl; per-file extents: engine_holder.stl=[154.274, 190.0, 141.424]; engine_holder_logo.stl=[91.322, 17.321, 4.003]"
1-25th-scale-ford-9-inch-rear-end-with-disc-b-thingiverse-night-stone,swap,"1/25th scale ford 9 inch rear end with disc brakes, separated","Ford 9in rear end with disc brakes, 1/25 scale model",close,thingiverse.com (via archive.org mirror),https://www.thingiverse.com/thing:3561682,Night Stone (Night_Stone),https://creativecommons.org/licenses/by/4.0/,stl,yes,no,01-REFERENCE/model/library/swap/1-25th-scale-ford-9-inch-rear-end-with-disc-b-thingiverse-night-stone,56 x 62 x 4,1:25 model kit,89500,2,"Ford 9 inch rear end, work in progress. This file was reduced from a larger scale. I have also separated the pieces to make it easier to print. Update 4/21/19: 1. uploaded a set of disc brakes, layered height at .12, infil 10%, print speed 40 mm/s, no support 2. Axle shaft, same as above, no support needed 3. Rear pumpkin, 2 piece, no support needed. But this one is still a work in progress as it didn't print out smoothly 4. Removed original file, I made the files separate as it had a hard time printing a whole set If you do print and come across any issues please let me know","Downloaded from Internet Archive mirror https://archive.org/details/thingiverse-3561682 (Thingiverse site downloads are JS-gated). Thing date 2019-04-13. | measured: largest=1_25th_scale_ford_9_inch_rear_end_with_disc_brakes_separated_3561682/files/1-25_scale_set_of_disc_brakes.stl; per-file extents: 1_25th_scale_ford_9_inch_rear_end_with_disc_brakes_separated_3561682/files/1-25_scale_set_of_disc_brakes.stl=[55.69, 61.597, 4.249]; 1_25th_scale_ford_9_inch_rear_end_with_disc_brakes_separated_3561682/files/ford_9_inch_rear_axle_shaft.stl=[39.002, 1.8, 1.8]; 1_25th_scale_ford_9_inch_rear_end_with_disc_brakes_separated_3561682/files/1-25_scale_Ford_9_inch_Pumpkin.stl=[13.08, 79.869, 7.499]"
1-7-8-inch-ls3-through-ls7-header-mock-kit-printables-michael-rinkle,swap,1 7/8 inch LS3 through LS7 header mock kit,"1-7/8in primary LS3-LS7 (rectangular port) header mock-up kit, 1:1",close,printables.com,https://www.printables.com/model/337798-1-78-inch-ls3-through-ls7-header-mock-kit,Michael Rinkle,Creative Commons — Attribution — Noncommercial — Share Alike,3mf,yes,no,01-REFERENCE/model/library/swap/1-7-8-inch-ls3-through-ls7-header-mock-kit-printables-michael-rinkle,443 x 57 x 10,1:1,458156,3,"This kit allows for near infinite adjustment when you're making LS3-7 headers, contains most common radius bends. &nbsp; Couldn't find a suitable kit around for an important project car at work and most of the printable header mock up kits were difficult to print or had trouble with strength or used more plastic in supports than it did on the pieces. The outside diameter is 1.875"" and tube size is ideal for single/twin turbo applications up to 1200HP on an LS3 5.3L built for street/strip. &nbsp; Grab a bag of 026 o-rings (75A durometer) from your favorite supplier and print away. Designed excl","Primary tube segments 1.875in OD (0.05 m) and 443 mm long universal LS3-LS7 (rectangle port) mock-up flange. | measured: largest=LS3-7 mockup flange universal.3mf; per-file extents: 1.875od3.0cl22deg.3mf=[0.05, 0.054, 0.041]; 1.875od2.5cl22.5dg.3mf=[0.05, 0.053, 0.036]; 1.875od6.0cl22.5dg.3mf=[0.05, 0.059, 0.07]; 1.875od3.0cl22.5dg.3mf=[0.05, 0.054, 0.041]; 1.875OD_0.25L.3mf=[0.05, 0.05, 0.011]; 1.875OD_0.375L.3mf=[0.05, 0.05, 0.014]; 1.875OD_0.75L.3mf=[0.05, 0.05, 0.024]; 1.875OD_0.625L.3mf=[0.05, 0.05, 0.021]; 1.875od_2.50r_22dg.3mf=[0.05, 0.053, 0.036]; 1.875OD_0.875L.3mf=[0.05, 0.05, 0.027]; 1.875OD_3.0L.3mf=[0.05, 0.05, 0.081]; 1.875od_1.875r_22dg.3mf=[0.05, 0.051, 0.03]; 1.875OD_1.0L.3mf=[0.05, 0.05, 0.03]; 1.875OD_2.0L.3mf=[0.05, 0.05, 0.056]; 1.875od_3.750r_22dg.3mf=[0.05, 0.055, 0.048] ..."
1-inch-set-back-plate-1-grabcad-lou.kaminski-1,swap,1 inch SET BACK PLATE,1in engine setback plate (LS bellhousing spacer),close,grabcad.com,https://grabcad.com/library/1-inch-set-back-plate-1,Lou Kaminski,GrabCAD Community Library terms (per-model license not stated),"STEP / IGES,Rendering,Other",no,yes,,,,,3,"312 downloads, 18 likes, 4 files, created 2015-11-04",Chvy LS1 engine set back plate | GrabCAD download requires login; not fetched.
15492640-delphi-80-way-ecm-pcm-connector-1-grabcad-u.s.i.r.u.k-1,swap,15492640 - Delphi 80 Way ECM/PCM Connector,Delphi 15492640 80-way ECM/PCM connector (LS PCM),close,grabcad.com,https://grabcad.com/library/15492640-delphi-80-way-ecm-pcm-connector-1,U S I R U K,GrabCAD Community Library terms (per-model license not stated),"SOLIDWORKS,Rendering",no,yes,,,,,4,"47 downloads, 4 likes, 6 files, created 2025-01-24","APTIV; DELPHI; This part fits: • 1998-2002 Chevrolet Camaro LS1 • 1997-2001 Chevrolet Corvette LS1 • 1998-2002 Pontiac Firebird LS1 other GM applications Requires x2 of 12176410, 12176408, 15358857, or 12176409 retainer locks. Requires 15354962 cover. | GrabCAD download requires login; not fetched."
180-degree-headers-ls-1-grabcad-marco.aguilar-28,swap,180 degree headers LS,LS 180-degree headers,close,grabcad.com,https://grabcad.com/library/180-degree-headers-ls-1,Marco Aguilar,GrabCAD Community Library terms (per-model license not stated),"STEP / IGES,Rendering",no,yes,,,,,2,"49 downloads, 6 likes, 7 files, created 2026-03-24","Very asynchronous design, as this is designed to clear the driveshaft and the upper three link. Vehicle specific, but I am uploading for inspiration. | GrabCAD download requires login; not fetched."
190mm-spal-axial-fan-grabcad-m.buckles,swap,190mm Spal Axial fan,SPAL 190mm (7.5in) axial electric cooling fan,close,grabcad.com,https://grabcad.com/library/190mm-spal-axial-fan,M Buckles,GrabCAD Community Library terms (per-model license not stated),"SOLIDWORKS 2011,STEP / IGES,Rendering",no,yes,,,,,3,"985 downloads, 24 likes, 3 files, created 2012-02-09",Fan that i use in assembly models. | GrabCAD download requires login; not fetched.
1979-1980-mazda-rx-7-interior-shifter-cover-8871-6-printables-grantd,swap,1979-1980 Mazda Rx-7 Interior Shifter cover 8871-64-350A-00,1979-80 SA22C RX-7 interior shifter cover 8871-64-350A-00,close,printables.com,https://www.printables.com/model/1625131-1979-1980-mazda-rx-7-interior-shifter-cover-8871-6,GrantD,Creative Commons — Attribution — Noncommercial,"3mf,stl",yes,no,01-REFERENCE/model/library/swap/1979-1980-mazda-rx-7-interior-shifter-cover-8871-6-printables-grantd,182 x 203 x 186,1:1,126072,3,"Part No. 8871-64-350A-00 Shift bezel for a 1979-1980 manual RX-7. You will need a new shifter boot that is of sufficient size for this. I made my own and can upload the templates a bit later once I finish tweaking them. To assemble you will need 12 M3 heat press inserts that are 4mm long and about 5mm wide at the widest point. You will also need the original mounting hardware, or you can make your own with some thin steel.&nbsp; Reference to original is here:&nbsp; 79-80 Rx7 Interior Shifter Cover Panel &amp; Boot (8871-64-350A-00)","1979-80 SA22C shift bezel; our 1982 car differs slightly (auto trans). | measured: largest=Shift Bezel.3mf; per-file extents: Top retainer.stl=[82.248, 8.245, 2.0]; Shift Bezel.3mf=[181.771, 203.262, 186.464]; Bottom Retainer.stl=[128.388, 8.4, 2.0]; Shift Bezel.stl=[203.2, 228.821, 48.089]"
225mm-spal-axial-fan-grabcad-m.buckles,swap,225mm spal axial fan,SPAL 225mm (9in) axial electric cooling fan,close,grabcad.com,https://grabcad.com/library/225mm-spal-axial-fan,M Buckles,GrabCAD Community Library terms (per-model license not stated),"SOLIDWORKS 2011,STEP / IGES,Rendering",no,yes,,,,,3,"702 downloads, 16 likes, 3 files, created 2012-02-10",A model i frequently use in assy files. Also other sizes available from my profile. | GrabCAD download requires login; not fetched.
255mm-spal-axial-fan-grabcad-m.buckles,swap,255mm spal axial fan,SPAL 255mm (10in) axial electric cooling fan,close,grabcad.com,https://grabcad.com/library/255mm-spal-axial-fan,M Buckles,GrabCAD Community Library terms (per-model license not stated),"SOLIDWORKS 2011,STEP / IGES,Rendering",no,yes,,,,,3,"1109 downloads, 24 likes, 3 files, created 2012-02-10",See my other models for more sizes of this | GrabCAD download requires login; not fetched.
280mm-spal-axial-fan-grabcad-m.buckles,swap,280mm spal axial fan,SPAL 280mm (11in) axial electric cooling fan,close,grabcad.com,https://grabcad.com/library/280mm-spal-axial-fan,M Buckles,GrabCAD Community Library terms (per-model license not stated),"SOLIDWORKS 2011,STEP / IGES,Rendering",no,yes,,,,,3,"1478 downloads, 27 likes, 3 files, created 2012-02-10",Other sizes available on my profile | GrabCAD download requires login; not fetched.
305mm-spal-axial-fan-grabcad-m.buckles,swap,305mm spal axial fan,SPAL 305mm (12in) axial electric cooling fan,close,grabcad.com,https://grabcad.com/library/305mm-spal-axial-fan,M Buckles,GrabCAD Community Library terms (per-model license not stated),"SOLIDWORKS 2011,STEP / IGES,Rendering",no,yes,,,,,3,"2605 downloads, 49 likes, 3 files, created 2012-02-10",see my other models for different sizes | GrabCAD download requires login; not fetched.
350z-de-manual-throw-out-bearing-sleeve-2-grabcad-k.s-86,swap,350z DE manual throw out bearing & sleeve,Nissan 350Z (CD009) throw-out bearing and sleeve,exact,grabcad.com,https://grabcad.com/library/350z-de-manual-throw-out-bearing-sleeve-2,k s,GrabCAD Community Library terms (per-model license not stated),"STEP / IGES,STL",no,yes,,,,,3,"43 downloads, 0 likes, 4 files, created 2024-10-17","350Z throw out bearing and sleeve for manual transmission DE engine, external slave cylinder. | GrabCAD download requires login; not fetched."
3d-printed-1-1-scale-ls3-1-grabcad-hendrix.d.g-1,swap,3D Printed 1:1 Scale LS3,GM LS3 1:1 printable mock-up engine,close,grabcad.com,https://grabcad.com/library/3d-printed-1-1-scale-ls3-1,Hendrix d.G,GrabCAD Community Library terms (per-model license not stated),"SOLIDWORKS,Rendering",no,yes,,,,,3,"574 downloads, 36 likes, 83 files, created 2021-12-01","Using Chad Dixon's models. You can find it here https://grabcad.com/library/gm-ls1-ls2-ls3-engine-1 If you feel like printing an LS block for some reason, here are the files already split. Print only the ones named L_Y_X_. hope your electricity rate is cheap Work in progress. Still need to add holes for pins. All .SLDPRT files sorry im lazy Split to fit a 200x200x180 bed | GrabCAD download requires login; not fetched."
3rd-member-ford-9-inch-assy-1-grabcad-4.fn.27-1,swap,"3rd Member, Ford 9-inch, Assy",Ford 9in third member assembly,close,grabcad.com,https://grabcad.com/library/3rd-member-ford-9-inch-assy-1,4 FN 27,GrabCAD Community Library terms (per-model license not stated),"Parasolid,SOLIDWORKS,STEP / IGES,Rendering",no,yes,,,,,4,"1324 downloads, 123 likes, 34 files, created 2023-03-02","Faro Arm Probe of a Ford 9-inch 3rd Member Assembly using Dezignworks Add-in and Solidworks. I purchased a cheap Center Section just to measure. Model is clean and accurate. This is my first attempt at something of this complexity. The Iron 3rd Member Model itself has a few flaws and I learned as I went a long. I did not want to back up and start over so I made it work as clean as I could. 100% defined sketches. Next I will do a Dana 60 Housing, front and rear complete. | GrabCAD download requires login; not fetched."
4-8-5-3-6-0-map-sensor-hold-down-thingiverse-01-p71,swap,4.8/5.3/6.0 map sensor hold down,GM 4.8/5.3/6.0 truck MAP sensor hold-down,exact,thingiverse.com (via archive.org mirror),https://www.thingiverse.com/thing:5136590,01 P71 (01_p71),https://creativecommons.org/licenses/by/4.0/,"3mf,obj",yes,no,01-REFERENCE/model/library/swap/4-8-5-3-6-0-map-sensor-hold-down-thingiverse-01-p71,,1:1 if inch,728,3,Map sensor hold down designed for Chevy gmt800 (1999 - 2006) intakes with threaded brass insert near Map sensor,"extents as found: 1.384; 7.115; 2.667 inch? (small numbers). Downloaded from Internet Archive mirror https://archive.org/details/thingiverse-5136590 (Thingiverse site downloads are JS-gated). Thing date 2021-11-14. | measured: largest=5136590/Map_sensor_hold_down_gen_3_truck_intake_v2.3mf; per-file extents: 5136590/Map_sensor_hold_down_gen_3_truck_intake_v2.3mf=[1.384, 7.115, 2.667]; 5136590/Map_sensor_hold_down_gen_3_truck_intake_v2.obj=[0.545, 2.801, 1.05]"
4l80e-input-shaft-cover-printables-transammatt,swap,4L80e Input Shaft Cover,GM 4L80E input shaft cover,different,printables.com,https://www.printables.com/model/1065276-4l80e-input-shaft-cover,transammatt,Creative Commons — Attribution — Noncommercial — Share Alike,3mf,yes,no,01-REFERENCE/model/library/swap/4l80e-input-shaft-cover-printables-transammatt,51 x 51 x 129,1:1,33584,3,Protect the inputs shaft of a 4L80e transmission from damage during storage.,"measured: largest=4L80e INPUT SHAFT COVER.3mf; per-file extents: 4L80e INPUT SHAFT COVER.3mf=[50.891, 50.891, 128.524]"
5-3-or-a-ls3-engine-1-grabcad-randall.e-1,swap,5.3 or a LS3 Engine,GM 5.3 / LS3 engine,exact,grabcad.com,https://grabcad.com/library/5-3-or-a-ls3-engine-1,Randall E.,GrabCAD Community Library terms (per-model license not stated),"Parasolid,SOLIDWORKS 2017",no,yes,,,,,3,"3492 downloads, 273 likes, 2 files, created 2018-09-13",I know this is out there but I took several thing that I didn't need and left the header flanges so I could design my headers around my frame. It worked fine for my 5.3 install. | GrabCAD download requires login; not fetched.
6-rib-alternator-pulley-for-ls3-engine-1-grabcad-craig.forcht-1,swap,6 rib alternator pulley for LS3 engine,GM LS3 6-rib alternator pulley,close,grabcad.com,https://grabcad.com/library/6-rib-alternator-pulley-for-ls3-engine-1,craig forcht,GrabCAD Community Library terms (per-model license not stated),"SOLIDWORKS 2013,Rendering",no,yes,,,,,3,"307 downloads, 12 likes, 2 files, created 2017-04-20",6 rib alternator pulley for LS3 engine | GrabCAD download requires login; not fetched.
8-rib-power-steering-pulley-ls3-corvette-1-grabcad-craig.forcht-1,swap,8 Rib Power steering pulley LS3 Corvette,GM LS3 Corvette 8-rib PS pulley,close,grabcad.com,https://grabcad.com/library/8-rib-power-steering-pulley-ls3-corvette-1,craig forcht,GrabCAD Community Library terms (per-model license not stated),"SOLIDWORKS 2013,Rendering",no,yes,,,,,3,"177 downloads, 15 likes, 5 files, created 2017-07-07",Billet aluminum 8 Rib Power steering pulley for LS3 Corvette | GrabCAD download requires login; not fetched.
9-inch-ford-independent-housing-and-axles-934-cv-style-1-grabcad-skinnypedalkicker-1,swap,9 inch Ford Independent Housing and axles 934 CV Style,Ford 9in independent housing and 934 CV axles,close,grabcad.com,https://grabcad.com/library/9-inch-ford-independent-housing-and-axles-934-cv-style-1,SkinnyPedalKicker,GrabCAD Community Library terms (per-model license not stated),"SOLIDWORKS,Rendering",no,yes,,,,,3,"67 downloads, 5 likes, 6 files, created 2024-06-18",Dutchmen Axles #IRS10 | GrabCAD download requires login; not fetched.
9-inch-ford-rear-end-with-wheels-grabcad-kelly.miller-1,swap,9 inch ford rear end with wheels,Ford 9in rear end with wheels,close,grabcad.com,https://grabcad.com/library/9-inch-ford-rear-end-with-wheels,Kelly Miller,GrabCAD Community Library terms (per-model license not stated),"KeyCreator,STEP / IGES,Rendering",no,yes,,,,,3,"1442 downloads, 33 likes, 3 files, created 2012-12-16",This is a 9 inch ford rear end model I made for a project used to narrow a rear end. | GrabCAD download requires login; not fetched.
9-inch-pinion-support-grabcad-pdxconcept,swap,9 Inch Pinion Support,Ford 9in pinion support,close,grabcad.com,https://grabcad.com/library/9-inch-pinion-support,PDXConcept,GrabCAD Community Library terms (per-model license not stated),"SOLIDWORKS 2010,STEP / IGES,STL,Rendering",no,yes,,,,,3,"333 downloads, 12 likes, 4 files, created 2011-07-28","Pinion bearing support for the Ford 9"" axle. | GrabCAD download requires login; not fetched."
944-sbc-ltx-lsx-engine-uprights-1-grabcad-william.powell-2,swap,944 SBC-LTX-LSX - ENGINE UPRIGHTS,SBC/LT/LSX engine uprights,close,grabcad.com,https://grabcad.com/library/944-sbc-ltx-lsx-engine-uprights-1,William Powell,GrabCAD Community Library terms (per-model license not stated),STEP / IGES,no,yes,,,,,2,"25 downloads, 1 likes, 1 files, created 2026-04-06","944 SBC-LTX-LSX Engine Uprights Modelled engine uprights for a Porsche 944 V8 conversion, intended for SBC / LTX / LSX applications. These were created using the dimensional and technical information referenced from the 944V8s Wiki Technical Information page, which serves as a long-standing resource for 944 V8 swap specifications and drawings. The aim of this model was to provide a clean and usable CAD reference for anyone planning, fabricating, or checking fitment for a 944 hybrid swap. Geometr | GrabCAD download requires login; not fetched."
aem-340lph-fuel-pump-50-1000-1-grabcad-cody.simonson-2,swap,AEM 340lph Fuel Pump #50-1000,AEM 340lph in-tank fuel pump 50-1000,close,grabcad.com,https://grabcad.com/library/aem-340lph-fuel-pump-50-1000-1,Cody Simonson,GrabCAD Community Library terms (per-model license not stated),"SOLIDWORKS 2017,STEP / IGES,Rendering",no,yes,,,,,3,"339 downloads, 10 likes, 4 files, created 2019-03-17",Slightly dumbed down AEM 340lph Fuel Pump #50-1000 Could also be used as a model for a walbro 255lph universal fuel pump | GrabCAD download requires login; not fetched.
aeromotive-13301-fuel-pressure-regulator-1-grabcad-4am_engineering-1,swap,Aeromotive 13301 Fuel Pressure Regulator,Aeromotive 13301 fuel pressure regulator,close,grabcad.com,https://grabcad.com/library/aeromotive-13301-fuel-pressure-regulator-1,4AM_Engineering,GrabCAD Community Library terms (per-model license not stated),"Fusion 360,STEP / IGES,Rendering",no,yes,,,,,3,"305 downloads, 22 likes, 3 files, created 2020-10-06","Quick mockup for my engine bay. The internal threads are incorrect as they are just a guess, I didn't disassemble it. The bung is also incorrect. The rest is good per vernier calipers. | GrabCAD download requires login; not fetched."
aeromotive-3-5-brushless-gear-pump-external-1-grabcad-gv-5,swap,Aeromotive-3.5 Brushless Gear Pump External,Aeromotive 3.5 brushless external gear fuel pump,close,grabcad.com,https://grabcad.com/library/aeromotive-3-5-brushless-gear-pump-external-1,GV,GrabCAD Community Library terms (per-model license not stated),"Parasolid,Rendering",no,yes,,,,,3,"150 downloads, 20 likes, 4 files, created 2018-06-07",This is a drag racing high flow fuel pump. flow rate 1250 lbs/h( around12.5l/min) at 13.5Volts for 40psi(2.8bar) Weight less than 3kg Uses a Spur-Gear pumping mechanism and brushless-motor Spur-gear pumps like this one can be noisy. price- 1140 USD link to web site ( more info) : https://www.aeromotiveinc.com/product/3-5-brushless-gear-pump/ NOT MY DESIGN JUST A QUICK SUGGESTION | GrabCAD download requires login; not fetched.
aeromotive-a1000-fuel-pump-1-grabcad-carlo-49,swap,Aeromotive A1000 Fuel Pump,Aeromotive A1000 inline fuel pump,close,grabcad.com,https://grabcad.com/library/aeromotive-a1000-fuel-pump-1,carlo,GrabCAD Community Library terms (per-model license not stated),"SOLIDWORKS 2013,Rendering,Other",no,yes,,,,,3,"314 downloads, 29 likes, 7 files, created 2017-02-06","Perfect for the daily driver that doesn't run like one, the A1000 supports more horsepower now than ever before. Also available for marine applications and with a show-quality platinum finish. Features: -10AN Inlet & Outlet Ports For EFI & Carbureted Engines Fully Submersible For Custom, In-Tank Applications | GrabCAD download requires login; not fetched."
ati-ls1-crank-damper-grabcad-rcoger,swap,ATI - LS1 CRANK DAMPER,ATI LS1 crank damper,close,grabcad.com,https://grabcad.com/library/ati-ls1-crank-damper,rcoger,GrabCAD Community Library terms (per-model license not stated),"CATIA V5,Rendering",no,yes,,,,,3,"140 downloads, 5 likes, 4 files, created 2013-01-23",ATI - LS1 CRANK DAMPER | GrabCAD download requires login; not fetched.
automotive-radiator-3dwarehouse-jay,swap,Automotive Radiator,Automotive radiator (generic),different,3dwarehouse.sketchup.com,https://3dwarehouse.sketchup.com/model/a527abb4846b30af88cf40718544e7cc,Jay,3D Warehouse General Model License (free use; per Trimble terms),glb (converted by 3DW); original skp needs login,yes,no,01-REFERENCE/model/library/swap/automotive-radiator-3dwarehouse-jay,376 x 259 x 60,approx 1:1 (generic),3120,2,"A simple car radiator. The coolant line is hooked up to a box in the back, so you can simply run your line from that box however you'd like.Use in whatever you'd like, just give me credit as this is my original work. #automotive #car #coolant #cooler #cooling #heat #jayjay3893 #overheat #overheater #part #parts #radiater #radiator #steel #temperature #tempurature #truck #water","Original SketchUp files (s17,s19,s18,s7,s8,s20,s21) are login-restricted; the public GLB export was downloaded. Created 2010-02-17. | measured: largest=Radiator.glb; per-file extents: Radiator.glb=[0.376, 0.259, 0.06]"
bellhousing-tremic-to-gm-bbc-sbc-assy-1-grabcad-4.fn.27-1,swap,"Bellhousing, Tremic to GM BBC-SBC Assy",Tremec to GM SBC/BBC bellhousing (shared SBC/LS bolt pattern),close,grabcad.com,https://grabcad.com/library/bellhousing-tremic-to-gm-bbc-sbc-assy-1,4 FN 27,GrabCAD Community Library terms (per-model license not stated),"SOLIDWORKS,Rendering",no,yes,,,,,3,"204 downloads, 22 likes, 7 files, created 2023-02-15",Tremic Bellhousing reverse engineered using a Faro Arm and Dezignworks plug-in for Solidworks. Bolt Hole Patterns and Mating Surfaces are on nominal. The Shell is as close as I can get it. Model is for reference only. | GrabCAD download requires login; not fetched.
billet-alum-ls3-tensioner-pulley-1-grabcad-craig.forcht-1,swap,Billet alum LS3 tensioner pulley,GM LS3 billet tensioner pulley,close,grabcad.com,https://grabcad.com/library/billet-alum-ls3-tensioner-pulley-1,craig forcht,GrabCAD Community Library terms (per-model license not stated),"SOLIDWORKS 2013,Rendering",no,yes,,,,,3,"423 downloads, 25 likes, 3 files, created 2017-04-26",serpentine belt tensioner pulley for LS series engines | GrabCAD download requires login; not fetched.
billet-bank-ls7-lsx-intake-manifold-z06-1-grabcad-adam.louramore.rapid.precision.machining.and.fabrication.inc-1,swap,Billet Bank LS7 LSX Intake Manifold Z06,Billet LS7/LSX intake manifold,close,grabcad.com,https://grabcad.com/library/billet-bank-ls7-lsx-intake-manifold-z06-1,ADAM LOURAMORE / Rapid Precision Machining and Fabrication Inc.,GrabCAD Community Library terms (per-model license not stated),STEP / IGES,no,yes,,,,,3,"459 downloads, 21 likes, 1 files, created 2017-03-08",Billet manifold for OEM style applications with minimal hood clearance | GrabCAD download requires login; not fetched.
billet-lsx-intake-manifold-bank-1-grabcad-adam.louramore.rapid.precision.machining.and.fabrication.inc-1,swap,Billet LSX Intake Manifold Bank,Billet LSX intake manifold,close,grabcad.com,https://grabcad.com/library/billet-lsx-intake-manifold-bank-1,ADAM LOURAMORE / Rapid Precision Machining and Fabrication Inc.,GrabCAD Community Library terms (per-model license not stated),STEP / IGES,no,yes,,,,,3,"704 downloads, 29 likes, 1 files, created 2017-03-08",Race engine Billet manifold Bank | GrabCAD download requires login; not fetched.
bmw-n57-zf8hp70-mock-up-transmission-and-ls1-adapt-printables-mattmannz,swap,BMW N57 ZF8HP70 mock up transmission and LS1 adapter,BMW ZF 8HP70 transmission mock-up and GM LS1 bellhousing adapter,different,printables.com,https://www.printables.com/model/1576554-bmw-n57-zf8hp70-mock-up-transmission-and-ls1-adapt,Mattmannz,Creative Commons — Attribution — Noncommercial,stl,yes,no,01-REFERENCE/model/library/swap/bmw-n57-zf8hp70-mock-up-transmission-and-ls1-adapt-printables-mattmannz,422 x 26 x 427,"1:1 (mock-up, split for printing)",800097,3,Files to print a mock up trans and adapter to LS1 I am doing an LS1 ZF8HP70 swap into a BMW E39 and wanted a mock up motor and trans to make initial test fitting a lot easier. Refer to my other models for the LS1. I found a good quality 4WD trans scan and some partial scan data of a 2WD so grabbed the rear section and merged them together. The trans mount section is lost and replaced with a blended section. Also the model is missing the input shaft and cooler fittings as I didn't need those. There is no provision for a starter motor in this design. Printed at 0.3 layer height with 8% infill. A,"The LS1 adapter plate (421.7 x 427.2 x 25.9 mm) carries the LS bellhousing bolt pattern at 1:1 - useful as an LS rear-face template. | measured: largest=zf8hp70 to ls1 adapter.stl; per-file extents: zf8hp70 to ls1 adapter.stl=[421.739, 25.874, 427.204]; bell housing upper left.stl=[203.058, 183.561, 111.062]; bell housing lower right.stl=[185.201, 183.561, 111.061]; bell housing upper right.stl=[185.201, 182.713, 111.061]; bell housing lower left.stl=[203.058, 175.501, 110.934]; rear section top.stl=[186.63, 149.851, 247.733]; front right upper reduced.stl=[183.493, 155.703, 249.258]; front left lower reduced.stl=[191.457, 161.791, 249.258]; front left upper reduced.stl=[191.457, 161.676, 249.258]; rear section bottom.stl=[162.294, 149.942, 300.323]; front right lower reduced.stl=[171.056, 183.353, 249.258]; modified tail housing final reduced.stl=[294.096, 160.037, 292.315]"
bosch-044-single-fuel-pump-mount-sketchfab-haggez,swap,Bosch 044 Single Fuel Pump Mount,Bosch 044 inline fuel pump mount,close,sketchfab.com,https://sketchfab.com/3d-models/bosch-044-single-fuel-pump-mount-658617e65a264d5682748b50f3e42139,haggez,CC Attribution,sketchfab (glb/gltf/source on download),no,yes,,,,48588,2,Fuelpump for a bosch 044 fuelpump commonly used in the car tuning world.,Sketchfab download requires login.
bosch-fuel-pump-fp200-044-1-grabcad-john.smith--130,swap,Bosch fuel pump FP200 044,Bosch 044 (FP200) inline fuel pump,close,grabcad.com,https://grabcad.com/library/bosch-fuel-pump-fp200-044-1,john smith,GrabCAD Community Library terms (per-model license not stated),"SOLIDWORKS 2013,STEP / IGES,Rendering",no,yes,,,,,3,"789 downloads, 11 likes, 3 files, created 2014-03-03",Bosch FP200 fuel pump also 044. This is modeled from the Bosch CAD drawing. | GrabCAD download requires login; not fetched.
c6-corvette-engine-mount-1-grabcad-craig.forcht-1,swap,C6 Corvette engine mount,C6 Corvette LS engine mount,close,grabcad.com,https://grabcad.com/library/c6-corvette-engine-mount-1,craig forcht,GrabCAD Community Library terms (per-model license not stated),"SOLIDWORKS 2013,Rendering,Other",no,yes,,,,,3,"147 downloads, 33 likes, 3 files, created 2016-12-12",aftermarket engine mount for C6 Corvette | GrabCAD download requires login; not fetched.
camaro-4l60e-transmission-tail-housing-plug-thingiverse-hyperarc,swap,Camaro 4l60e Transmission Tail Housing Plug,Camaro 4L60E transmission tail housing plug,close,thingiverse.com (via archive.org mirror),https://www.thingiverse.com/thing:5903654,FirstName LastName (HyperARC),https://creativecommons.org/licenses/by/4.0/,stl,yes,no,01-REFERENCE/model/library/swap/camaro-4l60e-transmission-tail-housing-plug-thingiverse-hyperarc,38 x 38 x 60,1:1,3004,2,"Used during an engine rebuild, fits my 1995 camaro transmission. Works with PETG and anything similar to more flexible.","Downloaded from Internet Archive mirror https://archive.org/details/thingiverse-5903654 (Thingiverse site downloads are JS-gated). Thing date 2023-03-11. | measured: largest=Camaro_4l60e_Transmission_Tail_Housing_Plug_5903654_5903654/files/FusionPlug.stl; per-file extents: Camaro_4l60e_Transmission_Tail_Housing_Plug_5903654_5903654/files/FusionPlug.stl=[38.305, 38.307, 60.0]"
cd009-shift-knob-thingiverse-spidergoat813,swap,CD009 Shift Knob,Nissan CD009 shift knob (thread M10x1.25?),exact,thingiverse.com (via archive.org mirror),https://www.thingiverse.com/thing:5503701,Anthony Biffle (SpiderGoat813),https://creativecommons.org/licenses/by-nc/4.0/,stl,yes,no,01-REFERENCE/model/library/swap/cd009-shift-knob-thingiverse-spidergoat813,50 x 50 x 82,1:1,22942,1,Threaded 6 speed shift knob for the CD009 or any trans with the same shift patter and M10x1.25 thread pitch.,"Downloaded from Internet Archive mirror https://archive.org/details/thingiverse-5503701 (Thingiverse site downloads are JS-gated). Thing date 2022-09-09. | measured: largest=5503701/CD009ShiftKnob.stl; per-file extents: 5503701/CD009ShiftKnob.stl=[50.0, 50.004, 81.975]"
chevrolet-corvette-v8-engine-sketchfab-3dhorse,swap,Chevrolet Corvette V8 Engine,"Chevrolet Corvette V8 engine (LS-family, render model)",close,sketchfab.com,https://sketchfab.com/3d-models/chevrolet-corvette-v8-engine-0b3001e4847e46419aabed9517052bf3,3DHorse,Editorial,sketchfab (glb/gltf/source on download),no,yes,,,,798867,3,High quality Chevrolet Corvette V8 engine 3d model.,Sketchfab download requires login.
chevrolet-ls1-oil-dipstick-head-corvette-thingiverse-rdelboux,swap,Chevrolet LS1 Oil Dipstick (head) - Corvette,Chevrolet LS1 oil dipstick head (Corvette),close,thingiverse.com (via archive.org mirror),https://www.thingiverse.com/thing:3924318,Rene D Elboux (rdelboux),https://creativecommons.org/licenses/by/4.0/,stl,yes,no,01-REFERENCE/model/library/swap/chevrolet-ls1-oil-dipstick-head-corvette-thingiverse-rdelboux,33 x 17 x 63,1:1,5052,2,This is a reproduction of the yellow oil dipstick holder that I made for my car. May be helpful for others.,"Downloaded from Internet Archive mirror https://archive.org/details/thingiverse-3924318 (Thingiverse site downloads are JS-gated). Thing date 2019-10-19. | measured: largest=Chevrolet_LS1_Oil_Dipstick_head_-_Corvette_3924318/files/varetaoleo2.stl; per-file extents: Chevrolet_LS1_Oil_Dipstick_head_-_Corvette_3924318/files/varetaoleo2.stl=[32.981, 17.493, 63.485] | unmeasured: ['Chevrolet_LS1_Oil_Dipstick_head_-_Corvette_3924318/images/card_preview_varetaoleo2.stl', 'Chevrolet_LS1_Oil_Dipstick_head_-_Corvette_3924318/images/large_display_delizador_derecho.stl', 'Chevrolet_LS1_Oil_Dipstick_head_-_Corvette_3924318/images/large_preview_varetaoleo2.stl', 'Chevrolet_LS1_Oil_Dipstick_head_-_Corvette_3924318/images/large_thumb_varetaoleo2.stl', 'Chevrolet_LS1_Oil_Dipstick_head_-_Corvette_3924318/images/medium_preview_varetaoleo2.stl']"
chevrolet-ls3-intake-manifold-1-grabcad-alberto.gutierrez-33,swap,Chevrolet LS3 Intake Manifold,GM LS3 intake manifold,close,grabcad.com,https://grabcad.com/library/chevrolet-ls3-intake-manifold-1,Alberto Gutierrez,GrabCAD Community Library terms (per-model license not stated),STEP / IGES,no,yes,,,,,3,"1356 downloads, 65 likes, 3 files, created 2021-12-08","Something I came up with for a Corvette, but never developed further. Should work with other square port heads. | GrabCAD download requires login; not fetched."
chevrolet-performance-ls-install-guides,swap,Chevrolet Performance LS3 / LS376 crate engine and long block installation guides + LS engine controller kit guide,GM LS3 6.2 / LS376-480 / LS376-525 crate engines and long blocks; LS naturally-aspirated engine controller kits,close,chevrolet.com,https://www.chevrolet.com/performance-parts/owners-support/installation-guides,GM / Chevrolet Performance,"manufacturer literature, free download",drawing,yes,no,01-REFERENCE/model/library/swap/chevrolet-performance-ls-install-guides,,,,3,"Specs (bore/stroke/CR/weights), flexplate/flywheel and pilot bearing P/Ns, oil pan and accessory notes, controller-kit wiring and MAF/pedal mounting geometry. No full envelope drawing.","LS3 crate: flexplate 12654640 or flywheel 12571611 not included; pilot bearing required for manual trans; 60 psi fuel. Controller kit: 4in MAF tube, 6in straight min, MAF >=10in from throttle body. Guide index: https://www.chevrolet.com/performance-parts/owners-support/installation-guides"
chevy-camaro-5th-gen-ls3-cats-scan-1-grabcad-rusty.spoon-1,swap,Chevy Camaro 5th Gen LS3 Cats Scan,5th gen Camaro LS3 catalytic converters (3D scan),close,grabcad.com,https://grabcad.com/library/chevy-camaro-5th-gen-ls3-cats-scan-1,rusty spoon,GrabCAD Community Library terms (per-model license not stated),"STL,Rendering",no,yes,,,,,3,"100 downloads, 6 likes, 3 files, created 2025-06-03",Scan of 5th gen Camaro OEM catalytic converters. They weigh 4.97kg per side. | GrabCAD download requires login; not fetched.
chevy-camaro-ls1-t56-transmission-98-02-scan-1-grabcad-rusty.spoon-1,swap,Chevy Camaro LS1 T56 Transmission 98-02 Scan,1998-02 Camaro LS1 T56 6-speed transmission (3D scan),close,grabcad.com,https://grabcad.com/library/chevy-camaro-ls1-t56-transmission-98-02-scan-1,rusty spoon,GrabCAD Community Library terms (per-model license not stated),"STL,Rendering",no,yes,,,,,4,"591 downloads, 33 likes, 2 files, created 2025-06-03",Scan of a Borg Warner T56 6spd from a 98-02 Chevy Camaro. | GrabCAD download requires login; not fetched.
chevy-camaro-ls3-engine-thingiverse-tcostaphotos,swap,Chevy Camaro LS3 Engine,Chevy Camaro LS3 engine,close,thingiverse.com (via archive.org mirror),https://www.thingiverse.com/thing:4264404,Tony Costa (tcostaphotos),https://creativecommons.org/licenses/by/4.0/,stl,yes,no,01-REFERENCE/model/library/swap/chevy-camaro-ls3-engine-thingiverse-tcostaphotos,80 x 40 x 10,scale model / part,4974,2,A HUGE thank you to Eric. This would not be possible without his unbelievable precise files. I used to rebuild Caterpillar engines and it is truly remarkable how much detail Eric has in all of his models. Please visit his page at https://www.thingiverse.com/ericthepoolboy/about and view all his models. I built an adapter plate to mount the speed controller. I will post those pics and stl file. Thank you again Eric!!!!!,"Downloaded from Internet Archive mirror https://archive.org/details/thingiverse-4264404 (Thingiverse site downloads are JS-gated). Thing date 2020-04-06. | measured: largest=Chevy_Camaro_LS3_Engine_4264404/files/Speed_control_bracket.stl; per-file extents: Chevy_Camaro_LS3_Engine_4264404/files/Speed_control_bracket.stl=[80.0, 40.0, 10.5]"
chevy-camaro-ls3-v8-accessories-thingiverse-thebush1951,swap,Chevy Camaro LS3 V8 Accessories,Chevy Camaro LS3 V8 accessories (1/3 scale model),close,thingiverse.com (via archive.org mirror),https://www.thingiverse.com/thing:3896150,Steve Bushman (Thebush1951),https://creativecommons.org/licenses/by/4.0/,stl,yes,no,01-REFERENCE/model/library/swap/chevy-camaro-ls3-v8-accessories-thingiverse-thebush1951,152 x 86 x 2,~1:3 add-on for ericthepoolboy model,51182,2,"This package contains coil brackets, coils, spark plugs, spark plug boots, and oil filler/ hose connection for the valve covers. The spark plugs were scaled up from Dblnaknak's 1/10 scale camaro v8. I used 3mm x 12mm set screws and nuts for the coil brackets and 4-40 x .375 button head screws without nuts for the coils. Drill holes in the valve cover and coil bracket slightly smaller than the screws. The wire is 16 gage silicone 52MM long. If you print this please message me on how it went or post your print. The original engine by ericthepoolboy is a true work of art. All of his stuff is.","Downloaded from Internet Archive mirror https://archive.org/details/thingiverse-3896150 (Thingiverse site downloads are JS-gated). Thing date 2019-10-04. | measured: largest=Chevy_Camaro_LS3_V8_Accessories_3896150/files/ls3_coil_bracket.stl; per-file extents: Chevy_Camaro_LS3_V8_Accessories_3896150/files/ls3_coil.stl=[42.802, 76.93, 10.541]; Chevy_Camaro_LS3_V8_Accessories_3896150/files/ls3_coil_bracket.stl=[151.958, 86.0, 2.0]; Chevy_Camaro_LS3_V8_Accessories_3896150/files/ls3_hose_connection.stl=[12.573, 12.573, 7.677]; Chevy_Camaro_LS3_V8_Accessories_3896150/files/ls3_oil_filler.stl=[29.704, 20.549, 16.588]; Chevy_Camaro_LS3_V8_Accessories_3896150/files/ls3_spark_plug_boot.stl=[25.277, 46.738, 17.691]; Chevy_Camaro_LS3_V8_Accessories_3896150/files/ls3_sparkplug.stl=[36.074, 36.989, 15.719] | unmeasured: ['Chevy_Camaro_LS3_V8_Accessories_3896150/images/card_preview_ls3_coil.stl', 'Chevy_Camaro_LS3_V8_Accessories_3896150/images/card_preview_ls3_coil_bracket.stl', 'Chevy_Camaro_LS3_V8_Accessories_3896150/images/card_preview_ls3_hose_connection.stl', 'Chevy_Camaro_LS3_V8_Accessories_3896150/images/card_preview_ls3_oil_filler.stl', 'Chevy_Camaro_LS3_V8_Accessories_3896150/images/card_preview_ls3_spark_plug_boot.stl']"
chevy-camaro-ls3-v8-engine-printable-valves-lifter-printables-forgetter,swap,"Chevy Camaro LS3 V8 Engine - printable valves, lifters + N20 mini motor holder",Chevy Camaro LS3 V8 engine scale model (printable valves/lifters),close,printables.com,https://www.printables.com/model/662663-chevy-camaro-ls3-v8-engine-printable-valves-lifter,Forgetter,Creative Commons — Attribution — Noncommercial,stl,yes,no,01-REFERENCE/model/library/swap/chevy-camaro-ls3-v8-engine-printable-valves-lifter-printables-forgetter,173 x 68 x 45,~1:2.9 (ericthepoolboy LS3 working model scale; piston 34.6mm vs 103.25mm real),653725,2,"Modifications I've made to make V8 working Why: I have a lot of troubles with getting all the parts needed for making this engine. Moreover, some parts just does not work very well, causing mechanism destruction. I'm sharing modified parts that allowed me finishing that project. Hope they will help you too :) Items I've modified: Added a simple stand for engine - I didn't wanted to use any oil pans and magnets Added modified starter engine gear and holder for the smaller DC motor Fully printable valves - you still need springs though Fully printable lifters Modified cylinder head for the items","measured: largest=cylinder_head.stl; per-file extents: piston.stl=[34.571, 34.571, 17.78]; connecting_piston_rod.stl=[30.98, 72.082, 8.425]; camshaft_gear.stl=[46.588, 46.648, 18.579]; camshaft_1.stl=[19.212, 18.865, 44.091]; camshaft_2.stl=[18.853, 19.204, 44.091]; camshaft_3.stl=[19.212, 18.847, 44.091]; camshaft_4.stl=[18.908, 19.798, 44.104]; camshaft_6.stl=[17.977, 17.977, 6.858]; starter_drive_gear.stl=[19.412, 8.89, 19.519]; starter_drive_mount.stl=[38.499, 54.005, 40.03]; valve_screw.stl=[13.997, 13.998, 3.5]; exhaust_valve.stl=[13.335, 13.335, 45.854]; intake_valve.stl=[18.402, 18.402, 45.854]; crankshaft_gear.stl=[23.523, 23.511, 16.048]; crankshaft_1.stl=[53.096, 58.183, 10.523] ..."
chevy-camaro-ls3-v8-engine-remix-thingiverse-dancan13f,swap,Chevy Camaro LS3 V8 Engine Remix,Chevy Camaro LS3 V8 engine remix,close,thingiverse.com (via archive.org mirror),https://www.thingiverse.com/thing:4347965,DANIEL CANAVESE (dancan13f),https://creativecommons.org/licenses/by-nc/4.0/,stl,yes,no,01-REFERENCE/model/library/swap/chevy-camaro-ls3-v8-engine-remix-thingiverse-dancan13f,10 x 10 x 1,placeholder file only (12 triangles),12,2,"Two month to finish this project (3,6 Kg). It's based on this LS3 engine : https://www.thingiverse.com/thing:1911808 I designed some extensions or remix (15 components, 148 parts) : 1/15.Engine Holder (2 parts) : https://www.thingiverse.com/thing:4034646 2/15.Headers Remix (8 parts) : https://www.thingiverse.com/thing:3976461 3/15.Valley Plate Remix (2 parts) : https://www.thingiverse.com/thing:3982701 4/15.Oil Pan Remix (13 parts) : https://www.thingiverse.com/thing:3991540 5/15.Starter extension (5 parts) : https://www.thingiverse.com/thing:3991904 6/15.Timing Cover Remix (3 parts) : https:/","Downloaded from Internet Archive mirror https://archive.org/details/thingiverse-4347965 (Thingiverse site downloads are JS-gated). Thing date 2020-05-08. Real remix parts are the separate dancan13f add-on things. | measured: largest=Chevy_Camaro_LS3_V8_Engine_Remix_4347965/files/Dummy.stl; per-file extents: Chevy_Camaro_LS3_V8_Engine_Remix_4347965/files/Dummy.stl=[10.0, 10.0, 1.0]"
chevy-camaro-ls3-v8-engine-scale-working-mode-thingiverse-ericthepoolboy,swap,Chevy Camaro LS3 V8 Engine - Scale Working Model,"GM LS3 V8 working scale model (ericthepoolboy), ~1:3",close,thingiverse.com (via archive.org mirror),https://www.thingiverse.com/thing:1911808,Eric Harrell (ericthepoolboy),https://creativecommons.org/licenses/by-nc/4.0/,stl,yes,no,01-REFERENCE/model/library/swap/chevy-camaro-ls3-v8-engine-scale-working-mode-thingiverse-ericthepoolboy,161 x 182 x 112,~1:2.9 (ericthepoolboy LS3; block ~181 mm),1626668,3,"Working model of a Chevy Camaro LS3 V8 engine. Over 200 hours of printing!!! Engine block alone was 72 hours. Modeled from cad files, pictures, specs, and service diagrams of the engine. I did not have the actual engine for this one. It assembles just like the real thing!!! The engine stand model as well as links to the hardware kit can be found here https://www.thingiverse.com/thing:2225638 Complete hardware kits available. They include all Non-Printed parts. https://www.makerrx.com/products/mrx1 Kits include all non printed parts, 500 rpm dc motor, speed controller, power connectors, and DC","Downloaded from Internet Archive mirror https://archive.org/details/thingiverse-1911808 (Thingiverse site downloads are JS-gated). Thing date 2016-11-23. Original of the widely remixed LS3 working model; 'modeled from CAD files, pictures, specs and service diagrams'. | measured: largest=Chevy_Camaro_LS3_V8_Engine_-_Scale_Working_Model_1911808/files/Engine_Block_-_2_-_Scaled.stl; per-file extents: Chevy_Camaro_LS3_V8_Engine_-_Scale_Working_Model_1911808/files/Cam_Bearing_Surface_1_-_Scaled.stl=[18.0, 17.977, 4.677]; Chevy_Camaro_LS3_V8_Engine_-_Scale_Working_Model_1911808/files/Cam_Bearing_Surface_2_Scaled.stl=[17.977, 17.977, 4.677]; Chevy_Camaro_LS3_V8_Engine_-_Scale_Working_Model_1911808/files/Cam_Bearing_Surface_3_Scaled.stl=[17.977, 17.977, 6.854]; Chevy_Camaro_LS3_V8_Engine_-_Scale_Working_Model_1911808/files/Cam_Gear_-_Scaled.stl=[46.588, 46.648, 7.601]; Chevy_Camaro_LS3_V8_Engine_-_Scale_Working_Model_1911808/files/Camshaft_Lobe_10_Scaled.stl=[11.103, 15.77, 5.734]; Chevy_Camaro_LS3_V8_Engine_-_Scale_Working_Model_1911808/files/Camshaft_Lobe_11_Scaled.stl=[11.099, 15.769, 10.579]; Chevy_Camaro_LS3_V8_Engine_-_Scale_Working_Model_1911808/files/Camshaft_Lobe_12_Scaled.stl=[11.103, 15.77, 5.734]; Chevy_Camaro_LS3_V8_Engine_-_Scale_Working_Model_1911808/files/Camshaft_Lobe_13_Scaled.stl=[11.103, 15.77, 5.512]; Chevy_Camaro_LS3_V8_Engine_-_Scale_Working_Model_1911808/files/Camshaft_Lobe_14_Scaled.stl=[11.103, 15.77, 5.734]; Chevy_Camaro_LS3_V8_Engine_-_Scale_Working_Model_1911808/files/Camshaft_Lobe_15_Scaled.stl=[11.099, 15.769, 10.579]; Chevy_Camaro_LS3_V8_Engine_-_Scale_Working_Model_1911808/files/Camshaft_Lobe_16_Scaled.stl=[11.103, 15.77, 5.734]; Chevy_Camaro_LS3_V8_Engine_-_Scale_Working_Model_1911808/files/Camshaft_Lobe_1_Scaled.stl=[11.103, 15.77, 5.512]; Chevy_Camaro_LS3_V8_Engine_-_Scale_Working_Model_1911808/files/Camshaft_Lobe_2_Scaled.stl=[11.103, 15.77, 5.734]; Chevy_Camaro_LS3_V8_Engine_-_Scale_Working_Model_1911808/files/Camshaft_Lobe_3_Scaled.stl=[11.099, 15.769, 10.579]; Chevy_Camaro_LS3_V8_Engine_-_Scale_Working_Model_1911808/files/Camshaft_Lobe_4_Scaled.stl=[11.103, 15.77, 5.734] ..."
chevy-ls-1-grabcad-jace.goody-1,swap,Chevy LS,Chevy LS engine,close,grabcad.com,https://grabcad.com/library/chevy-ls-1,Jace Goody,GrabCAD Community Library terms (per-model license not stated),Parasolid,no,yes,,,,,2,"49 downloads, 1 likes, 1 files, created 2024-02-14",Its a basic Chevy Ls engine | GrabCAD download requires login; not fetched.
chevy-ls-block-hugger-headers-scan-1-grabcad-rusty.spoon-1,swap,Chevy LS Block Hugger Headers Scan,Chevy LS block-hugger headers (3D scan),close,grabcad.com,https://grabcad.com/library/chevy-ls-block-hugger-headers-scan-1,rusty spoon,GrabCAD Community Library terms (per-model license not stated),"STL,Rendering",no,yes,,,,,4,"229 downloads, 14 likes, 3 files, created 2025-06-03",Scan of Ebay LS block hugger cast manifolds | GrabCAD download requires login; not fetched.
chevy-ls-intake-and-steam-port-block-off-plate-printables-vipertooth,swap,Chevy LS Intake and Steam Port Block Off Plate,GM LS intake port and steam port block-off plate (LS cathedral/port pattern),close,printables.com,https://www.printables.com/model/506203-chevy-ls-intake-and-steam-port-block-off-plate,Vipertooth,Creative Commons — Attribution — Noncommercial — Share Alike,stl,yes,no,01-REFERENCE/model/library/swap/chevy-ls-intake-and-steam-port-block-off-plate-printables-vipertooth,86 x 73 x 52,1:1,1856,3,Simple block off plate that should work on any LS heads. The other models used in the photo Exhaust and water pump covers: https://www.thingiverse.com/thing:4338145,"measured: largest=LSIntakeBlockOff.stl; per-file extents: LSIntakeBlockOff.stl=[86.385, 72.631, 51.807]; LSSteamPortBlockoff.stl=[15.303, 25.211, 3.6]"
chevy-ls-tbss-map-retainer-clip-turbo-lsx-thingiverse-diy-guy,swap,Chevy LS TBSS MAP retainer clip turbo LSX,Chevy LS TBSS MAP retainer clip,close,thingiverse.com (via archive.org mirror),https://www.thingiverse.com/thing:5623595,Frank Lewis (DIY_GUY),https://creativecommons.org/licenses/by/4.0/,stl,yes,no,01-REFERENCE/model/library/swap/chevy-ls-tbss-map-retainer-clip-turbo-lsx-thingiverse-diy-guy,37 x 18 x 3,1:1,332,2,This is a retainer clip to hold the MAP sensor in place on TBSS intake for turbo applications :) I printed it in PETG 100% infill,"Downloaded from Internet Archive mirror https://archive.org/details/thingiverse-5623595 (Thingiverse site downloads are JS-gated). Thing date 2022-11-12. | measured: largest=Chevy_LS_TBSS_MAP_retainer_clip_turbo_LSX_5623595_5623595/files/TBSS_MAP_retainer.stl; per-file extents: Chevy_LS_TBSS_MAP_retainer_clip_turbo_LSX_5623595_5623595/files/TBSS_MAP_retainer.stl=[37.0, 17.5, 3.0]"
chevy-ls-to-lt-90mm-95mm-and-105mm-throttle-body-adapters-1-grabcad-sydude.aka.427x-1,swap,Chevy LS to LT 90mm 95mm and 105mm throttle body adapters,LS to LT throttle body adapters,close,grabcad.com,https://grabcad.com/library/chevy-ls-to-lt-90mm-95mm-and-105mm-throttle-body-adapters-1,sydude aka 427x,GrabCAD Community Library terms (per-model license not stated),STL,no,yes,,,,,2,"35 downloads, 0 likes, 3 files, created 2025-12-08","Adapter to mount 87mm x72mm LT bolt pattern throttle bodies to 104mm x 70mm LS intake manifold throttle body flanges. Three versions - 90, 95 and 105mm bores. | GrabCAD download requires login; not fetched."
chevy-ls3-6-2l-1-grabcad-lou.kaminski-1,swap,CHEVY LS3 6.2L,GM LS3 6.2L engine,close,grabcad.com,https://grabcad.com/library/chevy-ls3-6-2l-1,Lou Kaminski,GrabCAD Community Library terms (per-model license not stated),"Autodesk Inventor 2014,STEP / IGES,Rendering",no,yes,,,,,4,"6855 downloads, 253 likes, 19 files, created 2013-02-10","Used Chevy LS3 engine from www.localmotors.com, used in the rally fighter. This has my custom exhaust header design on engine. Added a custom bell housing for a rear transaxle. Added spectra air filter from 500 group. | GrabCAD download requires login; not fetched."
chevy-ls3-engine-1-grabcad-joseph.kahnis-1,swap,Chevy LS3 Engine,GM LS3 engine,close,grabcad.com,https://grabcad.com/library/chevy-ls3-engine-1,Joseph Kahnis,GrabCAD Community Library terms (per-model license not stated),SOLIDWORKS,no,yes,,,,,3,"758 downloads, 27 likes, 1 files, created 2023-02-20",LS3 Engine | GrabCAD download requires login; not fetched.
chevy-ls3-engine-crate-thingiverse-geeteoh,swap,Chevy LS3 Engine Crate,Chevy LS3 engine crate (display),close,thingiverse.com (via archive.org mirror),https://www.thingiverse.com/thing:4031767,Jeffrey Klein (geeteoh),https://creativecommons.org/licenses/by/4.0/,stl,yes,no,01-REFERENCE/model/library/swap/chevy-ls3-engine-crate-thingiverse-geeteoh,196 x 174 x 9,display crate for ~1:3 model,9836,1,"The 3D printed LS3 engine crate is designed to go with the working Chevy LS3 Engine model created by ericthepoolboy on thingiverse.com. This crate has been designed to be printed on a 200mm by 200mm printer. Some of the planks will need to be stood on end and rotated by 45 degrees to fit on this small printer. The crate is assembled into three parts: the base which holds the engine, the four sided box which can be lifted, and the removable top. Each of the main assemblies is connected by the same magnet disc pairs as the LS3 engine design. All of the printed planks are intended to be bolted to","Downloaded from Internet Archive mirror https://archive.org/details/thingiverse-4031767 (Thingiverse site downloads are JS-gated). Thing date 2019-12-08. | measured: largest=Chevy_LS3_Engine_Crate_4031767/files/Side_Panel_wBracex2.stl; per-file extents: Chevy_LS3_Engine_Crate_4031767/files/Base_Endx2.stl=[250.0, 30.0, 9.0]; Chevy_LS3_Engine_Crate_4031767/files/Base_Midx5.stl=[250.0, 30.0, 9.0]; Chevy_LS3_Engine_Crate_4031767/files/Base_Railx3.stl=[210.0, 20.0, 20.0]; Chevy_LS3_Engine_Crate_4031767/files/End_Lowerx2.stl=[192.0, 9.0, 30.0]; Chevy_LS3_Engine_Crate_4031767/files/End_Panel_wBracex2.stl=[139.0, 174.0, 9.0]; Chevy_LS3_Engine_Crate_4031767/files/End_Panelx2.stl=[139.0, 174.0, 5.0]; Chevy_LS3_Engine_Crate_4031767/files/End_Uppers2.stl=[192.0, 9.0, 30.0]; Chevy_LS3_Engine_Crate_4031767/files/RetainerX20.stl=[25.0, 25.0, 4.0]; Chevy_LS3_Engine_Crate_4031767/files/SIde_Lowerx2.stl=[244.0, 9.0, 30.0]; Chevy_LS3_Engine_Crate_4031767/files/Side_Panel_wBracex2.stl=[196.0, 174.0, 9.0]; Chevy_LS3_Engine_Crate_4031767/files/Side_Panelx2.stl=[196.0, 174.0, 5.0]; Chevy_LS3_Engine_Crate_4031767/files/Side_Upperx2.stl=[244.0, 9.0, 30.0]; Chevy_LS3_Engine_Crate_4031767/files/Top_Endsx2.stl=[244.0, 30.0, 9.0]; Chevy_LS3_Engine_Crate_4031767/files/Top_Panel.stl=[196.0, 156.0, 5.0]; Chevy_LS3_Engine_Crate_4031767/files/Top_Panel_wBrace.stl=[196.0, 156.0, 9.0] ..."
chevy-ls3-engine-twin-turbo-set-up-printables-spragmatic,swap,Chevy LS3 Engine Twin Turbo Set-Up,Chevy LS3 engine twin-turbo setup (scale model),close,printables.com,https://www.printables.com/model/270336-chevy-ls3-engine-twin-turbo-set-up,Spragmatic,Creative Commons — Attribution — Noncommercial,stl,yes,no,01-REFERENCE/model/library/swap/chevy-ls3-engine-twin-turbo-set-up-printables-spragmatic,178 x 47 x 96,~1:2.9 (add-on for ericthepoolboy LS3 model),480004,2,"This is a mash-up of different parts, a couple remixes and my own creation. Wanted so bad to have a mocked up Twin Turbo LS3. &nbsp;:) &nbsp; Remix of the Manifolds to add the Wastegate https://www.thingiverse.com/thing:4787340 &nbsp; Remix of the Outlet Pipe and Clamps https://www.thingiverse.com/thing:4633524 &nbsp; Remix of the Engine Stand https://www.thingiverse.com/thing:4034646 All other parts made by me except for obvi the --- Engine Block https://www.thingiverse.com/thing:1911808/files Heads https://www.thingiverse.com/thing:1911808/files Turbo https://www.thingiverse.com/thing:463352","measured: largest=LS3 Intercooler.stl; per-file extents: LS3 Air Filter Tube.stl=[39.279, 52.341, 30.106]; LS3 Intake Pipe.stl=[69.673, 81.532, 81.532]; LS3 Intake Hose Clamp.stl=[49.852, 8.386, 56.137]; LS3 Intake Hose.stl=[41.91, 38.1, 41.91]; LS3 Exhaust Outlet Pipe.stl=[60.656, 41.777, 48.736]; LS3 Blow Off Tube Hose Clamp.stl=[49.852, 8.386, 56.137]; LS3 Blow Off Valve Ring.stl=[11.792, 11.644, 11.792]; LS3 Blow Off Valve Fitting.stl=[5.366, 4.818, 5.366]; LS3 Blow Off Valve Top.stl=[19.947, 21.726, 19.947]; LS3 Blow Off Valve Base.stl=[27.033, 29.352, 27.023]; LS3 Exhaust WG Base.stl=[27.872, 26.003, 27.937]; LS3 Exhaust WG Top.stl=[17.425, 23.908, 23.572]; LS3 Exhaust WG Tube.stl=[21.103, 74.704, 35.565]; LS3 Hot Side Pipe Hose Clamp.stl=[24.872, 4.184, 28.008]; LS3 Intercooler Hot Side Hose.stl=[21.004, 31.75, 21.005] ..."
chevy-ls3-exhaust-header-left-grabcad-lou.kaminski-1,swap,CHEVY LS3 EXHAUST HEADER LEFT,GM LS3 exhaust header LH,close,grabcad.com,https://grabcad.com/library/chevy-ls3-exhaust-header-left,Lou Kaminski,GrabCAD Community Library terms (per-model license not stated),"STEP / IGES,Rendering",no,yes,,,,,3,"597 downloads, 18 likes, 5 files, created 2013-02-10","Custom exhaust header design. Used Chevy LS3 engine from www.localmotors.com, used in the rally fighter. | GrabCAD download requires login; not fetched."
chevy-ls3-exhaust-header-right-grabcad-lou.kaminski-1,swap,CHEVY LS3 EXHAUST HEADER RIGHT,GM LS3 exhaust header RH,close,grabcad.com,https://grabcad.com/library/chevy-ls3-exhaust-header-right,Lou Kaminski,GrabCAD Community Library terms (per-model license not stated),"STEP / IGES,Rendering",no,yes,,,,,3,"522 downloads, 17 likes, 5 files, created 2013-02-10","Custom exhaust header design. Used Chevy LS3 engine from www.localmotors.com, used in the rally fighter. | GrabCAD download requires login; not fetched."
chevy-ls3-oem-cast-exhaust-manifolds-scan-1-grabcad-rusty.spoon-1,swap,Chevy LS3 OEM Cast Exhaust Manifolds Scan,GM LS3 OEM cast exhaust manifolds (3D scan),close,grabcad.com,https://grabcad.com/library/chevy-ls3-oem-cast-exhaust-manifolds-scan-1,rusty spoon,GrabCAD Community Library terms (per-model license not stated),"STL,Rendering",no,yes,,,,,4,"206 downloads, 11 likes, 3 files, created 2025-06-05",Chevy Camaro ZL1 factory exhaust manifolds / headers. The outlet flange is in the same position as the cast iron LS3 manifolds I believe. ZL1 manifolds are cast stainless. They weigh 4.79kg per side. | GrabCAD download requires login; not fetched.
chevy-ls6-5-7l-3dwarehouse-summit-1000,swap,Chevy LS6 5.7L,GM LS6 5.7L engine (Summit Racing model),close,3dwarehouse.sketchup.com,https://3dwarehouse.sketchup.com/model/8ae47f0ff8b9865661d8a56fa228803c,Summit_1000,3D Warehouse General Model License (free use; per Trimble terms),glb (converted by 3DW); original skp needs login,yes,no,01-REFERENCE/model/library/swap/chevy-ls6-5-7l-3dwarehouse-summit-1000,,inconsistent - ~17x oversize if m,18697,3,Chevy's famous LS6 engine found in the Z06 up until 2004. Better than the engine found in my LS6 mustang. Used my 502 block for starters. specs: Displacement: 5665CC (5.7L) Compression: 10.5:1 Valve config: overhead Firing order: 1-8-7-2-6-5-4-3 bore x stroke: 99.00mm x 92.00mm HP: 405@6000rpm Torque: 400@ 4800rpm material (why the LS series engine are the lightest and best for racing and swaps): Cast Aluminum the cams are hollow steel. #400hp #57L #chevy #corvette #engine #LS1 #LS6 #v8 #Z06,"extents as found: 10.775; 8.243; 12.823 unknown (glb claims m). Original SketchUp files (s17,s19,s18,s7,s8,s20,s21) are login-restricted; the public GLB export was downloaded. Created 2009-04-27. Rescale against a known LS dimension before use. | measured: largest=LS6.glb; per-file extents: LS6.glb=[10.775, 8.243, 12.823]"
chevy-lsx-valve-cover-1-grabcad-jack.mccauley-1,swap,Chevy LSX Valve Cover,Chevy LSX valve cover,close,grabcad.com,https://grabcad.com/library/chevy-lsx-valve-cover-1,Jack McCauley,GrabCAD Community Library terms (per-model license not stated),SOLIDWORKS 2014,no,yes,,,,,3,"955 downloads, 44 likes, 1 files, created 2018-05-18","This valve cover, including the GM gasket and bolts correct dimensionaly is guaranteed to fit. Chevy bolt part number: 12577215 Chevy gasket part number: 12637683 | GrabCAD download requires login; not fetched."
chevy-manual-bell-housing-models-1-grabcad-keltan.forrest-1,swap,Chevy Manual Bell Housing Models,Chevy manual bellhousing,close,grabcad.com,https://grabcad.com/library/chevy-manual-bell-housing-models-1,Keltan Forrest,GrabCAD Community Library terms (per-model license not stated),"STEP / IGES,Rendering",no,yes,,,,,3,"188 downloads, 4 likes, 4 files, created 2025-08-15","This step file is for mock-up/reference. UPDATE: I noticed the center bore of the rear flange was off when I uploaded the file. I changed it now, and included 2 files of the different center bore sizes. - The car bell housing has a 4.6875in (4 11/16in) bore. - The heavy duty bell housing has a 5.125in (5 1/8in) bore for the heavy duty transmissions like the SM465 and SM420 transmissions. The bolt holes, and flanges should be in the correct stock location based on drawings found online. The actua | GrabCAD download requires login; not fetched."
classic-mini-electric-auxiliary-cooling-fan-pgg10046-1-grabcad-blackunicorncad-1,swap,Classic Mini – Electric Auxiliary Cooling Fan (PGG10046),Electric auxiliary cooling fan PGG10046,different,grabcad.com,https://grabcad.com/library/classic-mini-electric-auxiliary-cooling-fan-pgg10046-1,BlackUnicornCAD,GrabCAD Community Library terms (per-model license not stated),"STEP / IGES,Rendering",no,yes,,,,,2,"134 downloads, 9 likes, 6 files, created 2025-10-22","A fully detailed and dimensionally accurate CAD model of the original electric auxiliary cooling fan used in late-model Classic Minis (Cooper SPI / MPI). This fan assembly was mounted in front of the radiator and provided additional cooling support, especially for fuel-injected engines. All dimensions and external geometries were taken from an original OEM component, ensuring a high level of accuracy for restoration projects, reverse engineering, or integration into larger vehicle assemblies. Th | GrabCAD download requires login; not fetched."
cooling-fan-spal-1-grabcad-mantas-11,swap,Cooling fan SPAL,SPAL electric cooling fan,close,grabcad.com,https://grabcad.com/library/cooling-fan-spal-1,Mantas,GrabCAD Community Library terms (per-model license not stated),"SOLIDWORKS 2016,STEP / IGES,Rendering",no,yes,,,,,3,"1664 downloads, 56 likes, 5 files, created 2016-05-10",Spal VA11-AP7C-57A cooling fan | GrabCAD download requires login; not fetched.
core-structural-part-of-t56-sequential-model-1-grabcad-guobin.li-1,swap,Core Structural Part of T56 Sequential Model,T56 sequential core part,different,grabcad.com,https://grabcad.com/library/core-structural-part-of-t56-sequential-model-1,Guobin Li,GrabCAD Community Library terms (per-model license not stated),"FreeCAD,STEP / IGES,Rendering",no,yes,,,,,2,"49 downloads, 6 likes, 7 files, created 2025-12-05",Core Structural Part of T56 Sequential Model。 It includes an open FreeCAD project file (.FCStd) where the design is intentionally unfinished — feel free to expand upon it with your own ideas. | GrabCAD download requires login; not fetched.
corvette-c6-exhaust-manifold-1-grabcad-jess.neal-1,swap,Corvette C6 Exhaust Manifold,GM C6 Corvette LS exhaust manifold,close,grabcad.com,https://grabcad.com/library/corvette-c6-exhaust-manifold-1,Jess Neal,GrabCAD Community Library terms (per-model license not stated),"STEP / IGES,Rendering",no,yes,,,,,4,"786 downloads, 32 likes, 2 files, created 2018-02-12",Corvette C6 Exhaust Manifold modeled from scan data. Just mirror it for the passenger side. | GrabCAD download requires login; not fetched.
corvette-tube-frame-frontend-sketchfab-cvetty,swap,Corvette tube frame frontend,C3 Corvette LS-swap tube-frame front end,different,sketchfab.com,https://sketchfab.com/3d-models/corvette-tube-frame-frontend-ac5c0ae8c26a402ea794a08ca9196b32,Cvetty,CC Attribution,sketchfab (glb/gltf/source on download),no,yes,,,,800684,2,c3 corvette ls swap tube frame,Sketchfab download requires login.
corvette-zr1-engine-block-3dwarehouse-shannon-s,swap,Corvette ZR1 Engine Block,Corvette ZR1 engine block (LS9?),close,3dwarehouse.sketchup.com,https://3dwarehouse.sketchup.com/model/ab49cab5eef80fe1652788f1b436cf14,Shannon S.,3D Warehouse General Model License (free use; per Trimble terms),glb (converted by 3DW); original skp needs login,yes,no,01-REFERENCE/model/library/swap/corvette-zr1-engine-block-3dwarehouse-shannon-s,504 x 289 x 521,1:1 (block 504 x 521 mm),32346,2,"2009 corvette zr1 ls9 engine block. It is not to scale, i just modeled it off of a picture. All the measurments are done by eye. Thanks for looking! #block #chevrolet #chevy #corvette #corvette_zr1 #engine #motor #zr1","Original SketchUp files (s17,s19,s18,s6,s8,s20,s21) are login-restricted; the public GLB export was downloaded. Created 2009-04-09. | measured: largest=block done.glb; per-file extents: block done.glb=[0.504, 0.289, 0.521]"
davies-craig-ewp150-electric-waterpump-sketchfab-modception,swap,Davies Craig EWP150 - electric waterpump,Davies Craig EWP150 electric water pump (3D scan),close,sketchfab.com,https://sketchfab.com/3d-models/davies-craig-ewp150-electric-waterpump-106795c55c32470d94208b062c8aab24,modception,Editorial,sketchfab (glb/gltf/source on download),no,yes,,,,309354,4,3D scan of Davies Craig EWP150 electric waterpump. For engineering reference. Scanned using einscan pro hd. Includes higher resolution scan data.,Sketchfab download requires login.
daytona-prototype-chassis-grabcad-colin-17,swap,Daytona Prototype Chassis,Daytona Prototype chassis (LS-powered?),different,grabcad.com,https://grabcad.com/library/daytona-prototype-chassis,colin,GrabCAD Community Library terms (per-model license not stated),"SOLIDWORKS,STEP / IGES,Rendering",no,yes,,,,,2,"232 downloads, 12 likes, 4 files, created 2012-08-14","Daytona Prototype Chassis based on Brumos Porsche chassis 2002-2006. The purpose of this project is to design a DP style track day car (similar to the Riley track day car) that utilizes commercially available road race and nascar style components that can be purchased at substantially less cost than proprietary components. Engine compartment to acomodate Porsche, Ford Coyote, General Motors LS series, etc... Transmission and rear suspension to be setup to use Porsche G50, Mendeola sequential, an | GrabCAD download requires login; not fetched."
deatschwerks-fuel-pump-mount-dw250il-hose-clamp-zi-printables-gia,swap,DeatschWerks Fuel Pump Mount DW250iL hose clamp/zip tie mount,DeatschWerks DW250iL inline fuel pump mount,close,printables.com,https://www.printables.com/model/1177063-deatschwerks-fuel-pump-mount-dw250il-hose-clampzip,gia,Creative Commons — Attribution — Share Alike,"step,stl",yes,no,01-REFERENCE/model/library/swap/deatschwerks-fuel-pump-mount-dw250il-hose-clamp-zi-printables-gia,78 x 76 x 13,1:1,23232,3,"Mount your fuel pump using a couple bolts and hose clamps/zip ties. Simple mounting plate to mount your fuel pump to a flat surface. Use hose clamps or zip ties. Only one hose clamp pictured as I ran out, but you should use two. Alternatively, sturdy zip ties can be used.","measured: largest=DeatschWerks Fuel Pump Mount DW250iL.stl; per-file extents: DeatschWerks Fuel Pump Mount DW250iL.stl=[77.793, 76.2, 12.7]; DeatschWerks Fuel Pump Mount DW250iL.step=[0.078, 0.076, 0.013]"
derale-electric-radiator-fan-mount-spacer-printables-mae3d-products,swap,Derale electric radiator fan mount spacer,Derale electric radiator fan mount spacer,close,printables.com,https://www.printables.com/model/833653-derale-electric-radiator-fan-mount-spacer,Mae3d products,Creative Commons — Public Domain,stl,yes,no,01-REFERENCE/model/library/swap/derale-electric-radiator-fan-mount-spacer-printables-mae3d-products,20 x 20 x 6,1:1,1152,3,keep electric fan from digging into radiator with these spacers!! keep new radiator fan off of radiator!!! the supplied foam spacer are not enough over time they get more and more compressed till the fan touches the radiator!!! Then it chews away at the radiator till it leaks “Ask me how I know haha”. I printed these spacers to fix the problem and boy did they. These worked perfectly and they will work for you as well. Just be smart with filament choice. My engine over heats at 250 degrees that being said my radiator will never get hotter than 250 degrees so I needed to choose a filament that,"measured: largest=derale fan spacer.stl; per-file extents: derale fan spacer.stl=[20.0, 20.0, 6.3]"
dual-bosch-044-fuel-pump-bracket-thingiverse-xerxasjade,swap,Dual Bosch 044 Fuel Pump Bracket,Dual Bosch 044 fuel pump bracket,close,thingiverse.com (via archive.org mirror),https://www.thingiverse.com/thing:4688763,Xerxas Jade (XerxasJade),https://creativecommons.org/licenses/by/4.0/,stl,yes,no,01-REFERENCE/model/library/swap/dual-bosch-044-fuel-pump-bracket-thingiverse-xerxasjade,174 x 50 x 82,1:1,3300,3,Designed to Hold 2 60mm Fuel Pumps All Holes are 6.5mm so that a 6mm bolt with a flange less than 12mm in diameter fits comfortably. I print it on laying down on its side so that the arms have more tensile strength when clamping. I strongly recommend at least 6 walls so that the top section of each arm is solid. Weighs Approximately 150g,"Downloaded from Internet Archive mirror https://archive.org/details/thingiverse-4688763 (Thingiverse site downloads are JS-gated). Thing date 2020-12-17. | measured: largest=Dual_Bosch_044_Fuel_Pump_Bracket_4688763/files/Fuel_Pump_Holder_v4.stl; per-file extents: Dual_Bosch_044_Fuel_Pump_Bracket_4688763/files/Fuel_Pump_Holder_v4.stl=[174.0, 50.0, 82.0]"
electric-automotive-radiator-cooling-fan-3dwarehouse-miles,swap,Electric Automotive Radiator Cooling Fan,Electric automotive radiator cooling fan,close,3dwarehouse.sketchup.com,https://3dwarehouse.sketchup.com/model/dc3313a9272ee13f7e1c97634acf0214,Miles,3D Warehouse General Model License (free use; per Trimble terms),glb (converted by 3DW); original skp needs login,yes,no,01-REFERENCE/model/library/swap/electric-automotive-radiator-cooling-fan-3dwarehouse-miles,,not 1:1 (2.6 m wide),6184,2,Automotive Cooling Fan (radiator/condensor mount type) with shroud and mounting points.,"extents as found: 2.611; 0.257; 2.121 unknown (glb claims m). Original SketchUp files (s17,s19,s18,s8,s20,s21) are login-restricted; the public GLB export was downloaded. Created 2011-10-01. Rescale. | measured: largest=fan, cooling, automotive.glb; per-file extents: fan, cooling, automotive.glb=[2.611, 0.257, 2.121]"
electric-fuel-pump-mount-printables-gastephens,swap,Electric Fuel Pump Mount,Electric inline fuel pump mount,close,printables.com,https://www.printables.com/model/1096998-electric-fuel-pump-mount,gastephens,Creative Commons — Attribution,"step,stl",yes,no,01-REFERENCE/model/library/swap/electric-fuel-pump-mount-printables-gastephens,67 x 44 x 115,1:1,24750,3,"TPU mount for electric fuel pump. Holds secure, dampens vibration. Holder for electric fuel pump to isolate vibration. Print on end with TPU95.","measured: largest=fuelpump mount.stl; per-file extents: electric fuel pump holder v9.step=[0.067, 0.044, 0.115]; fuelpump mount.stl=[67.454, 44.0, 115.0]"
eliminator-supercharged-ls-based-v8-engine-sketchfab-driver-fire,swap,Eliminator Supercharged Ls Based V8 Engine,Supercharged LS-based V8 with transmission (Tinkercad-origin),close,sketchfab.com,https://sketchfab.com/3d-models/eliminator-supercharged-ls-based-v8-engine-cfe6f543644b437b8a698b936c87d2a8,DRIVER-FIRE,CC Attribution,sketchfab (glb/gltf/source on download),no,yes,,,,80270,1,"Shout out to RedneckRacing 674 *1fastscooter* for the engine he's a super cool guy yall should check him out on tinkercad. All I did was put a better transmision on, he has two diffrent variants, one with a smaller supercharger intake and then one with a bigger one I chose the bigger oe for all of my models that have this in them. By the way spoiler alert there will be a certain green and black ca",Sketchfab download requires login.
engine-mount-and-mounting-brackets-1-grabcad-ted.shred-1,swap,Engine Mount and Mounting Brackets,Engine mount and mounting brackets (LS),close,grabcad.com,https://grabcad.com/library/engine-mount-and-mounting-brackets-1,Ted Shred,GrabCAD Community Library terms (per-model license not stated),STL,no,yes,,,,,2,"51 downloads, 1 likes, 4 files, created 2025-07-02",Modeled On 3.1148 Zinc Plated Engine Mount and Driver's and Passenger's Side Adapter Plates for an LS Conversion for a 1969 Corvette. Will require: - Two M10 x 1.5mm x 25mm socket head cap screws - Six M10 x 1.5mm x 35mm bolts - Four 3/8-16 x 1.00 bolts - Ten 19mm O.D. x 10mm I.D. x 2mm flat washers | GrabCAD download requires login; not fetched.
engine-radiator-sketchfab-terllok,swap,Engine Radiator,Generic engine radiator for V8 LS (low poly),close,sketchfab.com,https://sketchfab.com/3d-models/engine-radiator-590a29882e764c368c857ebaba4fd01b,terllok,CC Attribution,sketchfab (glb/gltf/source on download),no,yes,,,,812,1,"Low Poly simplified Engine Radiator suitable for V8 LS Textures - 1k png, overlapping",Sketchfab download requires login.
exhaust-turbo-adapter-1-grabcad-tyler.thayer-2,swap,exhaust turbo adapter,Exhaust turbo adapter (LM7 query),close,grabcad.com,https://grabcad.com/library/exhaust-turbo-adapter-1,Tyler Thayer,GrabCAD Community Library terms (per-model license not stated),"Parasolid,Rendering",no,yes,,,,,1,"106 downloads, 8 likes, 2 files, created 2017-05-05","I haven't got to try this yet, but I had a couple made. I'm planning on putting twin turbos on a car I have. I took the measurements from a 2002 GMC sierra (5.3 liter lm7) this will probably work on a lot of other gm engines. Like I said I haven't got to try them so I'm not sure if they will work, but I think they will. The turbo flange is a T3. I had to make some updates 5/9/17 I haven't got to try the changes yet. | GrabCAD download requires login; not fetched."
fabricated-ford-9-inch-rear-axle-1-grabcad-marco.aguilar-28,swap,Fabricated Ford 9 Inch Rear Axle,Fabricated Ford 9in rear axle housing,close,grabcad.com,https://grabcad.com/library/fabricated-ford-9-inch-rear-axle-1,Marco Aguilar,GrabCAD Community Library terms (per-model license not stated),"STEP / IGES,Rendering",no,yes,,,,,3,"107 downloads, 8 likes, 3 files, created 2026-03-15",Full Float 9-inch Fabricated Axle 70-inch WMS can be easily changed 3.5 OD Used for clearancing 3rd member used: https://grabcad.com/library/3rd-member-ford-9-inch-assy-1 | GrabCAD download requires login; not fetched.
facet-duralift-12v-fuel-pump-1-grabcad-303.composites-1,swap,Facet DuraLift 12v Fuel Pump,Facet DuraLift 12V fuel pump,close,grabcad.com,https://grabcad.com/library/facet-duralift-12v-fuel-pump-1,303 Composites,GrabCAD Community Library terms (per-model license not stated),"SOLIDWORKS,STEP / IGES,Rendering",no,yes,,,,,3,"95 downloads, 1 likes, 3 files, created 2020-10-28","For Reference Only, should be dimensionally close. The 40222 model is capable of delivering up to 33 gallons per hour at free-flow, or 9 to 11.5 psi maximum pressure. Self-priming to 120"" of dry lift for easy mounting. This model is an ideal replacement for the cam-driven mechanical lift pump on 1983-94 Ford medium-duty trucks and vans with the International-Navistar 6.9L or 7.3L IDI diesel engine. Female 1/8 NPT inlet and outlet ports, 12 volt negative ground. | GrabCAD download requires login; not fetched."
fb-rx7-efan-shroud-printables-adnanklink,swap,Electric Fan Shroud for first gen RX7 FB,Electric fan shroud mating Flex-a-lite 16in fan to stock 1979-85 FB RX-7 radiator,exact,printables.com,https://www.printables.com/model/298872-electric-fan-shroud-for-first-gen-rx7-fb,adnanklink,Creative Commons — Attribution — Noncommercial,3mf,yes,no,01-REFERENCE/model/library/swap/fb-rx7-efan-shroud-printables-adnanklink,579 x 41 x 443,1:1,55328,3,A shroud to attach a Flex-a-lite 16in fan to the stock radiator I needed a shroud to attach a Flex-a-lite 16in fan to the stock radiator and allow it to pull air through the entire radiator.&nbsp; Printed in Polycarbonate filament to withstand the heat from the radiator. Designed for heat inset inserts and 10-32 screws in the multi part version: Inserts: https://amzn.to/3EQ2jRo &nbsp; Screws: https://amzn.to/3F3w1lM &nbsp;,"579 x 443 mm shroud outline = stock FB radiator core face area (fits Flex-a-lite 16in fan). Directly useful for FB radiator/fan packaging. | measured: largest=EFan Shroud Multi-piece.3mf; per-file extents: EFan Shroud Multi-piece.3mf=[0.579, 0.041, 0.443]; EFan Shroud One piece.3mf=[0.579, 0.021, 0.443]"
flywheel-assy-168-tooth-gm-1-grabcad-4.fn.27-1,swap,"Flywheel Assy, 168 Tooth, GM",GM 168-tooth flywheel assembly,close,grabcad.com,https://grabcad.com/library/flywheel-assy-168-tooth-gm-1,4 FN 27,GrabCAD Community Library terms (per-model license not stated),"SOLIDWORKS,Rendering",no,yes,,,,,3,"137 downloads, 20 likes, 7 files, created 2023-02-15","168-Tooth Flywheel Assy, Chevrolet. Reverse engineered using a Faro Arm and Dezignworks a plug-in for Solidworks. Shown with Internally Balance Weight attached. Model is for Reference only. | GrabCAD download requires login; not fetched."
flywheel-for-ls3-engine-1-grabcad-erick.ramirez-34,swap,Flywheel for LS3 Engine,GM LS3 flywheel,close,grabcad.com,https://grabcad.com/library/flywheel-for-ls3-engine-1,Erick Ramirez,GrabCAD Community Library terms (per-model license not stated),"STEP / IGES,Rendering",no,yes,,,,,3,"629 downloads, 30 likes, 2 files, created 2020-06-12","This is a 6061T6 Flywheel made specially for a LS3 engine and a T56 Transmission. The design and fabrication were made to solve two specific problems. LS engines need 168-tooth flywheel early LT engines (1997 and older) need 153 tooth and smaller flywheel. So, I need a flywheel to place my actual T56 clutch with the mounting holes from crankshaft and the 168-tooth diameter for the starter. I´d like to share my project with you and also, I left Youtube link for my entire Chevelle project and we c | GrabCAD download requires login; not fetched."
flywheel-lock-for-ls-based-engines-printables-futrell-garage,swap,Flywheel lock for LS based engines,Flywheel lock tool for GM LS engines (flywheel/bellhousing interface),close,printables.com,https://www.printables.com/model/311974-flywheel-lock-for-ls-based-engines,Futrell Garage,Creative Commons — Attribution,stl,yes,no,01-REFERENCE/model/library/swap/flywheel-lock-for-ls-based-engines-printables-futrell-garage,156 x 116 x 24,1:1,15172,3,This will hold the flywheel while loosening or tightening the bolts on your engine. Test engine is 5.3 from an 04 Tahoe I designed this to lock the flywheel or flexplate on the LS based engines. It held rock solid while I torqued the crank bolt to over 250 lb ft. You can probably get the same results at 60% infill.&nbsp; Print this logo side up. PLA or PLA + 90% infill 4 walls &nbsp; &nbsp;,"measured: largest=LS Fly Wheel lock.stl; per-file extents: LS Fly Wheel lock.stl=[156.22, 115.923, 23.6]"
ford-9-differential-grabcad-wes--1,swap,"Ford 9"" Differential",Ford 9in differential,close,grabcad.com,https://grabcad.com/library/ford-9-differential,Wes,GrabCAD Community Library terms (per-model license not stated),"STEP / IGES,STL,Rendering",no,yes,,,,,3,"7370 downloads, 202 likes, 3 files, created 2011-11-22","58.623"" Flange To Flange Ford 9"" Style Rear Axle 5 x 4.5"" Bolt Circle No guts Internet sourced disc brakes Carrier Support by PDXConcept 3rd Member was roughed out by K. Shaffer | GrabCAD download requires login; not fetched."
ford-9-inch-axle-grabcad-perry--2,swap,Ford 9 inch axle,Ford 9in axle,close,grabcad.com,https://grabcad.com/library/ford-9-inch-axle,perry,GrabCAD Community Library terms (per-model license not stated),"SOLIDWORKS 2011,Rendering",no,yes,,,,,3,"760 downloads, 13 likes, 2 files, created 2011-12-22",narrowed Ford 9 inch with centered pinion | GrabCAD download requires login; not fetched.
ford-9-inch-carrier-grabcad-mario.van.wiechen,swap,Ford 9 Inch Carrier,Ford 9in carrier,close,grabcad.com,https://grabcad.com/library/ford-9-inch-carrier,Mario Van Wiechen,GrabCAD Community Library terms (per-model license not stated),"STEP / IGES,Rendering",no,yes,,,,,3,"570 downloads, 13 likes, 5 files, created 2012-03-21","Most dims are accurate, housing bolt pattern, bearing cap locations, front bolt pattern and face position. | GrabCAD download requires login; not fetched."
ford-9-inch-differential-thingiverse-noahmemerick1,swap,Ford 9 Inch Differential,Ford 9in differential,close,thingiverse.com (via archive.org mirror),https://www.thingiverse.com/thing:1884729,Noah Emerick (noahmemerick1),https://creativecommons.org/licenses/by/4.0/,stl,yes,no,01-REFERENCE/model/library/swap/ford-9-inch-differential-thingiverse-noahmemerick1,292 x 162 x 273,1:1 (292 x 162 x 273 mm third member),698450,3,Ford 9 Inch rear end differential,"Downloaded from Internet Archive mirror https://archive.org/details/thingiverse-1884729 (Thingiverse site downloads are JS-gated). Thing date 2016-11-11. | measured: largest=Ford_9_Inch_Differential__1884729/files/Housing.STL; per-file extents: Ford_9_Inch_Differential__1884729/files/Pinion_Yolk.STL=[108.976, 99.619, 109.049]; Ford_9_Inch_Differential__1884729/files/Main_Assembly_-_Bearing_cover_with_12_holes-1.STL=[16.637, 76.2, 76.2]; Ford_9_Inch_Differential__1884729/files/Flat_gear_in_carrier.STL=[124.079, 25.171, 124.079]; Ford_9_Inch_Differential__1884729/files/Bearing_cover_with_12_holes.STL=[76.2, 16.637, 76.2]; Ford_9_Inch_Differential__1884729/files/Pinion.STL=[115.702, 231.369, 114.328]; Ford_9_Inch_Differential__1884729/files/Housing.STL=[291.926, 162.039, 272.721]; Ford_9_Inch_Differential__1884729/files/Spider_Gear_Washer.STL=[37.465, 3.118, 37.49]; Ford_9_Inch_Differential__1884729/files/Screw_for_Keeper_Clip.STL=[18.256, 14.665, 12.7]; Ford_9_Inch_Differential__1884729/files/Pinion_Retainer.STL=[157.898, 71.311, 157.277]; Ford_9_Inch_Differential__1884729/files/Spider_Gear_Retaining_Shaft_Pin.STL=[6.335, 34.798, 6.315]; Ford_9_Inch_Differential__1884729/files/Driving_gear.STL=[82.775, 15.824, 82.775]; Ford_9_Inch_Differential__1884729/files/Driving_gear_with_shaft.STL=[82.775, 29.794, 82.775]; Ford_9_Inch_Differential__1884729/files/Driving_Clutch_Plate.STL=[129.497, 1.219, 129.454]; Ford_9_Inch_Differential__1884729/files/Ring_Gear.STL=[224.899, 36.196, 224.902]; Ford_9_Inch_Differential__1884729/files/Oil_plug_for_housing.STL=[18.288, 18.288, 21.082] ..."
ford-9in-axle-shaft-with-bearing-cup-assembly-1-grabcad-sniv.speed.shop-1,swap,Ford 9in Axle Shaft with Bearing Cup Assembly,Ford 9in axle shaft with bearing cup assembly,close,grabcad.com,https://grabcad.com/library/ford-9in-axle-shaft-with-bearing-cup-assembly-1,Sniv Speed Shop,GrabCAD Community Library terms (per-model license not stated),"STEP / IGES,Rendering",no,yes,,,,,3,"124 downloads, 5 likes, 2 files, created 2025-05-04","Quick Performance 35 spline axle shaft with Billet Big Ford New Style Torino 3/8"" with seal surface bearing cup ends (Model measurements taken with a tape measurement, not exact) | GrabCAD download requires login; not fetched."
ford-9in-differential-scan-1-grabcad-sniv.speed.shop-1,swap,Ford 9in Differential Scan,Ford 9in differential / third member (3D scan),close,grabcad.com,https://grabcad.com/library/ford-9in-differential-scan-1,Sniv Speed Shop,GrabCAD Community Library terms (per-model license not stated),"STL,Rendering",no,yes,,,,,4,"209 downloads, 24 likes, 2 files, created 2025-05-04",Ford 9in 3rd member (differential) built by Quick Performance Yukon Nodular Iron Carrier 3.50 Gear Ratio 35 Spline Spool Aluminum Daytona Pinion Support Billet Steel 1350 Yoke | GrabCAD download requires login; not fetched.
ford-9in-docs-speedway-anghel,swap,"Ford 9-inch rear axle: Speedway installation guide, housing identification/axle measurement article, Anghel Restorations housing ID guide","Ford 9-inch rear axle housing, third member, axle measurement",close,speedwaymotors.com / anghelrestorations.com,https://content.speedwaymotors.com/DigitalAssets/assets/Ford_9_Installation_Guide_2025.pdf,Speedway Motors; Anghel Restorations,free web literature (copyright holders),drawing,yes,no,01-REFERENCE/model/library/swap/ford-9in-docs,,,,2,"How to measure/cut axles (flange-to-flange, bearing seats), housing identification (big/small bearing, 1957-86 housings), servicing; photos, few dimensions.",Third-member stud pattern (early 9in): 3.3125in horizontal x 2.00in vertical (web source). No free dimensioned third-member CAD drawing found; forum pointers: Yellow Bullet thread https://www.yellowbullet.com/threads/9inch-ford-third-member-technical-drawing-w-dimensions.548976/ and Trails Less Traveled DXF (not located). Use GrabCAD 9in models (login) for geometry.
ford-third-member-differential-1-grabcad-michael.perry-5,swap,Ford Third Member DIfferential,Ford third member differential,close,grabcad.com,https://grabcad.com/library/ford-third-member-differential-1,Michael Perry,GrabCAD Community Library terms (per-model license not stated),STEP / IGES,no,yes,,,,,3,"292 downloads, 19 likes, 1 files, created 2024-02-16",I modeled this up as a reference for a Sports Car I am building. You may use this as a reference model on your local machine. I DO NOT give consent to download and upload it or any derived version of it as your own work. This is for your reference only. Modeling things up takes lots of time. If you want to post something up then spend the time and model it up on your own. Engineers must have integrity and not steal others intellectual property or profit from others work. Unfortunately this does | GrabCAD download requires login; not fetched.
fuel-pump-bosch-0-580-254-044-1-grabcad-nicolas.d-3,swap,Fuel Pump BOSCH 0 580 254 044,Bosch 0 580 254 044 inline fuel pump,close,grabcad.com,https://grabcad.com/library/fuel-pump-bosch-0-580-254-044-1,Nicolas.D,GrabCAD Community Library terms (per-model license not stated),"SOLIDWORKS 2014,STEP / IGES,Rendering",no,yes,,,,,3,"756 downloads, 33 likes, 7 files, created 2015-09-17",Fuel Pump BOSCH 0 580 254 044 used on Racing Car M12x1.5 M18x1.5 | GrabCAD download requires login; not fetched.
gm-12554030-accessory-bracket-1-grabcad-jess.neal-1,swap,GM 12554030 Accessory Bracket,GM 12554030 LS accessory bracket,close,grabcad.com,https://grabcad.com/library/gm-12554030-accessory-bracket-1,Jess Neal,GrabCAD Community Library terms (per-model license not stated),"STEP / IGES,Rendering",no,yes,,,,,4,"649 downloads, 40 likes, 4 files, created 2018-10-30",GM 12554030 Accessory Bracket for LS based truck motors 99+. Painstakingly modeled from scan data. 3rd image is a comparison between model and raw scan. | GrabCAD download requires login; not fetched.
gm-12577901-cts-v-oil-pan-with-filter-1-grabcad-jess.neal-1,swap,GM 12577901 CTS-V Oil Pan with Filter,GM 12577901 CTS-V LS oil pan,close,grabcad.com,https://grabcad.com/library/gm-12577901-cts-v-oil-pan-with-filter-1,Jess Neal,GrabCAD Community Library terms (per-model license not stated),"STEP / IGES,Rendering",no,yes,,,,,4,"402 downloads, 21 likes, 5 files, created 2020-04-08",GM 12577901 CTS-V Oil Pan with Filter. Modeled loosely from scan data. All holes and mounting points are accurate. Was not modeled with any draft like a cast part. | GrabCAD download requires login; not fetched.
gm-5-7-liter-v8-small-block-ls1-engine-3dwarehouse-matheus-monteiro,swap,GM 5.7 Liter V8 Small Block LS1 Engine,GM 5.7L LS1 V8 engine,close,3dwarehouse.sketchup.com,https://3dwarehouse.sketchup.com/model/8d657153-fee5-40cb-ade6-89de704c032d,Matheus Monteiro,3D Warehouse General Model License (free use; per Trimble terms),glb (converted by 3DW); original skp needs login,yes,no,01-REFERENCE/model/library/swap/gm-5-7-liter-v8-small-block-ls1-engine-3dwarehouse-matheus-monteiro,1049 x 427 x 495,approx 1:1 (1.05 m long - may include accessories/trans),119284,2,"gm, camaro, engine, gasoline, v8, ls1, turbo, diesel, car, parts, spec, race, motor, carro, ford, chevrolet, supercharger","Original SketchUp files (s17,s19,s18,s8,s20,s21) are login-restricted; the public GLB export was downloaded. Created 2018-05-22. | measured: largest=chevrolet ls1.glb; per-file extents: chevrolet ls1.glb=[1.049, 0.427, 0.495]"
gm-6l80-transmission-1-grabcad-lemming104-1,swap,GM 6L80 transmission,GM 6L80 automatic,close,grabcad.com,https://grabcad.com/library/gm-6l80-transmission-1,lemming104,GrabCAD Community Library terms (per-model license not stated),STL,no,yes,,,,,3,"47 downloads, 4 likes, 1 files, created 2026-07-03","GM 6L80 transmission, showing external details. The torque converter was removed and it was mounted on an engine stand at the time of the scan, so there's not much to see inside the bellhousing. Scanned with a Shining3D Einstar at .2mm resolution. | GrabCAD download requires login; not fetched."
gm-chevy-4l60e-transmission-1-grabcad-jim.dulaney-1,swap,GM/chevy 4L60E transmission,GM 4L60E automatic transmission,close,grabcad.com,https://grabcad.com/library/gm-chevy-4l60e-transmission-1,Jim Dulaney,GrabCAD Community Library terms (per-model license not stated),"SOLIDWORKS,STEP / IGES,STL,Rendering",no,yes,,,,,3,"1347 downloads, 71 likes, 4 files, created 2023-09-25","Solidworks 2021 model of 4L60 transmission. Also included a STEP file and the original scanned data, that the model was built from. Transmission was pulled from an '03 Suburban. Model is missing the dipstick tube and shifter linkage. | GrabCAD download requires login; not fetched."
gm-chevy-ls3-corvette-accessory-drive-scan-1-grabcad-rusty.spoon-1,swap,GM Chevy LS3 Corvette Accessory Drive Scan,GM LS3 Corvette accessory drive (3D scan),close,grabcad.com,https://grabcad.com/library/gm-chevy-ls3-corvette-accessory-drive-scan-1,rusty spoon,GrabCAD Community Library terms (per-model license not stated),"STL,Rendering",no,yes,,,,,4,"600 downloads, 48 likes, 2 files, created 2025-06-19",C6 Corvette LS3 with a complete accessory drive and engine mounts. This is a 2008-9 version with the left side water pump inlet/outlet. Good enough scan for mockup. It was sitting on a flat surface when scanned so the actual bottom of the oil pan is very close to where the pan is open. I'll weigh it soon and update. | GrabCAD download requires login; not fetched.
gm-cts-dbw-throttle-pedal-10379038-6-pin-scan-1-grabcad-rusty.spoon-1,swap,GM CTS DBW Throttle Pedal 10379038 6 pin Scan,GM CTS DBW throttle pedal 10379038 (3D scan),close,grabcad.com,https://grabcad.com/library/gm-cts-dbw-throttle-pedal-10379038-6-pin-scan-1,rusty spoon,GrabCAD Community Library terms (per-model license not stated),"STL,Rendering",no,yes,,,,,4,"115 downloads, 12 likes, 3 files, created 2025-08-03",Missing the metal mounting bracket. 6 pin DBW throttle pedal commonly used for LS Swaps. 2010-2015 Cadillac CTS vehicles. Weighs 0.52kg. Pedal pad doesn't pivot on the pedal arm unlike some of the other 6 pin GM pedals. | GrabCAD download requires login; not fetched.
gm-ls-engine-gen3-wire-cover-for-the-ecu-printables-rob-k,swap,GM LS Engine Gen3 Wire Cover for the ECU,GM LS Gen3 ECU wire cover,close,printables.com,https://www.printables.com/model/1368118-gm-ls-engine-gen3-wire-cover-for-the-ecu,Rob K,Standard Digital File License,3mf,yes,no,01-REFERENCE/model/library/swap/gm-ls-engine-gen3-wire-cover-for-the-ecu-printables-rob-k,64 x 239 x 102,1:1,32504,3,Cover for the exposed wires on the LS ECU When doing a swap harness for an LS engine there is a mess of wires if you don't want to use the stock covers. &nbsp;This allows the cover to be easily installed and removed for later troubleshooting. &nbsp;Small loops are for zip ties to secure the wire inside the cover on the bottom. &nbsp;Larger Loops are for a zip tie to secure cover to the plugs on the ECU.,"measured: largest=ECU Wire Cover Left.3mf; per-file extents: ECU Wire Cover Left.3mf=[63.5, 238.76, 102.283]; ECU Wire Cover Right.3mf=[63.5, 238.76, 102.283]"
gm-ls-gen-iii-pcm-1-grabcad-john.duffett-1,swap,GM LS GEN III PCM,GM LS Gen III PCM (ECU),close,grabcad.com,https://grabcad.com/library/gm-ls-gen-iii-pcm-1,John Duffett,GrabCAD Community Library terms (per-model license not stated),SOLIDWORKS,no,yes,,,,,3,"102 downloads, 2 likes, 1 files, created 2023-05-13",Rough model of a GM LS GEN III PCM. Most dimensions are approximate. Use this to design brackets or figure out packaging in your engine bay. | GrabCAD download requires login; not fetched.
gm-ls-small-block-engine-sketchfab-inked1979,swap,GM LS small block engine,GM Gen IV LS small-block V8 (LS2/L76/L77/L98) engine,close,sketchfab.com,https://sketchfab.com/3d-models/gm-ls-small-block-engine-4ec40400a93546d4aa6b7dd24393e9a5,inked1979,CC Attribution,sketchfab (glb/gltf/source on download),no,yes,,,,268352,3,"GM LS small block engine. LS2, L77,L76,L98",Sketchfab download requires login.
gm-ls-truck-engine-1-grabcad-lemming104-1,swap,GM LS Truck Engine,GM LS truck engine (Gen III Vortec 4.8/5.3/6.0 truck),exact,grabcad.com,https://grabcad.com/library/gm-ls-truck-engine-1,lemming104,GrabCAD Community Library terms (per-model license not stated),STL,no,yes,,,,,3,"39 downloads, 1 likes, 1 files, created 2026-07-03","GM 5.3 truck engine (RPO code LMG), no flywheel, AC compressor removed, but the rest of the accessory drive is intact. Stock truck intake manifold and oil pan are installed. Exhaust manifolds are Holley/Hooker turbo manifolds with integral crossover (intended for passenger's side turbo mount) Scanned with a Shining3D Einstar at .5mm resolution, geometry simplified to ~2M polygons for export. | GrabCAD download requires login; not fetched."
gm-ls-v8-boat-manifold-adaptor-1-grabcad-jay.weaver-3,swap,GM LS V8 boat manifold adaptor,GM LS V8 marine exhaust manifold adaptor (LS exhaust port flange),close,grabcad.com,https://grabcad.com/library/gm-ls-v8-boat-manifold-adaptor-1,Jay Weaver,GrabCAD Community Library terms (per-model license not stated),SOLIDWORKS,no,yes,,,,,2,"58 downloads, 3 likes, 2 files, created 2020-10-23",adaptor to weld pipe to to make custom risers for LS engines with marine power manifolds | GrabCAD download requires login; not fetched.
gm-ls2-ls3-ignition-coil-12570616-1-grabcad-mike-1555,swap,GM LS2 LS3 ignition coil 12570616,GM LS2/LS3 ignition coil 12570616,close,grabcad.com,https://grabcad.com/library/gm-ls2-ls3-ignition-coil-12570616-1,Mike,GrabCAD Community Library terms (per-model license not stated),"STEP / IGES,Rendering",no,yes,,,,,4,"160 downloads, 8 likes, 2 files, created 2025-08-02",Part number 12570616 Model reverse engineered from high quality 3d scan. This is a model of my own work. | GrabCAD download requires login; not fetched.
gm-ls3-ev6-fuel-injector-thingiverse-a05c,swap,GM LS3 EV6 Fuel Injector,GM LS3 EV6 fuel injector,close,thingiverse.com (via archive.org mirror),https://www.thingiverse.com/thing:4801427,Andrew Courter (A05C),https://creativecommons.org/licenses/by-nc/4.0/,stl,yes,no,01-REFERENCE/model/library/swap/gm-ls3-ev6-fuel-injector-thingiverse-a05c,15 x 34 x 51,1:1,44071,3,"Found on GrabCAD, converted to STL. Have not printed yet, suggest using supports and possibly a raft depending on how you orient it on the build plate","Downloaded from Internet Archive mirror https://archive.org/details/thingiverse-4801427 (Thingiverse site downloads are JS-gated). Thing date 2021-03-21. | measured: largest=GM_LS3_EV6_Fuel_Injector_4801427/files/LS3_Injector_38mm_EV6_-_CAT23_v0.stl; per-file extents: GM_LS3_EV6_Fuel_Injector_4801427/files/LS3_Injector_38mm_EV6_-_CAT23_v0.stl=[15.2, 34.329, 50.6]"
gm-ls6-frt-cover-grabcad-rcoger,swap,GM LS6 Frt Cover,GM LS6 front cover,close,grabcad.com,https://grabcad.com/library/gm-ls6-frt-cover,rcoger,GrabCAD Community Library terms (per-model license not stated),"SOLIDWORKS 2012,STEP / IGES,Rendering",no,yes,,,,,4,"240 downloads, 8 likes, 3 files, created 2013-01-20",GM LS6 Frt Cover | GrabCAD download requires login; not fetched.
gm-ls7-engine-1-grabcad-chad.dixon-2,swap,GM LS7 Engine,GM LS7 7.0L Gen IV engine assembly,close,grabcad.com,https://grabcad.com/library/gm-ls7-engine-1,chad Dixon,GrabCAD Community Library terms (per-model license not stated),"SOLIDWORKS,STEP / IGES,Rendering",no,yes,,,,,4,"12020 downloads, 444 likes, 27 files, created 2017-01-15","A complete model of the LS engine. I've used this model as a template for designing/machining various accessory mounts for my ongoing 2004 GTO project. 800rwhp and counting... Thus far it's proven very helpful with bolt hole locations, spacing's for pulley drives, etc. This is an SW 2017 part file. The STEP is pretty self explanatory. Have fun. The SW model imports well, least it did for me. It's busy. Have a good computer or turn down the graphics a bit. Enjoy. Fwiw, the engine in the pics is a | GrabCAD download requires login; not fetched."
gm-lsx-header-flange-for-snap-together-header-thingiverse-lsxwisher,swap,GM LSx Header Flange for Snap-Together Header Fab Kit,GM LSx exhaust header flange (snap-together header fab kit),close,thingiverse.com (via archive.org mirror),https://www.thingiverse.com/thing:2800881,Caleb Wisher (LSXwisher),https://creativecommons.org/licenses/by-nc-sa/4.0/,"stl,stp",yes,no,01-REFERENCE/model/library/swap/gm-lsx-header-flange-for-snap-together-header-thingiverse-lsxwisher,215 x 68 x 13,1:1 (214.8 mm per bank),61008,4,This is a bolt on flange for GM LSx engines that have the same snap-features that XeonDesigns uses in the snap together header fabrication kits. (Link Below to XeonDesigns kit) This can be fastened to the cylinder head to actually make a complete header mock-up on the engine. https://www.thingiverse.com/thing:1649639,"Downloaded from Internet Archive mirror https://archive.org/details/thingiverse-2800881 (Thingiverse site downloads are JS-gated). Thing date 2018-02-20. | measured: largest=GM_LSx_Header_Flange_for_Snap-Together_Header_Fab_Kit_2800881/files/LSxFlange.stl; per-file extents: GM_LSx_Header_Flange_for_Snap-Together_Header_Fab_Kit_2800881/files/LSxFlange.stl=[214.789, 67.657, 12.827]; GM_LSx_Header_Flange_for_Snap-Together_Header_Fab_Kit_2800881/files/LSxFlange.stp=[0.215, 0.013, 0.068]"
gm-throttle-body-1257080-rme75-1-grabcad-jess.neal-1,swap,GM Throttle Body 1257080 Rme75,GM LS throttle body,close,grabcad.com,https://grabcad.com/library/gm-throttle-body-1257080-rme75-1,Jess Neal,GrabCAD Community Library terms (per-model license not stated),"STEP / IGES,Rendering",no,yes,,,,,4,"802 downloads, 41 likes, 3 files, created 2018-11-15",GM Throttle Body 1257080 Rme75. This is a drive by wire throttle body from a Gen 3 LS truck motor. Modeled from scan data. Second image is a comparison between scan data and model. | GrabCAD download requires login; not fetched.
green-and-blue-ecm-mount-1-grabcad-casey.power-2,swap,Green and Blue ECM Mount,LS ECM mount,close,grabcad.com,https://grabcad.com/library/green-and-blue-ecm-mount-1,Casey Power,GrabCAD Community Library terms (per-model license not stated),"SOLIDWORKS,STEP / IGES",no,yes,,,,,2,"19 downloads, 1 likes, 6 files, created 2026-07-08",Green and Blue ECM Mount LS Swap | GrabCAD download requires login; not fetched.
griffin-thermal-universal-fuild-radiator-1-grabcad-yaniv.yadin-2,swap,Griffin Thermal Universal Fuild Radiator,Griffin Thermal universal fluid radiator,close,grabcad.com,https://grabcad.com/library/griffin-thermal-universal-fuild-radiator-1,yaniv yadin,GrabCAD Community Library terms (per-model license not stated),STEP / IGES,no,yes,,,,,3,"383 downloads, 18 likes, 1 files, created 2017-08-03",Griffin Thermal Universal Fuild Radiator | GrabCAD download requires login; not fetched.
holley-ls-oil-pan-docs-holley,swap,"Holley LS retro-fit / swap oil pan instruction sheets (302-1, 302-2, 302-3/302-5, 302-4 off-road, 302-10/11/12 baffles)","Holley GM LS swap oil pans 302-1 (rear sump, 1st gen F-body/Chevelle), 302-2 (additional front clearance), 302-3/302-5 (mid-depth), 302-4 (off-road)",close,documents.holley.com,https://documents.holley.com/199r10566rev8.pdf,Holley Performance,"manufacturer literature, free download",drawing,yes,no,01-REFERENCE/model/library/swap/holley-ls-oil-pan-docs-holley,,,,3,"Install sheets with capacities, windage tray/pickup/dipstick P/Ns and max stroke; pan side-profile figures, no full dimension drawing.","302-1 sump 5.5qt, 302-2 sump 5.7qt; 302-2 max stroke 3.62in, uses F-body windage tray GM 12558253, LS3 dipstick 12669528 + tube 12625031 or Holley 302-15. 302-3/302-4 sump 5.6qt. Other URLs: 302-3 https://documents.holley.com/a1ac667e45b9aa409172cdd548408fa465ee6c77.pdf ; 302-4 https://documents.holley.com/199r12327.pdf ; baffles https://documents.holley.com/199r10636rev1.pdf. FB RX-7 crossmember clearance must be checked against pan sump position (front-sump truck pan will not fit)."
ice-ignition-ls1-coil-1-grabcad-chris.stavro-1,swap,ICE Ignition LS1 coil,ICE Ignition LS1 coil,close,grabcad.com,https://grabcad.com/library/ice-ignition-ls1-coil-1,Chris Stavro,GrabCAD Community Library terms (per-model license not stated),SOLIDWORKS 2014,no,yes,,,,,3,"325 downloads, 6 likes, 1 files, created 2019-02-05",ICE Ignition LS1 coil It's beefier than a stock ignition coil | GrabCAD download requires login; not fetched.
ict-billet-catalog-2026-ict,swap,ICT Billet June 2026 catalog,"ICT Billet LS swap parts catalog: accessory brackets (truck/Camaro/Corvette spacing, low/high mount alternator, A/C, PS), engine swap mounts, CD009 Gen1/Gen2 to LS T56 bellhousing adapters, oil pans, coil brackets",close,ictbillet.com,https://cdn.shopify.com/s/files/1/0688/8259/6070/files/ICT_June_2026_Catalog.pdf,ICT Billet,"manufacturer catalog, free download",drawing,yes,no,01-REFERENCE/model/library/swap/ls-cd009-adapter-docs-sikky-ict,,,,2,"36 pages, photos and part numbers; not dimensioned drawings.",ICT publishes no free CAD found. Relevant P/Ns: CD009 Gen1 2003-06 adapter https://www.ictbillet.com/products/cd009-gen-1-transmission-adapter ; accessory spacing families (truck / LS1 Camaro / Corvette) listed.
ignition-coil-acdelco-d585-1-grabcad-chris.baugher-1,swap,Ignition coil: ACDelco D585,ACDelco D585 LS truck ignition coil,exact,grabcad.com,https://grabcad.com/library/ignition-coil-acdelco-d585-1,Chris Baugher,GrabCAD Community Library terms (per-model license not stated),"SOLIDWORKS 2013,STEP / IGES,Rendering",no,yes,,,,,4,"567 downloads, 24 likes, 3 files, created 2014-11-30","This is an ignition coil and mounting bracket for the ACDelco D585 (O.E. part# 19005218). This is also commonly called the ""truck coil"" and fits many of the GM LSx engines. | GrabCAD download requires login; not fetched."
ignition-coil-relocation-ls-engine-1-grabcad-matt.varga-1,swap,IGNITION COIL RELOCATION LS ENGINE,GM LS coil relocation bracket,close,grabcad.com,https://grabcad.com/library/ignition-coil-relocation-ls-engine-1,matt varga,GrabCAD Community Library terms (per-model license not stated),Parasolid,no,yes,,,,,2,"425 downloads, 25 likes, 1 files, created 2017-08-15",LS ENGINE COIL RELOCATION PLATE | GrabCAD download requires login; not fetched.
l31-gm-small-block-5-7l-vortec-grabcad-rcoger,swap,L31 GM Small Block - 5.7L Vortec,GM L31 5.7 Vortec SBC (Gen I),different,grabcad.com,https://grabcad.com/library/l31-gm-small-block-5-7l-vortec,rcoger,GrabCAD Community Library terms (per-model license not stated),"SOLIDWORKS 2012,Rendering",no,yes,,,,,3,"499 downloads, 14 likes, 4 files, created 2013-01-30","Let's have a bit of fun modeling the last ""Gen 1"" Chevy small block. I will be adding updates here and there as I get measurements from work. Feel free to join in if you have something to add, but should be exclusive to the L31 block., otherwise download a copy and do your own thing. | GrabCAD download requires login; not fetched."
lq-4-coil-pack-1-grabcad-brad.dranko-1,swap,LQ 4 coil pack,GM LQ4 coil pack,exact,grabcad.com,https://grabcad.com/library/lq-4-coil-pack-1,Brad Dranko,GrabCAD Community Library terms (per-model license not stated),"SOLIDWORKS 2012,STEP / IGES,Rendering",no,yes,,,,,3,"196 downloads, 8 likes, 3 files, created 2015-06-20",this is a model I made to design a remote mounting bracket of a coil pack off my Lq4 | GrabCAD download requires login; not fetched.
lq4-evap-elbow-printables-neese-manufacturing,swap,LQ4 EVAP Elbow,GM LQ4 EVAP elbow,close,printables.com,https://www.printables.com/model/1708395-lq4-evap-elbow,Neese Manufacturing,Creative Commons — Attribution — Noncommercial — Share Alike,"3mf,step,stl",yes,no,01-REFERENCE/model/library/swap/lq4-evap-elbow-printables-neese-manufacturing,43 x 47 x 55,1:1,85870,3,"EVAP purge solenoid relocation elbow for LQ4 (& similar) emission-compliant swaps w/ limited hood clearance (e.g. J80). Print in a temperature &amp; gasoline-resistant filament (PA6/12, PPA, PPS, etc. GF/CF filled) @ 100% infill, 0.16mm layer height, &amp; 4 walls/perimeters. No supports are required for the Elbows if properly oriented (see attached image #3); however, the Nib will require supports. If you are not using the brass insert version, skip this step: Lightly sercure elbow &amp; use a solder iron to sink an M6 insert (e.g. https://a.co/d/0dzL9O0K ) into the 8mm hole (drill out if und","measured: largest=EVAP Elbow - All.3mf; per-file extents: EVAP Elbow - All.3mf=[43.459, 46.82, 55.169]; Nib.step=[0.012, 0.013, 0.024]; EVAP Elbow.step=[0.043, 0.047, 0.044]; EVAP Elbow - Brass Insert.step=[0.043, 0.047, 0.044]; Nib.stl=[11.862, 13.236, 24.003]; EVAP Elbow.stl=[43.459, 46.82, 43.612]; EVAP Elbow - Brass Insert.stl=[43.459, 46.816, 43.612]"
ls-180-degree-headers-to-megaphone-exhaust-v1-draft-1-grabcad-marco.aguilar-28,swap,LS 180 degree headers to megaphone exhaust (v1 draft),LS 180-degree headers,close,grabcad.com,https://grabcad.com/library/ls-180-degree-headers-to-megaphone-exhaust-v1-draft-1,Marco Aguilar,GrabCAD Community Library terms (per-model license not stated),"STEP / IGES,Rendering",no,yes,,,,,2,"71 downloads, 13 likes, 6 files, created 2026-02-28","True tri y headers, not that fake 4-2-1. This is my first time making headers. I drafted this to see good primary paths. | GrabCAD download requires login; not fetched."
ls-2-6-0l-v8-1-grabcad-muhammetcan.guyildar-2,swap,LS 2 / 6.0L / V8,GM LS2 6.0L V8 engine,close,grabcad.com,https://grabcad.com/library/ls-2-6-0l-v8-1,Muhammetcan güyildar,GrabCAD Community Library terms (per-model license not stated),"SOLIDWORKS,STL",no,yes,,,,,3,"24 downloads, 0 likes, 2 files, created 2024-04-26",CAR ACCESSORY | GrabCAD download requires login; not fetched.
ls-5-3-t56-transmission-parts-1-grabcad-ryan.sand-2,swap,LS 5.3/T56 transmission parts,LS 5.3 / T56 transmission parts,close,grabcad.com,https://grabcad.com/library/ls-5-3-t56-transmission-parts-1,RYAN SAND,GrabCAD Community Library terms (per-model license not stated),SOLIDWORKS,no,yes,,,,,2,"22 downloads, 1 likes, 4 files, created 2021-05-12",Throw out bearing sleeve is designed for holding OEM GM hydrualic slave cylinder in a LS1 Midplate and 26 spline LS1 shaft. | GrabCAD download requires login; not fetched.
ls-blank-starter-cover-printables-jdk871,swap,LS blank starter cover,GM LS starter blank cover / bellhousing starter pocket cover,close,printables.com,https://www.printables.com/model/626894-ls-blank-starter-cover,jdk871,Creative Commons — Attribution,stl,yes,no,01-REFERENCE/model/library/swap/ls-blank-starter-cover-printables-jdk871,178 x 119 x 24,1:1,1172,3,Starter motor cover for left hand starter motor relocation,"Outline of LS block-to-bellhousing starter pocket. | measured: largest=lsdustshield v2.stl; per-file extents: lsdustshield v2.stl=[177.685, 118.895, 23.5]"
ls-bracket-thingiverse-minytrker,swap,LS Bracket,LS bracket,close,thingiverse.com (via archive.org mirror),https://www.thingiverse.com/thing:3319786,Lorenz Tiedt (minytrker),https://creativecommons.org/licenses/by/4.0/,stl,yes,no,01-REFERENCE/model/library/swap/ls-bracket-thingiverse-minytrker,89 x 42 x 20,1:1,5294,2,Bracket for power strip,"Downloaded from Internet Archive mirror https://archive.org/details/thingiverse-3319786 (Thingiverse site downloads are JS-gated). Thing date 2018-12-29. | measured: largest=LS_Bracket_3319786/files/LSX_Bracket2.stl; per-file extents: LS_Bracket_3319786/files/LSX_Bracket2.stl=[89.4, 42.0, 20.0]"
ls-coil-bracket-printables-regithalli,swap,LS Coil Bracket,GM LS ignition coil bracket,close,printables.com,https://www.printables.com/model/999466-ls-coil-bracket,Regithalli,Creative Commons — Attribution,stl,yes,no,01-REFERENCE/model/library/swap/ls-coil-bracket-printables-regithalli,200 x 100 x 31,1:1,7664,3,Ls coil holder designed to hold 4 ls coils sideways. They were made to fit the standard ls2 coil that are flat and… Ls coil holder designed to hold 4 ls coils sideways. They were made to fit the standard ls2 coil that are flat and square body like the ones found in a corvette not the round body truck coils. The round coils may fit them but I have not tested it. I made this with a flat base so i could graft a custom mount for the bottom to fit my vehicle. This should be printed out of nylon due to under hood temperatures being very high. the motor coolant and engine oil can get to 250 F so that,"measured: largest=side_by_side_ls_coil_4_v4.stl; per-file extents: side_by_side_ls_coil_4_v4.stl=[200.0, 100.0, 30.991]"
ls-coil-holder-modification-printables-manaphee,swap,LS Coil Holder Modification,GM LS coil holder modification,close,printables.com,https://www.printables.com/model/954305-ls-coil-holder-modification,Manaphee,Creative Commons — Attribution — Noncommercial,stl,yes,no,01-REFERENCE/model/library/swap/ls-coil-holder-modification-printables-manaphee,,10x oversize if read as mm,10704,3,Modified LS Coil Holder to fit 6. Modified LS coil 4 holder to have 6 at request.,"extents as found: 2000.0; 1000.0; 309.912 0.1 mm? (file units). Scale 0.1 to get ~200 mm bracket. | measured: largest=LS Coil 6 Variant.stl; per-file extents: LS Coil 6 Variant.stl=[2000.0, 1000.0, 309.912]"
ls-d585-coil-sleeve-and-insulation-housing-sketchfab-altrous,swap,LS D585 Coil Sleeve and Insulation Housing,GM 5.3 LS D585 ignition coil mount/sleeve,close,sketchfab.com,https://sketchfab.com/3d-models/ls-d585-coil-sleeve-and-insulation-housing-3978a22be51f4e6fa79b62a7b082e6b3,altrous,CC Attribution,sketchfab (glb/gltf/source on download),no,yes,,,,7014,2,GM 5.3 LS D585 Custom Igniton Coil Mount,Sketchfab download requires login.
ls-dust-shield-starter-side-printables-fastlayne3dp,swap,ls dust shield starter side,"GM LS bellhousing dust shield, starter side",close,printables.com,https://www.printables.com/model/493443-ls-dust-shield-starter-side,Fastlayne3dp,Creative Commons — Attribution,3mf,yes,no,01-REFERENCE/model/library/swap/ls-dust-shield-starter-side-printables-fastlayne3dp,178 x 119 x 24,1:1,756,3,a simple ls dust shield starter side a simple ls dust shield starter side. i made this for an ls3 but it likely has other applications,"measured: largest=lsdustshield.3mf; per-file extents: lsdustshield.3mf=[177.685, 118.895, 23.5]"
ls-engine-1-grabcad-mark.oldani-1,swap,LS Engine,GM LS engine,close,grabcad.com,https://grabcad.com/library/ls-engine-1,Mark Oldani,GrabCAD Community Library terms (per-model license not stated),STEP / IGES,no,yes,,,,,3,"234 downloads, 14 likes, 1 files, created 2016-07-16",Here's a file with the Correct Timing cover bolt hole locations. Also with a ATI balancer on the LS7. You can scale a few models on here to make them correct. Hope this helps. All LS Engine use the same bolt locations | GrabCAD download requires login; not fetched.
ls-engine-3dwarehouse-vadim-z,swap,LS Engine,GM LS engine,close,3dwarehouse.sketchup.com,https://3dwarehouse.sketchup.com/model/ua9e6a238-1ccd-4388-ba75-278e8a99f436,Вадим З.,3D Warehouse General Model License (free use; per Trimble terms),glb (converted by 3DW); original skp needs login,no,yes,,,,,2,LS Engine,"Original SketchUp files (s8,s20,s21,s17,s19,s18) are login-restricted; the public GLB export was downloaded. Created 2014-12-24. No public GLB export available."
ls-engine-3dwarehouse-yantski,swap,LS Engine,GM LS engine,close,3dwarehouse.sketchup.com,https://3dwarehouse.sketchup.com/model/67375e2e-1439-4dbf-a566-8252396cec50,yantski,3D Warehouse General Model License (free use; per Trimble terms),glb (converted by 3DW); original skp needs login,yes,no,01-REFERENCE/model/library/swap/ls-engine-3dwarehouse-yantski,773 x 724 x 1429,approx 1:1 (1.43 m long likely incl. transmission),298887,2,"Modeled from scratch from photos and includes a T56 manual transmission modeled from scratch as well. ″LS engine"" is the colloquial name given to the 3rd and 4th generation small-block V-8 gasoline engine used in General Motors' vehicles. The name evolved from the need to differentiate the Gen 3/Gen 4 small blocks from the original Gen 1/Gen 2 small blocks released in 1954, which are commonly referred to as ""Small Block Chevrolets"". LS engines were a clean sheet modular design. Most components i","Original SketchUp files (s16,s19,s8,s20,s21) are login-restricted; the public GLB export was downloaded. Created 2021-11-02. | measured: largest=LS3 Engine.glb; per-file extents: LS3 Engine.glb=[0.773, 0.724, 1.429]"
ls-engine-block-3dwarehouse-shannon-s,swap,LS Engine Block,GM LS engine block,close,3dwarehouse.sketchup.com,https://3dwarehouse.sketchup.com/model/u6342c543-9f14-46c5-8b94-328c655d1a17,Shannon S.,3D Warehouse General Model License (free use; per Trimble terms),glb (converted by 3DW); original skp needs login,yes,no,01-REFERENCE/model/library/swap/ls-engine-block-3dwarehouse-shannon-s,504 x 323 x 529,1:1 (block 504 x 529 mm),58924,2,LS Engine block modeled off of a picture. Not to scale. Only a rough representation. I moved this model from my old 3D warehouse account. Thanks for looking!,"Original SketchUp files (s8,s20,s21,s15,s17,s19,s18) are login-restricted; the public GLB export was downloaded. Created 2015-02-28. | measured: largest=LS Engine Block.glb; per-file extents: LS Engine Block.glb=[0.504, 0.323, 0.529]"
ls-engine-essentials-thingiverse-thebeardedgarage,swap,LS Engine Essentials,"LS engine essentials: front cover alignment tool, water pump plugs, rear main seal cover, block plugs",close,thingiverse.com (via archive.org mirror),https://www.thingiverse.com/thing:4089898,The Bearded Garage (TheBeardedGarage),https://creativecommons.org/licenses/by/4.0/,stl,yes,no,01-REFERENCE/model/library/swap/ls-engine-essentials-thingiverse-thebeardedgarage,261 x 265 x 15,1:1,41990,3,I've made this LS Engine Essentials Package for people that are painting their LS engine block or installing the front timing chain cover. This kit should work for any LS based engine (LS1/LS2/LS3/LQ4/LQ9 etc.) Whats Included: -Front timing chain cover alignment tool -Front water pump plugs -Rear main seal cover -Random engine block plugs PLEASE CONSIDER FOLLOWING MY YOUTUBE CHANNEL: https://www.youtube.com/user/Baycustoms,"Downloaded from Internet Archive mirror https://archive.org/details/thingiverse-4089898 (Thingiverse site downloads are JS-gated). Thing date 2020-01-07. | measured: largest=LS_Engine_Essentials_4089898/files/LS_Rear_Main_Seal_Cover_v1.stl; per-file extents: LS_Engine_Essentials_4089898/files/LS_Random_Block_Plugs_v1.stl=[120.048, 70.049, 30.0]; LS_Engine_Essentials_4089898/files/LS_Rear_Main_Seal_Cover_v1.stl=[261.102, 265.252, 15.0]; LS_Engine_Essentials_4089898/files/LS_Timing_Cover_Alignment_Tool_v3.stl=[65.395, 65.397, 55.0]; LS_Engine_Essentials_4089898/files/LS_Water_Pump_Cover_Driv.stl=[101.098, 74.632, 8.0]; LS_Engine_Essentials_4089898/files/LS_Water_Pump_Cover_Pass.stl=[101.098, 74.632, 8.0]"
ls-engine-steam-port-to-radiator-hose-clamp-printables-cstek,swap,LS Engine Steam Port to Radiator Hose Clamp,GM LS engine steam port to radiator hose clamp,close,printables.com,https://www.printables.com/model/1534230-ls-engine-steam-port-to-radiator-hose-clamp,CSTek,Creative Commons — Attribution — Noncommercial — NoDerivatives,stl,yes,no,01-REFERENCE/model/library/swap/ls-engine-steam-port-to-radiator-hose-clamp-printables-cstek,72 x 28 x 25,1:1,3900,3,"Clamp to secure 14mm steam port hose to 43mm Radiator hose Increase the infill to at least 30% Use default support I've used PETG, PLA would melt Bolt hole is for m5x16 hex/allen head bolts and nuts. Nut goes in the B side","measured: largest=hoseclamp-A-v3.stl; per-file extents: hoseclamp-B-v3.stl=[72.5, 25.0, 25.0]; hoseclamp-A-v3.stl=[72.5, 27.5, 25.0]"
ls-engine-storage-block-off-plates-thingiverse-jschattenkirk,swap,LS Engine Storage Block Off Plates,LS engine storage block-off plates (intake/exhaust/water pump),close,thingiverse.com (via archive.org mirror),https://www.thingiverse.com/thing:4338145,Josh Schattenkirk (jschattenkirk),https://creativecommons.org/licenses/by/4.0/,stl,yes,no,01-REFERENCE/model/library/swap/ls-engine-storage-block-off-plates-thingiverse-jschattenkirk,6 x 115 x 125,1:1,4598,3,"Block off plates for LS Engines Exhaust Ports (Print 8) Intake Waterpump (Print 2) Storage caps inspired by Corey Johnson. Contact him for printed versions, of a different design of similar functionality, corey@gras3d.com","Downloaded from Internet Archive mirror https://archive.org/details/thingiverse-4338145 (Thingiverse site downloads are JS-gated). Thing date 2020-05-05. | measured: largest=LS_Engine_Storage_Block_Off_Plates_4338145/files/Intake_Block_Off.stl; per-file extents: LS_Engine_Storage_Block_Off_Plates_4338145/files/Exhaust_Port_Block_Off.stl=[124.148, 66.0, 6.35]; LS_Engine_Storage_Block_Off_Plates_4338145/files/Intake_Block_Off.stl=[6.35, 114.984, 124.968]; LS_Engine_Storage_Block_Off_Plates_4338145/files/Water_Pump_Block_Off.stl=[6.35, 94.779, 68.726]"
ls-engine-test-stand-1-grabcad-hendrix.d.g-1,swap,LS engine test stand,GM LS engine run/test stand (uses LS mount/bellhousing points),close,grabcad.com,https://grabcad.com/library/ls-engine-test-stand-1,Hendrix d.G,GrabCAD Community Library terms (per-model license not stated),"STEP / IGES,Rendering",no,yes,,,,,3,"618 downloads, 53 likes, 5 files, created 2022-12-14","Engine test stand I used as a guide to build my own. Sliding cross member and rad post to fit different engine configurations. Rad, battery, instrument panel, jerry can, panel arm all from grabcad. Fasteners are from McMaster-Carr Welded + bolted joints WIP | GrabCAD download requires login; not fetched."
ls-exhaust-manifold-flange-1-grabcad-mathieu.nolet.vachon-1,swap,Ls Exhaust Manifold Flange,LS exhaust manifold flange,close,grabcad.com,https://grabcad.com/library/ls-exhaust-manifold-flange-1,Mathieu Nolet-Vachon,GrabCAD Community Library terms (per-model license not stated),"SOLIDWORKS,STEP / IGES",no,yes,,,,,3,"393 downloads, 15 likes, 2 files, created 2022-03-13",LS Exhaust Manifold .375 thick Flange | GrabCAD download requires login; not fetched.
ls-gm-pcm-ecu-mount-bracket-printables-max,swap,LS GM PCM ECU mount bracket,GM LS PCM/ECU mount bracket,close,printables.com,https://www.printables.com/model/848837-ls-gm-pcm-ecu-mount-bracket,Max -_-,Creative Commons — Attribution — Noncommercial — Share Alike,stl,yes,no,01-REFERENCE/model/library/swap/ls-gm-pcm-ecu-mount-bracket-printables-max,26 x 32 x 108,1:1,8030,3,Remixed from @BFBulletMagnet's design to print vertically with no supports. Plus some tweaks.,"measured: largest=bracket.stl; per-file extents: bracket.stl=[25.98, 32.5, 108.0]"
ls-header-1-grabcad-philip.laroach-2,swap,LS Header,LS header,close,grabcad.com,https://grabcad.com/library/ls-header-1,Philip LaRoach,GrabCAD Community Library terms (per-model license not stated),"SOLIDWORKS,Rendering",no,yes,,,,,3,"599 downloads, 25 likes, 2 files, created 2018-02-10",A header model I created for fun. | GrabCAD download requires login; not fetched.
ls-intake-port-covers-thingiverse-mrmustang48,swap,LS intake port covers,LS intake port covers,close,thingiverse.com (via archive.org mirror),https://www.thingiverse.com/thing:4097408,(Mrmustang48),https://creativecommons.org/licenses/by-nc/4.0/,stl,yes,no,01-REFERENCE/model/library/swap/ls-intake-port-covers-thingiverse-mrmustang48,179 x 105 x 13,1:1,3674,2,"Summary Designed these to fit the cathedral intake ports on chev and gm 4.8, 5.3 and 6.0l v8 engines. Can be used for storing and working on the engine to help stop dirt and objects from falling into the cylinder head ports. Could also be used for painting the engine. These are not water tight. Print Settings Printer Brand: Anycubic Printer: All-metal Mega Rafts: No Supports: No Resolution: 0.3 Infill: 20% Filament: Generic PLA Any","Downloaded from Internet Archive mirror https://archive.org/details/thingiverse-4097408 (Thingiverse site downloads are JS-gated). Thing date 2020-01-11. | measured: largest=LS_intake_port_covers_4097408/files/LS_intake_port_covers.stl; per-file extents: LS_intake_port_covers_4097408/files/LS_intake_port_covers.stl=[179.246, 104.7, 13.0]"
ls-ls1-lq4-engine-block-rear-oil-gallery-mod-printables-brizle,swap,LS LS1 LQ4 Engine Block Rear oil gallery mod.,GM LS1/LQ4 block rear oil gallery modification part,close,printables.com,https://www.printables.com/model/1719968-ls-ls1-lq4-engine-block-rear-oil-gallery-mod,Brizle,Open Community License v1,stl,yes,no,01-REFERENCE/model/library/swap/ls-ls1-lq4-engine-block-rear-oil-gallery-mod-printables-brizle,85 x 164 x 10,1:1,3450,3,Pattern to cut a groove to improve oil flow,"measured: largest=lq4 oil.stl; per-file extents: lq4 oil.stl=[84.533, 164.459, 10.0]"
ls-square-intake-port-cover-printables-transammatt,swap,LS SQUARE INTAKE PORT COVER,LS square (rectangle) intake port cover,close,printables.com,https://www.printables.com/model/1554589-ls-square-intake-port-cover,transammatt,Creative Commons — Attribution — Noncommercial,stl,yes,no,01-REFERENCE/model/library/swap/ls-square-intake-port-cover-printables-transammatt,193 x 198 x 19,1:1,34592,3,Storage cover for LS engine intake ports. Redesign of my old cathedral port model. This one will fit gen IV square port heads as well as the earlier cathedral heads. Might not cover ported heads.,"measured: largest=LS SQUARE PORT COVER 2-REV-2.stl; per-file extents: LS SQUARE PORT COVER 2-REV-2.stl=[193.306, 198.078, 19.264]; LS SQUARE PORT COVER 1-REV-2.stl=[187.084, 104.083, 16.611]"
ls-throttle-body-gasket-printables-morpheoso,swap,LS Throttle body gasket,GM LS throttle body gasket (LS 4-bolt TB flange),close,printables.com,https://www.printables.com/model/1017041-ls-throttle-body-gasket,Morpheoso,Creative Commons — Attribution — Noncommercial — Share Alike,stl,yes,no,01-REFERENCE/model/library/swap/ls-throttle-body-gasket-printables-morpheoso,129 x 122 x 2,1:1,1434,3,"BBK 85mm throttle body gasket Not sure how long this will last but it does work! I have over 2,000 miles on it as of now.&nbsp; I have this installed on a LS1 BBK intake manifold and a BBK 85mm TB&nbsp; TPU 95A High temp Print Settings: 10 bottom layer&nbsp; 10 top layers 4 + walls Torque to spec &nbsp; &nbsp;","LS 4-bolt throttle body flange, 85 mm bore. | measured: largest=TB-85mm.stl; per-file extents: TB-85mm.stl=[128.978, 122.0, 2.4]"
ls-tri-y-crossover-exhaust-headers-v2-v3-1-grabcad-marco.aguilar-28,swap,LS Tri-Y crossover exhaust/headers v2 & v3,LS Tri-Y crossover headers,close,grabcad.com,https://grabcad.com/library/ls-tri-y-crossover-exhaust-headers-v2-v3-1,Marco Aguilar,GrabCAD Community Library terms (per-model license not stated),"STEP / IGES,Rendering",no,yes,,,,,2,"101 downloads, 21 likes, 8 files, created 2026-03-08","One full set exhaust and one header only (v2). Both are designed to be tri-y, but v3 contains a crossover of (3,5) and (4,6) header pairs to be similar to my 180 exhaust. Contains megaphones also. For LS and built around 6l80e v3 is designed to be equal-length primaries with <+-1 inch tolerance. | GrabCAD download requires login; not fetched."
ls-turbo-header-1-grabcad-brian.collinsworth-1,swap,ls turbo header,LS turbo header,close,grabcad.com,https://grabcad.com/library/ls-turbo-header-1,Brian Collinsworth,GrabCAD Community Library terms (per-model license not stated),SOLIDWORKS,no,yes,,,,,2,"126 downloads, 11 likes, 1 files, created 2023-03-29",ls turbo header | GrabCAD download requires login; not fetched.
ls-water-pump-blockoff-printables-transammatt,swap,LS Water Pump Blockoff,GM LS water pump block-off plate (water pump bolt pattern),close,printables.com,https://www.printables.com/model/1065344-ls-water-pump-blockoff,transammatt,Creative Commons — Attribution — Noncommercial — Share Alike,3mf,yes,no,01-REFERENCE/model/library/swap/ls-water-pump-blockoff-printables-transammatt,104 x 112 x 6,1:1,1600,3,Blockoff plates to keep FOD out of coolant passages during storage of LS engines.,"LS water pump mounting face outline. | measured: largest=LS WATER PUMP BLOCKOFF.3mf; per-file extents: LS WATER PUMP BLOCKOFF.3mf=[104.337, 112.019, 6.35]"
ls-xx-engine-motor-build-v001-1-grabcad-craigat23-1,swap,LS xx Engine - Motor Build v001,"GM LS-family engine full build (block, heads, rotating assy, accessories)",close,grabcad.com,https://grabcad.com/library/ls-xx-engine-motor-build-v001-1,CraigAT23,GrabCAD Community Library terms (per-model license not stated),"STEP / IGES,Rendering",no,yes,,,,,4,"6690 downloads, 648 likes, 2 files, created 2020-07-21","GM LS Motor Project started as a Space claim using many of the models already hear in grab cad forum... (thanks to many members) I have ""cleaned"" a number of the models so they could become 'solids', modified most for ""appearance"", then added many. NOT a machinable product.. Missing many of the 'real' accessory drive components... If you have any, please feel free to add.... I will update as i add to the assembly. | GrabCAD download requires login; not fetched."
ls1-3dwarehouse-eman,swap,LS1,GM LS1 engine,close,3dwarehouse.sketchup.com,https://3dwarehouse.sketchup.com/model/a0b1e5778c222b4d1dffd67e3c6a6bb5,EMAN,3D Warehouse General Model License (free use; per Trimble terms),glb (converted by 3DW); original skp needs login,yes,no,01-REFERENCE/model/library/swap/ls1-3dwarehouse-eman,905 x 691 x 2261,uncertain (2.26 m long),51937,2,chevy v8 small block engine,"Original SketchUp files (s17,s19,s18,s8,s20,s21) are login-restricted; the public GLB export was downloaded. Created 2013-04-21. | measured: largest=Untitled.glb; per-file extents: Untitled.glb=[0.905, 0.691, 2.261]"
ls1-aluminium-coil-mount-1-grabcad-matthew.waye-1,swap,LS1 Aluminium Coil Mount,LS1 aluminium coil mount,close,grabcad.com,https://grabcad.com/library/ls1-aluminium-coil-mount-1,Matthew Waye,GrabCAD Community Library terms (per-model license not stated),SOLIDWORKS 2014,no,yes,,,,,2,"283 downloads, 10 likes, 1 files, created 2019-04-25",Update Pressed Steel Mounts With Aluminium. Accurate Geometry for Australian LS1 5.7 litre engines. | GrabCAD download requires login; not fetched.
ls1-block-only-1-grabcad-andrew.soulby-1,swap,LS1 Block only,GM LS1 engine block,close,grabcad.com,https://grabcad.com/library/ls1-block-only-1,Andrew Soulby,GrabCAD Community Library terms (per-model license not stated),"Fusion 360,Rendering",no,yes,,,,,3,"612 downloads, 22 likes, 4 files, created 2018-11-28","LS1 block only. Fusion File only, someone could managed it from here into a fully made LS1 engine. | GrabCAD download requires login; not fetched."
ls1-ecu-mounting-bracket-printables-bfbulletmagnet,swap,LS1 ECU mounting Bracket,GM LS1 ECU/PCM mounting bracket,close,printables.com,https://www.printables.com/model/320395-ls1-ecu-mounting-bracket,BFBulletMagnet,Creative Commons — Attribution — Noncommercial — Share Alike,stl,yes,no,01-REFERENCE/model/library/swap/ls1-ecu-mounting-bracket-printables-bfbulletmagnet,26 x 108 x 32,1:1,35168,3,I made this to mount a ECU inside the cab of a vehicle under a seat to keep away from engine heat. you will need 2 This model is to mount a LS1 ECU under the seat of a car when doing a LS! engine swap. The design is to keep ECU away from engine heat. You will need to print 2 of these one for each side of the ECU.,"measured: largest=LS1 ECU MOUNT v4 v1.stl; per-file extents: LS1 ECU MOUNT v4 v1.stl=[25.983, 108.0, 32.5]"
ls1-engine-bench-start-parts-printables-mattmannz,swap,LS1 engine bench start parts,GM LS1 engine bench-start parts,close,printables.com,https://www.printables.com/model/1524206-ls1-engine-bench-start-parts,Mattmannz,Creative Commons — Attribution — Share Alike,stl,yes,no,01-REFERENCE/model/library/swap/ls1-engine-bench-start-parts-printables-mattmannz,116 x 79 x 94,1:1,228558,3,"Simple setup to run an LS1 engine on a stand I am doing an engine conversion and needed to be able to start the motor on the engine stand. Whipped up these parts to be able to nicely and easily mount everything to a sheet of MDF and to be able to use the 20L gas can that I had as the fuel tank. Gas can lid needs to be printed with supports, everything else prints normally. Printed in PLA with 20% infill and 4 walls etc. The gas can lid won't last forever in PLA but will work for as long as I need it.&nbsp; The switch panel is in two parts, takes M5 inserts into the legs to allow the base plate","measured: largest=Starter panel top.stl; per-file extents: Pump mount bottom.stl=[132.0, 42.5, 20.0]; Pump mount top.stl=[110.0, 42.5, 20.0]; Regulator mount.stl=[96.0, 15.0, 70.0]; Starter panel top.stl=[116.0, 79.159, 93.969]; Starter panel foot wide.stl=[145.0, 4.0, 20.0]; ECU mount.stl=[48.0, 74.0, 30.0]; 20L gas can cap.stl=[64.0, 53.0, 60.928]"
ls1-flexplate-spacer-printables-dogismycopilot,swap,LS1 Flexplate Spacer,GM LS1 flexplate spacer,close,printables.com,https://www.printables.com/model/504507-ls1-flexplate-spacer,dogismycopilot,Creative Commons — Attribution — Noncommercial,"step,stl",yes,no,01-REFERENCE/model/library/swap/ls1-flexplate-spacer-printables-dogismycopilot,98 x 31 x 98,1:1,9278,3,"A flexplate spacer for a GM LS1 engine I modeled this up for a friend of mine awhile ago based upon the dimensions he provided, which were found by scouring various internet forums for information. &nbsp; No warranties or guarantees, but he had one machined that he tested and it fit on his particular engine. &nbsp; That said &nbsp;I'm pretty sure the critical dimension, the bolt circle along with the hub OD and ID, are correct. &nbsp; The thickness I'm not sure. &nbsp; I have not printed this but it should be an easy print with supports on bed only to hold the counter bore in the hub. &nbsp; I","98 mm OD crank-flange spacer. | measured: largest=ls1 flywheel spacer.STL; per-file extents: ls1 flywheel spacer.STL=[98.044, 30.67, 98.044]; ls1 flywheel spacer.STEP=[0.098, 0.031, 0.098]"
ls1-front-cover-alignment-tool-with-seal-printables-spankytoot,swap,LS1 front cover alignment tool with seal,GM LS1 front cover alignment tool with seal,close,printables.com,https://www.printables.com/model/243344-ls1-front-cover-alignment-tool-with-seal,SpankyToot,Creative Commons — Attribution,stl,yes,no,01-REFERENCE/model/library/swap/ls1-front-cover-alignment-tool-with-seal-printables-spankytoot,54 x 60 x 54,1:1,3584,3,"The front cover alignment tool from the LS essentials pack didnt work for me as it was too large in OD so I designed… The front cover alignment tool from the LS essentials pack didnt work for me as it was too large in OD so I designed and printed my own to suit my LS1 from a Holden VY SS Commodore. I added a radius to one end to help with insertion onto crank and through front seal. If your seam ends up just down one side, just use some sandpaper to clean it up and it should slip right on. The Essentials pack mentioned above can be found here https://www.thingiverse.com/thing:4089898 Category:","measured: largest=Front_cover_alignment_with_seal.STL; per-file extents: Front_cover_alignment_with_seal.STL=[54.0, 60.0, 54.0]"
ls1-header-flange-grabcad-tuan.burah,swap,LS1 Header Flange,GM LS1 header flange (cathedral exhaust port pattern),close,grabcad.com,https://grabcad.com/library/ls1-header-flange,Tuan Burah,GrabCAD Community Library terms (per-model license not stated),"SOLIDWORKS,Rendering",no,yes,,,,,4,"1639 downloads, 34 likes, 2 files, created 2012-10-29",LS1 Header Flange | GrabCAD download requires login; not fetched.
ls1-ignition-coil-1-grabcad-sven.caboodlesnitzer-1,swap,LS1 IGNITION COIL,GM LS1 ignition coil,close,grabcad.com,https://grabcad.com/library/ls1-ignition-coil-1,Sven Caboodlesnitzer,GrabCAD Community Library terms (per-model license not stated),"KeyCreator,Rendering",no,yes,,,,,3,"195 downloads, 5 likes, 2 files, created 2019-09-06",Measured from actual part. Mounting dimension tolerance +/- 0.25 External dimension tolerance +/- .75 | GrabCAD download requires login; not fetched.
ls1-ls6-delphi-connector-cover-thingiverse-amberkalvin,swap,LS1 LS6 Delphi connector cover,LS1/LS6 Delphi connector cover,close,thingiverse.com (via archive.org mirror),https://www.thingiverse.com/thing:3315918,Kalvin Daniels (amberkalvin),https://creativecommons.org/licenses/by-sa/3.0/,stl,yes,no,01-REFERENCE/model/library/swap/ls1-ls6-delphi-connector-cover-thingiverse-amberkalvin,178 x 33 x 110,1:1,6556,2,"Doing an LS swap on an s10 and everything came out great except where I could see these bare wires from the pcm. Irritated, I decided to cover it up. It'll work on any pcm with the same 80 pin connector as the LS1. Just figured I'd share.","Downloaded from Internet Archive mirror https://archive.org/details/thingiverse-3315918 (Thingiverse site downloads are JS-gated). Thing date 2018-12-27. | measured: largest=LS1_LS6_Delphi_connector_cover_3315918/files/LS1_LS6_connector.stl; per-file extents: LS1_LS6_Delphi_connector_cover_3315918/files/LS1_LS6_connector.stl=[178.0, 32.56, 110.003]"
ls1-manifold-sldprt-1-grabcad-clinton.chipley-1,swap,ls1 manifold.sldprt,GM LS1 exhaust manifold,close,grabcad.com,https://grabcad.com/library/ls1-manifold-sldprt-1,clinton chipley,GrabCAD Community Library terms (per-model license not stated),SOLIDWORKS,no,yes,,,,,3,"116 downloads, 10 likes, 1 files, created 2021-12-08",ls manifikd | GrabCAD download requires login; not fetched.
ls1-mount-1-grabcad-jesse--14,swap,LS1 Mount,GM LS1 engine mount,close,grabcad.com,https://grabcad.com/library/ls1-mount-1,jesse,GrabCAD Community Library terms (per-model license not stated),"SOLIDWORKS 2013,Rendering",no,yes,,,,,3,"131 downloads, 6 likes, 5 files, created 2015-02-02","Ls1 mount made in .25"" steel | GrabCAD download requires login; not fetched."
ls1-pcm-plug-cover-thingiverse-spankytoot,swap,LS1 PCM Plug Cover,LS1 PCM plug cover,close,thingiverse.com (via archive.org mirror),https://www.thingiverse.com/thing:5131986,Samantha Reynolds (SpankyToot),https://creativecommons.org/licenses/by/4.0/,stl,yes,no,01-REFERENCE/model/library/swap/ls1-pcm-plug-cover-thingiverse-spankytoot,160 x 30 x 20,1:1,3952,2,Cover for the plugs on LS1 Delphi PCM P01 and P59. Printed with no supports in PETG on my heavily modified SWX1.,"Downloaded from Internet Archive mirror https://archive.org/details/thingiverse-5131986 (Thingiverse site downloads are JS-gated). Thing date 2021-11-12. | measured: largest=5131986/Cover_V1.1.STL; per-file extents: 5131986/Cover_V1.1.STL=[160.0, 30.0, 20.0]"
ls1-sketchfab-csdrabble,swap,LS1,GM LS1 engine,close,sketchfab.com,https://sketchfab.com/3d-models/ls1-2fc76147ec5e49be9e030b3ef7932f0c,csdrabble,CC Attribution,sketchfab (glb/gltf/source on download),no,yes,,,,137921,2,,Sketchfab download requires login.
ls1-sketchfab-gsebastiansg,swap,Ls1,GM LS1 engine,close,sketchfab.com,https://sketchfab.com/3d-models/ls1-60b8a8a6bf98443983fa43f64a766d55,gsebastiansg,CC Attribution,sketchfab (glb/gltf/source on download),no,yes,,,,50624,2,,Sketchfab download requires login.
ls1-throttle-cable-bracket-printables-rigen-merkle,swap,LS1 Throttle cable bracket,GM LS1 throttle cable bracket,close,printables.com,https://www.printables.com/model/866178-ls1-throttle-cable-bracket,Rigen Merkle,Creative Commons — Public Domain,stl,yes,no,01-REFERENCE/model/library/swap/ls1-throttle-cable-bracket-printables-rigen-merkle,78 x 46 x 25,1:1,5698,3,This is meant for a LS1 throttle cable so that you can adjust it and uses little amounts of filament. This is made by me and my dad for a LS1 if you would like to move it at all this is the way to go.,"measured: largest=Super Wluff-Inari.stl; per-file extents: Super Wluff-Inari.stl=[78.0, 46.0, 25.4]"
ls1-tubular-turbo-manifold-1-grabcad-alexander.aduna-1,swap,ls1 tubular turbo manifold,GM LS1 tubular turbo manifold,close,grabcad.com,https://grabcad.com/library/ls1-tubular-turbo-manifold-1,Alexander Aduna,GrabCAD Community Library terms (per-model license not stated),SOLIDWORKS 2016,no,yes,,,,,3,"734 downloads, 42 likes, 4 files, created 2017-04-19",equal length tubular turbo manifold for ls1 | GrabCAD download requires login; not fetched.
ls1-v8-engine-working-3d-model-1-grabcad-david.brown-66,swap,LS1 V8 Engine - Working 3D Model,GM LS1 V8 working engine model,close,grabcad.com,https://grabcad.com/library/ls1-v8-engine-working-3d-model-1,David Brown,GrabCAD Community Library terms (per-model license not stated),"SOLIDWORKS 2016,Rendering",no,yes,,,,,3,"1290 downloads, 84 likes, 12 files, created 2016-12-13","This V8 engine model build is an ongoing project of mine. Eventually I would like to have it fully functional with headers, valves, intake manifold, etc. | GrabCAD download requires login; not fetched."
ls2-2-grabcad-akash.ujlayan-1,swap,LS2,GM LS2 engine,close,grabcad.com,https://grabcad.com/library/ls2-2,Akash ujlayan,GrabCAD Community Library terms (per-model license not stated),"Parasolid,Rendering",no,yes,,,,,3,"342 downloads, 12 likes, 5 files, created 2020-10-07",Helmets & Accessories | GrabCAD download requires login; not fetched.
ls2-coil-pack-assembly-1-grabcad-thomas.goatley-1,swap,LS2 Coil pack assembly,GM LS2 coil pack assembly,close,grabcad.com,https://grabcad.com/library/ls2-coil-pack-assembly-1,Thomas Goatley,GrabCAD Community Library terms (per-model license not stated),SOLIDWORKS 2014,no,yes,,,,,3,"133 downloads, 7 likes, 1 files, created 2017-08-13",LS2 coil pack assembly with 4G63 spark plug spacing | GrabCAD download requires login; not fetched.
ls2-sketchfab-csdrabble,swap,LS2,GM LS2 engine,close,sketchfab.com,https://sketchfab.com/3d-models/ls2-42e094acd2b643ef9dd5eac35f8229da,csdrabble,CC Attribution,sketchfab (glb/gltf/source on download),no,yes,,,,154085,2,,Sketchfab download requires login.
ls3-aviaid-dry-sump-1-grabcad-an.inchan-1,swap,ls3 aviaid dry sump,Aviaid LS3 dry sump pan,close,grabcad.com,https://grabcad.com/library/ls3-aviaid-dry-sump-1,an inchan,GrabCAD Community Library terms (per-model license not stated),STEP / IGES,no,yes,,,,,3,"142 downloads, 10 likes, 1 files, created 2020-04-02",ls3 dry sump install | GrabCAD download requires login; not fetched.
ls3-bell-housing-1-grabcad-lou.kaminski-1,swap,LS3 BELL HOUSING,GM LS3 bellhousing (manual),close,grabcad.com,https://grabcad.com/library/ls3-bell-housing-1,Lou Kaminski,GrabCAD Community Library terms (per-model license not stated),"Autodesk Inventor 2013,STEP / IGES,Rendering",no,yes,,,,,3,"533 downloads, 23 likes, 6 files, created 2013-05-21","Used Chevy LS3 engine from www.localmotors.com, used in the rally fighter. This has my custom exhaust header design on engine. Added a custom bell housing for a rear transaxle. Added spectra air filter from 500 group. | GrabCAD download requires login; not fetched."
ls3-belts-accessory-drive-1-grabcad-craigat23-1,swap,LS3 Belts - Accessory Drive,GM LS3 accessory drive belts,close,grabcad.com,https://grabcad.com/library/ls3-belts-accessory-drive-1,CraigAT23,GrabCAD Community Library terms (per-model license not stated),"STEP / IGES,Rendering",no,yes,,,,,4,"1551 downloads, 119 likes, 3 files, created 2020-11-20","LS3 Alternator, Steering Pump, Belts for supercharger SPACE CLAIM ONLY | GrabCAD download requires login; not fetched."
ls3-block-and-rotating-assembly-thingiverse-a05c,swap,LS3 block and rotating assembly,GM LS3 block and rotating assembly,close,thingiverse.com (via archive.org mirror),https://www.thingiverse.com/thing:4801713,Andrew Courter (A05C),https://creativecommons.org/licenses/by-nc/4.0/,stl,yes,no,01-REFERENCE/model/library/swap/ls3-block-and-rotating-assembly-thingiverse-a05c,460 x 345 x 603,1:1,665526,4,"Found on GrabCAD, converted and uploaded the STL. Complete LS3 block and rotating assembly. Orient as necessary, supports more than likely going to be required. Scale down as necessary/or wanted.","Downloaded from Internet Archive mirror https://archive.org/details/thingiverse-4801713 (Thingiverse site downloads are JS-gated). Thing date 2021-03-21. | measured: largest=LS3_block_and_rotating_assembly_4801713/files/LS3_Short_Block_Assy_v1.stl; per-file extents: LS3_block_and_rotating_assembly_4801713/files/LS3_Short_Block_Assy_v1.stl=[459.894, 344.579, 602.817]"
ls3-block-thingiverse-a05c,swap,LS3 Block,GM LS3 engine block (converted from GrabCAD CAD),close,thingiverse.com (via archive.org mirror),https://www.thingiverse.com/thing:4785608,Andrew Courter (A05C),https://creativecommons.org/licenses/by-nc/4.0/,stl,yes,no,01-REFERENCE/model/library/swap/ls3-block-thingiverse-a05c,460 x 519 x 320,1:1 (block 519 mm long),622688,4,"This is an LS3 block, found the CAD Drawing/file on GrabCAD, converted in Fusion 360 and printed twice. Suggest printing at ~10-20% scale, otherwise will take a very long time to print.","Downloaded from Internet Archive mirror https://archive.org/details/thingiverse-4785608 (Thingiverse site downloads are JS-gated). Thing date 2021-03-06. Author: LS3 block CAD found on GrabCAD, converted in Fusion 360 - likely derived from GrabCAD 'LS3 Engine Block' (eric-569). | measured: largest=LS3_Block_4785608/files/Block-20.stl; per-file extents: LS3_Block_4785608/files/Block-20.stl=[459.894, 518.998, 319.989]"
ls3-breather-pipes-printables-majorskidmark,swap,LS3 Breather pipes,LS3 crankcase breather pipes,close,printables.com,https://www.printables.com/model/1474713-ls3-breather-pipes,MajorSkidmark,Creative Commons — Public Domain,stl,yes,no,01-REFERENCE/model/library/swap/ls3-breather-pipes-printables-majorskidmark,33 x 76 x 17,1:1,13766,3,"splitter and 45 for on the breather pipe for ls3 engines. On &nbsp;GMs LS3 there is a breather that goes behind the intake manifold to the valve cover. Should be printed out of flexible filament. I used TPU and it seems to be holding up to the temperature and blow by gasses just fine. I ran into heat soaking problems when printing one, so I printed two to increase time per layer. hopefully this can save you from needing to purchase the whole breather tube assembly.","measured: largest=LS Breather Splitter.stl; per-file extents: LS Breather 45.stl=[26.016, 46.053, 16.967]; LS Breather Splitter.stl=[33.338, 76.2, 16.967]"
ls3-crank-and-mains-assembly-thingiverse-a05c,swap,LS3 Crank and Mains assembly,GM LS3 crankshaft and main caps assembly,close,thingiverse.com (via archive.org mirror),https://www.thingiverse.com/thing:4823991,Andrew Courter (A05C),https://creativecommons.org/licenses/by-nc/4.0/,stl,yes,no,01-REFERENCE/model/library/swap/ls3-crank-and-mains-assembly-thingiverse-a05c,603 x 255 x 177,1:1,286842,4,"Found on GrabCAD, Converted and uploaded. Will require supports.","Downloaded from Internet Archive mirror https://archive.org/details/thingiverse-4823991 (Thingiverse site downloads are JS-gated). Thing date 2021-04-11. | measured: largest=LS3_Crank_and_Mains_assembly_4823991/files/LS3_CrankAndMainAssembly.stl; per-file extents: LS3_Crank_and_Mains_assembly_4823991/files/LS3_CrankAndMainAssembly.stl=[602.817, 254.615, 177.216]"
ls3-cylinder-head-rh-thingiverse-a05c,swap,LS3 Cylinder Head (RH),GM LS3 cylinder head RH,close,thingiverse.com (via archive.org mirror),https://www.thingiverse.com/thing:4785647,Andrew Courter (A05C),https://creativecommons.org/licenses/by-nc/4.0/,stl,yes,no,01-REFERENCE/model/library/swap/ls3-cylinder-head-rh-thingiverse-a05c,495 x 182 x 211,1:1 (head 494.6 mm long),353264,4,"LS3 Right Hand Cylinder head, found on GrabCAD, converted in Fusion 360. Suggest scaling down to 15-25%. May have to lay flay, suggest laying valve side(deck side) down.","Downloaded from Internet Archive mirror https://archive.org/details/thingiverse-4785647 (Thingiverse site downloads are JS-gated). Thing date 2021-03-06. | measured: largest=LS3_Cylinder_Head_RH_4785647/files/Body1.stl; per-file extents: LS3_Cylinder_Head_RH_4785647/files/Body1.stl=[494.6, 182.451, 211.236]"
ls3-direct-to-head-inlet-manifold-thingiverse-cookieogc,swap,LS3 Direct to head inlet manifold,LS3 (rectangle port L92-family) direct-to-head intake manifold,close,thingiverse.com (via archive.org mirror),https://www.thingiverse.com/thing:3920658,Brendan Cooke (CookieOGC),https://creativecommons.org/licenses/by-nd/4.0/,stl,yes,no,01-REFERENCE/model/library/swap/ls3-direct-to-head-inlet-manifold-thingiverse-cookieogc,88 x 45 x 420,1:1 (419.5 mm long),52250,3,"Licensed under Hyper BMW PowerSports Australia. July 28, 2019. I am the Author and owner of the STL, I permit NO modifications to the design, however do permit printing as the throttle bodies used are only available for purchase with Hyper BMW PowerSports in Australia. This Manifold is suited to LS3, L76, L77, L92, L98, and L99 engines. MUST DO: 1) Print in nylon 6/6 or Nylon 12 as a minimum. 2) Our test product used a 0.5mm layer height, we recommend the same. It doesn't look pretty, but it works better. 3) If you would like to CNC machine this manifold, feel free. 4) If you print this to sel","Downloaded from Internet Archive mirror https://archive.org/details/thingiverse-3920658 (Thingiverse site downloads are JS-gated). Thing date 2019-10-17. | measured: largest=LS3_Direct_to_head_inlet_manifold_3920658/files/directmanifold.stl; per-file extents: LS3_Direct_to_head_inlet_manifold_3920658/files/directmanifold.stl=[88.0, 45.0, 419.5] | unmeasured: ['LS3_Direct_to_head_inlet_manifold_3920658/images/card_preview_directmanifold.stl', 'LS3_Direct_to_head_inlet_manifold_3920658/images/large_preview_directmanifold.stl', 'LS3_Direct_to_head_inlet_manifold_3920658/images/large_thumb_directmanifold.stl', 'LS3_Direct_to_head_inlet_manifold_3920658/images/medium_preview_directmanifold.stl', 'LS3_Direct_to_head_inlet_manifold_3920658/images/medium_thumb_directmanifold.stl']"
ls3-drivetrain-1-grabcad-cb.designs-1,swap,LS3 Drivetrain,GM LS3 drivetrain,close,grabcad.com,https://grabcad.com/library/ls3-drivetrain-1,CB Designs,GrabCAD Community Library terms (per-model license not stated),"SOLIDWORKS,Rendering",no,yes,,,,,3,"344 downloads, 19 likes, 3 files, created 2024-03-03","The part file is the imported drivetrain only. All of it was pulled of of grab cad and mated together, then exported and saved as a part document. LS3 engine, TH400 transmission, Atlas 2 transfer case, with adapters. This is being used as a mock up for a rock racer chassis build as seen in photos. | GrabCAD download requires login; not fetched."
ls3-engine-1-grabcad-krypto-1,swap,ls3 engine,GM LS3 engine,close,grabcad.com,https://grabcad.com/library/ls3-engine-1,Krypto,GrabCAD Community Library terms (per-model license not stated),"STEP / IGES,Rendering",no,yes,,,,,3,"4330 downloads, 311 likes, 2 files, created 2016-01-23",ls3 engine. Great for moke up in a project | GrabCAD download requires login; not fetched.
ls3-engine-assembly-3dwarehouse-tom,swap,LS3 Engine Assembly,"GM LS3 (LS1-LS7) engine assembly with reversed stock intake, aftermarket bellhousing, Corvette wet-sump pan - space-planning model from engineering drawings",close,3dwarehouse.sketchup.com,https://3dwarehouse.sketchup.com/model/4dc5f1f065111154b44321467d55ffdb,Tom,3D Warehouse General Model License (free use; per Trimble terms),glb (converted by 3DW); original skp needs login,yes,no,01-REFERENCE/model/library/swap/ls3-engine-assembly-3dwarehouse-tom,557 x 635 x 832,1:1 (0.557 H x 0.635 W x 0.832 L incl. bellhousing),4585,4,The LS3 Engine Assembly model is based on engineering drawings of the motor. It is intended as a space planning tool for projects considering use of LS1-LS7 motor such as Car9. A stock intake manifold is depicted. The manifold is shown reverse-mounted with the throttle body location aft. An aftermarket bellhousing is included. The block mounting flange of the bellhousing becomes the lowest point of the engine when using a late model Corvette wet-sump pan (shown) or the factory dry sump pan. A nu,"Original SketchUp files (s17,s19,s18,s8,s20,s21) are login-restricted; the public GLB export was downloaded. Created 2012-07-06. Author states it is built from engineering drawings for space planning (Car9 project): reversed stock intake, aftermarket bellhousing, late Corvette wet-sump pan; no starter/alternator/coils. Best free envelope model of an LS long block + bellhousing. | measured: largest=LS3 Engine Assembly.glb; per-file extents: LS3 Engine Assembly.glb=[0.557, 0.635, 0.832]"
ls3-engine-block-1-grabcad-eric-569,swap,LS3 Engine Block,GM LS3 engine block,close,grabcad.com,https://grabcad.com/library/ls3-engine-block-1,Eric,GrabCAD Community Library terms (per-model license not stated),"Parasolid,STEP / IGES,Rendering,Other",no,yes,,,,,4,"9002 downloads, 351 likes, 13 files, created 2014-07-13","This is an almost fully detailed engine block modeled by me in SolidWorks. There are a few things missing especially on the back of the block, but most of it's there. I used the CAD model that Lou Kaminski uploaded for a lot of the dimensions as that model seems to be pretty accurate, so thanks to him I was able to get it as close as possible. The rest I either found online or measured what I could from my own engine (assembled and in the vehicle). I had to use a lot assumptions and staring at p | GrabCAD download requires login; not fetched."
ls3-engine-block-2-grabcad-jonathan.bryant-2,swap,LS3 Engine Block,GM LS3 engine block,close,grabcad.com,https://grabcad.com/library/ls3-engine-block-2,jonathan bryant,GrabCAD Community Library terms (per-model license not stated),SOLIDWORKS 2015,no,yes,,,,,3,"1617 downloads, 126 likes, 1 files, created 2017-11-29",Chevy LS3 engine block bare | GrabCAD download requires login; not fetched.
ls3-engine-block-3-grabcad-connor.congleton-2,swap,LS3 Engine Block,GM LS3 engine block,close,grabcad.com,https://grabcad.com/library/ls3-engine-block-3,Connor Congleton,GrabCAD Community Library terms (per-model license not stated),SOLIDWORKS,no,yes,,,,,3,"486 downloads, 15 likes, 1 files, created 2023-12-26",Engine Block | GrabCAD download requires login; not fetched.
ls3-engine-stand-bracket-thingiverse-aerospaced,swap,LS3 Engine stand bracket,LS3 engine stand bracket (bellhousing bolt pattern),close,thingiverse.com (via archive.org mirror),https://www.thingiverse.com/thing:2976379,Last First (Aerospaced),https://creativecommons.org/licenses/by-nc/4.0/,stl,yes,no,01-REFERENCE/model/library/swap/ls3-engine-stand-bracket-thingiverse-aerospaced,149 x 80 x 21,1:1,18456,3,I designed this alternative bracket to replace the laser cut steel parts that seem to be out of stock. Use a high infill setting and make sure you have good layer adhesion if using PLA. This is better suited to more robust materials like ABS or PETG. Disclaimer: True position of the holes may not be precise to the holes in the block but I had no problems with assembly.,"Downloaded from Internet Archive mirror https://archive.org/details/thingiverse-2976379 (Thingiverse site downloads are JS-gated). Thing date 2018-06-26. | measured: largest=LS3_Engine_stand_bracket_2976379/files/LS3_Bracket.stl; per-file extents: LS3_Engine_stand_bracket_2976379/files/LS3_Bracket.stl=[148.569, 80.117, 20.613]"
ls3-enginestand-plates-1-grabcad-pelle.g-1,swap,LS3 Enginestand plates,LS3 engine stand plates (bellhousing bolt pattern),close,grabcad.com,https://grabcad.com/library/ls3-enginestand-plates-1,pelle g,GrabCAD Community Library terms (per-model license not stated),"STEP / IGES,Rendering",no,yes,,,,,3,"60 downloads, 0 likes, 2 files, created 2021-03-26",Dual plates for connect LS3 to enginge stand | GrabCAD download requires login; not fetched.
ls3-fuel-injector-1-grabcad-daniel.zientara,swap,LS3 Fuel Injector,GM LS3 fuel injector,close,grabcad.com,https://grabcad.com/library/ls3-fuel-injector-1,daniel zientara,GrabCAD Community Library terms (per-model license not stated),"STEP / IGES,Rendering",no,yes,,,,,3,"452 downloads, 19 likes, 2 files, created 2014-01-15",This is a pretty basic model of an LS3 fuel injector | GrabCAD download requires login; not fetched.
ls3-head-assembly-1-grabcad-craigat23-1,swap,LS3 Head Assembly,GM LS3 cylinder head assembly,close,grabcad.com,https://grabcad.com/library/ls3-head-assembly-1,CraigAT23,GrabCAD Community Library terms (per-model license not stated),"STEP / IGES,Rendering",no,yes,,,,,4,"1994 downloads, 81 likes, 5 files, created 2020-10-12","LS Head, Rocker Arms, Valve Springs, Valves, Space Claim Only For Fun Only, although some parts are 'correct' | GrabCAD download requires login; not fetched."
ls3-head-intake-port-block-off-plate-printables-don-english,swap,LS3 Head Intake Port Block Off Plate,LS3 cylinder head intake port block-off plate,close,printables.com,https://www.printables.com/model/324742-ls3-head-intake-port-block-off-plate,Don English,Creative Commons — Attribution,stl,yes,no,01-REFERENCE/model/library/swap/ls3-head-intake-port-block-off-plate-printables-don-english,79 x 61 x 12,1:1,1394,3,"A simple block off plate to keep things from accidentally falling into your ports while the intake is off. I was able to find block off plates for the exhaust ports and water pump ports, but not the intakes so I designed one!","measured: largest=LS3 Head Intake Port Block Off Plate.stl; per-file extents: LS3 Head Intake Port Block Off Plate.stl=[79.0, 61.0, 11.704]"
ls3-injector-38mm-1-grabcad-craigat23-1,swap,LS3 Injector - 38mm,GM LS3 injector,close,grabcad.com,https://grabcad.com/library/ls3-injector-38mm-1,CraigAT23,GrabCAD Community Library terms (per-model license not stated),"STEP / IGES,Rendering",no,yes,,,,,3,"552 downloads, 31 likes, 3 files, created 2020-06-12",LS3 Injector - 38mm Packaging Model Only Please comment if you find useful or need another model | GrabCAD download requires login; not fetched.
ls3-intake-manifold-1-grabcad-krypto-1,swap,ls3 intake manifold.,GM LS3 intake manifold,close,grabcad.com,https://grabcad.com/library/ls3-intake-manifold-1,Krypto,GrabCAD Community Library terms (per-model license not stated),"SOLIDWORKS 2012,Rendering",no,yes,,,,,3,"235 downloads, 11 likes, 2 files, created 2016-02-13","intake manifold for 8 throtlle body,s | GrabCAD download requires login; not fetched."
ls3-ls7-mount-sketchfab-jeremygissinger,swap,LS3-LS7_mount,2005-13 C6 Corvette LS3/LS7 engine mount LH GM 10349964 (3D scan),close,sketchfab.com,https://sketchfab.com/3d-models/ls3-ls7-mount-fb1d21cd261c440f8f37e76ffa60857c,jeremygissinger,CC Attribution,sketchfab (glb/gltf/source on download),no,yes,,,,976510,4,2005-2013 Chevrolet C6 Corvette LS3/LS7 engine mount (left hand) GM 10349964 3D scan done with Revopoint Range with markers,Sketchfab download requires login.
ls3-msd-coil-packs-and-mount-thingiverse-mayrider,swap,LS3 MSD Coil Packs and mount,LS3 MSD coil packs and mount,close,thingiverse.com (via archive.org mirror),https://www.thingiverse.com/thing:4008303,Clint Rollett (Mayrider),https://creativecommons.org/licenses/by/4.0/,stl,yes,no,01-REFERENCE/model/library/swap/ls3-msd-coil-packs-and-mount-thingiverse-mayrider,,largest file 1512 units - check scale,23956,3,I made these MSD coil packs for the LS3 https://www.thingiverse.com/thing:1911808 but I have not print them to see if they fit. also attached fusion360 file for remixes. Good luck,"extents as found: 1511.795; 327.259; 8.0 unknown. Downloaded from Internet Archive mirror https://archive.org/details/thingiverse-4008303 (Thingiverse site downloads are JS-gated). Thing date 2019-11-29. | measured: largest=LS3_MSD_Coil_Packs_and_mount_4008303/files/MSD_bracket.stl; per-file extents: LS3_MSD_Coil_Packs_and_mount_4008303/files/Coil_Pack.stl=[217.417, 286.304, 60.0]; LS3_MSD_Coil_Packs_and_mount_4008303/files/MSD_bracket.stl=[1511.795, 327.259, 8.0] | unmeasured: ['LS3_MSD_Coil_Packs_and_mount_4008303/images/card_preview_MSD_bracket.stl', 'LS3_MSD_Coil_Packs_and_mount_4008303/images/large_display_box_customizer_20191128-50-1owqymd.stl', 'LS3_MSD_Coil_Packs_and_mount_4008303/images/large_preview_MSD_bracket.stl', 'LS3_MSD_Coil_Packs_and_mount_4008303/images/large_thumb_MSD_bracket.stl', 'LS3_MSD_Coil_Packs_and_mount_4008303/images/medium_preview_MSD_bracket.stl']"
ls3-oil-pump-assembly-1-grabcad-eric-569,swap,LS3 Oil Pump Assembly,GM LS3 oil pump,close,grabcad.com,https://grabcad.com/library/ls3-oil-pump-assembly-1,Eric,GrabCAD Community Library terms (per-model license not stated),STEP / IGES,no,yes,,,,,4,"659 downloads, 41 likes, 1 files, created 2021-09-12",Almost fully detailed Assembly of a GM LS3 engine oil pump. | GrabCAD download requires login; not fetched.
ls3-rocker-assembly-thingiverse-a05c,swap,LS3 Rocker Assembly,GM LS3 rocker assembly,close,thingiverse.com (via archive.org mirror),https://www.thingiverse.com/thing:5357313,Andrew Courter (A05C),https://creativecommons.org/licenses/by/4.0/,"3mf,stl",yes,no,01-REFERENCE/model/library/swap/ls3-rocker-assembly-thingiverse-a05c,77 x 80 x 75,1:1,88664,3,LS3 rocker assembly,"Downloaded from Internet Archive mirror https://archive.org/details/thingiverse-5357313 (Thingiverse site downloads are JS-gated). Thing date 2022-04-17. | measured: largest=LS3_Rocker_Assembly_5357313/files/LS3_Rocker_Assembly.stl; per-file extents: LS3_Rocker_Assembly_5357313/files/LS3_RockerAssembly.3mf=[41.0, 79.559, 74.689]; LS3_Rocker_Assembly_5357313/files/LS3_Rocker_Assembly.stl=[77.0, 79.559, 74.689]"
ls3-rotating-assembly-1-grabcad-eric-569,swap,LS3 Rotating Assembly,GM LS3 rotating assembly,close,grabcad.com,https://grabcad.com/library/ls3-rotating-assembly-1,Eric,GrabCAD Community Library terms (per-model license not stated),"Parasolid,STEP / IGES,Rendering,Other",no,yes,,,,,4,"1434 downloads, 79 likes, 4 files, created 2016-05-16","Not done yet. No pistons or camshaft, but I'm working on it. Since I am 3D printing these parts they are all modeled at .132 scale and upscaled to full, so dimensions may not come out exact, nor did I have parts to reverse engineer, so there is a lot of guesswork. If something doesn't work, missing, etc. please let me know. | GrabCAD download requires login; not fetched."
ls3-sketchfab-csdrabble,swap,LS3,GM LS3 engine,close,sketchfab.com,https://sketchfab.com/3d-models/ls3-7689b49e7a6b4ea29e27d31e69aab6a4,csdrabble,CC Attribution,sketchfab (glb/gltf/source on download),no,yes,,,,119669,2,,Sketchfab download requires login.
ls3-sketchfab-oliford,swap,ls3,GM LS3 engine (low poly),close,sketchfab.com,https://sketchfab.com/3d-models/ls3-ef6dab0b717e46fd883656ef2e0bda52,oliford,CC Attribution-ShareAlike,sketchfab (glb/gltf/source on download),no,yes,,,,13204,1,,Sketchfab download requires login.
ls3-t56-engine-and-transmission-model-grabcad-icelandr2-1,swap,LS3/T56 engine and transmission model,GM LS3 engine with T56 transmission,close,grabcad.com,https://grabcad.com/library/ls3-t56-engine-and-transmission-model,icelandr2,GrabCAD Community Library terms (per-model license not stated),"STEP / IGES,Rendering",no,yes,,,,,4,"2139 downloads, 45 likes, 2 files, created 2012-02-21",This model was put together by Mark Dean while he was planning the engine swap into his Z3. He gave me permission to share this file on this website. | GrabCAD download requires login; not fetched.
ls3-top-mount-turbo-manifold-printables-bryan,swap,LS3 Top Mount Turbo Manifold,LS3 top-mount turbo exhaust manifold,close,printables.com,https://www.printables.com/model/714291-ls3-top-mount-turbo-manifold,Bryan,Creative Commons — Attribution — Noncommercial — Share Alike,stl,yes,no,01-REFERENCE/model/library/swap/ls3-top-mount-turbo-manifold-printables-bryan,156 x 47 x 50,~1:3 (156 mm long; add-on for LS3 scale model),29214,2,Remixed a couple LS3 exhaust manifolds together to get the top mount configuration.,"measured: largest=LS3_Turbo Manifold Remix.stl; per-file extents: LS3_Turbo Manifold Remix.stl=[156.18, 46.986, 50.255]"
ls3-v8-engine-detailed-cad-model-solidworks-1-grabcad-shamsher.singh-14,swap,LS3 V8 Engine – Detailed CAD Model (SolidWorks),GM LS3 engine detailed,close,grabcad.com,https://grabcad.com/library/ls3-v8-engine-detailed-cad-model-solidworks-1,Shamsher Singh,GrabCAD Community Library terms (per-model license not stated),"SOLIDWORKS,Rendering",no,yes,,,,,3,"476 downloads, 25 likes, 27 files, created 2026-02-23","This is a detailed 3D CAD model of the LS3 V8 engine, modeled in SolidWorks with a complete assembly structure and mechanical detailing. The model was developed entirely from reference images without access to official technical drawings or dimensional data. All proportions and components were carefully interpreted and modeled to maintain realistic mechanical structure. The assembly includes major components such as: Engine block Cylinder heads Crankshaft Pistons and connecting rods Intake manif | GrabCAD download requires login; not fetched."
ls3-v8-engine-moving-model-printables-maker-rx,swap,LS3 V8 Engine - Moving Model,GM LS3 V8 engine moving display model (scale model),close,printables.com,https://www.printables.com/model/1356055-ls3-v8-engine-moving-model,Maker Rx,Creative Commons — Attribution — Noncommercial,stl,yes,no,01-REFERENCE/model/library/swap/ls3-v8-engine-moving-model-printables-maker-rx,161 x 182 x 112,~1:2.9 (piston 35.2 mm vs 103.25 mm real; block ~181 mm),2037710,2,"Functional 3D printable scale model of the LS3 V8 engine. Designed by ericthepoolboy and supported by MakerRx. Designed by: ericthepoolboy Hardware Kit and Build Support by MakerRx The LS3 is a modern classic - big displacement, no nonsense, and built to perform. This 3D printable scale model captures its mechanical soul with moving pistons, a rotating camshaft and crankshaft Originally created by&nbsp; ericthepoolboy , this model is detailed and functional. We partnered with Eric to offer a complete hardware kit so you can spend less time sourcing parts and more time bringing this engine to l","ericthepoolboy LS3 working model (Thingiverse 1911808) re-scaled/split; includes block, heads, pan, headers, timing cover, starter mount, flywheel teeth. Assembly PDF included. | measured: largest=Engine_Block_-_2_-_Scaled.stl; per-file extents: Valve_Cover_Passenger_Side_Scaled.stl=[173.386, 40.113, 17.325]; Cam_Bearing_Surface_3_Scaled.stl=[17.977, 17.977, 6.854]; Piston_-_Scaled.stl=[35.179, 35.179, 17.78]; Camshaft_Lobe_7_Scaled.stl=[11.099, 15.769, 10.579]; Camshaft_Lobe_11_Scaled.stl=[11.099, 15.769, 10.579]; Starter_Mount_-_Scaled.stl=[46.097, 48.014, 10.111]; Camshaft_Lobe_2_Scaled.stl=[11.103, 15.77, 5.734]; Camshaft_Lobe_6_Scaled.stl=[11.103, 15.77, 5.734]; Lifter_Scaled.stl=[7.485, 7.485, 22.225]; Crankshaft_8_-_Scaled.stl=[59.937, 58.178, 14.345]; Rocker_Rail_Scaled.stl=[140.702, 7.03, 4.611]; Connecting_Rod_Bearing_Cap_-_Scaled.stl=[30.98, 8.419, 11.872]; Crankshaft_7_-_Scaled.stl=[58.106, 58.182, 10.522]; Cam_Bearing_Surface_2_Scaled.stl=[17.977, 17.977, 4.677]; Rear_Main_Cover_-_Scaled.stl=[91.461, 91.912, 7.025] ..."
ls7-4l60e-rally-fighter-cad-github-localmotors,swap,"Local Motors Rally Fighter CAD archive - LS7 simplified engine, 4L80E trans assembly, Vette 164T flywheel, LS gear-reduction starter, 4L60E mount","GM LS7 (Gen IV) simplified engine (block, heads, LS7 intake, oil pan, valve covers, water pump, ignition), 4L80E automatic transmission assembly with dust cover, 168/164-tooth Corvette flywheel, LS gear-reduction starter, 2006 Avalanche 4L60E transmission mount, Ford F150 9.75 rear axle",close,github.com,https://github.com/inhumantsar/localmotors-rallyfighter,Local Motors (archived by inhumantsar),"CC BY-NC-SA (per repo README: shared under original Creative Commons Attribution, Non Commercial, Share-Alike license)",sldprt/sldasm,yes,no,01-REFERENCE/model/library/swap/ls7-4l60e-rally-fighter-cad-github-localmotors,,,,4,"Production-vehicle CAD, SolidWorks native only (no STEP): simplified LS block/heads/intake/pan/valve covers assemble into engine_simple-1.sldasm; 4L80E assembly (24230075 sub-parts) and 10273708/06000710 sub-assemblies; F150 9.75in rear end. Only drivetrain-related files were pulled from Git LFS (116 files, ~130 MB); body/chassis files skipped.","Needs SolidWorks (or eDrawings) to open; not measurable here. Rally Fighter used GM LS3/LS-family V8 with GM 4-speed auto; the engine parts are real-dimension production CAD so bellhousing face, oil pan and flywheel geometry should be accurate. Repo also holds Rally Fighter parts list CSV (not fetched). Git LFS objects fetched via LFS batch API."
ls7-camshaft-1-grabcad-craigat23-1,swap,LS7 Camshaft,GM LS7 camshaft,close,grabcad.com,https://grabcad.com/library/ls7-camshaft-1,CraigAT23,GrabCAD Community Library terms (per-model license not stated),"STEP / IGES,Rendering",no,yes,,,,,3,"594 downloads, 20 likes, 3 files, created 2020-10-01",LS7 Camshaft Space Claim Model Only | GrabCAD download requires login; not fetched.
ls7-camshaft-thingiverse-a05c,swap,LS7 Camshaft,GM LS7 camshaft,close,thingiverse.com (via archive.org mirror),https://www.thingiverse.com/thing:4787198,Andrew Courter (A05C),https://creativecommons.org/licenses/by-nc/4.0/,stl,yes,no,01-REFERENCE/model/library/swap/ls7-camshaft-thingiverse-a05c,498 x 55 x 55,1:1 (497.6 mm),428094,3,"GM LS7 Camshaft, found on GrabCAD, and converted. Suggest scaling down to ~15-30% if laying horizontal, I printed with supports (just in case), but may not be needed.","Downloaded from Internet Archive mirror https://archive.org/details/thingiverse-4787198 (Thingiverse site downloads are JS-gated). Thing date 2021-03-07. | measured: largest=LS7_Camshaft_4787198/files/LS7Camshaft.stl; per-file extents: LS7_Camshaft_4787198/files/LS7Camshaft.stl=[497.632, 54.816, 54.816]"
ls7-exhaust-manifold-1-grabcad-david-489,swap,LS7 Exhaust Manifold,GM LS7 exhaust manifold,close,grabcad.com,https://grabcad.com/library/ls7-exhaust-manifold-1,David,GrabCAD Community Library terms (per-model license not stated),"STL,Rendering,3D Manufacturing Format",no,yes,,,,,3,"39 downloads, 1 likes, 3 files, created 2025-10-09","Exhaust Manifold from an LS7 Engine, Slight dent at rear cylinder. | GrabCAD download requires login; not fetched."
ls7-hydraulic-lifter-1-grabcad-craigat23-1,swap,LS7 Hydraulic Lifter,GM LS7 lifter,close,grabcad.com,https://grabcad.com/library/ls7-hydraulic-lifter-1,CraigAT23,GrabCAD Community Library terms (per-model license not stated),"STEP / IGES,Rendering",no,yes,,,,,3,"168 downloads, 8 likes, 4 files, created 2020-10-05",LS7 Hydraulic Lifter Space Claim Model Only | GrabCAD download requires login; not fetched.
ls7-motor-plate-1-grabcad-david-520,swap,LS7 Motor Plate,LS7 motor plate,close,grabcad.com,https://grabcad.com/library/ls7-motor-plate-1,david,GrabCAD Community Library terms (per-model license not stated),SOLIDWORKS,no,yes,,,,,2,"177 downloads, 12 likes, 1 files, created 2016-06-11",Motor Plate for off-road race car. could be modified for other uses. Enjoy | GrabCAD download requires login; not fetched.
lsa-ls9-lsx-ls3-l92-intake-dowel-location-tool-jig-1-grabcad-phillip.mcgloin-1,swap,LSA LS9 LSX LS3 L92 Intake Dowel Location Tool Jig,LS rectangle-port intake dowel location jig,close,grabcad.com,https://grabcad.com/library/lsa-ls9-lsx-ls3-l92-intake-dowel-location-tool-jig-1,Phillip McGloin,GrabCAD Community Library terms (per-model license not stated),Parasolid,no,yes,,,,,2,"78 downloads, 9 likes, 1 files, created 2019-01-14",Use this tool to locate the dowel feature on LSX cylinder heads. Port A is used on LS3/(2 heads to locate the LSA/LS9 Dowel Power B is used on LSA/LS9 heads to locate the LS3/L92 dowel 2X 8486A49 Drill bushing (modeled) 2x 91292A202 M6x1.0x70 SHCS (not Modeled) 2x 93475A250 M6 washer (not modeled) 1x 8854A23 10mmx3/x1.000x2-11/16 square end mill (not modeled) 1x 57485K68 10mm ID set collar (not modeled) | GrabCAD download requires login; not fetched.
lsx-20200615-sketchfab-leontung999,swap,lsx 20200615,GM LSX engine,close,sketchfab.com,https://sketchfab.com/3d-models/lsx-20200615-573e508c0e104c0c82c8c2f2525abcc7,leontung999,CC Attribution,sketchfab (glb/gltf/source on download),no,yes,,,,689408,2,,Sketchfab download requires login.
lsx-b15-376-engine-19417356-sketchfab-modception,swap,LSX B15 376 engine 19417356,GM LSX B15 376 crate engine long block P/N 19417356 (3D scan),close,sketchfab.com,https://sketchfab.com/3d-models/lsx-b15-376-engine-19417356-5c8cf95594fd402e9e7000237768f9fe,modception,Editorial,sketchfab (glb/gltf/source on download),no,yes,,,,3980962,4,"3D scan of GM LSX B15 376 engine. Brand new, stock crate engine, Part number: 19417356. For engineering reference. Scanned with Einscan Pro HD. Higher resolution model available in download.",Sketchfab download requires login.
lsx-bracket2-thingiverse-minytrker,swap,LSX Bracket2,LSX bracket,close,thingiverse.com (via archive.org mirror),https://www.thingiverse.com/thing:3319670,Lorenz Tiedt (minytrker),https://creativecommons.org/licenses/by/4.0/,stl,yes,no,01-REFERENCE/model/library/swap/lsx-bracket2-thingiverse-minytrker,89 x 42 x 20,1:1,5294,2,LSX Bracket for a power strip from Amazon.,"Downloaded from Internet Archive mirror https://archive.org/details/thingiverse-3319670 (Thingiverse site downloads are JS-gated). Thing date 2018-12-28. | measured: largest=LSX_Bracket2_3319670/files/LSX_Bracket2.stl; per-file extents: LSX_Bracket2_3319670/files/LSX_Bracket2.stl=[89.4, 42.0, 20.0]"
lsx-engine-rear-cover-alignment-tool-thingiverse-brendansmall,swap,LSx engine Rear Cover Alignment Tool,GM LSx rear cover alignment tool,close,thingiverse.com (via archive.org mirror),https://www.thingiverse.com/thing:5452857,Chad Robertson (BrendanSmall),https://creativecommons.org/licenses/by/4.0/,stl,yes,no,01-REFERENCE/model/library/swap/lsx-engine-rear-cover-alignment-tool-thingiverse-brendansmall,130 x 130 x 25,1:1,964,3,"I didn't want to pay for a simple tool to help align the rear cover on my 4.8, so I printed one. I was kinda amazed that I couldn't find a design online, given that I've seen 3D printed ones on ebay.","Downloaded from Internet Archive mirror https://archive.org/details/thingiverse-5452857 (Thingiverse site downloads are JS-gated). Thing date 2022-08-07. | measured: largest=5452857/Rear_Cover_Alignment_Tool_V3.stl; per-file extents: 5452857/Rear_Cover_Alignment_Tool_V3.stl=[130.0, 130.0, 25.0]"
lsx-exhaust-port-cover-thingiverse-mrmustang48,swap,lsx exhaust port cover,LSx exhaust port cover,close,thingiverse.com (via archive.org mirror),https://www.thingiverse.com/thing:4097444,(Mrmustang48),https://creativecommons.org/licenses/by-nc/4.0/,stl,yes,no,01-REFERENCE/model/library/swap/lsx-exhaust-port-cover-thingiverse-mrmustang48,154 x 161 x 4,1:1,5790,3,Summary These have been modified so they simply cover the exhaust ports on ls style v8 engines. Credit goes to LSXwisher for the original design and can be found here: https://www.thingiverse.com/thing:2800881 Can be used for storing your engines or for painting the motor to help keep overspray out. Print Settings Printer Brand: Anycubic Printer: All-metal Mega Rafts: No Supports: No Resolution: 0.3 Infill: 20% Filament: Generic PLA Any,"Downloaded from Internet Archive mirror https://archive.org/details/thingiverse-4097444 (Thingiverse site downloads are JS-gated). Thing date 2020-01-11. | measured: largest=lsx_exhaust_port_cover_4097444/files/lsx_exhaust_port_covers.stl; per-file extents: lsx_exhaust_port_cover_4097444/files/lsx_exhaust_port_covers.stl=[154.282, 160.653, 4.0]"
lsx-sketchfab-zhoushanshen,swap,lsx,GM LSX engine,close,sketchfab.com,https://sketchfab.com/3d-models/lsx-b0eb660865b54a59a13af242b2c16332,zhoushanshen,CC Attribution,sketchfab (glb/gltf/source on download),no,yes,,,,99339,2,,Sketchfab download requires login.
lsx-turbo-manifold-thingiverse-lsnubs,swap,LSx Turbo manifold,LSx turbo manifold,close,thingiverse.com (via archive.org mirror),https://www.thingiverse.com/thing:3668890,Anthony Jones (Lsnubs),https://creativecommons.org/licenses/by/4.0/,stl,yes,no,01-REFERENCE/model/library/swap/lsx-turbo-manifold-thingiverse-lsnubs,,1:1 if inch,79330,2,"***UPDATE***12/26/19 Im making adjustments to this model for better fitment with factory truck dipstick tube. Im working on an ""electric fan"" model to set the turbo back a bit farther for electric fan trucks These are templates designed to assist in the fabrication of a turbo manifold for Chevrelot, and GMC pickup trucks/suvs. Bill of Materials: Flanges https://www.ebay.com/itm/CHEVY-LS-STAINLESS-STEEL-FLANGE-1-7-8-PORT-1-2-THICK-BILLET-HEADER-EXHAUST/290669030151?hash=item43ad396b07:g:fEgAAOSwbYZXYvW1 Primaries and merge 90 degree Long radius 1.5 elbows, QTY 4 90 degree Long radius 3” elbow Q","extents as found: 6.349; 6.603; 4.453 inch?. Downloaded from Internet Archive mirror https://archive.org/details/thingiverse-3668890 (Thingiverse site downloads are JS-gated). Thing date 2019-06-02. | measured: largest=LSx_Turbo_manifold__3668890/files/cyl2_mergetemplate.stl; per-file extents: LSx_Turbo_manifold__3668890/files/cyl2_cope.stl=[2.664, 2.1, 2.379]; LSx_Turbo_manifold__3668890/files/cyl2_mergetemplate.stl=[6.349, 6.603, 4.453]; LSx_Turbo_manifold__3668890/files/cyl46_cope.stl=[3.118, 2.1, 3.275]; LSx_Turbo_manifold__3668890/files/cyl4_mergetemplate.stl=[4.0, 3.699, 3.7]; LSx_Turbo_manifold__3668890/files/cyl6_mergetemplate.stl=[4.0, 3.699, 3.7]; LSx_Turbo_manifold__3668890/files/cyl8_cope.stl=[3.009, 3.034, 3.295]; LSx_Turbo_manifold__3668890/files/cyl8_mergetemplate.stl=[4.49, 4.474, 4.009]"
m-supercharged-ls-engine-d1-sketchfab-dakta-grower-nzl,swap,M Supercharged Ls Engine D1,Supercharged GM LS engine (variant),close,sketchfab.com,https://sketchfab.com/3d-models/m-supercharged-ls-engine-d1-d0d4bd990c8842129b2c8dd19d1626e7,Dakta.Grower.Nzl,CC Attribution,sketchfab (glb/gltf/source on download),no,yes,,,,67856,2,,Sketchfab download requires login.
m122-supercharger-holley-hi-ram-adapter-1-grabcad-adam.divine-1,swap,M122 SUPERCHARGER HOLLEY HI-RAM ADAPTER,M122 supercharger Holley Hi-Ram adapter,close,grabcad.com,https://grabcad.com/library/m122-supercharger-holley-hi-ram-adapter-1,ADAM DIVINE,GrabCAD Community Library terms (per-model license not stated),"STEP / IGES,Rendering",no,yes,,,,,2,"341 downloads, 16 likes, 2 files, created 2022-05-11",THE ADAPTER USED IN MY YOUTUBE VIDEOS. CHECK OUT DIVINE SPEED TEAM YOUTUBE PAGE TO SEE A M122 SUPERCHARGER ON A LS ENGINE. | GrabCAD download requires login; not fetched.
magnuson-lsx-supercharger-3dwarehouse-ian,swap,Magnuson LSX Supercharger,Magnuson LSX supercharger (LS),close,3dwarehouse.sketchup.com,https://3dwarehouse.sketchup.com/model/d61c69ba-977a-4e00-bd38-bb35426774df,Ian,3D Warehouse General Model License (free use; per Trimble terms),glb (converted by 3DW); original skp needs login,yes,no,01-REFERENCE/model/library/swap/magnuson-lsx-supercharger-3dwarehouse-ian,,not 1:1 (45 m),214072,2,https://www.magnusonsuperchargers.com/,"extents as found: 29.383; 14.706; 45.232 unknown (glb claims m). Original SketchUp files (s15,s17,s19,s18,s8,s20,s21) are login-restricted; the public GLB export was downloaded. Created 2019-12-23. Rescale. | measured: largest=Supercharger.glb; per-file extents: Supercharger.glb=[29.383, 14.706, 45.232]"
maradyne-m123k-cooling-fan-radiator-fan-1-grabcad-donald.greenley-1,swap,MARADYNE M123K COOLING FAN (Radiator Fan),Maradyne M123K 12in electric radiator fan,close,grabcad.com,https://grabcad.com/library/maradyne-m123k-cooling-fan-radiator-fan-1,Donald Greenley,GrabCAD Community Library terms (per-model license not stated),"SOLIDWORKS 2015,STEP / IGES,Rendering",no,yes,,,,,3,"4006 downloads, 148 likes, 7 files, created 2015-11-20",Modeled as part. Second configuration shows the rubber washers that come with the fan slightly away from main body (used in assembly dwg I created). | GrabCAD download requires login; not fetched.
mazda-rx7-fc3s-engine-bay-scan-1-grabcad-knut.molaug-1,swap,Mazda rx7 FC3S Engine Bay Scan,Mazda RX-7 FC3S engine bay (3D scan),different,grabcad.com,https://grabcad.com/library/mazda-rx7-fc3s-engine-bay-scan-1,Knut Molaug,GrabCAD Community Library terms (per-model license not stated),STL,no,yes,,,,,3,"164 downloads, 10 likes, 1 files, created 2024-10-06",3D scan of empthy engine bay. | GrabCAD download requires login; not fetched.
mazda-v8-rx7-3dwarehouse-tony-s,swap,mazda v8 rx7,"Mazda RX-7 with V8 (low-detail SketchUp; generation unclear, FB/FC-like)",close,3dwarehouse.sketchup.com,https://3dwarehouse.sketchup.com/model/uf4b08787-9670-4a1d-8b4e-4813f5079d2c,tony S.,3D Warehouse General Model License (free use; per Trimble terms),glb (converted by 3DW); original skp needs login,yes,no,01-REFERENCE/model/library/swap/mazda-v8-rx7-3dwarehouse-tony-s,1427 x 937 x 3236,~1:1.3? (3.24 m long; FB is 4.29 m),233459,1,,"Original SketchUp files (s15,s17,s19,s18,s8,s20,s21) are login-restricted; the public GLB export was downloaded. Created 2015-05-08. Generation not verified - check visually. | measured: largest=mazda fc rx7 drift missle.glb; per-file extents: mazda fc rx7 drift missle.glb=[1.427, 0.937, 3.236]"
measured-cad-model-of-gm-bosch-ls1-ls6-ev1-fuel-injector-1-grabcad-chris.stavro-1,swap,Measured CAD Model of GM/Bosch LS1/LS6 EV1 Fuel Injector,GM/Bosch LS1/LS6 EV1 fuel injector (measured),close,grabcad.com,https://grabcad.com/library/measured-cad-model-of-gm-bosch-ls1-ls6-ev1-fuel-injector-1,Chris Stavro,GrabCAD Community Library terms (per-model license not stated),"STEP / IGES,Rendering",no,yes,,,,,4,"56 downloads, 9 likes, 2 files, created 2026-07-04","LS1 injector off a 1998 Pontiac Trans Am. GM 12554271, Bosch 0 280 1555 752. Verify sealing dimensions on your own injectors before machining fuel rails or intake bosses. I modeled this (without O-rings) for my own intake manifold project. 3D scanned and measured with a caliper. One thou tolerance on the body. | GrabCAD download requires login; not fetched."
narrowed-ford-9-inch-1-grabcad-steve.bishop-8,swap,Narrowed Ford 9 Inch,Narrowed Ford 9in rear axle,close,grabcad.com,https://grabcad.com/library/narrowed-ford-9-inch-1,Steve Bishop,GrabCAD Community Library terms (per-model license not stated),"STEP / IGES,Other",no,yes,,,,,3,"1864 downloads, 97 likes, 2 files, created 2019-05-16",This was modified from another member's upload: https://grabcad.com/library/9-inch-ford-rear-end-with-wheels This is a centered yoke as opposed to a centered housing. | GrabCAD download requires login; not fetched.
nissan-350z-fsm-mt-cl-nicoclub,swap,"Nissan 350Z factory service manual - MT (manual transmission) and CL (clutch) sections, 2005 and 2007","Nissan CD009 (2005-06) / FS6R31A 6-speed manual transmission and clutch (350Z / G35) - service manual sections with exploded views, shift linkage, clutch hydraulics",exact,nicoclub.com / textfiles.com,https://www.nicoclub.com/nissan-service-manuals,Nissan Motor Co. (hosted by NICOclub),"factory service manual, hosted free by NICOclub (copyright Nissan)",drawing,yes,no,01-REFERENCE/model/library/swap/nissan-350z-fsm-mt-cl-nicoclub,,,,3,"Exploded views of case/shift control (CD009 rear-mounted shift lever), removal/installation, clutch master/operating cylinder (CD009 uses internal CSC-style release in 2005+? see CL section), torque specs.",Useful for CD009 shifter relocation planning (stock shifter sits at tail of trans) and clutch hydraulics. 2005 MT from http://pdf.textfiles.com/manuals/AUTOMOBILE/NISSAN/350Z/coupe/2005/mt.pdf ; 2007 from nicoclub fsm_download=350Z/Coupe/2007/mt.pdf.
nissan-cd009-6-speed-scan-1-grabcad-sniv.speed.shop-1,swap,Nissan CD009 6-Speed Scan,Nissan CD009 6-speed manual transmission (3D scan),exact,grabcad.com,https://grabcad.com/library/nissan-cd009-6-speed-scan-1,Sniv Speed Shop,GrabCAD Community Library terms (per-model license not stated),"STL,Rendering",no,yes,,,,,4,"482 downloads, 32 likes, 2 files, created 2025-03-02","Nissan CD009, as I recall came out of a 2007 Infiniti. Wilwood clutch cylinder. Top mount shifter from Autosports Engineering. The normal shifter hangs off the back and attaches to the shaft protruding from the rear/top of the trans. If you are using this scan in conjunction with my 2JZ scan, I am using a Collins Performance adapter which is a ~5/8"" thick plate that goes between the engine and transmission. | GrabCAD download requires login; not fetched."
nissan-titan-armada-triple-fan-shroud-1-grabcad-colton.mcclure-1,swap,Nissan Titan Armada Triple Fan Shroud,Nissan Titan/Armada triple fan shroud,different,grabcad.com,https://grabcad.com/library/nissan-titan-armada-triple-fan-shroud-1,Colton McClure,GrabCAD Community Library terms (per-model license not stated),"AutoCAD,SOLIDWORKS,STL,Rendering",no,yes,,,,,2,"113 downloads, 5 likes, 47 files, created 2021-05-21","Triple Spal fan shroud for all aluminum CSF radiator. Had minor adjustments after cutting and forming, but 98% finished. No welding, assembles with 3/16"" Rivets. Minor trimming of bottom and top right fan for clearance. If you make this and or modify it tag me! @c3adapters @theorotechnically www.c3adapters.com https://derale.com/product-footer/electric-fans/universal-electric-fans/h-o-extreme/12-high-output-rad-pusher-fan-2014-08-14-718-detail | GrabCAD download requires login; not fetched."
novak-gm-gen3-crank-spacing-webpage,swap,Novak Guide to GM Gen III+ Engine Crank Spacing & Interchange,"GM Gen III/IV LS crank flange spacing, pilot bore, flywheel/flexplate interchange vs SBC, bellhousing pattern",close,novak-adapt.com,https://www.novak-adapt.com/knowledge/engines/gm-crank-spacing.html,Novak Conversions,"web article (copyright Novak), saved for reference",drawing,yes,no,01-REFERENCE/model/library/swap/ls-dimension-webpages,,,,3,Text + photos: LS crank flange ~0.4in closer to block than Gen I/II; 168-tooth only; M10 bellhousing bolts; pilot bore changes 1997-2000 vs 2001+ (1.7in converter pilot).,LS uses the Chevrolet V8 (SBC) bellhousing pattern with the top passenger-side bolt moved to 12 oclock (6 of 7 holes common); dowels same position relative to crank as SBC. Wikipedia List of GM bellhousing patterns saved alongside: wikipedia-list-of-gm-bellhousing-patterns.html
power-steering-ls1-1-grabcad-micah.graham-1,swap,power steering ls1,GM LS1 power steering pump,close,grabcad.com,https://grabcad.com/library/power-steering-ls1-1,Micah Graham,GrabCAD Community Library terms (per-model license not stated),SOLIDWORKS,no,yes,,,,,2,"27 downloads, 1 likes, 3 files, created 2022-09-02",test import | GrabCAD download requires login; not fetched.
powermaster-gm-ls-starter-scan-1-grabcad-rusty.spoon-1,swap,Powermaster GM LS Starter Scan,Powermaster GM LS starter (3D scan),close,grabcad.com,https://grabcad.com/library/powermaster-gm-ls-starter-scan-1,rusty spoon,GrabCAD Community Library terms (per-model license not stated),"STL,Rendering",no,yes,,,,,4,"79 downloads, 3 likes, 3 files, created 2025-08-03","Scan is pretty poor due to the reflective finish and lack of scan spray. The ""nose""/gear sticks out approximately 20mm from the face when resting. 3.32kg for the starter, 3.5kg with the included mounting bolts. | GrabCAD download requires login; not fetched."
pro-ls-turbo-manifold-sketchfab-brian-aa,swap,Pro LS Turbo Manifold,Summit Pro LS turbo exhaust manifolds SUM-G9300 (customised),close,sketchfab.com,https://sketchfab.com/3d-models/pro-ls-turbo-manifold-57ae5f5d271747fe8097569759a1a3e7,brian-aa,CC Attribution,sketchfab (glb/gltf/source on download),no,yes,,,,19448,2,"I found this cool piece from Summit Racing that i wanted to try out Model: Pro LS Turbo Manifolds SUM-G9300 It is slightly customised with welded on custom ""pipes"" that are off regards the original ""pipes"" (In other words, i had a miss-match camera when modeling this part in 3D) But it still looks and is a cool piece for a project. Enjoy",Sketchfab download requires login.
pulley-tensioner-for-ls-series-engine-1-grabcad-craig.forcht-1,swap,pulley tensioner for LS series engine,GM LS serpentine tensioner pulley,close,grabcad.com,https://grabcad.com/library/pulley-tensioner-for-ls-series-engine-1,craig forcht,GrabCAD Community Library terms (per-model license not stated),"SOLIDWORKS 2013,Rendering,Other",no,yes,,,,,3,"496 downloads, 43 likes, 3 files, created 2017-04-27",billet adjustable pulley tensioner for LS series engine | GrabCAD download requires login; not fetched.
quick-performance-ford-9in-center-section-scan-1-grabcad-sniv.speed.shop-1,swap,Quick Performance Ford 9in Center Section Scan,Quick Performance Ford 9in center section (3D scan),close,grabcad.com,https://grabcad.com/library/quick-performance-ford-9in-center-section-scan-1,Sniv Speed Shop,GrabCAD Community Library terms (per-model license not stated),"STL,Rendering",no,yes,,,,,4,"138 downloads, 7 likes, 2 files, created 2025-05-04","Quick Performance Ford 9"" Center Section Options: New Stock Style Big Web Drain and Fill Plugs w/ Jack Pad 1/4"" Heavy Walled Axle Tube (3"" OD) | GrabCAD download requires login; not fetched."
racing-radiator-and-fan-assembly-grabcad-milidonis.kypros,swap,Racing radiator and fan assembly,Racing radiator and fan assembly (generic),different,grabcad.com,https://grabcad.com/library/racing-radiator-and-fan-assembly,Milidonis Kypros,GrabCAD Community Library terms (per-model license not stated),"Autodesk Inventor 2012,Rendering",no,yes,,,,,2,"3035 downloads, 63 likes, 4 files, created 2012-02-13",Single row radiator assembled with 12 blades fan | GrabCAD download requires login; not fetched.
radiator-racing-style-for-nissan-350z-grabcad-gatgttssn,swap,Radiator Racing Style for Nissan 350Z,Racing radiator for 350Z,different,grabcad.com,https://grabcad.com/library/radiator-racing-style-for-nissan-350z,gatgttssn,GrabCAD Community Library terms (per-model license not stated),"SOLIDWORKS 2011,Rendering",no,yes,,,,,2,"471 downloads, 12 likes, 2 files, created 2011-06-06",Create with SolidWorks 2010 | GrabCAD download requires login; not fetched.
radiator-twin-fan-grabcad-leon--16,swap,Radiator twin fan,Radiator with twin electric fans (generic),different,grabcad.com,https://grabcad.com/library/radiator-twin-fan,leon,GrabCAD Community Library terms (per-model license not stated),"Autodesk Inventor,STEP / IGES,STL,Rendering,Other",no,yes,,,,,2,"2974 downloads, 84 likes, 7 files, created 2013-01-25",Just a random radiator with double fans that is used in my bowler tomcat model. http://grabcad.com/library/bowler-tomcat-88 | GrabCAD download requires login; not fetched.
rally-fighter-complete-truck-1-grabcad-evan.batterman-2,swap,Rally Fighter Complete Truck,Local Motors Rally Fighter complete vehicle (LS3 powered),different,grabcad.com,https://grabcad.com/library/rally-fighter-complete-truck-1,Evan Batterman,GrabCAD Community Library terms (per-model license not stated),STEP / IGES,no,yes,,,,,3,"340 downloads, 38 likes, 1 files, created 2018-06-11",This is a CAD file that Rally Fighter used to host online. it has cad model for an ls3 which is dimensionally accurate for engine mounting. Unsure of the accuracy for anything else | GrabCAD download requires login; not fetched.
s10-chevy-v8-350-engine-swap-motor-mounts-1-grabcad-carlos.leal-8,swap,S10 CHEVY V8 350 ENGINE SWAP MOTOR MOUNTS,S10 V8 swap motor mounts (SBC),different,grabcad.com,https://grabcad.com/library/s10-chevy-v8-350-engine-swap-motor-mounts-1,CARLOS LEAL,GrabCAD Community Library terms (per-model license not stated),"STEP / IGES,Rendering",no,yes,,,,,2,"134 downloads, 8 likes, 4 files, created 2019-03-26",Those motor mounts allow the v8 engine positioning as far as possible backwards and down. For use with v6 original motor mounts. Chevy S10 truck must be an original V6 equipped. Fits1994 to 2000 models. | GrabCAD download requires login; not fetched.
s197-tremec-t56-short-throw-shifter-2-grabcad-logan.sparvero-1,swap,s197 tremec T56 short throw shifter,S197 T56 short throw shifter,close,grabcad.com,https://grabcad.com/library/s197-tremec-t56-short-throw-shifter-2,logan Sparvero,GrabCAD Community Library terms (per-model license not stated),PTC Creo Elements,no,yes,,,,,2,"0 downloads, 0 likes, None files, created",GrabCAD download requires login; not fetched.
serpentine-tensioner-4854089-mopar-1-grabcad-project.ls.audi.a4-1,swap,Serpentine Tensioner 4854089 Mopar,Serpentine tensioner (project LS Audi A4),different,grabcad.com,https://grabcad.com/library/serpentine-tensioner-4854089-mopar-1,Project LS Audi A4,GrabCAD Community Library terms (per-model license not stated),STEP / IGES,no,yes,,,,,2,"238 downloads, 4 likes, 1 files, created 2023-01-15","Serpentine tensioner for various Mopar vehicles. Used for mockup and design of custom serpentine configuration for LS engine swap project. Note: mounting dimensions and other critical dimensions should be correct, other features such as casting cutouts and non-critical features are for representation purposes only. I modeled this by measuring the real part with a set of calipers so it's as close as I can get with this method. **1/27/23 Updated model with correct mounting tab locations. Printed a | GrabCAD download requires login; not fetched."
sikky-ls-cd00x-adapter-install-guide-sikky,swap,SIKKY CG-006 TAK002 CD00X (DE) to LS Trans Adapter Plate Installation Guide,SIKKY LS-to-Nissan CD009/CD00A adapter plate kit (TAK002) installation,exact,sikky.com,https://www.sikky.com/wp-content/uploads/2019/11/CG-006-TAK002-CD00X-DE-Installation-Guide-1.pdf,SIKKY Manufacturing,"manufacturer literature, free download",drawing,yes,no,01-REFERENCE/model/library/swap/ls-cd009-adapter-docs-sikky-ict,,,,3,"8 pages with photos; fastener list: M12x1.75x50 flanged bolts upper, M10-1.5x25 low-profile BHCS lower, trans-to-plate fasteners.","Kit = adapter plate + front cover (CD009 bellhousing cut off), uses LS T56 bellhousing. No overall dimensions. Product page: https://www.sikky.com/product/lsx-cd00x-transmission-adapter-kit/"
small-block-chevy-350-with-th350-auto-box-grabcad-neil.louw,swap,Small Block Chevy 350 with TH350 Auto Box,SBC 350 with TH350,different,grabcad.com,https://grabcad.com/library/small-block-chevy-350-with-th350-auto-box,neil louw,GrabCAD Community Library terms (per-model license not stated),"SOLIDWORKS 2008,STEP / IGES,STL,Rendering",no,yes,,,,,3,"5298 downloads, 116 likes, 4 files, created 2012-01-08","Standard engine and gearbox I used in my Cobra project. NOT my model, found on public forum. Dimensions are correct - perfect for general design. | GrabCAD download requires login; not fetched."
smaller-ls3-v8-engine-working-model-thingiverse-novel-mutations,swap,Smaller LS3 V8 Engine - Working Model,"GM LS3 V8 working model, 50% of ericthepoolboy model",close,thingiverse.com (via archive.org mirror),https://www.thingiverse.com/thing:1996991,Novel Mutations (Novel_Mutations),https://creativecommons.org/licenses/by-nc/4.0/,stl,yes,no,01-REFERENCE/model/library/swap/smaller-ls3-v8-engine-working-model-thingiverse-novel-mutations,80 x 91 x 56,~1:5.8 (50% of ericthepoolboy model),1304656,2,As with most of you I love all of Eric's models. Unfortunately I do not have a machine large enough to print any of them as they are designed to be printed. I have scaled all the parts down to 50% of the originals size and had to modify many of them to make them print better at this scale. I also replaced the hardware with more commonly available items since at this scale the actual hardware (1.5mm diameter bolts) would be hard to get and costly. At 50% size it is only 1/8 the volume so it prints in about 20-40 hours unlike the 200 hours for the original. But this time savings is at the cost o,"Downloaded from Internet Archive mirror https://archive.org/details/thingiverse-1996991 (Thingiverse site downloads are JS-gated). Thing date 2016-12-26. | measured: largest=Smaller_LS3_V8_Engine_-_Working_Model_1996991/files/Engine_Block_-_No_Supports.stl; per-file extents: Smaller_LS3_V8_Engine_-_Working_Model_1996991/files/Valve_Cover_Passenger_Side.stl=[86.693, 20.057, 8.663]; Smaller_LS3_V8_Engine_-_Working_Model_1996991/files/Oil_Pan.stl=[55.039, 97.603, 21.622]; Smaller_LS3_V8_Engine_-_Working_Model_1996991/files/Timing_Cover.stl=[56.0, 46.548, 13.205]; Smaller_LS3_V8_Engine_-_Working_Model_1996991/files/Engine_Block_-_No_Supports.stl=[80.481, 90.825, 55.998]; Smaller_LS3_V8_Engine_-_Working_Model_1996991/files/Main_Bearing_Cap_2.stl=[37.547, 10.588, 4.734]; Smaller_LS3_V8_Engine_-_Working_Model_1996991/files/Stand_-_Rear_Crossmember.stl=[72.248, 31.981, 1.0]; Smaller_LS3_V8_Engine_-_Working_Model_1996991/files/Crankshaft_7.stl=[29.053, 29.091, 5.261]; Smaller_LS3_V8_Engine_-_Working_Model_1996991/files/Connecting_Rod.stl=[15.49, 30.105, 4.209]; Smaller_LS3_V8_Engine_-_Working_Model_1996991/files/Crankshaft_4.stl=[21.515, 15.82, 5.261]; Smaller_LS3_V8_Engine_-_Working_Model_1996991/files/Intake_Valve_2.stl=[9.201, 9.201, 2.032]; Smaller_LS3_V8_Engine_-_Working_Model_1996991/files/Lifter.stl=[3.743, 3.743, 11.113]; Smaller_LS3_V8_Engine_-_Working_Model_1996991/files/Crankshaft_Gear.stl=[11.75, 11.755, 6.334]; Smaller_LS3_V8_Engine_-_Working_Model_1996991/files/Crankshaft_1.stl=[26.548, 29.087, 5.261]; Smaller_LS3_V8_Engine_-_Working_Model_1996991/files/Cam_Gear.stl=[23.316, 23.324, 3.578]; Smaller_LS3_V8_Engine_-_Working_Model_1996991/files/Connecting_Rod_Bearing_Cap.stl=[5.936, 15.49, 4.209] ..."
spal-brushed-axial-fans-1-grabcad-kaspars.jansons-2,swap,SPAL BRUSHED AXIAL FANS,SPAL brushed axial fans (range),close,grabcad.com,https://grabcad.com/library/spal-brushed-axial-fans-1,Kaspars Jansons,GrabCAD Community Library terms (per-model license not stated),SOLIDWORKS,no,yes,,,,,3,"609 downloads, 18 likes, 1 files, created 2023-02-18",VA31-A101-46A | GrabCAD download requires login; not fetched.
spal-fan-385mm-16-1-grabcad-nathan.esterkyn-1,swap,"Spal Fan 385mm/16""",SPAL 385mm / 16in electric cooling fan,close,grabcad.com,https://grabcad.com/library/spal-fan-385mm-16-1,Nathan Esterkyn,GrabCAD Community Library terms (per-model license not stated),"SOLIDWORKS,STEP / IGES",no,yes,,,,,3,"285 downloads, 6 likes, 5 files, created 2026-01-23","Modeled after the Spal VA18-AP71/LL-42S 16"" 12V fan, curved blade design not modeled here but the housing design is very accurate. | GrabCAD download requires login; not fetched. Reference (retail listings): SPAL 30102120 16in HP straight-blade puller, 1918 cfm, 412 x 397 x 88 mm (16.22 x 15.63 x 3.45 in)."
spal-fan-grabcad-craig.hall,swap,Spal fan,SPAL electric fan,close,grabcad.com,https://grabcad.com/library/spal-fan,Craig Hall,GrabCAD Community Library terms (per-model license not stated),"SOLIDWORKS,STEP / IGES,Rendering",no,yes,,,,,2,"508 downloads, 2 likes, 4 files, created 2013-02-14",Spal 10 fan VA15-AP70-LL-39A | GrabCAD download requires login; not fetched.
speedway-ls-engine-dimensions-webpage,swap,Speedway Motors: Engines That Fit My Car - Dimensions for Common Engine Swaps,Overall envelope dimensions of GM LS1/LS2/LS3/LS7/LS9/5.3 LM7 and Ford 4.6 engines,close,speedwaymotors.com,https://www.speedwaymotors.com/the-toolbox/engines-that-fit-my-car-dimensions-for-common-engine-swaps/130014,Speedway Motors,"web article (copyright Speedway Motors), saved for reference",drawing,yes,no,01-REFERENCE/model/library/swap/ls-dimension-webpages,,,,2,Table of H x L x W and weight per engine; no drawings.,"LS1/LS2/LS3/LS7/LS9 (car): H 28.0in, L 29.5in, W 24.0in; LS1 430-460lb, LS2/LS3 415-440lb, LS7/LS9 475-505lb. 5.3 LM7 (truck): H 34.0in, L 30.0in, W 24.0in, 440-460lb. Figures depend on accessory drive/intake. Other web figures (Holley blog, Turn Key Engine Supply LS2): 20in across heads, 25in across coil covers, block 20.5in long, 29in water-pump pulley to rear of block, 25in pan bottom to intake top; LS approx 30in long (some 29.5in), ~2in narrower than SBC; three accessory drive depths exist (truck / F-body / Corvette). Holley blog https://www.holley.com/blog/post/gen_iii_gen_iv_ls_engine_specs_dimensions_and_engine_history/ blocked to curl (not saved)."
supercharged-chevy-ls-sketchfab-csharp122705,swap,Supercharged chevy LS,Supercharged GM LS engine,close,sketchfab.com,https://sketchfab.com/3d-models/supercharged-chevy-ls-3de6b0aeedcc435597cd3d88a62fe8ee,csharp122705,CC Attribution,sketchfab (glb/gltf/source on download),no,yes,,,,202512,2,Supercharged chevy LS engine.,Sketchfab download requires login.
supercharged-ls-engine-1-sketchfab-dakta-grower-nzl,swap,Supercharged Ls Engine 1,Supercharged GM LS engine (re-upload of UnforgettableName model?),close,sketchfab.com,https://sketchfab.com/3d-models/supercharged-ls-engine-1-2691b15e0cb94790ae2defe216ebdd4b,Dakta.Grower.Nzl,CC Attribution,sketchfab (glb/gltf/source on download),no,yes,,,,67856,2,,Sketchfab download requires login.
supercharged-ls-v8-engine-1-sketchfab-heer-bommel,swap,Supercharged_ls_v8_engine_1,Supercharged LS V8 engine (re-upload),close,sketchfab.com,https://sketchfab.com/3d-models/supercharged-ls-v8-engine-1-bbc4c4e4ab9d41e1a3572c6c023f6ef4,Heer.Bommel,CC Attribution,sketchfab (glb/gltf/source on download),no,yes,,,,76820,2,engines,Sketchfab download requires login.
supercharged-ls-v8-engine-1-sketchfab-unforgettablename,swap,Supercharged Ls V8 Engine 1,"GM 6.0L LS with rear-feed supercharger, radiator, shorty headers, flexplate, torque converter",close,sketchfab.com,https://sketchfab.com/3d-models/supercharged-ls-v8-engine-1-6e920e47959d4da797eff437beeaa3f3,UnforgettableName,Free Standard,sketchfab (glb/gltf/source on download),no,yes,,,,77038,2,"General Motors LS 6.0L V8 engine with rear feed supercharger. radiator, shorty headers. flywheel / flexplate and torque converter.",Sketchfab download requires login.
t56-magnum-clutch-alignment-tool-thingiverse-iggywoowoo,swap,T56 Magnum Clutch Alignment Tool,T56 Magnum clutch alignment tool (variant),close,thingiverse.com (via archive.org mirror),https://www.thingiverse.com/thing:5264513,Brandon Talkmitt (IGGYWOOWOO),https://creativecommons.org/licenses/by-nc/4.0/,"3mf,stl",yes,no,01-REFERENCE/model/library/swap/t56-magnum-clutch-alignment-tool-thingiverse-iggywoowoo,29 x 29 x 162,1:1,73328,3,T56 Magnum 26 Spline Clutch Alignment tool.,"Downloaded from Internet Archive mirror https://archive.org/details/thingiverse-5264513 (Thingiverse site downloads are JS-gated). Thing date 2022-02-26. Two variants in this folder: thing:5264702 and thing:5264513 (https://www.thingiverse.com/thing:5264702). | measured: largest=T56_Magnum_Clutch_Alignment_Tool_5264702/files/T56_Tool.3mf; per-file extents: T56_Magnum_Clutch_Alignment_Tool_5264702/files/T56_Tool.3mf=[28.575, 28.575, 162.0]; T56_Magnum_Clutch_Alignment_Tool_5264702/files/T56_tool.stl=[28.575, 28.575, 162.0]; T56_Magnum_Clutch_Alignment_Tool_5264513/files/T56_Tool.3mf=[28.575, 28.575, 162.0]; T56_Magnum_Clutch_Alignment_Tool_5264513/files/T56_tool.stl=[28.575, 28.575, 162.0]"
th400-1-grabcad-arnon.shoshani,swap,TH400,GM TH400 automatic transmission,different,grabcad.com,https://grabcad.com/library/th400-1,Arnon Shoshani,GrabCAD Community Library terms (per-model license not stated),"Autodesk Inventor 2015,STEP / IGES,Rendering",no,yes,,,,,3,"843 downloads, 22 likes, 4 files, created 2015-05-20",TH400 turbo hydra 400 automatic transmission | GrabCAD download requires login; not fetched.
th400-automatic-transmission-3d-scan-1-grabcad-arnon.shoshani,swap,TH400 automatic transmission 3D scan,GM TH400 automatic (3D scan),different,grabcad.com,https://grabcad.com/library/th400-automatic-transmission-3d-scan-1,Arnon Shoshani,GrabCAD Community Library terms (per-model license not stated),"SOLIDWORKS,STL,Rendering",no,yes,,,,,3,"640 downloads, 19 likes, 5 files, created 2020-11-16",TH400 automatic transmission 3D scan | GrabCAD download requires login; not fetched.
thermostat-ls1-1-grabcad-mik.lom-1,swap,thermostat LS1,GM LS1 thermostat,close,grabcad.com,https://grabcad.com/library/thermostat-ls1-1,mik lom,GrabCAD Community Library terms (per-model license not stated),"AutoCAD,Autodesk Inventor,STEP / IGES,Rendering,Other",no,yes,,,,,3,"358 downloads, 3 likes, 6 files, created 2020-09-07","Safety thermostat with manual (LS1) or automatic (LS3) reset and capillary based on the principle of liquid expansion. Safe in case of capillary break. The switch is single-pole. Especially suitable for boilers, heating systems and other appliances in which the temperature must not exceed the specified maximum value. Contacts = disconnection with increasing T Max. case temperature = 85 ° C Max. temperature sens. element = 125 ° C Feel. element = Cu? 6.5 x 95 mm. Min. capillary turn radius = 5 mm | GrabCAD download requires login; not fetched."
toyota-tundra-10-5-rear-axle-scan-1-grabcad-sniv.speed.shop-1,swap,"Toyota Tundra 10.5"" Rear Axle Scan",Toyota Tundra 10.5in rear axle (3D scan),different,grabcad.com,https://grabcad.com/library/toyota-tundra-10-5-rear-axle-scan-1,Sniv Speed Shop,GrabCAD Community Library terms (per-model license not stated),"STL,Rendering",no,yes,,,,,3,"271 downloads, 25 likes, 2 files, created 2026-02-17",Rear axle from 2007-2021 Toyota Tundras. Shock mounts and bump pads are aftermarket. Has wheel spacers mounted. | GrabCAD download requires login; not fetched.
tr6060-c6-corvette-tail-extension-housing-1-grabcad-ypro-2,swap,TR6060 C6 Corvette Tail Extension Housing,TR6060 C6 Corvette tail extension housing,close,grabcad.com,https://grabcad.com/library/tr6060-c6-corvette-tail-extension-housing-1,ypro,GrabCAD Community Library terms (per-model license not stated),OBJ,no,yes,,,,,3,"54 downloads, 3 likes, 1 files, created 2026-05-06",Tail housing/rear section of the transmission from a c6 corvette which allows the TR6060 transmission to direct-mount a differential | GrabCAD download requires login; not fetched.
tremec-magnum-general-install-manual-shiftsst,swap,MAA-07000 Magnum 6-Speed General Installation Manual Rev D,TREMEC T56 Magnum 6-speed general installation manual,close,shiftsst.com,https://www.shiftsst.com/product/download_file/MAA-07000_MAGNUM_-_6_Speed_General_Installation_Manual_RevD.pdf,TREMEC / Silver Sport Transmissions,"distributor literature, free download",drawing,yes,no,01-REFERENCE/model/library/swap/tremec-t56-magnum-docs-tremec,,,,3,"9 pages: tunnel/shifter-hole location procedure, bellhousing runout (0.005in max), pilot bearing, clearance >=1/4in around case, driveshaft clearance 1/2in.","Procedure doc, few dimensions."
tremec-magnum-installation-tips-tremec,swap,TREMEC Magnum Installation Tips,"TREMEC T56 Magnum 6-speed installation guidance (driveline angle, crossmember, shifter relocation positions)",close,tremec.com,https://tremec.com/wp-content/uploads/2023/05/TREMEC_Magnum_Installation.Tips_.pdf,TREMEC,"manufacturer literature, free download",drawing,yes,no,01-REFERENCE/model/library/swap/tremec-t56-magnum-docs-tremec,,,,3,"2 pages text; shifter options: stock rear, rotated 180 deg (~3.5in fwd), forward case provision (~7.75in fwd).",Web sources state C dimension 26.6in engine block face to crossmember mount holes using 1386-212-006 bellhousing (5.51in deep); 140 lb dry.
tremec-magnum-service-manual-tremec,swap,TREMEC Magnum Service Manual (complete),TREMEC T56 Magnum 6-speed service manual with exploded views,close,tremec.com,https://www.tremec.com/wp-content/uploads/2024/11/Magnum-Service-Manual-Complete.pdf,TREMEC,"manufacturer literature, free download",drawing,yes,no,01-REFERENCE/model/library/swap/tremec-t56-magnum-docs-tremec,,,,3,"43 pages, exploded views and procedures.",
tremec-performance-catalog-dimensions-tremec,swap,TREMEC Performance Product Catalog (F_TRMC_0220) with dimension drawings,"TREMEC T56 Magnum / Magnum-F / TKX / TKO / T5 aftermarket transmissions - dimensional drawings (input shaft length, shifter positions, mount pad, overall length)",close,tremec.com,https://tremec.com/wp-content/uploads/2023/05/Performance-Product-Catalog-F_TRMC_0220_V1.pdf,TREMEC,"manufacturer literature, free download (copyright TREMEC)",drawing,yes,no,01-REFERENCE/model/library/swap/tremec-t56-magnum-docs-tremec,,,,4,"11-page catalog; each model page has a dimensioned side-view drawing (A input shaft length from front face, B/C/D shifter positions, E trans mount pad, F overall length) and ratios.",Best free source for T56 Magnum packaging vs CD009 alternative. Magnum installation tips: rotating stock shifter 180 deg moves it ~3.5in forward; forward mounting provision ~7.75in forward of rear shifter.
tremec-skip-shift-connector-cap-thingiverse-wtf-deluxe,swap,Tremec Skip Shift Connector Cap,Tremec skip-shift connector cap,close,thingiverse.com (via archive.org mirror),https://www.thingiverse.com/thing:4506908,Hugh Mungus (WTF_Deluxe),https://creativecommons.org/licenses/by/4.0/,stl,yes,no,01-REFERENCE/model/library/swap/tremec-skip-shift-connector-cap-thingiverse-wtf-deluxe,20 x 16 x 21,1:1,788,2,Decided to completely delete the skip shift solenoid from my 2015 Challenger. The complete process can be found in this thread. https://www.challengertalk.com/threads/p0501-vehicle-speed-sensor-m6.679833/post-8569990,"Downloaded from Internet Archive mirror https://archive.org/details/thingiverse-4506908 (Thingiverse site downloads are JS-gated). Thing date 2020-06-28. | measured: largest=Tremec_Skip_Shift_Connector_Cap_4506908/files/skip_shift_cap.STL; per-file extents: Tremec_Skip_Shift_Connector_Cap_4506908/files/skip_shift_cap.STL=[19.9, 16.3, 20.7]"
tremec-t56-magnum-tuet11012-6spd-manual-transmission-scan-1-grabcad-rusty.spoon-1,swap,Tremec T56 Magnum TUET11012 6spd Manual Transmission Scan,TREMEC T56 Magnum TUET11012 6-speed (3D scan),close,grabcad.com,https://grabcad.com/library/tremec-t56-magnum-tuet11012-6spd-manual-transmission-scan-1,rusty spoon,GrabCAD Community Library terms (per-model license not stated),"STL,Rendering",no,yes,,,,,4,"401 downloads, 30 likes, 3 files, created 2025-10-17",Tremec T56 Magnum TUET11012 6spd Transmission. GM fitment. Weight dry is 125.7lbs. | GrabCAD download requires login; not fetched.
tremec-t56-service-manual-tremec,swap,TREMEC T56 service manual TRSM_T56_0711,TREMEC/BorgWarner T56 6-speed (OEM F-body/GTO/Viper) service manual,close,tremec.com,https://tremec.com/wp-content/uploads/2023/05/TRSM_T56_0711.pdf,TREMEC,"manufacturer literature, free download",drawing,yes,no,01-REFERENCE/model/library/swap/tremec-t56-magnum-docs-tremec,,,,3,Exploded views/procedures for OEM T56.,
tremec-tr6060-product-sheet-tremec,swap,TREMEC TR-6060 product sheet,"TREMEC TR-6060 6-speed (Gen IV/V GM, Camaro/Corvette/CTS-V) product sheet",close,tremec.com,https://tremec.com/wp-content/uploads/2023/05/Product.Sheet_TR-6060.pdf,TREMEC,"manufacturer literature, free download",drawing,yes,no,01-REFERENCE/model/library/swap/tremec-t56-magnum-docs-tremec,,,,2,2-page spec sheet.,
tsp-302-1-ls-swap-oil-pan-scan-1-grabcad-rusty.spoon-1,swap,TSP 302-1 LS Swap Oil Pan Scan,TSP 302-1 style LS swap oil pan (3D scan),close,grabcad.com,https://grabcad.com/library/tsp-302-1-ls-swap-oil-pan-scan-1,rusty spoon,GrabCAD Community Library terms (per-model license not stated),"STL,Rendering",no,yes,,,,,4,"243 downloads, 16 likes, 2 files, created 2025-06-03",TSP 302-1 LS oil pan which is a copy of the Holley 302-1 oil pan | GrabCAD download requires login; not fetched.
twin-turbo-6-0-v8-ls-engine-revised-sketchfab-heer-bommel,swap,Twin_turbo_6.0__v8_ls_engine_revised,GM 6.0 LS twin-turbo engine (re-upload),close,sketchfab.com,https://sketchfab.com/3d-models/twin-turbo-60--v8-ls-engine-revised-5fca6399f2ce4aa6b6980e676568757c,Heer.Bommel,CC Attribution,sketchfab (glb/gltf/source on download),no,yes,,,,89574,2,engines,Sketchfab download requires login.
twin-turbo-6-0-v8-ls-engine-revised-sketchfab-unforgettablename,swap,Twin Turbo 6.0 V8 LS Engine (Revised),"GM 6.0L LS twin-turbo engine with radiator, flexplate",close,sketchfab.com,https://sketchfab.com/3d-models/twin-turbo-60-v8-ls-engine-revised-b6008d44853845a1bf8c22773aba3203,UnforgettableName,Free Standard,sketchfab (glb/gltf/source on download),no,yes,,,,90167,2,"General Motors 6.0L LS Engine. Paralleled twin turbos with waste gate and blow off valves. Ram air, direct port fuel injected intake manifolds. Single air to air intercooler. radiator, flywheel/flex plate , torque converter and starter. This model has been created with 3D Modeling App: https://3dmodeling.page.link/Invite",Sketchfab download requires login.
twin-turbo-ls-engine-sketchfab-unforgettablename,swap,Twin Turbo LS Engine,GM LS twin-turbo engine (phone-app model),close,sketchfab.com,https://sketchfab.com/3d-models/twin-turbo-ls-engine-0c94a981a6b449268335269eeb6df269,UnforgettableName,Free Standard,sketchfab (glb/gltf/source on download),no,yes,,,,66275,1,"G.M. Ls twin turbo, high ram air intake, air-air intercooler. as a full disclosure, all of my models are created on a phone app",Sketchfab download requires login.
v12-ls-engine-1-grabcad-shane.corish-1,swap,V12 LS engine,V12 built from LS architecture (concept),different,grabcad.com,https://grabcad.com/library/v12-ls-engine-1,Shane Corish,GrabCAD Community Library terms (per-model license not stated),"Parasolid,Rendering",no,yes,,,,,2,"1669 downloads, 181 likes, 2 files, created 2017-02-20","I put this model together based on an excellent LS3 model uploaded by ""LOU KAMINSKI"". I have extended the heads and block, and added my rocker covers and sump. I have built this actual engine out of LS1 blocks, which made 717hp with a mild tune.. Google ""V12 LS1"" for a video. Cast engine blocks are on the way, with up to 1,000hp in NA form. I can't wait to see what happens with turbos! Please download this model and show the GrabCAD community what you would put an engine like this into. | GrabCAD download requires login; not fetched."
v8-engine-scan-pop3-sketchfab-modception,swap,"V8 engine scan, POP3","GM LSX V8 engine (3D scan, Revopoint POP3)",close,sketchfab.com,https://sketchfab.com/3d-models/v8-engine-scan-pop3-d170e5464f7c4e5297680e48bc9db58e,modception,not stated (view-only),sketchfab (glb/gltf/source on download),no,yes,,,,4343950,3,"This is a 3D scan of a GM LSX engine, scanned with Revopoint POP3 for demonstration use.",Not offered for download (view-only) as of 2026-09-24.
v8-ls3-engine-1-grabcad-machno.design-1,swap,V8 LS3 Engine,GM LS3 V8 engine,close,grabcad.com,https://grabcad.com/library/v8-ls3-engine-1,Machno Design,GrabCAD Community Library terms (per-model license not stated),"SOLIDWORKS,Rendering",no,yes,,,,,3,"229 downloads, 11 likes, 36 files, created 2026-02-19","The GM LS3 is a 6.2L (376 cu in) Gen IV Small-Block V8 engine introduced in 2008, producing 430–436 horsepower and 424–428 lb-ft of torque. It features an aluminum block with 6-bolt main caps, high-flow L92-style rectangular-port cylinder heads, and a compression ratio, making it a popular choice for high-performance applications. | GrabCAD download requires login; not fetched."
vevor-1-5-8-exhaust-turbo-headers-1-grabcad-hendrix.d.g-1,swap,"VEVOR 1 5/8"" Exhaust Turbo Headers",VEVOR LS 1-5/8in turbo headers,close,grabcad.com,https://grabcad.com/library/vevor-1-5-8-exhaust-turbo-headers-1,Hendrix d.G,GrabCAD Community Library terms (per-model license not stated),"STL,Rendering",no,yes,,,,,3,"192 downloads, 5 likes, 8 files, created 2025-09-15","on amazon under ""VEVOR Exhaust Header Set 1 5/8"" Exhaust Turbo Headers, Stainless Steel Exhaust Manifold Headers, Shorty Engine Conversion LS Swap Exhaust Headers for Chevy Corvette 1963-1981 V8 Engines "" close enough to get an idea | GrabCAD download requires login; not fetched."
walbro-237-in-tank-fuel-pump-1-grabcad-craig.forcht-1,swap,Walbro 237 in tank fuel pump,Walbro 237 in-tank fuel pump,close,grabcad.com,https://grabcad.com/library/walbro-237-in-tank-fuel-pump-1,craig forcht,GrabCAD Community Library terms (per-model license not stated),SOLIDWORKS 2013,no,yes,,,,,3,"248 downloads, 7 likes, 1 files, created 2016-03-28",Walbro 237 electric in tank fuel pump for a stock C6 Corvette | GrabCAD download requires login; not fetched.
walbro-electric-in-tank-fuel-pump-f90000267-1-grabcad-jess.neal-1,swap,Walbro Electric In-Tank Fuel Pump F90000267,Walbro F90000267 in-tank fuel pump,close,grabcad.com,https://grabcad.com/library/walbro-electric-in-tank-fuel-pump-f90000267-1,Jess Neal,GrabCAD Community Library terms (per-model license not stated),"STEP / IGES,Rendering",no,yes,,,,,3,"333 downloads, 10 likes, 3 files, created 2024-01-04",Walbro Electric In-Tank Fuel Pump | GrabCAD download requires login; not fetched.
walbro-fuel-pump-gss-342-1-grabcad-carlo-49,swap,Walbro Fuel Pump GSS 342,Walbro GSS342 in-tank fuel pump,close,grabcad.com,https://grabcad.com/library/walbro-fuel-pump-gss-342-1,carlo,GrabCAD Community Library terms (per-model license not stated),"SOLIDWORKS 2013,Rendering",no,yes,,,,,3,"474 downloads, 47 likes, 11 files, created 2017-02-13","fits 1992-2000 honda civic GSS342 The Walbro high output in-tank electric fuel pumps are available in flow ratings of 255 liters of fuel per hour. These particular pumps flow significantly more fuel at higher pressure than standard-pressure versions. For example, at 80 PSI the standard 255 lph pump will flow around 132 liters (35 gallons) per hour. At that same 80 PSI the equivalent HP (high pressure) fuel pump will flow over 210 liters (50 gallons) per hour. Walbro in-tank electric fuel pumps u | GrabCAD download requires login; not fetched."
walbro-gsl-393-1-grabcad-thomas.hauklien-2,swap,Walbro GSL-393,Walbro GSL393 inline fuel pump,close,grabcad.com,https://grabcad.com/library/walbro-gsl-393-1,Thomas Hauklien,GrabCAD Community Library terms (per-model license not stated),"SOLIDWORKS 2015,STEP / IGES,Rendering",no,yes,,,,,3,"246 downloads, 6 likes, 4 files, created 2015-09-04",This is a solid model of the Walbro in-line fuel pumps. By EDGEPERFORMANCE AS | GrabCAD download requires login; not fetched.
walbro-gsl392-fuel-pump-bracket-thingiverse-s70urg,swap,Walbro GSL392 Fuel Pump Bracket,Walbro GSL392 inline fuel pump bracket,close,thingiverse.com (via archive.org mirror),https://www.thingiverse.com/thing:4192782,Ben Sturgess (S70URG),https://creativecommons.org/licenses/by/4.0/,stl,yes,no,01-REFERENCE/model/library/swap/walbro-gsl392-fuel-pump-bracket-thingiverse-s70urg,25 x 52 x 80,1:1,1040,3,'Flexible' with slotted mounting holes to get a good tight clamp on the fuel pump bracket. Flexes enough that you dont need to remove fittings etc to fit and remove the fuel pump,"Downloaded from Internet Archive mirror https://archive.org/details/thingiverse-4192782 (Thingiverse site downloads are JS-gated). Thing date 2020-02-29. | measured: largest=Walbro_GSL392_Fuel_Pump_Bracket_4192782/files/Fuel_Pump_Bracket.STL; per-file extents: Walbro_GSL392_Fuel_Pump_Bracket_4192782/files/Fuel_Pump_Bracket.STL=[25.0, 52.5, 80.0]"
walbro-in-tank-fuel-pump-gss340-1-grabcad-ben.beacock-2,swap,Walbro In-Tank Fuel Pump GSS340,Walbro GSS340 in-tank fuel pump,close,grabcad.com,https://grabcad.com/library/walbro-in-tank-fuel-pump-gss340-1,Ben Beacock,GrabCAD Community Library terms (per-model license not stated),"PTC Creo Elements,STEP / IGES",no,yes,,,,,3,"288 downloads, 5 likes, 3 files, created 2020-08-11",Walbro GSS340G3 fuel pump. 255lph | GrabCAD download requires login; not fetched.
z33-350z-differential-3d-scan-1-grabcad-k.s-86,swap,Z33 350z differential 3d scan,Nissan Z33 350Z differential (3D scan),different,grabcad.com,https://grabcad.com/library/z33-350z-differential-3d-scan-1,k s,GrabCAD Community Library terms (per-model license not stated),STL,no,yes,,,,,3,"211 downloads, 6 likes, 1 files, created 2024-10-02",Z33 350z differential 3d scan | GrabCAD download requires login; not fetched.
