id,book,page,figure,figure_title,dcode,description,part_no,qty,model,remarks,fits,fits_why
EC-025-01,EC,25,1000A-1,SHORT ENGINE BLOCK & GASKET SETS,10 271S,"GASKET SET, ENGINE",N201-99-100,1,'81 & '82 MODELS,,yes,
EC-025-02,EC,25,1000A-1,SHORT ENGINE BLOCK & GASKET SETS,,,N231-99-100,1,'83 MODEL,,no,'83 model
EC-025-03,EC,25,1000A-1,SHORT ENGINE BLOCK & GASKET SETS,23 0401,O-RING SET,1757-23-040B,1,,,yes,
EC-025-04,EC,25,1000A-1,SHORT ENGINE BLOCK & GASKET SETS,23 800,"ENGINE BLOCK, SHORT",N201-23-200,1,'81 & '82 MODELS M/T,,no,M/T
EC-025-05,EC,25,1000A-1,SHORT ENGINE BLOCK & GASKET SETS,,,,,,REFER TO PARTS BULL. NOS. R-6 & R-8 FOR MANA ENGINE PROGRAM.,yes,note row
EC-025-06,EC,25,1000A-1,SHORT ENGINE BLOCK & GASKET SETS,,,N202-23-200,1,'81 & '82 MODELS A/T,,yes,
EC-025-07,EC,25,1000A-1,SHORT ENGINE BLOCK & GASKET SETS,,,N231-23-200,1,'83 MODEL M/T,,no,'83 model M/T
EC-025-08,EC,25,1000A-1,SHORT ENGINE BLOCK & GASKET SETS,,,N232-23-200,1,'83 MODEL A/T,,no,'83 model
EC-026-01,EC,26,1030A-1,ROTOR HOUSING,10 100A,"HOUSING, ROTOR",N201-10-100,2,,,yes,
EC-026-02,EC,26,1030A-1,ROTOR HOUSING,10 105A,"STUD, REACTOR",0839-10-105,4,,,yes,
EC-026-03,EC,26,1030A-1,ROTOR HOUSING,10 1111,"DOWEL, TUBULAR",0839-10-111B,4,,,yes,
EC-026-04,EC,26,1030A-1,ROTOR HOUSING,10 1711,"RING, SQUARE",1757-10-171A,4,,,yes,
EC-026-05,EC,26,1030A-1,ROTOR HOUSING,10 172A,"RING, SQUARE-OUTER",1480-10-172,4,,,yes,
EC-026-06,EC,26,1030A-1,ROTOR HOUSING,10 1731,O-RING,N231-10-173,4,,,yes,
EC-026-07,EC,26,1030A-1,ROTOR HOUSING,10 2501,"CAP, OIL FILLER",8871-10-250A,1,,,yes,
EC-026-08,EC,26,1030A-1,ROTOR HOUSING,10 2521,"GASKET, OIL CAP",8871-10-252,1,,,yes,
EC-026-09,EC,26,1030A-1,ROTOR HOUSING,10 4001,"HOUSING, INTERMEDIATE",8341-10-400,1,,,yes,
EC-026-10,EC,26,1030A-1,ROTOR HOUSING,10 410,"PIPE, OIL FILLER",3565-10-410A,1,,,yes,
EC-026-11,EC,26,1030A-1,ROTOR HOUSING,10 4171,"JOINT, PIPE",8562-10-417,1,,,yes,
EC-026-12,EC,26,1030A-1,ROTOR HOUSING,10 450,DIPSTICK,N201-10-830,1,,,yes,
EC-026-13,EC,26,1030A-1,ROTOR HOUSING,10 5001,"GEAR, STATIONARY-FRONT",3743-10-500,1,,,yes,
EC-026-14,EC,26,1030A-1,ROTOR HOUSING,10 5021,"BEARING, MAIN",0820-10-502B,2,,,yes,
EC-026-15,EC,26,1030A-1,ROTOR HOUSING,10 5501,"GEAR, STATIONARY-REAR",3743-10-550A,1,,,yes,
EC-026-16,EC,26,1030A-1,ROTOR HOUSING,10 5551,O-RING,0813-10-555A,1,,,yes,
EC-026-17,EC,26,1030A-1,ROTOR HOUSING,10 5561,"SEAL, OIL",1668-10-556A,1,,,yes,
EC-027-01,EC,27,1040A-1,OIL PAN & REAR HOUSING,10 1741,O-RING,N231-10-174,1,,,yes,
EC-027-02,EC,27,1040A-1,OIL PAN & REAR HOUSING,10 2001,"HOUSING, FRONT",8981-10-200,1,,,yes,
EC-027-03,EC,27,1040A-1,OIL PAN & REAR HOUSING,,<C>,8981-10-200B,1,,REQUIRES WASHER: 9995-21-200,yes,
EC-027-04,EC,27,1040A-1,OIL PAN & REAR HOUSING,10 203A,"PIN, DOWEL",0839-10-203,2,,,yes,
EC-027-05,EC,27,1040A-1,OIL PAN & REAR HOUSING,10 2041,"DOWEL, TUBULAR",1757-10-309,2,,,yes,
EC-027-06,EC,27,1040A-1,OIL PAN & REAR HOUSING,10 205A,"PLUG, BLIND",8562-10-205,4,,,yes,
EC-027-07,EC,27,1040A-1,OIL PAN & REAR HOUSING,10 2061,"PLUG, BLIND",1757-10-206A,1,,,yes,
EC-027-08,EC,27,1040A-1,OIL PAN & REAR HOUSING,10 2071,"PLUG, BLIND",1757-10-207A,1,,,yes,
EC-027-09,EC,27,1040A-1,OIL PAN & REAR HOUSING,10 2081,STUD,1757-10-208,4,,,yes,
EC-027-10,EC,27,1040A-1,OIL PAN & REAR HOUSING,10 3001,"HOUSING, REAR",N201-10-300A,1,'81 & '82 MODELS,,yes,
EC-027-11,EC,27,1040A-1,OIL PAN & REAR HOUSING,,,N231-10-300A,1,'83 MODEL,,no,'83 model
EC-027-12,EC,27,1040A-1,OIL PAN & REAR HOUSING,10 3051,"COVER, DUST",1480-10-305,1,M/T,,no,M/T
EC-027-13,EC,27,1040A-1,OIL PAN & REAR HOUSING,,,1481-10-305,1,A/T,,yes,A/T
EC-027-14,EC,27,1040A-1,OIL PAN & REAR HOUSING,10 3091,"PIN, TUBULAR",1757-10-309,2,'81 & '82 MODELS,,yes,
EC-027-15,EC,27,1040A-1,OIL PAN & REAR HOUSING,,,,4,'83 MODEL,,no,'83 model qty
EC-027-16,EC,27,1040A-1,OIL PAN & REAR HOUSING,10 3201,"CONNECTOR, HOSE",0866-10-320A,1,'81 MODEL,,no,'81 model
EC-027-17,EC,27,1040A-1,OIL PAN & REAR HOUSING,10 351,"COVER, DUST",1758-10-351,1,'81 & '82 MODELS M/T,,no,M/T
EC-027-18,EC,27,1040A-1,OIL PAN & REAR HOUSING,,,N231-10-351A,1,'83 MODEL M/T,,no,'83 model M/T
EC-027-19,EC,27,1040A-1,OIL PAN & REAR HOUSING,10 400,"PAN, OIL",N201-10-700A,1,CAL.,,unclear,CAL. vs FED. not known
EC-027-20,EC,27,1040A-1,OIL PAN & REAR HOUSING,,,N203-10-700,1,FED.,,unclear,CAL. vs FED. not known
EC-027-21,EC,27,1040A-1,OIL PAN & REAR HOUSING,10 404,"PLUG, DRAIN",9951-11-400,1,,,yes,
EC-027-22,EC,27,1040A-1,OIL PAN & REAR HOUSING,,<AN>,HE03-10-404,1,,,yes,alternative number
EC-027-23,EC,27,1040A-1,OIL PAN & REAR HOUSING,10 405,"GASKET, DRAIN PLUG",9956-41-400,1,,,yes,
EC-027-24,EC,27,1040A-1,OIL PAN & REAR HOUSING,10 431,"GASKET, OIL PAN",0839-10-711,1,,,yes,
EC-027-25,EC,27,1040A-1,OIL PAN & REAR HOUSING,10 4511,"BOLT, TENSION",1015-10-451B,16,,,yes,
EC-027-26,EC,27,1040A-1,OIL PAN & REAR HOUSING,10 4521,"BOLT, TENSION",1015-10-452A,1,,,yes,
EC-027-27,EC,27,1040A-1,OIL PAN & REAR HOUSING,10 4551,"WASHER, SEAL",0839-10-455,17,,,yes,
EC-027-28,EC,27,1040A-1,OIL PAN & REAR HOUSING,10 503,"PIN, TOP INDICATOR",8871-10-631A,1,,,yes,
EC-027-29,EC,27,1040A-1,OIL PAN & REAR HOUSING,10 507,"SEAL, OIL",0820-10-605,1,,,yes,
EC-027-30,EC,27,1040A-1,OIL PAN & REAR HOUSING,10 6001,"COVER, FRONT",1480-10-600A,1,,,yes,
EC-027-31,EC,27,1040A-1,OIL PAN & REAR HOUSING,10 600J,"JOINT, UNION",9938-41-200F,1,,,yes,
EC-027-32,EC,27,1040A-1,OIL PAN & REAR HOUSING,10 6091,"PIN, SPRING",1757-10-609,1,,,yes,
EC-027-33,EC,27,1040A-1,OIL PAN & REAR HOUSING,10 641,"GASKET, FRONT COVER",8527-10-641,1,,,yes,
EC-027-34,EC,27,1040A-1,OIL PAN & REAR HOUSING,10 7351,PROTECTOR,N231-10-735,1,'83 MODEL,,no,'83 model
EC-027-35,EC,27,1040A-1,OIL PAN & REAR HOUSING,10 8451,BOLT,855?-10-845,1,,,yes,
EC-027-36,EC,27,1040A-1,OIL PAN & REAR HOUSING,10 8611,"HANGER, ENGINE",N225-10-861,1,,,yes,
EC-027-37,EC,27,1040A-1,OIL PAN & REAR HOUSING,10 8621,"HANGER, ENGINE",8871-10-862,1,,,yes,
EC-027-38,EC,27,1040A-1,OIL PAN & REAR HOUSING,14 2731,SPRING,0839-14-273A,1,'81 & '82 MODELS,,yes,
EC-028-01,EC,28,1040A-2,OIL PAN & REAR HOUSING,14 2731 (CONT'D),,N231-14-273,1,'83 MODEL,,no,'83 model
EC-028-02,EC,28,1040A-2,OIL PAN & REAR HOUSING,14 2741,PLUG,0839-14-274,1,,,yes,
EC-028-03,EC,28,1040A-2,OIL PAN & REAR HOUSING,14 2751,"PLUNGER, CONTROL",0839-14-115,1,,,yes,
EC-028-04,EC,28,1040A-2,OIL PAN & REAR HOUSING,23 0451,"SEALANT, SILICONE",8527-77-739,1,TUBE,,yes,
EC-029-01,EC,29,1100A-1,ECCENTRIC SHAFT & FLYWHEEL,11 371,"PULLEY, CRANKSHAFT",8649-11-600,1,,,yes,
EC-029-02,EC,29,1100A-1,ECCENTRIC SHAFT & FLYWHEEL,11 376,"BOLT, PULLEY",0820-11-611B,1,,,yes,
EC-029-03,EC,29,1100A-1,ECCENTRIC SHAFT & FLYWHEEL,11 4001,"SHAFT, ECCENTRIC",N201-11-400,1,M/T,,no,M/T
EC-029-04,EC,29,1100A-1,ECCENTRIC SHAFT & FLYWHEEL,,,1883-11-400A,1,A/T,,yes,A/T
EC-029-05,EC,29,1100A-1,ECCENTRIC SHAFT & FLYWHEEL,11 400J,O-RING,9954-10-1101,2,THRU DEC. '81 PROD.,FB331 ..500001-629394,unclear,"serial break 629394, VIN serial unknown"
EC-029-06,EC,29,1100A-1,ECCENTRIC SHAFT & FLYWHEEL,11 4031,"BEARING, NEEDLE",N326-11-D03,1,M/T,,no,M/T
EC-029-07,EC,29,1100A-1,ECCENTRIC SHAFT & FLYWHEEL,11 4041,"SEAL, OIL",1881-11-404,1,M/T,,no,M/T
EC-029-08,EC,29,1100A-1,ECCENTRIC SHAFT & FLYWHEEL,11 4051,"PLUG, BLIND",0813-11-405,1,'82 MODEL,FB331 ..629394-,unclear,"serial break 629394, VIN serial unknown"
EC-029-09,EC,29,1100A-1,ECCENTRIC SHAFT & FLYWHEEL,11 4111,"PLUG, OIL JET",0839-11-411A,2,,,yes,
EC-029-10,EC,29,1100A-1,ECCENTRIC SHAFT & FLYWHEEL,11 411J,"BALL, STEEL",9961-12-000,2,,,yes,
EC-029-11,EC,29,1100A-1,ECCENTRIC SHAFT & FLYWHEEL,11 4121,SPRING,0839-11-412,2,,,yes,
EC-029-12,EC,29,1100A-1,ECCENTRIC SHAFT & FLYWHEEL,11 500,FLYWHEEL,N201-11-700,1,'81 - '82,,yes,
EC-029-13,EC,29,1100A-1,ECCENTRIC SHAFT & FLYWHEEL,,,N231-11-700A,1,'83,,no,'83
EC-029-14,EC,29,1100A-1,ECCENTRIC SHAFT & FLYWHEEL,11 5011,PLATE,1011-11-501,1,,,yes,
EC-029-15,EC,29,1100A-1,ECCENTRIC SHAFT & FLYWHEEL,11 502,"GEAR, RING",0866-11-702,1,M/T,,no,M/T
EC-029-16,EC,29,1100A-1,ECCENTRIC SHAFT & FLYWHEEL,11 5021,SPACER,0839-11-509,1,(L=8.00),,yes,selective fit
EC-029-17,EC,29,1100A-1,ECCENTRIC SHAFT & FLYWHEEL,,,0839-11-502,1,(L=8.02),,yes,selective fit
EC-029-18,EC,29,1100A-1,ECCENTRIC SHAFT & FLYWHEEL,,,0839-11-508,1,(L=8.04),,yes,selective fit
EC-029-19,EC,29,1100A-1,ECCENTRIC SHAFT & FLYWHEEL,,,8519-11-517,1,(L=8.06),,yes,selective fit
EC-029-20,EC,29,1100A-1,ECCENTRIC SHAFT & FLYWHEEL,,,0839-11-506,1,(L=8.08),,yes,selective fit
EC-029-21,EC,29,1100A-1,ECCENTRIC SHAFT & FLYWHEEL,11 5041,"PLATE, THRUST",1011-11-504,1,,,yes,
EC-029-22,EC,29,1100A-1,ECCENTRIC SHAFT & FLYWHEEL,11 5051,"BEARING, NEEDLE",0813-11-505B,2,,,yes,
EC-029-23,EC,29,1100A-1,ECCENTRIC SHAFT & FLYWHEEL,11 5071,"WASHER, THRUST",1011-11-507,1,,,yes,
EC-029-24,EC,29,1100A-1,ECCENTRIC SHAFT & FLYWHEEL,11 5111,"WEIGHT, BALANCE",N201-11-511,1,M/T '81 MODEL A/T,FB331 .. 500001-500075,no,M/T or '81 A/T serials 500001-500075
EC-029-25,EC,29,1100A-1,ECCENTRIC SHAFT & FLYWHEEL,,,1881-11-511,1,A/T,FB331 ..500076-,yes,A/T from 500076
EC-029-26,EC,29,1100A-1,ECCENTRIC SHAFT & FLYWHEEL,,,N226-11-511A,1,'83 MODEL,,no,'83 model
EC-029-27,EC,29,1100A-1,ECCENTRIC SHAFT & FLYWHEEL,11 5121,KEY,9923-60-571,1,,,yes,
EC-029-28,EC,29,1100A-1,ECCENTRIC SHAFT & FLYWHEEL,11 5311,"GEAR, DRIVE",0839-11-531,1,,,yes,
EC-029-29,EC,29,1100A-1,ECCENTRIC SHAFT & FLYWHEEL,11 5511,"GEAR, DRIVE-OIL PUMP",0839-11-551A,1,,,yes,
EC-029-30,EC,29,1100A-1,ECCENTRIC SHAFT & FLYWHEEL,11 7051,"KEY, FLYWHEEL",0820-11-705,1,,,yes,
EC-029-31,EC,29,1100A-1,ECCENTRIC SHAFT & FLYWHEEL,11 7111,"NUT, LOCK",0810-11-711,1,,,yes,
EC-029-32,EC,29,1100A-1,ECCENTRIC SHAFT & FLYWHEEL,11 7501,"WEIGHT, CONTROL",1883-11-751A,1,'81 & '82 MODELS A/T,,yes,
EC-029-33,EC,29,1100A-1,ECCENTRIC SHAFT & FLYWHEEL,,,N226-11-751A,1,'83 MODEL A/T,,no,'83 model
EC-030-01,EC,30,1110A-1,ROTOR & RELATED,11 1111,"BEARING, ROTOR",1011-11-111,2,,,yes,
EC-030-02,EC,30,1110A-1,ROTOR & RELATED,11 3011,"SEAL, APEX",N201-11-300A,6,,,yes,
EC-030-03,EC,30,1110A-1,ROTOR & RELATED,11 3021,"PIECE, SIDE",N201-11-302A,6,,,yes,
EC-030-04,EC,30,1110A-1,ROTOR & RELATED,11 3041,"SPRING, APEX SEAL",1011-11-304B,6,,,yes,
EC-030-05,EC,30,1110A-1,ROTOR & RELATED,11 3171,"SPRING, SIDE SEAL",0820-11-317,12,,,yes,
EC-030-06,EC,30,1110A-1,ROTOR & RELATED,11 3211,"SEAL, CORNER",1202-11-321,12,'81 & '82 MODELS,,yes,
EC-030-07,EC,30,1110A-1,ROTOR & RELATED,,,N225-11-321,12,'83 MODEL,,no,'83 model
EC-030-08,EC,30,1110A-1,ROTOR & RELATED,11 3221,"PLUG, CORNER SEAL",N201-11-322,12,,,yes,
EC-030-09,EC,30,1110A-1,ROTOR & RELATED,11 3231,"SPRING, CORNER SEAL",1202-11-323A,12,,,yes,
EC-030-10,EC,30,1110A-1,ROTOR & RELATED,11 3411,"O-RING, INNER",0820-11-341,4,,,yes,
EC-030-11,EC,30,1110A-1,ROTOR & RELATED,11 3431,"O-RING, OUTER",1202-11-343,4,,,yes,
EC-030-12,EC,30,1110A-1,ROTOR & RELATED,11 3511,"SPRING, FRONT-INNER",1011-11-351,2,'81 & '82 MODELS,,yes,
EC-030-13,EC,30,1110A-1,ROTOR & RELATED,,,N225-11-351,2,'83 MODEL,,no,'83 model
EC-030-14,EC,30,1110A-1,ROTOR & RELATED,11 3531,"SPRING, FRONT-OUTER",1011-11-353A,2,,,yes,
EC-030-15,EC,30,1110A-1,ROTOR & RELATED,11 3611,"SPRING, REAR-INNER",1011-11-361,2,'81 & '82 MODELS,,yes,
EC-030-16,EC,30,1110A-1,ROTOR & RELATED,,,N225-11-361,2,'83 MODEL,,no,'83 model
EC-030-17,EC,30,1110A-1,ROTOR & RELATED,11 3631,"SPRING, REAR-OUTER",1011-11-363A,2,,,yes,
EC-030-18,EC,30,1110A-1,ROTOR & RELATED,23 1021,"ROTOR, FRONT",1480-23-103,1,'81 & '82 MODELS,,yes,
EC-030-19,EC,30,1110A-1,ROTOR & RELATED,,,N225-23-103,1,'83 MODEL,,no,'83 model
EC-030-20,EC,30,1110A-1,ROTOR & RELATED,23 1121,"ROTOR, REAR",1480-23-113,1,'81 & '82 MODELS,,yes,
EC-030-21,EC,30,1110A-1,ROTOR & RELATED,,,N225-23-113,1,'83 MODEL,,no,'83 model
EC-030-22,EC,30,1110A-1,ROTOR & RELATED,23 151A,"SEAL, SIDE",1011-23-151A,12,,,yes,
EC-030-23,EC,30,1110A-1,ROTOR & RELATED,23 1801,"SEAL SET, OIL",8871-23-180,4,,,yes,
EC-031-01,EC,31,1300A-1,INTAKE MANIFOLD,13 100,"MANIFOLD, INTAKE",N201-13 100A,1,,,yes,
EC-031-02,EC,31,1300A-1,INTAKE MANIFOLD,13 100J,O-RING,8527-13-113,2,,,yes,
EC-031-03,EC,31,1300A-1,INTAKE MANIFOLD,13 111,"GASKET, INTAKE MANIFOLD",1881-13-111A,1,,,yes,
EC-031-04,EC,31,1300A-1,INTAKE MANIFOLD,13 1201,"SHAFT, VALVE",1480-13-120A,1,,,yes,
EC-031-05,EC,31,1300A-1,INTAKE MANIFOLD,13 1211,VALVE,N201-13-121,1,,,yes,
EC-031-06,EC,31,1300A-1,INTAKE MANIFOLD,13 1291,"PLATE, THRUST",1480-13-129,1,'81 MODEL,FB331 ..500001-507334,no,'81 model
EC-032-01,EC,32,1310A-1,EXHAUST MANIFOLD,13 3711,"INSULATOR, HEAT",1480-13-370,1,,,yes,
EC-032-02,EC,32,1310A-1,EXHAUST MANIFOLD,13 3801,"PLATE, ABSORBER",1480-13-380A,1,,,yes,
EC-032-03,EC,32,1310A-1,EXHAUST MANIFOLD,13 390,"DUCT, HOT AIR",1480-13-330,1,,,yes,
EC-032-04,EC,32,1310A-1,EXHAUST MANIFOLD,13 3901,"BRACKET, ABSORBER",3565-13-390,1,,,yes,
EC-032-05,EC,32,1310A-1,EXHAUST MANIFOLD,13 450,"MANIFOLD, EXHAUST",1480-13-600B,1,,,yes,
EC-032-06,EC,32,1310A-1,EXHAUST MANIFOLD,13 456,STUD,2329-13-876,2,,,yes,
EC-032-07,EC,32,1310A-1,EXHAUST MANIFOLD,,<AN>,1757-13-857,2,,,yes,alternative number
EC-032-08,EC,32,1310A-1,EXHAUST MANIFOLD,13 461,NUT,8134-40-355,4,,,yes,
EC-032-09,EC,32,1310A-1,EXHAUST MANIFOLD,13 462,"GASKET, EXHAUST MANIFOLD",1480-13-889A,1,,,yes,
EC-032-10,EC,32,1310A-1,EXHAUST MANIFOLD,13 8821,"WASHER, SPRING",9997-11-000,4,,,yes,
EC-032-11,EC,32,1310A-1,EXHAUST MANIFOLD,20 920,"GASKET, EXHAUST PIPE",1480-13-621,1,,,yes,
EC-033-01,EC,33,1320A-1,FUEL SYSTEM,13 201,"BOLT, AIR CLEANER",8871-13-201A,1,,,yes,
EC-033-02,EC,33,1320A-1,FUEL SYSTEM,13 205B,"CAP, IDLE SWITCH",1481-13-205C,1,,,yes,
EC-033-03,EC,33,1320A-1,FUEL SYSTEM,13 270,"VALVE, CHECK",3648-13-270A,1,,,yes,
EC-033-04,EC,33,1320A-1,FUEL SYSTEM,13 270J,"HOSE, FUEL",9935-80-6999,,BULK QTY.,,yes,
EC-033-05,EC,33,1320A-1,FUEL SYSTEM,13 315,INSULATOR,1480-13-220B,1,,,yes,
EC-033-06,EC,33,1320A-1,FUEL SYSTEM,13 350,"PUMP, FUEL",8871-13-400B,1,'81 & '82 MODELS,,yes,
EC-033-07,EC,33,1320A-1,FUEL SYSTEM,,,N249-13-400B,1,'83 MODEL,,no,'83 model
EC-033-08,EC,33,1320A-1,FUEL SYSTEM,13 363,"RUBBER, INSULATION",8871-13-407,2,,,yes,
EC-033-09,EC,33,1320A-1,FUEL SYSTEM,13 421,"HOSE, FUEL MAIN",9935-80-8999,,BULK QTY.,,yes,
EC-033-10,EC,33,1320A-1,FUEL SYSTEM,13 422,"HOSE, FUEL RETURN",9935-80-69??,,BULK QTY.,,yes,
EC-033-11,EC,33,1320A-1,FUEL SYSTEM,13 445,CLIP,1480-13-445,1,'81 MODEL,FB331 ..500001-507334,no,'81 model
EC-033-12,EC,33,1320A-1,FUEL SYSTEM,13 447,CLIP,N201-13-445,1,,,yes,
EC-033-13,EC,33,1320A-1,FUEL SYSTEM,13 470,"FILTER, FUEL",0222-13-470B,1,'81 MODEL,FB331 ..500001-610655,no,'81 model
EC-033-14,EC,33,1320A-1,FUEL SYSTEM,,,E508-13-470,1,'82 & '83 MODELS,FB331 ..610656-,yes,'82 & '83 models
EC-033-15,EC,33,1320A-1,FUEL SYSTEM,,,,,,"REFER TO SERV. BULL. NO. 033/81, CAT. 4 FOR MORE INFO.",yes,note row
EC-033-16,EC,33,1320A-1,FUEL SYSTEM,13 481,"CLAMP, FUEL FILTER",0381-13-481,1,'81 MODEL,FB331 ..500001-610655,no,'81 model
EC-033-17,EC,33,1320A-1,FUEL SYSTEM,,,E508-13-481,1,'82 & '83 MODELS,FB331 ..610656,yes,'82 & '83 models
EC-033-18,EC,33,1320A-1,FUEL SYSTEM,13 650C,"HOSE, AIR",9935-10-8999,,BULK QTY.,,yes,
EC-033-19,EC,33,1320A-1,FUEL SYSTEM,13 7851,"HOSE, VENTILATION",8871-13-785C,1,,,yes,
EC-033-20,EC,33,1320A-1,FUEL SYSTEM,13 960,"BRACKET, CANISTER",N201-20-611,1,,,yes,
EC-033-21,EC,33,1320A-1,FUEL SYSTEM,13 970,CANISTER,N201-20-610A,1,'81 & '82 MODELS,,yes,
EC-033-22,EC,33,1320A-1,FUEL SYSTEM,,,N221-99-041,1,'83 MODEL,,no,'83 model
EC-033-23,EC,33,1320A-1,FUEL SYSTEM,,,,,,REFER TO RECALL CAMPAIGN NO. 21605 FOR MORE INFO.,unclear,note row; recall may apply
EC-033-24,EC,33,1320A-1,FUEL SYSTEM,13 971,"HOSE, VENTILATION",9935-10-8999,,BULK QTY.,,yes,
EC-033-25,EC,33,1320A-1,FUEL SYSTEM,13 972,"HOSE, EVAPORATION",9935-10-4999,,BULK QTY.,,yes,
EC-033-26,EC,33,1320A-1,FUEL SYSTEM,13 973,"HOSE, DRAIN",N201-20-613,1,'81 MODEL,FB331 ..500001-509606,no,'81 model
EC-033-27,EC,33,1320A-1,FUEL SYSTEM,13 973A,"HOSE, EVAPORATION",9935-10-8999,,BULK QTY.,,yes,
EC-033-28,EC,33,1320A-1,FUEL SYSTEM,51 402A,CLIP,3972-51-402,2,'81 MODEL,FB331 ..500001-507334,no,'81 model
EC-034-01,EC,34,1330A-1,AIR CLEANER,13 320,"CLEANER, AIR",N201-13-300,1,,,yes,
EC-034-02,EC,34,1330A-1,AIR CLEANER,13 344,"HOSE, HOT AIR",8871-13-341A,1,,,yes,
EC-034-03,EC,34,1330A-1,AIR CLEANER,23 603,"ELEMENT, AIR CLEANER",8341-23-672,1,,,yes,
EC-034-04,EC,34,1330A-1,AIR CLEANER,23 615,"PIPE, AIR INTAKE",1757-13-351A,1,,,yes,
EC-034-05,EC,34,1330A-1,AIR CLEANER,23 6731,COVER,8245-23-673,1,,,yes,
EC-034-06,EC,34,1330A-1,AIR CLEANER,23 6801,GASKET SET,1757-23-680,1,,,yes,
EC-034-07,EC,34,1330A-1,AIR CLEANER,23 6931,COMPENSATOR,3648-23-693A,1,,,yes,
EC-035-01,EC,35,1350A-1,STARTING ASSIST SYSTEM,13 081,BRACKET,8871-13-085B,1,'81 & '82 MODELS,,yes,
EC-035-02,EC,35,1350A-1,STARTING ASSIST SYSTEM,,,N229-13-081,1,'83 MODEL,,no,'83 model
EC-035-03,EC,35,1350A-1,STARTING ASSIST SYSTEM,13 083,MOTOR,8341-13-085,1,'81 & '82 MODELS,,yes,
EC-035-04,EC,35,1350A-1,STARTING ASSIST SYSTEM,,,N229-13-085,1,'83 MODEL,,no,'83 model
EC-035-05,EC,35,1350A-1,STARTING ASSIST SYSTEM,13 086,WIRE,8871-13-086B,1,'81 & '82 MODELS,,yes,
EC-035-06,EC,35,1350A-1,STARTING ASSIST SYSTEM,,,N225-13-086A,1,'83 MODEL,,no,'83 model
EC-035-07,EC,35,1350A-1,STARTING ASSIST SYSTEM,13 087,SPRING,8871-13-087A,2,,,yes,
EC-035-08,EC,35,1350A-1,STARTING ASSIST SYSTEM,13 5101,"TANK, STARTING FLUID",1881-13-510G,1,,,yes,
EC-035-09,EC,35,1350A-1,STARTING ASSIST SYSTEM,13 5151,"BRACKET, TANK",1757-13-515A,1,FED.,,unclear,FED. - Calif/Fed emission spec not known
EC-035-10,EC,35,1350A-1,STARTING ASSIST SYSTEM,13 5271,HOSE,8871-13-527,1,FED.,,unclear,FED. - Calif/Fed emission spec not known
EC-035-11,EC,35,1350A-1,STARTING ASSIST SYSTEM,13 5311,THERMO UNIT,8712-13-531,1,FED.,,unclear,FED. - Calif/Fed emission spec not known
EC-036-01,EC,36,1359A-1,"CARBURETOR, REPAIR KIT, GASKET SET & SCREW SET",13 600,CARBURETOR,N201-13-200A,1,'81 & '82 MODELS M/T CAL.,,no,M/T
EC-036-02,EC,36,1359A-1,"CARBURETOR, REPAIR KIT, GASKET SET & SCREW SET",,,N233-13-200A,1,'83 MODEL M/T CAL.,,no,'83 M/T
EC-036-03,EC,36,1359A-1,"CARBURETOR, REPAIR KIT, GASKET SET & SCREW SET",,,N202-13-200A,1,'81 & '82 MODELS A/T CAL.,,unclear,'81 & '82 A/T; CAL vs FED not known
EC-036-04,EC,36,1359A-1,"CARBURETOR, REPAIR KIT, GASKET SET & SCREW SET",,,N234-13-200A,1,'83 MODEL A/T CAL.,,no,'83 model
EC-036-05,EC,36,1359A-1,"CARBURETOR, REPAIR KIT, GASKET SET & SCREW SET",,,N203-13-200A,1,'81 & '82 MODELS M/T FED.,,no,M/T
EC-036-06,EC,36,1359A-1,"CARBURETOR, REPAIR KIT, GASKET SET & SCREW SET",,,N231-13-200A,1,'83 MODEL M/T FED.,,no,'83 M/T
EC-036-07,EC,36,1359A-1,"CARBURETOR, REPAIR KIT, GASKET SET & SCREW SET",,,N204-13-200A,1,'81 & '82 MODELS A/T FED.,,unclear,'81 & '82 A/T; CAL vs FED not known
EC-036-08,EC,36,1359A-1,"CARBURETOR, REPAIR KIT, GASKET SET & SCREW SET",,,N232-13-200A,1,'83 MODEL A/T FED.,,no,'83 model
EC-036-09,EC,36,1359A-1,"CARBURETOR, REPAIR KIT, GASKET SET & SCREW SET",23 371,SCREW SET,N201-23-652,1,,,yes,
EC-036-10,EC,36,1359A-1,"CARBURETOR, REPAIR KIT, GASKET SET & SCREW SET",,,N201-99-131,1,,,yes,
EC-036-11,EC,36,1359A-1,"CARBURETOR, REPAIR KIT, GASKET SET & SCREW SET",23 410A,"REPAIR KIT, CARBURETOR",N201-99-131,1,,,yes,
EC-036-12,EC,36,1359A-1,"CARBURETOR, REPAIR KIT, GASKET SET & SCREW SET",23 436,"CAP, IDLE LIMITER",N201-13-205,1,,,yes,
EC-036-13,EC,36,1359A-1,"CARBURETOR, REPAIR KIT, GASKET SET & SCREW SET",23 510,GASKET SET,N201-23-510,1,,,yes,
EC-036-14,EC,36,1359A-1,"CARBURETOR, REPAIR KIT, GASKET SET & SCREW SET",,"CHAMBER SET, DIAPHRAGM",N249-23-350,1,,,yes,
EC-038-01,EC,38,1360A-1,CARBURETOR COMPONENTS,13 717,"PIN, COTTER",1663-23-530,7,,,yes,
EC-038-02,EC,38,1360A-1,CARBURETOR COMPONENTS,13 717A,PIN & WASHER SET,8871-23-530,1,,,yes,
EC-038-03,EC,38,1360A-1,CARBURETOR COMPONENTS,13 781,"BALL, STEEL",0107-13-781,1,,,yes,
EC-038-04,EC,38,1360A-1,CARBURETOR COMPONENTS,23 271,"CHAMBER SET, DIAPHRAGM",N201-23-350,1,,,yes,
EC-038-05,EC,38,1360A-1,CARBURETOR COMPONENTS,23 301A,"WEIGHT, PUMP",3743-23-488,1,,,yes,
EC-038-06,EC,38,1360A-1,CARBURETOR COMPONENTS,23 303A,GASKET,0730-23-318,4,,,yes,
EC-038-07,EC,38,1360A-1,CARBURETOR COMPONENTS,23 304,STRAINER,8871-23-401,2,,,yes,
EC-038-08,EC,38,1360A-1,CARBURETOR COMPONENTS,23 310,"HORN, AIR",N201-23-310,1,'81 & '82 MODELS,,yes,
EC-038-09,EC,38,1360A-1,CARBURETOR COMPONENTS,,,N232-23-310,1,'83 MODEL,,no,'83 model
EC-038-10,EC,38,1360A-1,CARBURETOR COMPONENTS,23 311,"CHAMBER, THROTTLE",N201-23-330,1,'81 & '82 MODELS M/T CAL.,,no,M/T
EC-038-11,EC,38,1360A-1,CARBURETOR COMPONENTS,,,N203-23-330,1,'81 & '82 MODELS M/T FED.,,no,M/T
EC-038-12,EC,38,1360A-1,CARBURETOR COMPONENTS,,,N231-23-330,1,'83 MODEL M/T,,no,'83 M/T
EC-038-13,EC,38,1360A-1,CARBURETOR COMPONENTS,,,N202-23-330,1,'81 & '82 MODELS A/T,,yes,'81 & '82 A/T
EC-038-14,EC,38,1360A-1,CARBURETOR COMPONENTS,,,N232-23-330,1,'83 MODEL A/T,,no,'83 model
EC-038-15,EC,38,1360A-1,CARBURETOR COMPONENTS,23 320,"SPRING SET, RETURN",N201-23-380,1,,,yes,
EC-038-16,EC,38,1360A-1,CARBURETOR COMPONENTS,23 321,"GASKET, FLOAT CHAMBER",N201-23-327,1,,,yes,
EC-038-17,EC,38,1360A-1,CARBURETOR COMPONENTS,23 322,"DIAPHRAGM, CARBURETOR",N201-23-361,1,,,yes,
EC-038-18,EC,38,1360A-1,CARBURETOR COMPONENTS,23 327,SOLENOID,8871-23-411,1,,,yes,
EC-038-19,EC,38,1360A-1,CARBURETOR COMPONENTS,23 328B,"FLOAT SET, FRONT",N201-23-328,1,,,yes,
EC-038-20,EC,38,1360A-1,CARBURETOR COMPONENTS,23 329C,"FLOAT SET, REAR",N201-23-329,1,,,yes,
EC-038-21,EC,38,1360A-1,CARBURETOR COMPONENTS,23 338,"PLUG, CHECK BALL",8826-23-338,1,,,yes,
EC-038-22,EC,38,1360A-1,CARBURETOR COMPONENTS,23 340,"COVER SET, LEVER GAUGE",3743-23-34C,2,,,yes,
EC-038-23,EC,38,1360A-1,CARBURETOR COMPONENTS,23 353,"JET SET, MAIN 1ST",N202-23-421,2,A/T,,yes,A/T
EC-038-24,EC,38,1360A-1,CARBURETOR COMPONENTS,,,1955-23-421,2,M/T,,no,M/T
EC-038-25,EC,38,1360A-1,CARBURETOR COMPONENTS,23 354,PLUG SET,8980-23-354,2,,,yes,
EC-038-26,EC,38,1360A-1,CARBURETOR COMPONENTS,23 357A,"CLAMP, MAIN JET PLUG",8980-23-357,1,'82 MODEL,,yes,'82 model
EC-038-27,EC,38,1360A-1,CARBURETOR COMPONENTS,23 358,"GASKET, FLANGE",8341-23-349,1,,,yes,
EC-038-28,EC,38,1360A-1,CARBURETOR COMPONENTS,23 360B,"PUMP SET, ACCELERATOR",N201-23-360,1,,,yes,
EC-038-29,EC,38,1360A-1,CARBURETOR COMPONENTS,23 366,WASHER,0305-23-356,2,,,yes,
EC-038-30,EC,38,1360A-1,CARBURETOR COMPONENTS,23 371A,"HOLDER SET, RETURN",N201-23-371,1,,,yes,
EC-038-31,EC,38,1360A-1,CARBURETOR COMPONENTS,23 374,"SCREW SET, IDLE ADJUST",N201-23-460,1,,,yes,
EC-038-32,EC,38,1360A-1,CARBURETOR COMPONENTS,23 377A,BRACKET SET,N201-23-370,1,'81 & '82 MODELS M/T,,no,M/T
EC-038-33,EC,38,1360A-1,CARBURETOR COMPONENTS,,,N231-23-370,1,'83 MODEL M/T,,no,'83 M/T
EC-038-34,EC,38,1360A-1,CARBURETOR COMPONENTS,,,N202-23-370,1,'81 & '82 MODELS A/T,,yes,'81 & '82 A/T
EC-038-35,EC,38,1360A-1,CARBURETOR COMPONENTS,,,N232-23-370,1,'83 MODEL A/T,,no,'83 model
EC-038-36,EC,38,1360A-1,CARBURETOR COMPONENTS,23 390,"VALVE SET, FLOAT",N201-23-390,2,,,yes,
EC-038-37,EC,38,1360A-1,CARBURETOR COMPONENTS,23 397,"JET, STEP",N201-23-426,2,,,yes,
EC-038-38,EC,38,1360A-1,CARBURETOR COMPONENTS,23 402A,"JET SET, MAIN 2ND",0222-23-355B,2,,,yes,
EC-039-01,EC,39,1360A-2,CARBURETOR COMPONENTS,23 407,"JET SET, SLOW",3743-23-425,2,,,yes,
EC-039-02,EC,39,1360A-2,CARBURETOR COMPONENTS,23 4081,WASHER,0823-23-402A,1,,,yes,
EC-039-03,EC,39,1360A-2,CARBURETOR COMPONENTS,23 4091,"CONNECTOR SET, FUEL",8871-23-409A,1,,,yes,
EC-039-04,EC,39,1360A-2,CARBURETOR COMPONENTS,23 4201,"LEVER SET, FRONT",1480-23-420,1,'81 & '82 MODELS,,yes,
EC-039-05,EC,39,1360A-2,CARBURETOR COMPONENTS,,,N231-23-420,1,'83 MODEL,,no,'83 model
EC-039-06,EC,39,1360A-2,CARBURETOR COMPONENTS,23 4241,"JET, AIR BLEED 1ST",N201-23-423,2,M/T,,no,M/T
EC-039-07,EC,39,1360A-2,CARBURETOR COMPONENTS,,,N202-23-423,2,A/T,,yes,A/T
EC-039-08,EC,39,1360A-2,CARBURETOR COMPONENTS,23 4251,"JET, SLOW AIR BLEED",0603-23-512,2,M/T,,no,M/T
EC-039-09,EC,39,1360A-2,CARBURETOR COMPONENTS,,,8021-23-351,2,A/T,,yes,A/T
EC-039-10,EC,39,1360A-2,CARBURETOR COMPONENTS,23 4301,"LEVER SET, REAR",N201-23-430,1,'81 & '82 MODELS M/T,,no,M/T
EC-039-11,EC,39,1360A-2,CARBURETOR COMPONENTS,,,N231-23-430,,'83 MODEL M/T,,no,'83 M/T
EC-039-12,EC,39,1360A-2,CARBURETOR COMPONENTS,,,N202-23-430,1,'81 & '82 MODELS A/T,,yes,'81 & '82 A/T
EC-039-13,EC,39,1360A-2,CARBURETOR COMPONENTS,,,N232-23-430,1,'83 MODEL A/T,,no,'83 model
EC-039-14,EC,39,1360A-2,CARBURETOR COMPONENTS,23 4331,"JET, AIR BLEED 2ND",8871-23-424,2,,,yes,
EC-039-15,EC,39,1360A-2,CARBURETOR COMPONENTS,23 434B,"JET, STEP AIR BLEED",8649-23-434,2,,,yes,
EC-039-16,EC,39,1360A-2,CARBURETOR COMPONENTS,23 440,"SCREW SET, THROTTLE ADJUST",N201-23-440,1,,,yes,
EC-039-17,EC,39,1360A-2,CARBURETOR COMPONENTS,23 4521,"NUT, HEXAGON",2090-23-452,1,M/T,,no,M/T
EC-039-18,EC,39,1360A-2,CARBURETOR COMPONENTS,23 480,ROD & LINK SET,N201-23-480,1,,,yes,
EC-039-19,EC,39,1360A-2,CARBURETOR COMPONENTS,23 481,GASKET,0823-23-394,3,,,yes,
EC-039-20,EC,39,1360A-2,CARBURETOR COMPONENTS,23 4901,"NOZZLE SET, ACCELERATOR",N201-23-490,1,,,yes,
EC-039-21,EC,39,1360A-2,CARBURETOR COMPONENTS,23 4921,"JET, AIR BLEED",N201-23-492,1,,,yes,
EC-039-22,EC,39,1360A-2,CARBURETOR COMPONENTS,23 500,"CHOKE SET, SEMI AUTOMATIC",N201-23-500A,1,,,yes,
EC-039-23,EC,39,1360A-2,CARBURETOR COMPONENTS,23 501,"HOLDER, BI-METAL",N201-23-501,1,,,yes,
EC-039-24,EC,39,1360A-2,CARBURETOR COMPONENTS,23 502,BI-METAL SET,N201-23-502A,1,,,yes,
EC-039-25,EC,39,1360A-2,CARBURETOR COMPONENTS,23 509,"PIPE SET, VACUUM",N201-23-509,1,,,yes,
EC-039-26,EC,39,1360A-2,CARBURETOR COMPONENTS,23 534,"CHOKE SET, RETURN",N201-23-503,1,,,yes,
EC-039-27,EC,39,1360A-2,CARBURETOR COMPONENTS,23 5411,PLUG,2183-23-508,1,CAL.,,unclear,CAL. - Calif/Fed emission spec not known
EC-039-28,EC,39,1360A-2,CARBURETOR COMPONENTS,,,1570-23-507,1,FED.,,unclear,FED. - Calif/Fed emission spec not known
EC-039-29,EC,39,1360A-2,CARBURETOR COMPONENTS,24 190,DASH POT,8341-13-215,1,M/T,,no,M/T
EC-040-01,EC,40,1371A-1,EMISSION CONTROLS (AIR PUMP & CONTROL VALVE),13 7141,"STRAP, AIR PUMP",1757-13-714,1,,,yes,
EC-040-02,EC,40,1371A-1,EMISSION CONTROLS (AIR PUMP & CONTROL VALVE),13 7151,V-BELT,1757-13-715,1,,,yes,
EC-040-03,EC,40,1371A-1,EMISSION CONTROLS (AIR PUMP & CONTROL VALVE),13 7171,"HOSE, AIR",1757-13-717,1,,,yes,
EC-040-04,EC,40,1371A-1,EMISSION CONTROLS (AIR PUMP & CONTROL VALVE),13 7181,"HOSE, AIR",1480-13-718A,1,,,yes,
EC-040-05,EC,40,1371A-1,EMISSION CONTROLS (AIR PUMP & CONTROL VALVE),13 7201,"VALVE, AIR CONTROL",N201-13-720,1,CAL.,,unclear,CAL. - Calif/Fed emission spec not known
EC-040-06,EC,40,1371A-1,EMISSION CONTROLS (AIR PUMP & CONTROL VALVE),,,N203-13-720,1,'81 & '82 MODELS FED.,,unclear,FED. - Calif/Fed emission spec not known
EC-040-07,EC,40,1371A-1,EMISSION CONTROLS (AIR PUMP & CONTROL VALVE),,,N231-13-720,1,'83 MODEL FED.,,no,'83 model
EC-040-08,EC,40,1371A-1,EMISSION CONTROLS (AIR PUMP & CONTROL VALVE),13 7241,"GASKET, AIR CONTROL VALVE",N201-13-724,1,,,yes,
EC-040-09,EC,40,1371A-1,EMISSION CONTROLS (AIR PUMP & CONTROL VALVE),13 7251,"HOSE, AIR",N201-13-725,1,,,yes,
EC-040-10,EC,40,1371A-1,EMISSION CONTROLS (AIR PUMP & CONTROL VALVE),13 726,"CLIP, AIR HOSE",1480-13-726,2,,,yes,
EC-040-11,EC,40,1371A-1,EMISSION CONTROLS (AIR PUMP & CONTROL VALVE),13 7301,"VALVE, CHECK",1480-13-730,1,,,yes,
EC-040-12,EC,40,1371A-1,EMISSION CONTROLS (AIR PUMP & CONTROL VALVE),13 810,"PUMP, AIR",1757-13-710B,1,,,yes,
EC-040-13,EC,40,1371A-1,EMISSION CONTROLS (AIR PUMP & CONTROL VALVE),23 7131,"PULLEY, AIR PUMP",1757-23-713A,1,,,yes,
EC-041-01,EC,41,1380A-1,EMISSION CONTROLS (EXHAUST SIDE) ('81 & '82 MODELS),13100K,"HOSE, VACUUM",9935-10-6999,,A/T BULK QTY.,,yes,A/T
EC-041-02,EC,41,1380A-1,EMISSION CONTROLS (EXHAUST SIDE) ('81 & '82 MODELS),13104B,CAP,1010-13-104,1,M/T CAL.,,no,M/T CAL. only
EC-041-03,EC,41,1380A-1,EMISSION CONTROLS (EXHAUST SIDE) ('81 & '82 MODELS),,,,3,FED. A/T CAL.,,yes,FED. and A/T CAL. both qty 3
EC-041-04,EC,41,1380A-1,EMISSION CONTROLS (EXHAUST SIDE) ('81 & '82 MODELS),131301,"DIAPHRAGM, SHUTTER VALVE",1480-13-130A,1,,,yes,
EC-041-05,EC,41,1380A-1,EMISSION CONTROLS (EXHAUST SIDE) ('81 & '82 MODELS),13130J,"HOSE, AIR",1480-13-727A,1,,,yes,
EC-041-06,EC,41,1380A-1,EMISSION CONTROLS (EXHAUST SIDE) ('81 & '82 MODELS),13135,GASKET,N201-13-135,1,CAL.,,unclear,CAL./FED. emission spec of car not known
EC-041-07,EC,41,1380A-1,EMISSION CONTROLS (EXHAUST SIDE) ('81 & '82 MODELS),,,N203-13-135,1,FED.,,unclear,CAL./FED. emission spec of car not known
EC-041-08,EC,41,1380A-1,EMISSION CONTROLS (EXHAUST SIDE) ('81 & '82 MODELS),131371,"BOLT, REAMER",1480-13-137A,2,,,yes,
EC-041-09,EC,41,1380A-1,EMISSION CONTROLS (EXHAUST SIDE) ('81 & '82 MODELS),131391,"GASKET, SHUTTER VALVE",1480-13-139B,1,,,yes,
EC-041-10,EC,41,1380A-1,EMISSION CONTROLS (EXHAUST SIDE) ('81 & '82 MODELS),13240A,"VALVE, THREE-WAY",1481-13-240A,3,M/T CAL.,,no,M/T CAL. only
EC-041-11,EC,41,1380A-1,EMISSION CONTROLS (EXHAUST SIDE) ('81 & '82 MODELS),,,,4,FED. A/T CAL.,,yes,FED. and A/T CAL. both qty 4
EC-041-12,EC,41,1380A-1,EMISSION CONTROLS (EXHAUST SIDE) ('81 & '82 MODELS),13240B,"VALVE, THREE-WAY",1482-13-240A,1,,,yes,
EC-041-13,EC,41,1380A-1,EMISSION CONTROLS (EXHAUST SIDE) ('81 & '82 MODELS),13241,"BRACKET, ACTUATOR",8871-13-291A,1,,,yes,
EC-041-14,EC,41,1380A-1,EMISSION CONTROLS (EXHAUST SIDE) ('81 & '82 MODELS),132411,BRACKET,1480-13-241A,1,,,yes,
EC-041-15,EC,41,1380A-1,EMISSION CONTROLS (EXHAUST SIDE) ('81 & '82 MODELS),132421,"HOSE, VACUUM",9935-10-4999,,BULK QTY.,,yes,
EC-041-16,EC,41,1380A-1,EMISSION CONTROLS (EXHAUST SIDE) ('81 & '82 MODELS),,,9935-10-1999,,M/T CAL. A/T CAL. FED.,,yes,A/T CAL. and FED. both listed
EC-041-17,EC,41,1380A-1,EMISSION CONTROLS (EXHAUST SIDE) ('81 & '82 MODELS),13290,ACTUATOR,3648-13-290,1,,,yes,
EC-041-18,EC,41,1380A-1,EMISSION CONTROLS (EXHAUST SIDE) ('81 & '82 MODELS),13296,"HOSE, AIR",8871-13-296B,1,,,yes,
EC-041-19,EC,41,1380A-1,EMISSION CONTROLS (EXHAUST SIDE) ('81 & '82 MODELS),13650,"PIPE, VACUUM",N201-13-650A,1,,,yes,
EC-041-20,EC,41,1380A-1,EMISSION CONTROLS (EXHAUST SIDE) ('81 & '82 MODELS),13650A,"HOSE, AIR",9935-10-4095,6,,,yes,
EC-041-21,EC,41,1380A-1,EMISSION CONTROLS (EXHAUST SIDE) ('81 & '82 MODELS),13650B,"HOSE, AIR",9935-10-8999,,BULK QTY.,,yes,
EC-041-22,EC,41,1380A-1,EMISSION CONTROLS (EXHAUST SIDE) ('81 & '82 MODELS),13750A,"VALVE, ANTI-AFTERBURN",N201-13-750,1,,,yes,
EC-041-23,EC,41,1380A-1,EMISSION CONTROLS (EXHAUST SIDE) ('81 & '82 MODELS),13750J,"TUBE, VACUUM",9935-10-4999,,BULK QTY.,,yes,
EC-041-24,EC,41,1380A-1,EMISSION CONTROLS (EXHAUST SIDE) ('81 & '82 MODELS),13755A,"HOSE, AIR",N201-13-755,1,,,yes,
EC-041-25,EC,41,1380A-1,EMISSION CONTROLS (EXHAUST SIDE) ('81 & '82 MODELS),13756,"HOSE, AIR",N201-13-756,1,,,yes,
EC-041-26,EC,41,1380A-1,EMISSION CONTROLS (EXHAUST SIDE) ('81 & '82 MODELS),13757A,BRACKET,N201-13-757A,1,,,yes,
EC-041-27,EC,41,1380A-1,EMISSION CONTROLS (EXHAUST SIDE) ('81 & '82 MODELS),137781,"TUBE, VACUUM",9935-10-4999,,BULK QTY. M/T CAL. A/T CAL. FED.,,yes,A/T CAL. and FED. both listed
EC-041-28,EC,41,1380A-1,EMISSION CONTROLS (EXHAUST SIDE) ('81 & '82 MODELS),13980B,"VALVE, DELAY",N201-13-980A,1,,,yes,
EC-041-29,EC,41,1380A-1,EMISSION CONTROLS (EXHAUST SIDE) ('81 & '82 MODELS),207701,"VALVE, ALTITUDE COMPENSATOR",N201-20-770A,1,,,yes,
EC-041-30,EC,41,1380A-1,EMISSION CONTROLS (EXHAUST SIDE) ('81 & '82 MODELS),,"<A> VALVE, ALTITUDE COMPENSATOR",N249-20-770,1,<A>,,unclear,<A> alternative; marker meaning not stated
EC-041-31,EC,41,1380A-1,EMISSION CONTROLS (EXHAUST SIDE) ('81 & '82 MODELS),207711,GASKET,N201-20-771,1,,,yes,
EC-041-32,EC,41,1380A-1,EMISSION CONTROLS (EXHAUST SIDE) ('81 & '82 MODELS),209501,"VALVE, PURGE",1480-20-950A,1,,,yes,
EC-041-33,EC,41,1380A-1,EMISSION CONTROLS (EXHAUST SIDE) ('81 & '82 MODELS),20950J,"HOSE, AIR",9935-10-8999,,BULK QTY.,,yes,
EC-041-34,EC,41,1380A-1,EMISSION CONTROLS (EXHAUST SIDE) ('81 & '82 MODELS),42307A,CAP,0223-42-307,1,M/T,,no,M/T only
EC-042-01,EC,42,1380A-2,EMISSION CONTROLS (EXHAUST SIDE) ('81 & '82 MODELS),,,,,,REFER TO RECALL CAMPAIGN NOS. 23702/2370C FOR EMISSION CONTROL INFO.,yes,
EC-043-01,EC,43,1380AA-1,EMISSION CONTROLS (EXHAUST SIDE) ('83 MODEL),13104B,CAP,1010-13-104,2,,,no,'83 model only
EC-043-02,EC,43,1380AA-1,EMISSION CONTROLS (EXHAUST SIDE) ('83 MODEL),131301,"DIAPHRAGM, SHUTTER VALVE",1480-13-130A,1,,,no,'83 model only
EC-043-03,EC,43,1380AA-1,EMISSION CONTROLS (EXHAUST SIDE) ('83 MODEL),13130J,"HOSE, AIR",1480-13-727A,1,,,no,'83 model only
EC-043-04,EC,43,1380AA-1,EMISSION CONTROLS (EXHAUST SIDE) ('83 MODEL),13135,GASKET,N201-13-135,1,CAL.,,no,'83 model only
EC-043-05,EC,43,1380AA-1,EMISSION CONTROLS (EXHAUST SIDE) ('83 MODEL),,,N203-13-135,1,FED.,,no,'83 model only
EC-043-06,EC,43,1380AA-1,EMISSION CONTROLS (EXHAUST SIDE) ('83 MODEL),131371,"BOLT, REAMER",1480-13-137A,2,,,no,'83 model only
EC-043-07,EC,43,1380AA-1,EMISSION CONTROLS (EXHAUST SIDE) ('83 MODEL),131391,"GASKET, SHUTTER VALVE",1480-13-139B,1,,,no,'83 model only
EC-043-08,EC,43,1380AA-1,EMISSION CONTROLS (EXHAUST SIDE) ('83 MODEL),13240A,"VALVE, THREE-WAY",1481-13-240A,5,,,no,'83 model only
EC-043-09,EC,43,1380AA-1,EMISSION CONTROLS (EXHAUST SIDE) ('83 MODEL),13241,"BRACKET, ACTUATOR",8871-13-291A,1,,,no,'83 model only
EC-043-10,EC,43,1380AA-1,EMISSION CONTROLS (EXHAUST SIDE) ('83 MODEL),132411,BRACKET,N225-13-241A,1,,,no,'83 model only
EC-043-11,EC,43,1380AA-1,EMISSION CONTROLS (EXHAUST SIDE) ('83 MODEL),13290,ACTUATOR,3648-13-290,1,,,no,'83 model only
EC-043-12,EC,43,1380AA-1,EMISSION CONTROLS (EXHAUST SIDE) ('83 MODEL),13296,"HOSE, AIR",8871-13-296B,1,,,no,'83 model only
EC-043-13,EC,43,1380AA-1,EMISSION CONTROLS (EXHAUST SIDE) ('83 MODEL),13650,"PIPE, VACUUM",N231-13-650C,,BULK QTY.,,no,'83 model only
EC-043-14,EC,43,1380AA-1,EMISSION CONTROLS (EXHAUST SIDE) ('83 MODEL),13750A,"VALVE, ANTI-AFTERBURN",N201-13-750,1,,,no,'83 model only
EC-043-15,EC,43,1380AA-1,EMISSION CONTROLS (EXHAUST SIDE) ('83 MODEL),13755A,"HOSE, AIR",N201-13-755,1,,,no,'83 model only
EC-043-16,EC,43,1380AA-1,EMISSION CONTROLS (EXHAUST SIDE) ('83 MODEL),13756,"HOSE, AIR",N201-13-756,1,,,no,'83 model only
EC-043-17,EC,43,1380AA-1,EMISSION CONTROLS (EXHAUST SIDE) ('83 MODEL),13757A,BRACKET,N201-13-757A,1,,,no,'83 model only
EC-043-18,EC,43,1380AA-1,EMISSION CONTROLS (EXHAUST SIDE) ('83 MODEL),13980B,"VALVE, DELAY",N231-13-980,1,,,no,'83 model only
EC-043-19,EC,43,1380AA-1,EMISSION CONTROLS (EXHAUST SIDE) ('83 MODEL),207701,"VALVE, ALTITUDE COMPENSATOR",N201-20-770A,1,,,no,'83 model only
EC-043-20,EC,43,1380AA-1,EMISSION CONTROLS (EXHAUST SIDE) ('83 MODEL),207711,GASKET,N201-20-771,1,,,no,'83 model only
EC-043-21,EC,43,1380AA-1,EMISSION CONTROLS (EXHAUST SIDE) ('83 MODEL),209501,"VALVE, PURGE",1480-20-950A,1,,,no,'83 model only
EC-043-22,EC,43,1380AA-1,EMISSION CONTROLS (EXHAUST SIDE) ('83 MODEL),42307A,CAP,0223-42-307,1,M/T,,no,'83 model only
EC-043-23,EC,43,1380AA-1,EMISSION CONTROLS (EXHAUST SIDE) ('83 MODEL),,,,,,REFER TO RECALL CAMPAIGN NOS. 23702/2370C FOR EMISSION CONTROL INFO.,no,'83 model only
EC-043-24,EC,43,1380AA-1,EMISSION CONTROLS (EXHAUST SIDE) ('83 MODEL),D8P04,"HOSE, AIR",9935-10-4999,,BULK QTY.,,no,'83 model only
EC-043-25,EC,43,1380AA-1,EMISSION CONTROLS (EXHAUST SIDE) ('83 MODEL),,,9935-10-4095,9,,,no,'83 model only
EC-043-26,EC,43,1380AA-1,EMISSION CONTROLS (EXHAUST SIDE) ('83 MODEL),D8P06,"HOSE, AIR",9935-10-6999,,BULK QTY. A/T,,no,'83 model only
EC-043-27,EC,43,1380AA-1,EMISSION CONTROLS (EXHAUST SIDE) ('83 MODEL),D8P08,"HOSE, AIR",9935-10-8999,,BULK QTY.,,no,'83 model only
EC-044-01,EC,44,1400A-1,OIL PUMP & FILTER ('81 & '82 MODELS),14100,"PUMP, OIL",8501-14-100,1,,,yes,
EC-044-02,EC,44,1400A-1,OIL PUMP & FILTER ('81 & '82 MODELS),141121,"SHAFT, OIL PUMP",1757-14-112,1,,,yes,
EC-044-03,EC,44,1400A-1,OIL PUMP & FILTER ('81 & '82 MODELS),141131,"RING, SNAP",0810-14-113,1,,,yes,
EC-044-04,EC,44,1400A-1,OIL PUMP & FILTER ('81 & '82 MODELS),141171,"BOLT, LOCK",0839-14-117,1,,,yes,
EC-044-05,EC,44,1400A-1,OIL PUMP & FILTER ('81 & '82 MODELS),141181,"PLATE, MIDDLE",8501-14-118,1,,,yes,
EC-044-06,EC,44,1400A-1,OIL PUMP & FILTER ('81 & '82 MODELS),141191,KEY,0839-14-119B,3,,,yes,
EC-044-07,EC,44,1400A-1,OIL PUMP & FILTER ('81 & '82 MODELS),14125,"BOLT, SET",8553-14-125,4,,,yes,
EC-044-08,EC,44,1400A-1,OIL PUMP & FILTER ('81 & '82 MODELS),14143,"WHEEL, SPROCKET",0839-14-141A,1,,,yes,
EC-044-09,EC,44,1400A-1,OIL PUMP & FILTER ('81 & '82 MODELS),14151,"CHAIN, OIL PUMP",0839-14-142,1,,,yes,
EC-044-10,EC,44,1400A-1,OIL PUMP & FILTER ('81 & '82 MODELS),141711,"GASKET, OIL STRAINER",0810-14-171A,1,,,yes,
EC-044-11,EC,44,1400A-1,OIL PUMP & FILTER ('81 & '82 MODELS),14240,"STRAINER, OIL",8871-14-160,1,,,yes,
EC-044-12,EC,44,1400A-1,OIL PUMP & FILTER ('81 & '82 MODELS),142501,"REGULATOR, PRESSURE",3648-14-250,1,,,yes,
EC-044-13,EC,44,1400A-1,OIL PUMP & FILTER ('81 & '82 MODELS),14296,"CLIP, OIL TUBE",0730-14-296,4,,,yes,
EC-044-14,EC,44,1400A-1,OIL PUMP & FILTER ('81 & '82 MODELS),14300J,O-RING,9954-10-1601,2,,,yes,
EC-044-15,EC,44,1400A-1,OIL PUMP & FILTER ('81 & '82 MODELS),14310A,"BODY, OIL FILTER",8341-14-310,1,,,yes,
EC-044-16,EC,44,1400A-1,OIL PUMP & FILTER ('81 & '82 MODELS),146001,"PUMP, METERING OIL",1757-14-600,1,,,yes,
EC-044-17,EC,44,1400A-1,OIL PUMP & FILTER ('81 & '82 MODELS),146111,"GASKET, METERING OIL",1757-14-611,1,,,yes,
EC-044-18,EC,44,1400A-1,OIL PUMP & FILTER ('81 & '82 MODELS),146201,"SHAFT, DRIVEN GEAR",0820-14-620A,1,,,yes,
EC-044-19,EC,44,1400A-1,OIL PUMP & FILTER ('81 & '82 MODELS),146231,"PIN, DRIVEN GEAR",0813-14-623,1,,,yes,
EC-044-20,EC,44,1400A-1,OIL PUMP & FILTER ('81 & '82 MODELS),146251,"GEAR, DRIVEN",0820-14-625A,1,,,yes,
EC-044-21,EC,44,1400A-1,OIL PUMP & FILTER ('81 & '82 MODELS),146301,"TUBE, METERING OIL",8871-14-660B,1,,,yes,
EC-044-22,EC,44,1400A-1,OIL PUMP & FILTER ('81 & '82 MODELS),146401,"TUBE, METERING OIL",8871-14-670B,1,,,yes,
EC-044-23,EC,44,1400A-1,OIL PUMP & FILTER ('81 & '82 MODELS),146511,"ROD, CONNECTING",8871-14-651,1,,,yes,
EC-044-24,EC,44,1400A-1,OIL PUMP & FILTER ('81 & '82 MODELS),146521,"SHIM, ADJUST",1757-14-652,1,(T=1.0),,yes,
EC-044-25,EC,44,1400A-1,OIL PUMP & FILTER ('81 & '82 MODELS),23802,"CARTRIDGE, OIL FILTER",B6Y1-14-302,1,,,yes,
EC-044-26,EC,44,1400A-1,OIL PUMP & FILTER ('81 & '82 MODELS),,<AN>,N3Y6-14-302,1,,,yes,
EC-044-27,EC,44,1400A-1,OIL PUMP & FILTER ('81 & '82 MODELS),238371,O-RING,0730-23-837,2,,,yes,
EC-044-28,EC,44,1400A-1,OIL PUMP & FILTER ('81 & '82 MODELS),238441,"LEVER, CONTROL",1757-23-844,1,,,yes,
EC-044-29,EC,44,1400A-1,OIL PUMP & FILTER ('81 & '82 MODELS),238451,"SCREW, ADJUST",0820-23-845A,1,,,yes,
EC-044-30,EC,44,1400A-1,OIL PUMP & FILTER ('81 & '82 MODELS),238471,NUT,0820-23-847A,1,,,yes,
EC-044-31,EC,44,1400A-1,OIL PUMP & FILTER ('81 & '82 MODELS),238821,"ROTOR SET, OIL PUMP",8501-14-110,2,,,yes,
EC-045-01,EC,45,1400AA-1,OIL PUMP & FILTER ('83 MODEL),14100,"PUMP, OIL",8553-14-100,1,,,no,'83 model only
EC-045-02,EC,45,1400AA-1,OIL PUMP & FILTER ('83 MODEL),141121,"SHAFT, OIL PUMP",8553-14-112,1,,,no,'83 model only
EC-045-03,EC,45,1400AA-1,OIL PUMP & FILTER ('83 MODEL),141131,"RING, SNAP",0810-14-113,1,,,no,'83 model only
EC-045-04,EC,45,1400AA-1,OIL PUMP & FILTER ('83 MODEL),141171,"BOLT, LOCK",0839-14-117,1,,,no,'83 model only
EC-045-05,EC,45,1400AA-1,OIL PUMP & FILTER ('83 MODEL),141181,"PLATE, MIDDLE",8553-14-118,1,,,no,'83 model only
EC-045-06,EC,45,1400AA-1,OIL PUMP & FILTER ('83 MODEL),141191,KEY,0839-14-119B,3,,,no,'83 model only
EC-045-07,EC,45,1400AA-1,OIL PUMP & FILTER ('83 MODEL),14125,"BOLT, SET",8553-14-125,4,,,no,'83 model only
EC-045-08,EC,45,1400AA-1,OIL PUMP & FILTER ('83 MODEL),14143,"WHEEL, SPROCKET",0839-14-141A,1,,,no,'83 model only
EC-045-09,EC,45,1400AA-1,OIL PUMP & FILTER ('83 MODEL),14151,"CHAIN, OIL PUMP",0839-14-142,1,,,no,'83 model only
EC-045-10,EC,45,1400AA-1,OIL PUMP & FILTER ('83 MODEL),141711,"GASKET, OIL STRAINER",0810-14-171A,1,,,no,'83 model only
EC-045-11,EC,45,1400AA-1,OIL PUMP & FILTER ('83 MODEL),14240,"STRAINER, OIL",8871-14-160,1,,,no,'83 model only
EC-045-12,EC,45,1400AA-1,OIL PUMP & FILTER ('83 MODEL),142501,"REGULATOR, PRESSURE",3648-14-250,1,,,no,'83 model only
EC-045-13,EC,45,1400AA-1,OIL PUMP & FILTER ('83 MODEL),14296,"CLIP, OIL TUBE",0730-14-296,4,,,no,'83 model only
EC-045-14,EC,45,1400AA-1,OIL PUMP & FILTER ('83 MODEL),14300J,O-RING,9954-10-1601,2,,,no,'83 model only
EC-045-15,EC,45,1400AA-1,OIL PUMP & FILTER ('83 MODEL),146001,"PUMP, METERING OIL",1757-14-600,1,,,no,'83 model only
EC-045-16,EC,45,1400AA-1,OIL PUMP & FILTER ('83 MODEL),146111,"GASKET, METERING OIL",1757-14-611,1,,,no,'83 model only
EC-045-17,EC,45,1400AA-1,OIL PUMP & FILTER ('83 MODEL),146201,"SHAFT, DRIVEN GEAR",0820-14-620A,1,,,no,'83 model only
EC-045-18,EC,45,1400AA-1,OIL PUMP & FILTER ('83 MODEL),146231,"PIN, DRIVEN GEAR",0813-14-623,1,,,no,'83 model only
EC-045-19,EC,45,1400AA-1,OIL PUMP & FILTER ('83 MODEL),146251,"GEAR, DRIVEN",0820-14-625A,1,,,no,'83 model only
EC-045-20,EC,45,1400AA-1,OIL PUMP & FILTER ('83 MODEL),146301,"TUBE, METERING OIL",8871-14-660B,1,,,no,'83 model only
EC-045-21,EC,45,1400AA-1,OIL PUMP & FILTER ('83 MODEL),146401,"TUBE, METERING OIL",8871-14-670B,1,,,no,'83 model only
EC-045-22,EC,45,1400AA-1,OIL PUMP & FILTER ('83 MODEL),146511,"ROD, CONNECTING",N225-14-?51,1,,,no,'83 model only
EC-045-23,EC,45,1400AA-1,OIL PUMP & FILTER ('83 MODEL),146521,"SHIM, ADJUST",1757-14-652,1,(T=1.0),,no,'83 model only
EC-045-24,EC,45,1400AA-1,OIL PUMP & FILTER ('83 MODEL),147002,"COOLER, OIL",N231-14-700C,1,,,no,'83 model only
EC-045-25,EC,45,1400AA-1,OIL PUMP & FILTER ('83 MODEL),147402,"PIPE, OIL COOLER",N231-14-720B,1,,,no,'83 model only
EC-045-26,EC,45,1400AA-1,OIL PUMP & FILTER ('83 MODEL),14744,"BRACKET, OIL PIPE",N231-14-744B,1,,,no,'83 model only
EC-045-27,EC,45,1400AA-1,OIL PUMP & FILTER ('83 MODEL),14745A,"CLIP, OIL PIPE",N231-14-745B,1,,,no,'83 model only
EC-045-28,EC,45,1400AA-1,OIL PUMP & FILTER ('83 MODEL),14746,PROTECTOR,N231-14-746,1,,,no,'83 model only
EC-045-29,EC,45,1400AA-1,OIL PUMP & FILTER ('83 MODEL),23802,"CARTRIDGE, OIL FILTER",N3Y6-14-302,1,,,no,'83 model only
EC-045-30,EC,45,1400AA-1,OIL PUMP & FILTER ('83 MODEL),,,,,,REFER TO PARTS BULL. NOS. T-1-7 & T-1-8 FOR MORE INFO.,no,'83 model only
EC-045-31,EC,45,1400AA-1,OIL PUMP & FILTER ('83 MODEL),238371,O-RING,0730-23-837,2,,,no,'83 model only
EC-045-32,EC,45,1400AA-1,OIL PUMP & FILTER ('83 MODEL),238441,"LEVER, CONTROL",1757-23-844,1,,,no,'83 model only
EC-045-33,EC,45,1400AA-1,OIL PUMP & FILTER ('83 MODEL),238451,"SCREW, ADJUST",0820-23-845A,1,,,no,'83 model only
EC-045-34,EC,45,1400AA-1,OIL PUMP & FILTER ('83 MODEL),238471,NUT,0820-23-847A,1,,,no,'83 model only
EC-045-35,EC,45,1400AA-1,OIL PUMP & FILTER ('83 MODEL),238821,"ROTOR SET, OIL PUMP",8553-14-110,2,,,no,'83 model only
EC-046-01,EC,46,1500A-1,COOLING SYSTEM ('81 & '82 MODELS),146621,CLIP,3565-14-662A,1,,,yes,
EC-046-02,EC,46,1500A-1,COOLING SYSTEM ('81 & '82 MODELS),147001,"COOLER, OIL",8871-14-700A,1,,,yes,
EC-046-03,EC,46,1500A-1,COOLING SYSTEM ('81 & '82 MODELS),147161,"PROTECTOR, OIL HOSE",0813-14-716,1,,,yes,
EC-046-04,EC,46,1500A-1,COOLING SYSTEM ('81 & '82 MODELS),147201,"HOSE, OIL",1011-14-720,1,,,yes,
EC-046-05,EC,46,1500A-1,COOLING SYSTEM ('81 & '82 MODELS),14720J,"JOINT, UNION",9938-41-200F,2,,,yes,
EC-046-06,EC,46,1500A-1,COOLING SYSTEM ('81 & '82 MODELS),147301,"HOSE, OIL",8871-14-730,1,,,yes,
EC-046-07,EC,46,1500A-1,COOLING SYSTEM ('81 & '82 MODELS),14730J,CONNECTOR,9938-11-400,1,,,yes,
EC-046-08,EC,46,1500A-1,COOLING SYSTEM ('81 & '82 MODELS),147401,"BRACKET, OIL HOSE",8871-14-742,1,,,yes,
EC-046-09,EC,46,1500A-1,COOLING SYSTEM ('81 & '82 MODELS),147451,"CLIP, AIR HOSE",0839-14-745A,1,,,yes,
EC-046-10,EC,46,1500A-1,COOLING SYSTEM ('81 & '82 MODELS),148101,"PELLET, THERMO",8871-?4-810,1,,,yes,
EC-046-11,EC,46,1500A-1,COOLING SYSTEM ('81 & '82 MODELS),148211,"SPRING, PELLET",1757-14-821,1,,,yes,
EC-046-12,EC,46,1500A-1,COOLING SYSTEM ('81 & '82 MODELS),148221,"NUT, STOPPER",1757-14-822,1,,,yes,
EC-046-13,EC,46,1500A-1,COOLING SYSTEM ('81 & '82 MODELS),148231,GASKET,9956-42-200,1,,,yes,
EC-046-14,EC,46,1500A-1,COOLING SYSTEM ('81 & '82 MODELS),15010,"PUMP, WATER",1757-23-920G,1,,,yes,
EC-046-15,EC,46,1500A-1,COOLING SYSTEM ('81 & '82 MODELS),15010J,"BEARING, BALL",8871-15-121A,2,,,yes,
EC-046-16,EC,46,1500A-1,COOLING SYSTEM ('81 & '82 MODELS),15081,GASKET,1757-15-105A,1,,,yes,
EC-046-17,EC,46,1500A-1,COOLING SYSTEM ('81 & '82 MODELS),15082,GASKET,1757-15-106,2,,,yes,
EC-046-18,EC,46,1500A-1,COOLING SYSTEM ('81 & '82 MODELS),15103,SPACER,8872-15-103,1,,,yes,
EC-046-19,EC,46,1500A-1,COOLING SYSTEM ('81 & '82 MODELS),15114,"RING, SNAP",1757-15-114,1,,,yes,
EC-046-20,EC,46,1500A-1,COOLING SYSTEM ('81 & '82 MODELS),15116,"GASKET, WATER PUMP",1757-15-132,1,,,yes,
EC-046-21,EC,46,1500A-1,COOLING SYSTEM ('81 & '82 MODELS),15117,"BOSS, WATER PUMP PULLEY",1757-23-927,1,,,yes,
EC-046-22,EC,46,1500A-1,COOLING SYSTEM ('81 & '82 MODELS),15118,"PLATE, DUST SEAL",1757-15-118,1,,,yes,
EC-046-23,EC,46,1500A-1,COOLING SYSTEM ('81 & '82 MODELS),15120,"SEAL, WATER",1757-15-120A,1,,,yes,
EC-046-24,EC,46,1500A-1,COOLING SYSTEM ('81 & '82 MODELS),15125,"PLATE, WATER BAFFLE",0118-15-125,1,,FB331 ..500001-618134,unclear,serial break FB331 618134/618135; VIN serial unknown
EC-046-25,EC,46,1500A-1,COOLING SYSTEM ('81 & '82 MODELS),,,N201-15-125A,1,'82 MODEL,FB331 ..618135-,unclear,serial break FB331 618134/618135; VIN serial unknown
EC-046-26,EC,46,1500A-1,COOLING SYSTEM ('81 & '82 MODELS),15130,"COVER, WATER PUMP",N232-99-153A,1,,,yes,
EC-046-27,EC,46,1500A-1,COOLING SYSTEM ('81 & '82 MODELS),15131,PULLEY,1757-15-151B,1,,,yes,
EC-046-28,EC,46,1500A-1,COOLING SYSTEM ('81 & '82 MODELS),15140,"FAN, COOLING",3648-15-200A,1,,,yes,
EC-046-29,EC,46,1500A-1,COOLING SYSTEM ('81 & '82 MODELS),15171,THERMOSTAT,8553-99-152,1,,,yes,
EC-046-30,EC,46,1500A-1,COOLING SYSTEM ('81 & '82 MODELS),15172,"COVER, THERMOSTAT",8872-15-170A,1,,,yes,
EC-046-31,EC,46,1500A-1,COOLING SYSTEM ('81 & '82 MODELS),15173,GASKET,1757-15-173,1,,,yes,
EC-046-32,EC,46,1500A-1,COOLING SYSTEM ('81 & '82 MODELS),15185,"HOSE, WATER-UPPER",8871-15-511,1,,,yes,
EC-046-33,EC,46,1500A-1,COOLING SYSTEM ('81 & '82 MODELS),15186,"HOSE, WATER-LOWER",8871-15-521,1,,,yes,
EC-046-34,EC,46,1500A-1,COOLING SYSTEM ('81 & '82 MODELS),15200,RADIATOR,N201-15-310B,1,M/T,,no,M/T only
EC-046-35,EC,46,1500A-1,COOLING SYSTEM ('81 & '82 MODELS),,,N202-15-310B,1,A/T,,yes,A/T
EC-046-36,EC,46,1500A-1,COOLING SYSTEM ('81 & '82 MODELS),15205,"CAP, RADIATOR",8871-15-205,1,,,yes,
EC-046-37,EC,46,1500A-1,COOLING SYSTEM ('81 & '82 MODELS),152101,FAN DRIVE,N201-15-210B,1,,,yes,
EC-046-38,EC,46,1500A-1,COOLING SYSTEM ('81 & '82 MODELS),15210A,"COWLING, RADIATOR",8871-15-401A,1,,,yes,
EC-046-39,EC,46,1500A-1,COOLING SYSTEM ('81 & '82 MODELS),152111,"SPACER, PULLEY",8872-15-211,1,,,yes,
EC-046-40,EC,46,1500A-1,COOLING SYSTEM ('81 & '82 MODELS),152501,FAN & FAN DRIVE,N201-15-250B,1,,,yes,
EC-047-01,EC,47,1500A-2,COOLING SYSTEM ('81 & '82 MODELS),15251,"BRACKET, SUB TANK",FA01-56-374,1,,,yes,
EC-047-02,EC,47,1500A-2,COOLING SYSTEM ('81 & '82 MODELS),15312,"RUBBER, INSULATION",8871-15-312,1,,,yes,
EC-047-03,EC,47,1500A-2,COOLING SYSTEM ('81 & '82 MODELS),153121,"RUBBER, INSULATION",1128-15-312A,1,,,yes,
EC-047-04,EC,47,1500A-2,COOLING SYSTEM ('81 & '82 MODELS),153311,"SEAL, AIR",8871-15-331,1,,,yes,
EC-047-05,EC,47,1500A-2,COOLING SYSTEM ('81 & '82 MODELS),15332,"SEAL, AIR",8871-15-332,1,,,yes,
EC-047-06,EC,47,1500A-2,COOLING SYSTEM ('81 & '82 MODELS),15350,"TANK, SUB",1052-15-350B,1,,,yes,
EC-047-07,EC,47,1500A-2,COOLING SYSTEM ('81 & '82 MODELS),15351,"HOSE, WATER",8871-15-351A,1,,,yes,
EC-047-08,EC,47,1500A-2,COOLING SYSTEM ('81 & '82 MODELS),15355A,"CAP, SUB TANK",1052-15-355A,1,,,yes,
EC-047-09,EC,47,1500A-2,COOLING SYSTEM ('81 & '82 MODELS),18863C,CLIP,8156-18-863B,1,,,yes,
EC-048-01,EC,48,1500AA-1,COOLING SYSTEM ('83 MODEL),146621,CLIP,3565-14-662A,1,,,no,'83 model only
EC-048-02,EC,48,1500AA-1,COOLING SYSTEM ('83 MODEL),15010,"PUMP, WATER",8872-15-0101,1,,,no,'83 model only
EC-048-03,EC,48,1500AA-1,COOLING SYSTEM ('83 MODEL),15010J,"BEARING, BALL",8871-15-121A,2,,,no,'83 model only
EC-048-04,EC,48,1500AA-1,COOLING SYSTEM ('83 MODEL),15081,GASKET,1757-15-105A,1,,,no,'83 model only
EC-048-05,EC,48,1500AA-1,COOLING SYSTEM ('83 MODEL),15082,GASKET,1757-15-106,2,,,no,'83 model only
EC-048-06,EC,48,1500AA-1,COOLING SYSTEM ('83 MODEL),15103,SPACER,8872-15-103,1,,,no,'83 model only
EC-048-07,EC,48,1500AA-1,COOLING SYSTEM ('83 MODEL),15114,"RING, SNAP",1757-15-114,1,,,no,'83 model only
EC-048-08,EC,48,1500AA-1,COOLING SYSTEM ('83 MODEL),15115,"SPACER, BEARING",1757-15-115B,1,,,no,'83 model only
EC-048-09,EC,48,1500AA-1,COOLING SYSTEM ('83 MODEL),15116,"GASKET, WATER PUMP",1757-15-132,1,,,no,'83 model only
EC-048-10,EC,48,1500AA-1,COOLING SYSTEM ('83 MODEL),15117,"BOSS, WATER PUMP PULLEY",1757-15-152B,1,,,no,'83 model only
EC-048-11,EC,48,1500AA-1,COOLING SYSTEM ('83 MODEL),15118,"PLATE, DUST SEAL",1757-15-118A,1,,,no,'83 model only
EC-048-12,EC,48,1500AA-1,COOLING SYSTEM ('83 MODEL),15120,"SEAL, WATER",1757-15-120A,1,,,no,'83 model only
EC-048-13,EC,48,1500AA-1,COOLING SYSTEM ('83 MODEL),15125,"PLATE, WATER BAFFLE",N201-15-125A,1,,,no,'83 model only
EC-048-14,EC,48,1500AA-1,COOLING SYSTEM ('83 MODEL),15130,"COVER, WATER PUMP",N232-99-153A,1,,,no,'83 model only
EC-048-15,EC,48,1500AA-1,COOLING SYSTEM ('83 MODEL),15131,PULLEY,1757-15-151B,1,,,no,'83 model only
EC-048-16,EC,48,1500AA-1,COOLING SYSTEM ('83 MODEL),15140,"FAN, COOLING",3648-15-200A,1,,,no,'83 model only
EC-048-17,EC,48,1500AA-1,COOLING SYSTEM ('83 MODEL),15171,THERMOSTAT,8553-99-152,1,,,no,'83 model only
EC-048-18,EC,48,1500AA-1,COOLING SYSTEM ('83 MODEL),15172,"COVER, THERMOSTAT",8872-15-170A,1,,,no,'83 model only
EC-048-19,EC,48,1500AA-1,COOLING SYSTEM ('83 MODEL),15173,GASKET,1757-15-173,1,,,no,'83 model only
EC-048-20,EC,48,1500AA-1,COOLING SYSTEM ('83 MODEL),15185,"HOSE, WATER-UPPER",N231-15-511,1,,,no,'83 model only
EC-048-21,EC,48,1500AA-1,COOLING SYSTEM ('83 MODEL),15186,"HOSE, WATER-LOWER",N231-15-521C,1,,,no,'83 model only
EC-048-22,EC,48,1500AA-1,COOLING SYSTEM ('83 MODEL),151871,"HOSE, WATER-COOLER",N231-15-530A,1,,,no,'83 model only
EC-048-23,EC,48,1500AA-1,COOLING SYSTEM ('83 MODEL),151881,"HOSE, WATER-COOLER",N231-15-540B,1,,,no,'83 model only
EC-048-24,EC,48,1500AA-1,COOLING SYSTEM ('83 MODEL),15189,"CLAMP, HOSE",N231-15-545A,1,,,no,'83 model only
EC-048-25,EC,48,1500AA-1,COOLING SYSTEM ('83 MODEL),151891,"HOSE, WATER-HEATER",N231-15-550,1,,,no,'83 model only
EC-048-26,EC,48,1500AA-1,COOLING SYSTEM ('83 MODEL),15200,RADIATOR,N249-15-310,1,M/T,,no,'83 model only
EC-048-27,EC,48,1500AA-1,COOLING SYSTEM ('83 MODEL),,,N232-15-310A,1,A/T,,no,'83 model only
EC-048-28,EC,48,1500AA-1,COOLING SYSTEM ('83 MODEL),15205,"CAP, RADIATOR",8871-15-205,1,M/T,,no,'83 model only
EC-048-29,EC,48,1500AA-1,COOLING SYSTEM ('83 MODEL),,,SE01-15-205,1,A/T,,no,'83 model only
EC-048-30,EC,48,1500AA-1,COOLING SYSTEM ('83 MODEL),15208A,"SEAL, RADIATOR LOW",N231-15-331A,1,,,no,'83 model only
EC-048-31,EC,48,1500AA-1,COOLING SYSTEM ('83 MODEL),15209,"SEAL, RADIATOR SIDE",N231-15-332A,1,,,no,'83 model only
EC-048-32,EC,48,1500AA-1,COOLING SYSTEM ('83 MODEL),152101,FAN DRIVE,N201-15-210B,1,,,no,'83 model only
EC-048-33,EC,48,1500AA-1,COOLING SYSTEM ('83 MODEL),15210A,"COWLING, RADIATOR",N231-15-401B,1,,,no,'83 model only
EC-048-34,EC,48,1500AA-1,COOLING SYSTEM ('83 MODEL),152111,"SPACER, PULLEY",8872-15-211,1,,,no,'83 model only
EC-048-35,EC,48,1500AA-1,COOLING SYSTEM ('83 MODEL),152501,FAN & FAN DRIVE,N201-15-250B,1,,,no,'83 model only
EC-048-36,EC,48,1500AA-1,COOLING SYSTEM ('83 MODEL),15251,"BRACKET, SUB TANK",FA01-56-374,1,,,no,'83 model only
EC-048-37,EC,48,1500AA-1,COOLING SYSTEM ('83 MODEL),15350,"TANK, SUB",1052-15-350B,1,,,no,'83 model only
EC-048-38,EC,48,1500AA-1,COOLING SYSTEM ('83 MODEL),15351,"HOSE, WATER",8871-15-351A,1,,,no,'83 model only
EC-048-39,EC,48,1500AA-1,COOLING SYSTEM ('83 MODEL),15355A,"CAP, SUB TANK",1052-15-355A,1,,,no,'83 model only
EC-048-40,EC,48,1500AA-1,COOLING SYSTEM ('83 MODEL),18863C,CLIP,8156-18-863B,1,,,no,'83 model only
EC-049-01,EC,49,1580A-1,"COMPRESSOR BRACKET, PULLEY & BELT (A/C)",15906,V-BELT,0000-68-110-00,1,,,unclear,A/C only; whether car has A/C not stated
EC-049-02,EC,49,1580A-1,"COMPRESSOR BRACKET, PULLEY & BELT (A/C)",15908,STRAP,8562-15-908,1,,,unclear,A/C only; whether car has A/C not stated
EC-049-03,EC,49,1580A-1,"COMPRESSOR BRACKET, PULLEY & BELT (A/C)",15920,"BRACKET, COMPRESSOR",8562-15-921,1,,,unclear,A/C only; whether car has A/C not stated
EC-051-01,EC,51,1600A-1,CLUTCH (MANUAL),16 102,"PIN, PIVOT",0603-16-102B,1,,,no,figure M/T only
EC-051-02,EC,51,1600A-1,CLUTCH (MANUAL),16 103,"SEAL, OIL",0603-16-103,1,,,no,figure M/T only
EC-051-03,EC,51,1600A-1,CLUTCH (MANUAL),16 214,"COVER, DUST",3975-16-214A,1,,,no,figure M/T only
EC-051-04,EC,51,1600A-1,CLUTCH (MANUAL),16 220,"COVER, FRONT",8540-16-220A,1,'81 MODEL,,no,figure M/T only
EC-051-05,EC,51,1600A-1,CLUTCH (MANUAL),,"COVER, FRONT",8540-16-220D,1,'82 & '83 MODELS,,no,figure M/T only
EC-051-06,EC,51,1600A-1,CLUTCH (MANUAL),16 225,"GASKET, FRONT COVER",8540-16-225,1,,,no,figure M/T only
EC-051-07,EC,51,1600A-1,CLUTCH (MANUAL),16 241,"PLUG, BLIND",8540-16-241A,1,,,no,figure M/T only
EC-051-08,EC,51,1600A-1,CLUTCH (MANUAL),16 410,"COVER, CLUTCH",1769-16-410A,1,'81 & '82 MODELS,,no,figure M/T only
EC-051-09,EC,51,1600A-1,CLUTCH (MANUAL),,,N203-16-410A,1,'83 MODEL,,no,figure M/T only
EC-051-10,EC,51,1600A-1,CLUTCH (MANUAL),16 432,"BOLT, REAMER",0839-16-432,2,'81 & '82 MODELS,,no,figure M/T only
EC-051-11,EC,51,1600A-1,CLUTCH (MANUAL),16 460,"DISC, CLUTCH",0862-16-460F,1,'81 & '82 MODELS,,no,figure M/T only
EC-051-12,EC,51,1600A-1,CLUTCH (MANUAL),,,N203-16-460B,1,'83 MODEL,,no,figure M/T only
EC-051-13,EC,51,1600A-1,CLUTCH (MANUAL),16 510,"COLLAR, CLUTCH RELEASE",H606-16-510A,1,,,no,figure M/T only
EC-051-14,EC,51,1600A-1,CLUTCH (MANUAL),16 520,"FORK, CLUTCH RELEASE",8540-16-520A,1,,,no,figure M/T only
EC-052-01,EC,52,1700A-1,TRANSMISSION CASE (MANUAL),17 100,"CASE, TRANSMISSION",M503-17-100A,1,,,no,figure M/T only
EC-052-02,EC,52,1700A-1,TRANSMISSION CASE (MANUAL),17 121,"PLUG, MAGNET DRAIN",0810-17-121,1,,,no,figure M/T only
EC-052-03,EC,52,1700A-1,TRANSMISSION CASE (MANUAL),17 325,"COVER, BEARING",8086-17-326,1,,,no,figure M/T only
EC-052-04,EC,52,1700A-1,TRANSMISSION CASE (MANUAL),17 330,"HOUSING, EXTENSION",M501-17-330B,1,'81 MODEL,,no,figure M/T only
EC-052-05,EC,52,1700A-1,TRANSMISSION CASE (MANUAL),17 335,"SEAL, OIL",0437-17-335A,1,,,no,figure M/T only
EC-052-06,EC,52,1700A-1,TRANSMISSION CASE (MANUAL),17 441,"GEAR, DRIVEN",8057-17-441C,1,,,no,figure M/T only
EC-052-07,EC,52,1700A-1,TRANSMISSION CASE (MANUAL),17 442,"SLEEVE, SPEEDOMETER",1011-17-442A,1,,,no,figure M/T only
EC-052-08,EC,52,1700A-1,TRANSMISSION CASE (MANUAL),17 442J,O-RING,1011-17-443,1,,,no,figure M/T only
EC-052-09,EC,52,1700A-1,TRANSMISSION CASE (MANUAL),17 442K,"SEAL, OIL",9958-60-8166,1,,,no,figure M/T only
EC-052-10,EC,52,1700A-1,TRANSMISSION CASE (MANUAL),17 490,COVER,M501-17-490B,1,,,no,figure M/T only
EC-052-11,EC,52,1700A-1,TRANSMISSION CASE (MANUAL),17 530,"BREATHER, AIR",0884-17-530,1,,,no,figure M/T only
EC-052-12,EC,52,1700A-1,TRANSMISSION CASE (MANUAL),17 540,"PASS, OIL",M501-17-550A,1,,,no,figure M/T only
EC-052-13,EC,52,1700A-1,TRANSMISSION CASE (MANUAL),22 333,BUSHING,0398-22-333,1,,,no,figure M/T only
EC-053-01,EC,53,1710A-1,TRANSMISSION GEAR (MANUAL),17 201,"GEAR, MAIN DRIVE",M501-17-201A,1,,,no,figure M/T only
EC-053-02,EC,53,1710A-1,TRANSMISSION GEAR (MANUAL),17 201J,"BEARING, BALL",M502-17-295C,1,,,no,figure M/T only
EC-053-03,EC,53,1710A-1,TRANSMISSION GEAR (MANUAL),17 204,"BEARING, BALL",M502-17-298A,1,,,no,figure M/T only
EC-053-04,EC,53,1710A-1,TRANSMISSION GEAR (MANUAL),17 205,"BEARING, ROLLER",0249-17-210B,1,,,no,figure M/T only
EC-053-05,EC,53,1710A-1,TRANSMISSION GEAR (MANUAL),17 207,"SHIM, ADJUST",9996-36-315,1,(T=0.15),,no,figure M/T only
EC-053-06,EC,53,1710A-1,TRANSMISSION GEAR (MANUAL),,,9996-36-330,1,(T=0.3),,no,figure M/T only
EC-053-07,EC,53,1710A-1,TRANSMISSION GEAR (MANUAL),17 221,"SHAFT, MAIN",M502-17-221,1,,,no,figure M/T only
EC-053-08,EC,53,1710A-1,TRANSMISSION GEAR (MANUAL),17 221J,"BEARING, BALL",M503-17-204,1,,,no,figure M/T only
EC-053-09,EC,53,1710A-1,TRANSMISSION GEAR (MANUAL),17 225,"RING, SNAP",0317-17-225,1,,,no,figure M/T only
EC-053-10,EC,53,1710A-1,TRANSMISSION GEAR (MANUAL),17 230,"GEAR, 3RD",M501-17-231,1,,,no,figure M/T only
EC-053-11,EC,53,1710A-1,TRANSMISSION GEAR (MANUAL),17 241,"HUB, CLUTCH",M508-17-261A,1,,,no,figure M/T only
EC-053-12,EC,53,1710A-1,TRANSMISSION GEAR (MANUAL),17 242,"SLEEVE, CLUTCH HUB",F401-17-242A,1,,,no,figure M/T only
EC-053-13,EC,53,1710A-1,TRANSMISSION GEAR (MANUAL),17 243,"KEY, SYNCHRONIZER",F401-17-243A,9,,,no,figure M/T only
EC-053-14,EC,53,1710A-1,TRANSMISSION GEAR (MANUAL),17 250,"GEAR, 2ND",M501-17-251,1,,,no,figure M/T only
EC-053-15,EC,53,1710A-1,TRANSMISSION GEAR (MANUAL),17 261,"HUB, CLUTCH",M509-17-261A,1,,,no,figure M/T only
EC-053-16,EC,53,1710A-1,TRANSMISSION GEAR (MANUAL),17 264,"SPRING, SYNCHRONIZER KEY",F401-17-264A,2,,,no,figure M/T only
EC-053-17,EC,53,1710A-1,TRANSMISSION GEAR (MANUAL),,<A>,F402-17-264,2,,,no,figure M/T only
EC-053-18,EC,53,1710A-1,TRANSMISSION GEAR (MANUAL),17 265,"RING, SYNCHRONIZER",F401-17-265A,1,,,no,figure M/T only
EC-053-19,EC,53,1710A-1,TRANSMISSION GEAR (MANUAL),17 271,"GEAR, 1ST",M501-17-271,1,,,no,figure M/T only
EC-053-20,EC,53,1710A-1,TRANSMISSION GEAR (MANUAL),17 274,"BEARING, NEEDLE",4069-17-283A,2,,,no,figure M/T only
EC-053-21,EC,53,1710A-1,TRANSMISSION GEAR (MANUAL),17 275,"RACE, INNER",8540-17-275A,1,,,no,figure M/T only
EC-053-22,EC,53,1710A-1,TRANSMISSION GEAR (MANUAL),17 275B,"RACE, INNER",4069-17-284E,1,,,no,figure M/T only
EC-053-23,EC,53,1710A-1,TRANSMISSION GEAR (MANUAL),17 276,"WASHER, THRUST",0259-17-276,2,(T=2.2),,no,figure M/T only
EC-053-24,EC,53,1710A-1,TRANSMISSION GEAR (MANUAL),,,0259-17-277,2,(T=2.7),,no,figure M/T only
EC-053-25,EC,53,1710A-1,TRANSMISSION GEAR (MANUAL),,,0259-17-274A,2,(T=3.0),,no,figure M/T only
EC-053-26,EC,53,1710A-1,TRANSMISSION GEAR (MANUAL),,,0259-17-278,2,(T=3.2),,no,figure M/T only
EC-053-27,EC,53,1710A-1,TRANSMISSION GEAR (MANUAL),,,0259-17-279,2,(T=3.7),,no,figure M/T only
EC-053-28,EC,53,1710A-1,TRANSMISSION GEAR (MANUAL),17 281,"GEAR, REVERSE",M501-17-281B,1,,,no,figure M/T only
EC-053-29,EC,53,1710A-1,TRANSMISSION GEAR (MANUAL),17 287,"SHIM, ADJUST",0419-17-288,1,(T=2.1),,no,figure M/T only
EC-053-30,EC,53,1710A-1,TRANSMISSION GEAR (MANUAL),,,0419-17-291,1,(T=2.2),,no,figure M/T only
EC-053-31,EC,53,1710A-1,TRANSMISSION GEAR (MANUAL),,,0419-17-292,1,(T=2.3),,no,figure M/T only
EC-053-32,EC,53,1710A-1,TRANSMISSION GEAR (MANUAL),,,0419-17-293,1,(T=2.4),,no,figure M/T only
EC-053-33,EC,53,1710A-1,TRANSMISSION GEAR (MANUAL),17 287J,"SHIM, ADJUST",9996-36-310,2,(T=0.1),,no,figure M/T only
EC-053-34,EC,53,1710A-1,TRANSMISSION GEAR (MANUAL),,,9996-36-330,2,(T=0.3) '81 & '82 MODELS,,no,figure M/T only
EC-053-35,EC,53,1710A-1,TRANSMISSION GEAR (MANUAL),,,,1,'83 MODEL,,no,figure M/T only
EC-053-36,EC,53,1710A-1,TRANSMISSION GEAR (MANUAL),17 297,"BEARING, BALL",0821-17-297,1,,,no,figure M/T only
EC-053-37,EC,53,1710A-1,TRANSMISSION GEAR (MANUAL),17 301,"GEAR, COUNTER SHAFT",M501-17-301B,1,,,no,figure M/T only
EC-053-38,EC,53,1710A-1,TRANSMISSION GEAR (MANUAL),17 301J,"BEARING, BALL",M502-17-299A,1,,,no,figure M/T only
EC-053-39,EC,53,1710A-1,TRANSMISSION GEAR (MANUAL),17 302,"GEAR, COUNTER REVERSE",8086-17-302C,1,,,no,figure M/T only
EC-053-40,EC,53,1710A-1,TRANSMISSION GEAR (MANUAL),17 303,"BEARING, BALL",8086-17-297,1,'81 MODEL,FB331 ..500001-529438,no,figure M/T only
EC-054-01,EC,54,1710A-2,TRANSMISSION GEAR (MANUAL),17 303 (CONT'D),,M502-17-297A,1,'82 & '83 MODELS,FB331 ..529439-,no,figure M/T only
EC-054-02,EC,54,1710A-2,TRANSMISSION GEAR (MANUAL),17 304,SPACER,8086-17-304A,1,,,no,figure M/T only
EC-054-03,EC,54,1710A-2,TRANSMISSION GEAR (MANUAL),,<A>,M504-17-304,1,,,no,figure M/T only
EC-054-04,EC,54,1710A-2,TRANSMISSION GEAR (MANUAL),17 305A,"RING, RETAINING",0839-17-305B,2,,,no,figure M/T only
EC-054-05,EC,54,1710A-2,TRANSMISSION GEAR (MANUAL),17 308,"GEAR, COUNTER",M501-17-308A,1,,,no,figure M/T only
EC-054-06,EC,54,1710A-2,TRANSMISSION GEAR (MANUAL),17 310,"GEAR, REVERSE IDLE",8086-17-310B,1,,,no,figure M/T only
EC-054-07,EC,54,1710A-2,TRANSMISSION GEAR (MANUAL),,<A>,8086-17-310C,1,,,no,figure M/T only
EC-054-08,EC,54,1710A-2,TRANSMISSION GEAR (MANUAL),17 313,"WASHER, THRUST",M501-17-313,1,,,no,figure M/T only
EC-054-09,EC,54,1710A-2,TRANSMISSION GEAR (MANUAL),17 313B,"WASHER, THRUST",4077-17-314A,1,(T=2.8),,no,figure M/T only
EC-054-10,EC,54,1710A-2,TRANSMISSION GEAR (MANUAL),,,4077-17-316,1,(T=2.6),,no,figure M/T only
EC-054-11,EC,54,1710A-2,TRANSMISSION GEAR (MANUAL),,,4077-17-315A,1,(T=3.0),,no,figure M/T only
EC-054-12,EC,54,1710A-2,TRANSMISSION GEAR (MANUAL),17 315,"SHAFT, REVERSE IDLE GEAR",8086-17-140A,1,,,no,figure M/T only
EC-054-13,EC,54,1710A-2,TRANSMISSION GEAR (MANUAL),17 321,"HUB, CLUTCH",M510-17-261,1,,,no,figure M/T only
EC-054-14,EC,54,1710A-2,TRANSMISSION GEAR (MANUAL),17 327,"SHIM, ADJUST",0305-17-327,2,(T=0.1),,no,figure M/T only
EC-054-15,EC,54,1710A-2,TRANSMISSION GEAR (MANUAL),,,0305-17-328,1,(T=0.3),,no,figure M/T only
EC-054-16,EC,54,1710A-2,TRANSMISSION GEAR (MANUAL),17 341,"GEAR, DRIVE",3728-17-341A,1,,,no,figure M/T only
EC-054-17,EC,54,1710A-2,TRANSMISSION GEAR (MANUAL),17 341J,"BALL, STEEL",9961-11-500,2,'81 & '82 MODELS,,no,figure M/T only
EC-054-18,EC,54,1710A-2,TRANSMISSION GEAR (MANUAL),17 611,"GEAR, OVER TOP",M501-17-611B,1,,,no,figure M/T only
EC-054-19,EC,54,1710A-2,TRANSMISSION GEAR (MANUAL),17 626A,"RING, RETAINING",3648-17-626,1,,,no,figure M/T only
EC-054-20,EC,54,1710A-2,TRANSMISSION GEAR (MANUAL),17 629,"NUT, LOCK",8601-17-629,1,,,no,figure M/T only
EC-054-21,EC,54,1710A-2,TRANSMISSION GEAR (MANUAL),17 631,"WASHER, THRUST LOCK",0884-17-632A,1,(T=6.2),,no,figure M/T only
EC-054-22,EC,54,1710A-2,TRANSMISSION GEAR (MANUAL),,,0884-17-633A,1,(T=6.4),,no,figure M/T only
EC-054-23,EC,54,1710A-2,TRANSMISSION GEAR (MANUAL),,,0884-17-634A,1,(T=6.5),,no,figure M/T only
EC-054-24,EC,54,1710A-2,TRANSMISSION GEAR (MANUAL),,,0884-17-635A,1,(T=6.6),,no,figure M/T only
EC-054-25,EC,54,1710A-2,TRANSMISSION GEAR (MANUAL),17 641,"WASHER, ADJUST",0862-17-641A,1,(T=1.9),,no,figure M/T only
EC-054-26,EC,54,1710A-2,TRANSMISSION GEAR (MANUAL),,,0862-17-642A,1,(T=2.0),,no,figure M/T only
EC-054-27,EC,54,1710A-2,TRANSMISSION GEAR (MANUAL),,,0862-17-643A,1,(T=2.1),,no,figure M/T only
EC-054-28,EC,54,1710A-2,TRANSMISSION GEAR (MANUAL),,,0862-17-644A,1,(T=2.2),,no,figure M/T only
EC-054-29,EC,54,1710A-2,TRANSMISSION GEAR (MANUAL),17 724A,"SPRING, SYNCHRONIZER KEY",W501-17-724,4,,,no,figure M/T only
EC-054-30,EC,54,1710A-2,TRANSMISSION GEAR (MANUAL),17 725A,"RING, SYNCHRONIZER",W501-17-725A,4,'81 MODEL,FB331 ..500001-503735,no,figure M/T only
EC-054-31,EC,54,1710A-2,TRANSMISSION GEAR (MANUAL),,,M501-17-245,4,,FB331 ..503736-,no,figure M/T only
EC-054-32,EC,54,1710A-2,TRANSMISSION GEAR (MANUAL),17 732,"SLEEVE, CLUTCH HUB",W501-17-732A,2,,,no,figure M/T only
EC-055-01,EC,55,1720A-1,CHANGE CONTROLS (MANUAL),17 313A,SCREW SET,0118-17-313B,1,,,no,figure M/T only
EC-055-02,EC,55,1720A-1,CHANGE CONTROLS (MANUAL),17 351A,"PIN, INTER LOCK",0114-17-351,2,,,no,figure M/T only
EC-055-03,EC,55,1720A-1,CHANGE CONTROLS (MANUAL),17 402,"FORK, SHIFT (1ST & 2ND)",M501-17-402B,1,,,no,figure M/T only
EC-055-04,EC,55,1720A-1,CHANGE CONTROLS (MANUAL),17 404,"FORK, SHIFT (3RD & 4TH)",M501-17-404B,1,,,no,figure M/T only
EC-055-05,EC,55,1720A-1,CHANGE CONTROLS (MANUAL),17 406,"FORK, SHIFT",M501-17-406A,1,(OVER TOP & REVERSE),,no,figure M/T only
EC-055-06,EC,55,1720A-1,CHANGE CONTROLS (MANUAL),17 410,"ROD, SHIFT (1ST & 2ND)",M503-17-411,1,,,no,figure M/T only
EC-055-07,EC,55,1720A-1,CHANGE CONTROLS (MANUAL),17 410A,"END, SHIFT ROD (1ST & 2ND)",M501-17-412,1,,,no,figure M/T only
EC-055-08,EC,55,1720A-1,CHANGE CONTROLS (MANUAL),17 411,SPRING,0103-17-411,2,,,no,figure M/T only
EC-055-09,EC,55,1720A-1,CHANGE CONTROLS (MANUAL),17 411A,SPRING,0014-17-411,2,,,no,figure M/T only
EC-055-10,EC,55,1720A-1,CHANGE CONTROLS (MANUAL),17 411J,"BALL, STEEL",9961-12-500,5,'81 & '82 MODELS,,no,figure M/T only
EC-055-11,EC,55,1720A-1,CHANGE CONTROLS (MANUAL),17 420,"ROD, SHIFT (3RD & 4TH)",M502-17-421A,1,,,no,figure M/T only
EC-055-12,EC,55,1720A-1,CHANGE CONTROLS (MANUAL),,<AN>,M503-17-421,1,,,no,figure M/T only
EC-055-13,EC,55,1720A-1,CHANGE CONTROLS (MANUAL),17 422,"END, SHIFT ROD (3RD & 4TH)",M501-17-422,1,,,no,figure M/T only
EC-055-14,EC,55,1720A-1,CHANGE CONTROLS (MANUAL),17 431,"ROD, SHIFT",M505-17-431A,1,(OVER TOP & REVERSE),,no,figure M/T only
EC-055-15,EC,55,1720A-1,CHANGE CONTROLS (MANUAL),17 432,"END, SHIFT",M501-17-432,1,(OVER TOP & REVERSE),,no,figure M/T only
EC-055-16,EC,55,1720A-1,CHANGE CONTROLS (MANUAL),17 442A,"PLUG, CAP",9951-01-000,3,'81 & '82 MODELS,,no,figure M/T only
EC-055-17,EC,55,1720A-1,CHANGE CONTROLS (MANUAL),17 461,"LEVER, CONTROL",M501-17-450,1,,,no,figure M/T only
EC-055-18,EC,55,1720A-1,CHANGE CONTROLS (MANUAL),17 461A,"END, CONTROL ROD",M501-17-461A,1,,,no,figure M/T only
EC-055-19,EC,55,1720A-1,CHANGE CONTROLS (MANUAL),17 465C,"SPRING, SELECT",M501-17-465B,1,,,no,figure M/T only
EC-055-20,EC,55,1720A-1,CHANGE CONTROLS (MANUAL),17 470,"CASE, CHANGE CONTROL",M501-17-470A,1,,,no,figure M/T only
EC-055-21,EC,55,1720A-1,CHANGE CONTROLS (MANUAL),17 474A,"CAP, SPRING",M501-17-474,1,,,no,figure M/T only
EC-055-22,EC,55,1720A-1,CHANGE CONTROLS (MANUAL),17 474J,"SHIM, ADJUST",9996-33-130,1,'83 MODEL,,no,figure M/T only
EC-055-23,EC,55,1720A-1,CHANGE CONTROLS (MANUAL),17 475,"BOOT, DUST",M501-17-480A,1,,,no,figure M/T only
EC-055-24,EC,55,1720A-1,CHANGE CONTROLS (MANUAL),17 475A,"GASKET, SPRING CAP",M501-17-475,1,,,no,figure M/T only
EC-055-25,EC,55,1720A-1,CHANGE CONTROLS (MANUAL),17 476,"SPINDLE, SELECT LOCK",M502-17-476A,1,,,no,figure M/T only
EC-055-26,EC,55,1720A-1,CHANGE CONTROLS (MANUAL),17 477,SPRING,M501-17-477,1,,,no,figure M/T only
EC-055-27,EC,55,1720A-1,CHANGE CONTROLS (MANUAL),17 481S,"BUSHING SET, CHANGE",0305-99-?78,1,'81 & '82 MODELS,,no,figure M/T only
EC-055-28,EC,55,1720A-1,CHANGE CONTROLS (MANUAL),,,M503-99-178,1,'83 MODEL,,no,figure M/T only
EC-055-29,EC,55,1720A-1,CHANGE CONTROLS (MANUAL),17 482,"WASHER, WAVE",0303-17-482,1,'81 & '82 MODELS,,no,figure M/T only
EC-055-30,EC,55,1720A-1,CHANGE CONTROLS (MANUAL),,,M503-17-482A,1,'83 MODEL,,no,figure M/T only
EC-055-31,EC,55,1720A-1,CHANGE CONTROLS (MANUAL),17 483,SPRING,0824-17-483,1,,,no,figure M/T only
EC-055-32,EC,55,1720A-1,CHANGE CONTROLS (MANUAL),17 486A,"COVER, BLIND",M501-17-486A,1,,,no,figure M/T only
EC-055-33,EC,55,1720A-1,CHANGE CONTROLS (MANUAL),17 491B,"CAP, SPRING",0183-17-491,1,,,no,figure M/T only
EC-055-34,EC,55,1720A-1,CHANGE CONTROLS (MANUAL),17 510,"LEVER, CHANGE",M501-17-510E,1,,,no,figure M/T only
EC-055-35,EC,55,1720A-1,CHANGE CONTROLS (MANUAL),17 520,"KNOB, CHANGE LEVER",M501-17-520,1,,,no,figure M/T only
EC-055-36,EC,55,1720A-1,CHANGE CONTROLS (MANUAL),,BLACK,00,,,,no,figure M/T only
EC-055-37,EC,55,1720A-1,CHANGE CONTROLS (MANUAL),17 524,"NUT, LOCK",M501-17-524,1,,,no,figure M/T only
EC-056-01,EC,56,1800A-1,ELECTRICAL SYSTEM (ENGINE),18 100,"COIL, IGNITION",1480-18-100,2,(HANSHIN MAKE),,yes,alternative make; either may be fitted
EC-056-02,EC,56,1800A-1,ELECTRICAL SYSTEM (ENGINE),,,8245-18-100,2,(MITSUBISHI MAKE),,yes,alternative make; either may be fitted
EC-056-03,EC,56,1800A-1,ELECTRICAL SYSTEM (ENGINE),18 107,PIPE,8245-18-107,1,,,yes,
EC-056-04,EC,56,1800A-1,ELECTRICAL SYSTEM (ENGINE),18 110,"PLUG, SPARK",N201-18-600,4,(BR8EQ-114 NGK),,yes,
EC-056-05,EC,56,1800A-1,ELECTRICAL SYSTEM (ENGINE),,,8AF2-18-110A-BP,,(BLISTER PACK),,yes,
EC-056-06,EC,56,1800A-1,ELECTRICAL SYSTEM (ENGINE),,,N201-18-600,4,(W25EDR-14 DENSO),,yes,
EC-056-07,EC,56,1800A-1,ELECTRICAL SYSTEM (ENGINE),18 110A,"WIRE, HIGH TENSION",8248-18-110,1,,,yes,
EC-056-08,EC,56,1800A-1,ELECTRICAL SYSTEM (ENGINE),,,0000-18-097B,1,HIGH TENSION WIRE SET,,yes,
EC-056-09,EC,56,1800A-1,ELECTRICAL SYSTEM (ENGINE),18 111,SUPPORTER,3648-18-111A,1,,,yes,
EC-056-10,EC,56,1800A-1,ELECTRICAL SYSTEM (ENGINE),18 111H,SUPPORTER,8871-18-111B,1,,,yes,
EC-056-11,EC,56,1800A-1,ELECTRICAL SYSTEM (ENGINE),18 114,SUPPORTER,0820-18-114,1,,,yes,
EC-056-12,EC,56,1800A-1,ELECTRICAL SYSTEM (ENGINE),18 1201,"WIRE, HIGH TENSION",8248-18-120,1,,,yes,
EC-056-13,EC,56,1800A-1,ELECTRICAL SYSTEM (ENGINE),18 1301,"WIRE, HIGH TENSION",1480-18-130B,1,,,yes,
EC-056-14,EC,56,1800A-1,ELECTRICAL SYSTEM (ENGINE),18 1401,"WIRE, HIGH TENSION",0000-18-097B,1,,,yes,
EC-056-15,EC,56,1800A-1,ELECTRICAL SYSTEM (ENGINE),18 150,"WIRE, HIGH TENSION",0000-18-097B,1,,,yes,
EC-056-16,EC,56,1800A-1,ELECTRICAL SYSTEM (ENGINE),18 1601,"WIRE, HIGH TENSION",1480-18-160A,1,,,yes,
EC-056-17,EC,56,1800A-1,ELECTRICAL SYSTEM (ENGINE),18 1701,"WIRE, HIGH TENSION",1480-18-170B,1,,,yes,
EC-056-18,EC,56,1800A-1,ELECTRICAL SYSTEM (ENGINE),18 1801,"WIRE, HIGH TENSION",8871-18-180A,1,,,yes,
EC-056-19,EC,56,1800A-1,ELECTRICAL SYSTEM (ENGINE),18 1901,"BRACKET, IGNITION COIL",8871-18-810A,1,,,yes,
EC-056-20,EC,56,1800A-1,ELECTRICAL SYSTEM (ENGINE),18 200K,"TUBE, VACUUM",9935-10-4999,,BULK QTY.,,yes,
EC-056-21,EC,56,1800A-1,ELECTRICAL SYSTEM (ENGINE),18 201,O-RING,9954-10-3501,1,,,yes,
EC-056-22,EC,56,1800A-1,ELECTRICAL SYSTEM (ENGINE),18 361,"STRAP, ALTERNATOR",1881-18-361A,1,,,yes,
EC-056-23,EC,56,1800A-1,ELECTRICAL SYSTEM (ENGINE),18 371,"BRACKET, ALTERNATOR",1757-18-311,1,,,yes,
EC-056-24,EC,56,1800A-1,ELECTRICAL SYSTEM (ENGINE),18 375,SHIM,0222-18-375,1,(T=0.3),,yes,
EC-056-25,EC,56,1800A-1,ELECTRICAL SYSTEM (ENGINE),,,0222-18-376,1,(T=0.5),,yes,
EC-056-26,EC,56,1800A-1,ELECTRICAL SYSTEM (ENGINE),,,0222-18-377,1,(T=0.7),,yes,
EC-056-27,EC,56,1800A-1,ELECTRICAL SYSTEM (ENGINE),18 381,V-BELT,8311-18-381A,1,,,yes,
EC-056-28,EC,56,1800A-1,ELECTRICAL SYSTEM (ENGINE),18 401C,"BRACKET, STARTER",N202-18-401,1,,,yes,
EC-056-29,EC,56,1800A-1,ELECTRICAL SYSTEM (ENGINE),18 590,"BRACKET, RESISTOR",8871-18-195A,1,,,yes,
EC-056-30,EC,56,1800A-1,ELECTRICAL SYSTEM (ENGINE),18 810,"BRACKET, IGNITION",8871-18-106C,1,,,yes,
EC-056-31,EC,56,1800A-1,ELECTRICAL SYSTEM (ENGINE),18 861,CLIP,8341-18-861A,1,,,yes,
EC-056-32,EC,56,1800A-1,ELECTRICAL SYSTEM (ENGINE),18 994A,"CLIP, ENGINE HARNESS",1820-18-994,1,,,yes,
EC-057-01,EC,57,1820A-1,DISTRIBUTOR,18 200,DISTRIBUTOR,N201-18-200,1,'81 & '82 MODELS,,yes,
EC-057-02,EC,57,1820A-1,DISTRIBUTOR,,,N249-18-200A,1,'83 MODEL,,no,'83 only
EC-057-03,EC,57,1820A-1,DISTRIBUTOR,18 216,"SEAL, OIL",0107-18-216A,1,,,yes,
EC-057-04,EC,57,1820A-1,DISTRIBUTOR,24 304,CLAMP,8245-24-304,1,,,yes,
EC-057-05,EC,57,1820A-1,DISTRIBUTOR,24 305,CLAMP,8245-24-305,1,,,yes,
EC-057-06,EC,57,1820A-1,DISTRIBUTOR,24 308,SPRING SET,1480-24-308,1,,,yes,
EC-057-07,EC,57,1820A-1,DISTRIBUTOR,24 310,CAP,8245-24-310B,1,,,yes,
EC-057-08,EC,57,1820A-1,DISTRIBUTOR,24 312,ROTOR,8245-24-303A,1,,,yes,
EC-057-09,EC,57,1820A-1,DISTRIBUTOR,,CAP & ROTOR,8AF1-24-310A-BP,1,(BLISTER PACK),,yes,
EC-057-10,EC,57,1820A-1,DISTRIBUTOR,24 314A,PICK-UP SET,8248-24-314,1,,,yes,
EC-057-11,EC,57,1820A-1,DISTRIBUTOR,,<A>,N236-24-314,1,,,yes,
EC-057-12,EC,57,1820A-1,DISTRIBUTOR,24 316A,"ROTOR SET, SIGNAL",8248-24-316,1,,,yes,
EC-057-13,EC,57,1820A-1,DISTRIBUTOR,24 330,GOVERNOR SET,N201-24-330,1,,,yes,
EC-057-14,EC,57,1820A-1,DISTRIBUTOR,24 334,CONDENSER,1757-24-334,1,,,yes,
EC-057-15,EC,57,1820A-1,DISTRIBUTOR,24 340,COUPLING SET,3648-24-340,1,,,yes,
EC-057-16,EC,57,1820A-1,DISTRIBUTOR,24 350,VACUUM SET,1480-24-350,1,,,yes,
EC-057-17,EC,57,1820A-1,DISTRIBUTOR,,<A>,1480-24-350A,1,,,yes,
EC-057-18,EC,57,1820A-1,DISTRIBUTOR,24 351,VACUUM SET,N201-24-351,1,'81 & '82 MODELS,,yes,
EC-057-19,EC,57,1820A-1,DISTRIBUTOR,,,N231-24-351,1,'83 MODEL,,no,'83 only
EC-057-20,EC,57,1820A-1,DISTRIBUTOR,24 360,SCREW SET,8248-24-360,1,,,yes,
EC-057-21,EC,57,1820A-1,DISTRIBUTOR,24 368,COVER,8245-24-368A,1,,,yes,
EC-057-22,EC,57,1820A-1,DISTRIBUTOR,24 496,CONTACT,1757-24-302,1,,,yes,
EC-057-23,EC,57,1820A-1,DISTRIBUTOR,24 910A,IGNITER SET,E301-24-910,2,,,yes,
EC-058-01,EC,58,1830A-1,ALTERNATOR,18 300,ALTERNATOR,N221-18-300R,1,(REMANUFACTURED),,yes,
EC-058-02,EC,58,1830A-1,ALTERNATOR,,,,,,REFER TO PARTS BULL. NOS. R-1 & R-5 FOR MORE INFO.,yes,note row
EC-058-03,EC,58,1830A-1,ALTERNATOR,24 501,STATOR,8173-24-501A,1,'81 MODEL,,no,'81 only
EC-058-04,EC,58,1830A-1,ALTERNATOR,,,N221-24-501,1,'82 & '83 MODELS,,yes,
EC-058-05,EC,58,1830A-1,ALTERNATOR,24 503,"BEARING, BALL",0820-24-503,1,,,yes,
EC-058-06,EC,58,1830A-1,ALTERNATOR,24 510,RECTIFIER,8173-24-510A,1,'81 MODEL,,no,'81 only
EC-058-07,EC,58,1830A-1,ALTERNATOR,,,N221-24-?10,1,'82 & '83 MODELS,,yes,
EC-058-08,EC,58,1830A-1,ALTERNATOR,24 514,"BEARING, BALL",0114-18-327,1,'81 MODEL,,no,'81 only
EC-058-09,EC,58,1830A-1,ALTERNATOR,,,9960-62-202,1,'82 & '83 MODELS,,yes,
EC-058-10,EC,58,1830A-1,ALTERNATOR,24 520,REGULATOR,8173-24-520,1,'81 MODEL,,no,'81 only
EC-058-11,EC,58,1830A-1,ALTERNATOR,,,N221-24-520,1,'82 & '83 MODELS,,yes,
EC-058-12,EC,58,1830A-1,ALTERNATOR,24 521,"SPRING, BRUSH",8173-24-521,2,,,yes,
EC-058-13,EC,58,1830A-1,ALTERNATOR,24 522,BRUSH,8173-24-522,2,,,yes,
EC-058-14,EC,58,1830A-1,ALTERNATOR,24 526,SCREW SET,1757-24-526,1,,,yes,
EC-058-15,EC,58,1830A-1,ALTERNATOR,24 530,PULLEY,1011-24-530,1,'81 MODEL,,no,'81 only
EC-058-16,EC,58,1830A-1,ALTERNATOR,,,N221-24-530,1,'82 & '83 MODELS,,yes,
EC-058-17,EC,58,1830A-1,ALTERNATOR,24 533,"NUT, SET",8028-24-533,1,,,yes,
EC-058-18,EC,58,1830A-1,ALTERNATOR,24 535,SCREW SET,8028-24-535,1,,,yes,
EC-058-19,EC,58,1830A-1,ALTERNATOR,24 540,ROTOR,8086-24-540A,1,'81 MODEL,,no,'81 only
EC-058-20,EC,58,1830A-1,ALTERNATOR,,,N221-24-540,1,'82 & '83 MODELS,,yes,
EC-058-21,EC,58,1830A-1,ALTERNATOR,24 550,"BRACKET, FRONT",8173-24-550,1,'81 MODEL,,no,'81 only
EC-058-22,EC,58,1830A-1,ALTERNATOR,,,N221-24-550,1,'82 & '83 MODELS,,yes,
EC-058-23,EC,58,1830A-1,ALTERNATOR,24 560,"BRACKET, REAR",8173-24-560,1,'81 MODEL,,no,'81 only
EC-058-24,EC,58,1830A-1,ALTERNATOR,,,N221-24-560,1,'82 & '83 MODELS,,yes,
EC-058-25,EC,58,1830A-1,ALTERNATOR,24 581,CONDENSER,8086-24-581,1,'81 MODEL,,no,'81 only
EC-058-26,EC,58,1830A-1,ALTERNATOR,24 590,TERMINAL SET,4130-24-590,1,'81 MODEL,,no,'81 only
EC-058-27,EC,58,1830A-1,ALTERNATOR,,,GE01-24-590,1,'82 & '83 MODELS,,yes,
EC-059-01,EC,59,1840A-1,STARTER,18 400,STARTER,N221-18-400R,1,M/T (REMANUFACTURED),,no,M/T
EC-059-02,EC,59,1840A-1,STARTER,,,,,,REFER TO PARTS BULL. NOS. R-1 & R-5 FOR MORE INFO.,yes,note row
EC-059-03,EC,59,1840A-1,STARTER,,,N202-18-400R,1,A/T (REMANUFACTURED),,yes,A/T
EC-059-04,EC,59,1840A-1,STARTER,24 701,YOKE,N221-24-701,1,M/T,,no,M/T
EC-059-05,EC,59,1840A-1,STARTER,,,N202-24-730,1,A/T,,yes,A/T
EC-059-06,EC,59,1840A-1,STARTER,24 706,"BRACKET, CENTER",N202-24-721,1,A/T,,yes,A/T
EC-059-07,EC,59,1840A-1,STARTER,24 709,PINION,N202-24-709,1,A/T,,yes,A/T
EC-059-08,EC,59,1840A-1,STARTER,24 710,"BRACKET, FRONT",1757-24-710C,1,M/T '81 & '82 MODELS THRU OCT. '81 PROD.,FB331 ..500001-622565,no,M/T
EC-059-09,EC,59,1840A-1,STARTER,,,N221-24-710,1,M/T '82 & '83 MODELS THRU NOV. '81 PROD.,EB331 ..622566-,no,M/T
EC-059-10,EC,59,1840A-1,STARTER,,,N202-24-710A,1,A/T,,yes,A/T
EC-059-11,EC,59,1840A-1,STARTER,24 712,STOPPER SET,N202-24-712,1,A/T,,yes,A/T
EC-059-12,EC,59,1840A-1,STARTER,,,0426-24-712A,1,M/T,,no,M/T
EC-059-13,EC,59,1840A-1,STARTER,24 715,"SLEEVE, BEARING",0426-24-715A,1,M/T '81 & '82 MODELS THRU OCT. '81 PROD.,FB331 ..500001-622565,no,M/T
EC-059-14,EC,59,1840A-1,STARTER,,,N221-24-715,1,M/T '82 & '83 MODELS FROM NOV. '81 PROD.,FB331 ..622566-,no,M/T
EC-059-15,EC,59,1840A-1,STARTER,24 720,ARMATURE,3648-24-705,1,M/T '81 & '82 MODELS,FB331 ..500001-622565,no,M/T
EC-059-16,EC,59,1840A-1,STARTER,,,N221-24-705,1,'82 & '83 MODELS M/T,FB331 ..622566-,no,M/T
EC-059-17,EC,59,1840A-1,STARTER,,,N202-24-705,1,A/T,,yes,A/T
EC-059-18,EC,59,1840A-1,STARTER,24 722,"CLUTCH, OVER RUNNING",3648-24-709,1,'81 & '82 MODELS M/T THRU OCT. '81 PROD.,FB331 ..500001-622565,no,M/T
EC-059-19,EC,59,1840A-1,STARTER,,,N221-24-709,1,'82 & '83 MODELS M/T FROM NOV. '81 PROD.,FB331 ..622566-,no,M/T
EC-059-20,EC,59,1840A-1,STARTER,24 7222,BEARING,N202-24-722,1,A/T,,yes,A/T
EC-059-21,EC,59,1840A-1,STARTER,24 725,SCREW SET,8872-24-725,1,'81 MODEL M/T,FB331 ..500001-523691,no,'81 only
EC-059-22,EC,59,1840A-1,STARTER,,,0426-24-725,1,M/T,FB331 ..523692-,no,M/T
EC-059-23,EC,59,1840A-1,STARTER,,,N202-24-728,1,A/T,,yes,A/T
EC-059-24,EC,59,1840A-1,STARTER,24 726,WASHER SET,0426-24-726,1,M/T,,no,M/T
EC-059-25,EC,59,1840A-1,STARTER,24 729,BOLT,N202-24-729,2,'81 & '82 MODELS A/T,FB331 ..500001-610655,unclear,"A/T; serial break FB331 ..500001-610655, VIN serial unknown"
EC-059-26,EC,59,1840A-1,STARTER,,,N202-24-729A,1,'82 & '83 MODELS A/T,FB331 ..610656-,unclear,"A/T; serial break FB331 ..610656-, VIN serial unknown"
EC-059-27,EC,59,1840A-1,STARTER,24 730,LEVER,0222-24-730,1,'81 MODEL M/T THRU MAR. '81 PROD.,FB331 ..500001-523691,no,'81 only
EC-059-28,EC,59,1840A-1,STARTER,,,E301-24-730,1,'81 & '82 MODELS M/T MAR. '81 THRU OCT. '81 PROD.,FB331 ..523692-622565,no,M/T
EC-060-01,EC,60,1840A-2,STARTER,24 730 (CONT'D),,N221-24-730,1,'82 & '83 MODELS M/T FROM NOV. '81 PROD.,FB331 ..622566-,no,M/T
EC-060-02,EC,60,1840A-2,STARTER,,,N202-24-716,1,A/T,,yes,A/T
EC-060-03,EC,60,1840A-2,STARTER,24 731,BOLT SET,0426-24-731,1,'81 & '82 MODELS M/T THRU OCT. '81 PROD.,FB331 ..500001-622565,no,M/T
EC-060-04,EC,60,1840A-2,STARTER,,,1030-24-731A,1,'82 & '83 MODELS M/T FROM NOV. '81 PROD.,FB331 ..622566-,no,M/T
EC-060-05,EC,60,1840A-2,STARTER,,,N202-24-731,1,A/T,,yes,A/T
EC-060-06,EC,60,1840A-2,STARTER,24 740,"BRACKET, REAR",0222-24-740,1,M/T,,no,M/T
EC-060-07,EC,60,1840A-2,STARTER,,,N202-24-720,1,A/T,,yes,A/T
EC-060-08,EC,60,1840A-2,STARTER,24 740A,SHAFT,N202-24-740,1,A/T,,yes,A/T
EC-060-09,EC,60,1840A-2,STARTER,24 741,"SLEEVE, BEARING",0222-24-741,1,M/T,,no,M/T
EC-060-10,EC,60,1840A-2,STARTER,24 741A,COVER SET,N202-24-741,1,A/T,,yes,A/T
EC-060-11,EC,60,1840A-2,STARTER,24 7432,BEARING,N202-24-743,1,A/T,,yes,A/T
EC-060-12,EC,60,1840A-2,STARTER,24 744,GEAR SET,N202-24-744,1,A/T,,yes,A/T
EC-060-13,EC,60,1840A-2,STARTER,24 745,"SHAFT, CLUTCH",N202-24-745,1,A/T,,yes,A/T
EC-060-14,EC,60,1840A-2,STARTER,24 746,GEAR,N202-24-746,1,A/T,,yes,A/T
EC-060-15,EC,60,1840A-2,STARTER,24 750,"HOLDER, BRUSH",1758-24-750,1,'81 & '82 MODELS M/T THRU OCT. '81 PROD.,FB331 ..500001-622565,no,M/T
EC-060-16,EC,60,1840A-2,STARTER,,,E301-24-750,1,'82 & '83 MODELS M/T FROM NOV. '81 PROD.,FB331 ..622566-,no,M/T
EC-060-17,EC,60,1840A-2,STARTER,,,N202-24-750,1,A/T,,yes,A/T
EC-060-18,EC,60,1840A-2,STARTER,24 752,"SPRING, BRUSH",0222-24-752A,4,A/T,,yes,A/T
EC-060-19,EC,60,1840A-2,STARTER,24 753,"BRUSH, YOKE",0222-24-753,2,'81 & '82 MODELS M/T,FB331 ..500001-622565,no,M/T
EC-060-20,EC,60,1840A-2,STARTER,,,E301-24-753,2,'82 & '83 MODELS M/T,FB331 ..622566-,no,M/T
EC-060-21,EC,60,1840A-2,STARTER,24 754,SPRING SET,N226-24-754,1,'82 & '83 MODELS M/T,FB331 ..622566-,no,M/T
EC-060-22,EC,60,1840A-2,STARTER,,,0426-24-754,1,A/T,,yes,A/T
EC-060-23,EC,60,1840A-2,STARTER,24 760,SWITCH,1757-24-760,1,'81 & '82 MODELS M/T THRU OCT. '81 PROD.,FB331 ..500001-622565,no,M/T
EC-060-24,EC,60,1840A-2,STARTER,,,N226-24-760,1,'82 & '83 MODELS M/T FROM NOV. '81 PROD.,FB331 ..622566-,no,M/T
EC-060-25,EC,60,1840A-2,STARTER,,,8872-24-736,1,A/T,,yes,A/T
EC-061-01,EC,61,1850A-1,BATTERY & CABLES,18 520,BATTERY,0000-80-124K,1,,,yes,
EC-061-02,EC,61,1850A-1,BATTERY & CABLES,,,,,,REFER TO ACC. BULL. NO. XG-4 FOR MORE BATTERY INFO.,yes,note row
EC-061-03,EC,61,1850A-1,BATTERY & CABLES,53 260,"CARRIER, BATTERY",8871-54-260B,1,,,yes,
EC-061-04,EC,61,1850A-1,BATTERY & CABLES,56 030,"CLAMP, BATTERY",8871-56-030A,1,,,yes,
EC-061-05,EC,61,1850A-1,BATTERY & CABLES,56 863A,"TRAY, BATTERY",2113-54-295,1,,,yes,
EC-061-06,EC,61,1850A-1,BATTERY & CABLES,67 250,CABLE POSITIVE-BATTERY,8871-67-250A,1,M/T,,no,M/T
EC-061-07,EC,61,1850A-1,BATTERY & CABLES,,,8872-67-250B,1,A/T,,yes,A/T
EC-061-08,EC,61,1850A-1,BATTERY & CABLES,67 260,"CABLE, GROUND-BATTERY",8871-67-260A,1,,,yes,
EC-061-09,EC,61,1850A-1,BATTERY & CABLES,67 290,"CLIP, CABLE",1011-67-291A,1,,,yes,
EC-061-10,EC,61,1850A-1,BATTERY & CABLES,67 293,"CLIP, CABLE",1011-67-293,1,,,yes,
EC-061-11,EC,61,1850A-1,BATTERY & CABLES,70 985A,"BOLT, CLAMP",0613-65-857A,1,,,yes,
EC-062-01,EC,62,1910A-1,"CONVERTER, OIL PUMP & PIPING (AUTOMATIC TRANSMISSSION)",13 331B,"SPACER, OIL PIPE",2850-13-331,1,,,yes,
EC-062-02,EC,62,1910A-1,"CONVERTER, OIL PUMP & PIPING (AUTOMATIC TRANSMISSSION)",19 020,"PLATE, DRIVE",1758-19-020B,1,,,yes,
EC-062-03,EC,62,1910A-1,"CONVERTER, OIL PUMP & PIPING (AUTOMATIC TRANSMISSSION)",19 025A,ADAPTER,0842-19-025,1,,,yes,
EC-062-04,EC,62,1910A-1,"CONVERTER, OIL PUMP & PIPING (AUTOMATIC TRANSMISSSION)",19 027A,"COVER, UNDER",1908-19-027,1,,,yes,
EC-062-05,EC,62,1910A-1,"CONVERTER, OIL PUMP & PIPING (AUTOMATIC TRANSMISSSION)",19 028A,"COVER, SIDE",0454-19-028A,1,,,yes,
EC-062-06,EC,62,1910A-1,"CONVERTER, OIL PUMP & PIPING (AUTOMATIC TRANSMISSSION)",19 029,"COVER, TOP",1758-19-028,1,'81 & '82 MODELS,,yes,'81 & '82 MODELS
EC-062-07,EC,62,1910A-1,"CONVERTER, OIL PUMP & PIPING (AUTOMATIC TRANSMISSSION)",,,AT09-19-028B,1,'83 MODEL,,no,'83 MODEL
EC-062-08,EC,62,1910A-1,"CONVERTER, OIL PUMP & PIPING (AUTOMATIC TRANSMISSSION)",19 064,BOLT,3649-19-064A,4,,,yes,
EC-062-09,EC,62,1910A-1,"CONVERTER, OIL PUMP & PIPING (AUTOMATIC TRANSMISSSION)",19 090A,"TRANSMISSION, COMPLETE",8872-19-090B,1,'81 & '82 MODELS,,yes,'81 & '82 MODELS
EC-062-10,EC,62,1910A-1,"CONVERTER, OIL PUMP & PIPING (AUTOMATIC TRANSMISSSION)",,,AT09-19-090,1,'83 MODEL,,no,'83 MODEL
EC-062-11,EC,62,1910A-1,"CONVERTER, OIL PUMP & PIPING (AUTOMATIC TRANSMISSSION)",19 100A,"CONVERTER, TORQUE",1758-19-100,1,,,yes,
EC-062-12,EC,62,1910A-1,"CONVERTER, OIL PUMP & PIPING (AUTOMATIC TRANSMISSSION)",19 211,"HOUSING, CONVERTER",1758-19-211C,1,,,yes,
EC-062-13,EC,62,1910A-1,"CONVERTER, OIL PUMP & PIPING (AUTOMATIC TRANSMISSSION)",19 215,"GASKET, OIL PUMP",8U01-21-253,1,,,yes,
EC-062-14,EC,62,1910A-1,"CONVERTER, OIL PUMP & PIPING (AUTOMATIC TRANSMISSSION)",19 216,BOLT,0338-19-216,6,,,yes,
EC-062-15,EC,62,1910A-1,"CONVERTER, OIL PUMP & PIPING (AUTOMATIC TRANSMISSSION)",19 220,"PUMP, OIL",1758-19-220,1,,,yes,
EC-062-16,EC,62,1910A-1,"CONVERTER, OIL PUMP & PIPING (AUTOMATIC TRANSMISSSION)",19 223A,"SEAL, OIL",0338-19-223A,1,,,yes,
EC-062-17,EC,62,1910A-1,"CONVERTER, OIL PUMP & PIPING (AUTOMATIC TRANSMISSSION)",19 240,COVER,1758-19-240,1,,,yes,
EC-062-18,EC,62,1910A-1,"CONVERTER, OIL PUMP & PIPING (AUTOMATIC TRANSMISSSION)",19 245,BALL,0338-19-245A,2,,,yes,
EC-062-19,EC,62,1910A-1,"CONVERTER, OIL PUMP & PIPING (AUTOMATIC TRANSMISSSION)",19 247,SPRING,0338-19-247,1,,,yes,
EC-062-20,EC,62,1910A-1,"CONVERTER, OIL PUMP & PIPING (AUTOMATIC TRANSMISSSION)",19 255,BOLT,0338-19-255,5,,,yes,
EC-062-21,EC,62,1910A-1,"CONVERTER, OIL PUMP & PIPING (AUTOMATIC TRANSMISSSION)",19 256,"RING, SEAL",8U01-19-256,2,,,yes,
EC-062-22,EC,62,1910A-1,"CONVERTER, OIL PUMP & PIPING (AUTOMATIC TRANSMISSSION)",19 257,"RING, SEAL",8U01-19-257,?,,,yes,
EC-062-23,EC,62,1910A-1,"CONVERTER, OIL PUMP & PIPING (AUTOMATIC TRANSMISSSION)",19 258,"SEAL, CUT RING",0338-19-258,1,,,yes,
EC-062-24,EC,62,1910A-1,"CONVERTER, OIL PUMP & PIPING (AUTOMATIC TRANSMISSSION)",19 678,"SHAFT, INPUT",0338-19-678,1,,,yes,
EC-062-25,EC,62,1910A-1,"CONVERTER, OIL PUMP & PIPING (AUTOMATIC TRANSMISSSION)",19 904,"HOSE, VACUUM",0338-19-904A,1,,,yes,
EC-062-26,EC,62,1910A-1,"CONVERTER, OIL PUMP & PIPING (AUTOMATIC TRANSMISSSION)",19 910,"PIPE, VACUUM",8872-19-911,1,,,yes,
EC-062-27,EC,62,1910A-1,"CONVERTER, OIL PUMP & PIPING (AUTOMATIC TRANSMISSSION)",19 915,CLIP,0842-19-915A,1,,,yes,
EC-062-28,EC,62,1910A-1,"CONVERTER, OIL PUMP & PIPING (AUTOMATIC TRANSMISSSION)",19 920,"PIPE, OIL",8872-19-920,1,'81 & '82 MODELS,,yes,'81 & '82 MODELS
EC-062-29,EC,62,1910A-1,"CONVERTER, OIL PUMP & PIPING (AUTOMATIC TRANSMISSSION)",,,AT09-19-920A,1,'83 MODEL,,no,'83 MODEL
EC-062-30,EC,62,1910A-1,"CONVERTER, OIL PUMP & PIPING (AUTOMATIC TRANSMISSSION)",19 930,"PIPE, OIL",8872-19-930A,1,'81 & '82 MODELS,,yes,'81 & '82 MODELS
EC-062-31,EC,62,1910A-1,"CONVERTER, OIL PUMP & PIPING (AUTOMATIC TRANSMISSSION)",,,AT09-19-930A,1,'83 MODEL,,no,'83 MODEL
EC-062-32,EC,62,1910A-1,"CONVERTER, OIL PUMP & PIPING (AUTOMATIC TRANSMISSSION)",19 930J,"BOLT, CONNECTOR",9938-10-800,2,,,yes,
EC-062-33,EC,62,1910A-1,"CONVERTER, OIL PUMP & PIPING (AUTOMATIC TRANSMISSSION)",19 933,"HOSE, OIL",1840-19-933,2,'81 & '82 MODELS,,yes,'81 & '82 MODELS
EC-062-34,EC,62,1910A-1,"CONVERTER, OIL PUMP & PIPING (AUTOMATIC TRANSMISSSION)",19 934,"HOSE, OIL",AT11-19-934A,2,'83 MODEL,,no,'83 MODEL
EC-062-35,EC,62,1910A-1,"CONVERTER, OIL PUMP & PIPING (AUTOMATIC TRANSMISSSION)",19 960,BRACKET,AT09-19-961,1,'83 MODEL,,no,'83 MODEL
EC-062-36,EC,62,1910A-1,"CONVERTER, OIL PUMP & PIPING (AUTOMATIC TRANSMISSSION)",19 989,CLIP,2579-19-989,1,,,yes,
EC-062-37,EC,62,1910A-1,"CONVERTER, OIL PUMP & PIPING (AUTOMATIC TRANSMISSSION)",45 903B,CLIP,8173-45-903,3,,,yes,
EC-064-01,EC,64,1920A-1,CASE & MAIN CONTROLS (AUTOMATIC TRANSMISSION),19 310,"CASE, TRANSMISSION",1758-19-310C,1,'81 & '82 MODELS,,yes,'81 & '82 MODELS
EC-064-02,EC,64,1920A-1,CASE & MAIN CONTROLS (AUTOMATIC TRANSMISSION),,,AT09-19-310,1,'83 MODEL,,no,'83 MODEL
EC-064-03,EC,64,1920A-1,CASE & MAIN CONTROLS (AUTOMATIC TRANSMISSION),19 331,"PLUG, SQUARE HEAD",0338-19-331A,2,,,yes,
EC-064-04,EC,64,1920A-1,CASE & MAIN CONTROLS (AUTOMATIC TRANSMISSION),19 335,"SEAL, OIL",0437-17-335A,1,,,yes,
EC-064-05,EC,64,1920A-1,CASE & MAIN CONTROLS (AUTOMATIC TRANSMISSION),19 336,"RACE, INNER",0338-19-336,1,,,yes,
EC-064-06,EC,64,1920A-1,CASE & MAIN CONTROLS (AUTOMATIC TRANSMISSION),19 337,"WASHER, PLAIN",0338-19-337,8,,,yes,
EC-064-07,EC,64,1920A-1,CASE & MAIN CONTROLS (AUTOMATIC TRANSMISSION),19 338,BOLT,0338-19-338,8,,,yes,
EC-064-08,EC,64,1920A-1,CASE & MAIN CONTROLS (AUTOMATIC TRANSMISSION),19 341,"BOLT, ANCHOR END",1758-19-341,1,,,yes,
EC-064-09,EC,64,1920A-1,CASE & MAIN CONTROLS (AUTOMATIC TRANSMISSION),19 344,"BREATHER, AIR",0378-19-344,1,,,yes,
EC-064-10,EC,64,1920A-1,CASE & MAIN CONTROLS (AUTOMATIC TRANSMISSION),19 361,"STRUT, BAND",0338-19-361B,1,,,yes,
EC-064-11,EC,64,1920A-1,CASE & MAIN CONTROLS (AUTOMATIC TRANSMISSION),19 363,"SPRING, PISTON RETURN",0338-19-363,1,,,yes,
EC-064-12,EC,64,1920A-1,CASE & MAIN CONTROLS (AUTOMATIC TRANSMISSION),19 381,"PISTON, BAND SERVO",0842-19-381,1,,,yes,
EC-064-13,EC,64,1920A-1,CASE & MAIN CONTROLS (AUTOMATIC TRANSMISSION),19 384,"SEAL, PISTON",0338-19-384,1,,,yes,
EC-064-14,EC,64,1920A-1,CASE & MAIN CONTROLS (AUTOMATIC TRANSMISSION),19 385,"SEAL, PISTON",0842-19-385,1,,,yes,
EC-064-15,EC,64,1920A-1,CASE & MAIN CONTROLS (AUTOMATIC TRANSMISSION),19 386,"STEM, PISTON",1758-19-386,1,,,yes,
EC-064-16,EC,64,1920A-1,CASE & MAIN CONTROLS (AUTOMATIC TRANSMISSION),19 388,"WASHER, PLAIN",0338-19-388A,1,,,yes,
EC-064-17,EC,64,1920A-1,CASE & MAIN CONTROLS (AUTOMATIC TRANSMISSION),19 389,NUT,0338-19-389,1,,,yes,
EC-064-18,EC,64,1920A-1,CASE & MAIN CONTROLS (AUTOMATIC TRANSMISSION),19 391,"RETAINER, SERVO",1758-19-391A,1,,,yes,
EC-064-19,EC,64,1920A-1,CASE & MAIN CONTROLS (AUTOMATIC TRANSMISSION),19 392,"COVER, SERVO",1758-19-392A,1,,,yes,
EC-064-20,EC,64,1920A-1,CASE & MAIN CONTROLS (AUTOMATIC TRANSMISSION),19 394,"SEAL, LEATHER CUT",0842-19-394,1,,,yes,
EC-064-21,EC,64,1920A-1,CASE & MAIN CONTROLS (AUTOMATIC TRANSMISSION),19 395,O-RING,0338-19-395,1,,,yes,
EC-064-22,EC,64,1920A-1,CASE & MAIN CONTROLS (AUTOMATIC TRANSMISSION),19 396,O-RING,1758-19-394A,1,,,yes,
EC-064-23,EC,64,1920A-1,CASE & MAIN CONTROLS (AUTOMATIC TRANSMISSION),19 397,BOLT,0338-19-398,3,,,yes,
EC-064-24,EC,64,1920A-1,CASE & MAIN CONTROLS (AUTOMATIC TRANSMISSION),19 398,BOLT,1758-19-397,3,,,yes,
EC-064-25,EC,64,1920A-1,CASE & MAIN CONTROLS (AUTOMATIC TRANSMISSION),19 441,"GEAR, DRIVEN",8562-17-441A,1,'81 MODEL,FB331 ..500001-500075,no,'81 MODEL serial range
EC-064-26,EC,64,1920A-1,CASE & MAIN CONTROLS (AUTOMATIC TRANSMISSION),,,8057-17-441C,1,,FB331 ..500076-,yes,serial from 500076 on; earlier range is '81 only
EC-064-27,EC,64,1920A-1,CASE & MAIN CONTROLS (AUTOMATIC TRANSMISSION),19 442,"SLEEVE, SPEEDO GEAR",1011-17-442A,1,,,yes,
EC-064-28,EC,64,1920A-1,CASE & MAIN CONTROLS (AUTOMATIC TRANSMISSION),19 442J,O-RING,1011-17-443,1,,,yes,
EC-064-29,EC,64,1920A-1,CASE & MAIN CONTROLS (AUTOMATIC TRANSMISSION),19 442K,"SEAL, OIL",9958-60-8166,1,,,yes,
EC-064-30,EC,64,1920A-1,CASE & MAIN CONTROLS (AUTOMATIC TRANSMISSION),19 710,"HOUSING, EXTENSION",1840-19-710,1,,,yes,
EC-064-31,EC,64,1920A-1,CASE & MAIN CONTROLS (AUTOMATIC TRANSMISSION),19 735,"GASKET, EXTENSION",0338-19-735,1,,,yes,
EC-064-32,EC,64,1920A-1,CASE & MAIN CONTROLS (AUTOMATIC TRANSMISSION),19 737,BOLT,0338-19-737,8,,,yes,
EC-064-33,EC,64,1920A-1,CASE & MAIN CONTROLS (AUTOMATIC TRANSMISSION),19 739,"WASHER, PLAIN",0338-19-739,8,,,yes,
EC-064-34,EC,64,1920A-1,CASE & MAIN CONTROLS (AUTOMATIC TRANSMISSION),19 750,"VALVE, CONTROL",8872-19-750C,1,,,yes,
EC-064-35,EC,64,1920A-1,CASE & MAIN CONTROLS (AUTOMATIC TRANSMISSION),19 768,"VALVE, MANUAL",0338-19-768,1,,,yes,
EC-064-36,EC,64,1920A-1,CASE & MAIN CONTROLS (AUTOMATIC TRANSMISSION),19 815,"STRAINER, OIL",1758-19-815,1,,,yes,
EC-064-37,EC,64,1920A-1,CASE & MAIN CONTROLS (AUTOMATIC TRANSMISSION),19 822,"SEAL, O-RING",0338-19-822,2,,,yes,
EC-064-38,EC,64,1920A-1,CASE & MAIN CONTROLS (AUTOMATIC TRANSMISSION),19 823,"DIAPHRAGM, VACUUM",BT07-19-823,1,,,yes,
EC-064-39,EC,64,1920A-1,CASE & MAIN CONTROLS (AUTOMATIC TRANSMISSION),19 825,"ROD, DIAPHRAGM",0338-19-828,1,(L=29.0),,yes,selective-fit length
EC-064-40,EC,64,1920A-1,CASE & MAIN CONTROLS (AUTOMATIC TRANSMISSION),,<AN>,FT01-19-824,1,,,yes,alternative number
EC-065-01,EC,65,1920A-2,CASE & MAIN CONTROLS (AUTOMATIC TRANSMISSION),19 825 (CONT'D),,0338-19-829,1,(L=29.5),,yes,selective-fit length
EC-065-02,EC,65,1920A-2,CASE & MAIN CONTROLS (AUTOMATIC TRANSMISSION),,,0338-19-825,1,(L=30.0),,yes,selective-fit length
EC-065-03,EC,65,1920A-2,CASE & MAIN CONTROLS (AUTOMATIC TRANSMISSION),,,0338-19-827,1,(L=30.5),,yes,selective-fit length
EC-065-04,EC,65,1920A-2,CASE & MAIN CONTROLS (AUTOMATIC TRANSMISSION),,,0338-19-826,1,(L=31.0),,yes,selective-fit length
EC-065-05,EC,65,1920A-2,CASE & MAIN CONTROLS (AUTOMATIC TRANSMISSION),19 831,"BOLT, CONTROL VALVE",0338-19-831,4,,,yes,
EC-065-06,EC,65,1920A-2,CASE & MAIN CONTROLS (AUTOMATIC TRANSMISSION),19 832,"BOLT, CONTROL VALVE",0338-19-832,2,,,yes,
EC-065-07,EC,65,1920A-2,CASE & MAIN CONTROLS (AUTOMATIC TRANSMISSION),19 833,"BOLT, CONTROL VALVE",0338-19-833,3,,,yes,
EC-065-08,EC,65,1920A-2,CASE & MAIN CONTROLS (AUTOMATIC TRANSMISSION),19 835,"GASKET, OIL PAN",1758-19-835,1,,,yes,
EC-065-09,EC,65,1920A-2,CASE & MAIN CONTROLS (AUTOMATIC TRANSMISSION),19 836,"PAN, OIL",1758-19-836,1,,,yes,
EC-065-10,EC,65,1920A-2,CASE & MAIN CONTROLS (AUTOMATIC TRANSMISSION),19 837,"BOLT, OIL PAN",0338-19-837,17,,,yes,
EC-065-11,EC,65,1920A-2,CASE & MAIN CONTROLS (AUTOMATIC TRANSMISSION),19 870,"TUBE, OIL LEVEL",8872-19-870A,1,,,yes,
EC-065-12,EC,65,1920A-2,CASE & MAIN CONTROLS (AUTOMATIC TRANSMISSION),19 870J,O-RING,9954-10-1601,1,,,yes,
EC-065-13,EC,65,1920A-2,CASE & MAIN CONTROLS (AUTOMATIC TRANSMISSION),19 880,DIPSTICK,8872-19-880,1,,,yes,
EC-065-14,EC,65,1920A-2,CASE & MAIN CONTROLS (AUTOMATIC TRANSMISSION),19 916,CLIP,3876-19-916,2,,,yes,
EC-066-01,EC,66,1930A-1,CLUTCH & PLANETARY GEAR (AUTOMATIC TRANSMISSION),19 360,"BAND, BRAKE",0338-19-360B,1,,,yes,
EC-066-02,EC,66,1930A-1,CLUTCH & PLANETARY GEAR (AUTOMATIC TRANSMISSION),19 460,"CLUTCH, FRONT",3959-19-460A,1,,,yes,
EC-066-03,EC,66,1930A-1,CLUTCH & PLANETARY GEAR (AUTOMATIC TRANSMISSION),19 470,"DRUM, CLUTCH",3959-19-470A,1,,,yes,
EC-066-04,EC,66,1930A-1,CLUTCH & PLANETARY GEAR (AUTOMATIC TRANSMISSION),19 475,"SEAL, O-RING",0338-19-475,2,,,yes,
EC-066-05,EC,66,1930A-1,CLUTCH & PLANETARY GEAR (AUTOMATIC TRANSMISSION),19 476,"SEAL, LEATHER CUT",0338-19-476,2,,,yes,
EC-066-06,EC,66,1930A-1,CLUTCH & PLANETARY GEAR (AUTOMATIC TRANSMISSION),19 480,"PISTON, CLUTCH",0338-19-480,2,,,yes,
EC-066-07,EC,66,1930A-1,CLUTCH & PLANETARY GEAR (AUTOMATIC TRANSMISSION),19 486,"SPRING, PISTON RETURN",0338-19-486,20,,,yes,
EC-066-08,EC,66,1930A-1,CLUTCH & PLANETARY GEAR (AUTOMATIC TRANSMISSION),19 487,"RETAINER, SPRING",0338-19-487,2,,,yes,
EC-066-09,EC,66,1930A-1,CLUTCH & PLANETARY GEAR (AUTOMATIC TRANSMISSION),19 488,"RING, SNAP",0338-19-488,2,,,yes,
EC-066-10,EC,66,1930A-1,CLUTCH & PLANETARY GEAR (AUTOMATIC TRANSMISSION),19 498,"PLATE, DISHED",0338-19-498,2,,,yes,
EC-066-11,EC,66,1930A-1,CLUTCH & PLANETARY GEAR (AUTOMATIC TRANSMISSION),,<AN>,BU17-19-498,2,,,yes,alternative number
EC-066-12,EC,66,1930A-1,CLUTCH & PLANETARY GEAR (AUTOMATIC TRANSMISSION),19 499,"PLATE, DRIVEN",0338-19-499,7,,,yes,
EC-066-13,EC,66,1930A-1,CLUTCH & PLANETARY GEAR (AUTOMATIC TRANSMISSION),19 500,"PLATE, DRIVE",BU17-19-500A,7,,,yes,
EC-066-14,EC,66,1930A-1,CLUTCH & PLANETARY GEAR (AUTOMATIC TRANSMISSION),19 503,"PLATE, RETAINING",3959-19-503,1,(T=5.0),,yes,selective-fit thickness
EC-066-15,EC,66,1930A-1,CLUTCH & PLANETARY GEAR (AUTOMATIC TRANSMISSION),,,3959-19-504,1,(T=5.2),,yes,selective-fit thickness
EC-066-16,EC,66,1930A-1,CLUTCH & PLANETARY GEAR (AUTOMATIC TRANSMISSION),,,3959-19-505,1,(T=5.4),,yes,selective-fit thickness
EC-066-17,EC,66,1930A-1,CLUTCH & PLANETARY GEAR (AUTOMATIC TRANSMISSION),,,3959-19-506,1,(T=5.6),,yes,selective-fit thickness
EC-066-18,EC,66,1930A-1,CLUTCH & PLANETARY GEAR (AUTOMATIC TRANSMISSION),,,3959-19-507,1,(T=5.8),,yes,selective-fit thickness
EC-066-19,EC,66,1930A-1,CLUTCH & PLANETARY GEAR (AUTOMATIC TRANSMISSION),,,3959-19-508,1,(T=6.0),,yes,selective-fit thickness
EC-066-20,EC,66,1930A-1,CLUTCH & PLANETARY GEAR (AUTOMATIC TRANSMISSION),,,3959-19-509,1,(T=6.2),,yes,selective-fit thickness
EC-066-21,EC,66,1930A-1,CLUTCH & PLANETARY GEAR (AUTOMATIC TRANSMISSION),19 509,"RING, SNAP",0338-19-509,2,,,yes,
EC-066-22,EC,66,1930A-1,CLUTCH & PLANETARY GEAR (AUTOMATIC TRANSMISSION),19 510,"CLUTCH, REAR",0338-19-510,1,,,yes,
EC-066-23,EC,66,1930A-1,CLUTCH & PLANETARY GEAR (AUTOMATIC TRANSMISSION),19 511,"DRUM, REAR CLUTCH",0338-19-511,1,,,yes,
EC-066-24,EC,66,1930A-1,CLUTCH & PLANETARY GEAR (AUTOMATIC TRANSMISSION),19 515,"PLATE, RETAINING",0338-19-515,1,,,yes,
EC-066-25,EC,66,1930A-1,CLUTCH & PLANETARY GEAR (AUTOMATIC TRANSMISSION),19 530,"HUB, REAR CLUTCH",0338-19-530,1,,,yes,
EC-066-26,EC,66,1930A-1,CLUTCH & PLANETARY GEAR (AUTOMATIC TRANSMISSION),19 531,"HUB, REAR CLUTCH",0338-19-531,1,,,yes,
EC-066-27,EC,66,1930A-1,CLUTCH & PLANETARY GEAR (AUTOMATIC TRANSMISSION),19 534,"RING, SNAP",0338-19-534,1,,,yes,
EC-066-28,EC,66,1930A-1,CLUTCH & PLANETARY GEAR (AUTOMATIC TRANSMISSION),19 540,"CARRIER, FRONT",0338-19-540,1,,,yes,
EC-066-29,EC,66,1930A-1,CLUTCH & PLANETARY GEAR (AUTOMATIC TRANSMISSION),19 550,"GEAR, SHELL & SUN",0338-19-550,1,,,yes,
EC-066-30,EC,66,1930A-1,CLUTCH & PLANETARY GEAR (AUTOMATIC TRANSMISSION),19 560,"GEAR, SUN",0338-19-560,1,,,yes,
EC-066-31,EC,66,1930A-1,CLUTCH & PLANETARY GEAR (AUTOMATIC TRANSMISSION),19 565,"SHELL, CONNECTING",0338-19-565,1,,,yes,
EC-066-32,EC,66,1930A-1,CLUTCH & PLANETARY GEAR (AUTOMATIC TRANSMISSION),19 566,"RACE, SHELL BEARING",0338-19-566,1,,,yes,
EC-066-33,EC,66,1930A-1,CLUTCH & PLANETARY GEAR (AUTOMATIC TRANSMISSION),19 567,"RING, SNAP",0338-19-567,1,,,yes,
EC-066-34,EC,66,1930A-1,CLUTCH & PLANETARY GEAR (AUTOMATIC TRANSMISSION),19 570,"CARRIER, REAR",0338-19-570,1,,,yes,
EC-066-35,EC,66,1930A-1,CLUTCH & PLANETARY GEAR (AUTOMATIC TRANSMISSION),19 598,"RING, SNAP",0338-19-598,1,,,yes,
EC-066-36,EC,66,1930A-1,CLUTCH & PLANETARY GEAR (AUTOMATIC TRANSMISSION),19 621,"BEARING, NEEDLE",0338-19-621,1,,,yes,
EC-066-37,EC,66,1930A-1,CLUTCH & PLANETARY GEAR (AUTOMATIC TRANSMISSION),19 622A,"BEARING, NEEDLE",0338-19-622,2,,,yes,
EC-066-38,EC,66,1930A-1,CLUTCH & PLANETARY GEAR (AUTOMATIC TRANSMISSION),19 623,"BEARING, NEEDLE",0338-19-623A,3,,,yes,
EC-066-39,EC,66,1930A-1,CLUTCH & PLANETARY GEAR (AUTOMATIC TRANSMISSION),19 624,"BEARING, NEEDLE",0338-19-624,1,,,yes,
EC-066-40,EC,66,1930A-1,CLUTCH & PLANETARY GEAR (AUTOMATIC TRANSMISSION),19 631,"RACE, BEARING PUMP COVER",0338-19-631,1,(T=1.2),,yes,selective-fit thickness
EC-067-01,EC,67,1930A-2,CLUTCH & PLANETARY GEAR (AUTOMATIC TRANSMISSION),19 631 (CONT'D),,0338-19-632,1,(T=1.4),,yes,selective-fit thickness
EC-067-02,EC,67,1930A-2,CLUTCH & PLANETARY GEAR (AUTOMATIC TRANSMISSION),,,0338-19-633,1,(T=1.6),,yes,selective-fit thickness
EC-067-03,EC,67,1930A-2,CLUTCH & PLANETARY GEAR (AUTOMATIC TRANSMISSION),,,0338-19-634,1,(T=1.8),,yes,selective-fit thickness
EC-067-04,EC,67,1930A-2,CLUTCH & PLANETARY GEAR (AUTOMATIC TRANSMISSION),,,0338-19-635,1,(T=2.0),,yes,selective-fit thickness
EC-067-05,EC,67,1930A-2,CLUTCH & PLANETARY GEAR (AUTOMATIC TRANSMISSION),,,0338-19-636,1,(T=2.2),,yes,selective-fit thickness
EC-067-06,EC,67,1930A-2,CLUTCH & PLANETARY GEAR (AUTOMATIC TRANSMISSION),19 638,"RACE, BEARING REAR CLUTCH",0436-19-656,2,,,yes,
EC-067-07,EC,67,1930A-2,CLUTCH & PLANETARY GEAR (AUTOMATIC TRANSMISSION),19 639,"RACE, BEARING",0338-19-639,2,,,yes,
EC-067-08,EC,67,1930A-2,CLUTCH & PLANETARY GEAR (AUTOMATIC TRANSMISSION),19 641,"WASHER, FRONT CLUTCH",0338-19-648,1,(T=1.3),,yes,selective-fit thickness
EC-067-09,EC,67,1930A-2,CLUTCH & PLANETARY GEAR (AUTOMATIC TRANSMISSION),,,0338-19-646,1,(T=1.5),,yes,selective-fit thickness
EC-067-10,EC,67,1930A-2,CLUTCH & PLANETARY GEAR (AUTOMATIC TRANSMISSION),,,0338-19-647,1,(T=1.7),,yes,selective-fit thickness
EC-067-11,EC,67,1930A-2,CLUTCH & PLANETARY GEAR (AUTOMATIC TRANSMISSION),,,0338-19-641,1,(T=1.9),,yes,selective-fit thickness
EC-067-12,EC,67,1930A-2,CLUTCH & PLANETARY GEAR (AUTOMATIC TRANSMISSION),,,0338-19-642,1,(T=2.1),,yes,selective-fit thickness
EC-067-13,EC,67,1930A-2,CLUTCH & PLANETARY GEAR (AUTOMATIC TRANSMISSION),,,0338-19-643,1,(T=2.3),,yes,selective-fit thickness
EC-067-14,EC,67,1930A-2,CLUTCH & PLANETARY GEAR (AUTOMATIC TRANSMISSION),,,0338-19-644,1,(T=2.5),,yes,selective-fit thickness
EC-067-15,EC,67,1930A-2,CLUTCH & PLANETARY GEAR (AUTOMATIC TRANSMISSION),,,0338-19-645,1,(T=2.7),,yes,selective-fit thickness
EC-067-16,EC,67,1930A-2,CLUTCH & PLANETARY GEAR (AUTOMATIC TRANSMISSION),22 200,"REPAIR KIT, CLUTCH",0397-22-200,1,'81 & '82 MODELS,,yes,'81 & '82 MODELS
EC-068-01,EC,68,1940A-1,"LOW, REVERSE & GOVERNOR (AUTOMATIC TRANSMISSION)",17 341A,"GEAR, SPEEDOMETER",3728-17-341A,1,,,yes,
EC-068-02,EC,68,1940A-1,"LOW, REVERSE & GOVERNOR (AUTOMATIC TRANSMISSION)",19 341J,"BALL, STEEL",9961-11-500,1,'81 & '82 MODELS,,yes,'81 & '82 MODELS
EC-068-03,EC,68,1940A-1,"LOW, REVERSE & GOVERNOR (AUTOMATIC TRANSMISSION)",19 397A,BOLT,0338-19-398,4,,,yes,
EC-068-04,EC,68,1940A-1,"LOW, REVERSE & GOVERNOR (AUTOMATIC TRANSMISSION)",19 534A,"RING, SNAP",0338-19-534,1,,,yes,
EC-068-05,EC,68,1940A-1,"LOW, REVERSE & GOVERNOR (AUTOMATIC TRANSMISSION)",19 580,FLANGE,0338-19-580,1,,,yes,
EC-068-06,EC,68,1940A-1,"LOW, REVERSE & GOVERNOR (AUTOMATIC TRANSMISSION)",19 581,"FLANGE, DRIVE",0338-19-581,1,,,yes,
EC-068-07,EC,68,1940A-1,"LOW, REVERSE & GOVERNOR (AUTOMATIC TRANSMISSION)",19 590,"DRUM, CONNECTING",0338-19-590,1,,,yes,
EC-068-08,EC,68,1940A-1,"LOW, REVERSE & GOVERNOR (AUTOMATIC TRANSMISSION)",19 591,"DRUM, CONNECTING",0338-19-591,1,,,yes,
EC-068-09,EC,68,1940A-1,"LOW, REVERSE & GOVERNOR (AUTOMATIC TRANSMISSION)",19 593,"RACE, OUTER",0338-19-593,1,,,yes,
EC-068-10,EC,68,1940A-1,"LOW, REVERSE & GOVERNOR (AUTOMATIC TRANSMISSION)",19 594,"RING, SNAP",0338-19-594,1,,,yes,
EC-068-11,EC,68,1940A-1,"LOW, REVERSE & GOVERNOR (AUTOMATIC TRANSMISSION)",19 595,"CLUTCH, ONE-WAY",0338-19-595,1,,,yes,
EC-068-12,EC,68,1940A-1,"LOW, REVERSE & GOVERNOR (AUTOMATIC TRANSMISSION)",19 596,"RING, SNAP",0338-19-596,2,,,yes,
EC-068-13,EC,68,1940A-1,"LOW, REVERSE & GOVERNOR (AUTOMATIC TRANSMISSION)",19 601,"PISTON, LOW & REVERSE",BT08-19-600,1,,,yes,
EC-068-14,EC,68,1940A-1,"LOW, REVERSE & GOVERNOR (AUTOMATIC TRANSMISSION)",19 603,"SEAL, PISTON",0338-19-603,1,,,yes,
EC-068-15,EC,68,1940A-1,"LOW, REVERSE & GOVERNOR (AUTOMATIC TRANSMISSION)",19 604,"SEAL, O-RING",0338-19-604,1,,,yes,
EC-068-16,EC,68,1940A-1,"LOW, REVERSE & GOVERNOR (AUTOMATIC TRANSMISSION)",19 605,"RING, THRUST SPRING",0338-19-605,1,,,yes,
EC-068-17,EC,68,1940A-1,"LOW, REVERSE & GOVERNOR (AUTOMATIC TRANSMISSION)",19 606,"SPRING, PISTON",0338-19-606,1,,,yes,
EC-068-18,EC,68,1940A-1,"LOW, REVERSE & GOVERNOR (AUTOMATIC TRANSMISSION)",19 607,"RING, SNAP",0338-19-607,1,,,yes,
EC-068-19,EC,68,1940A-1,"LOW, REVERSE & GOVERNOR (AUTOMATIC TRANSMISSION)",19 608,"PLATE, DISHED",0338-19-608,1,,,yes,
EC-068-20,EC,68,1940A-1,"LOW, REVERSE & GOVERNOR (AUTOMATIC TRANSMISSION)",19 609,"PLATE, DRIVEN",0338-19-609,4,,,yes,
EC-068-21,EC,68,1940A-1,"LOW, REVERSE & GOVERNOR (AUTOMATIC TRANSMISSION)",19 610,"PLATE, DRIVE",0338-19-610A,4,,,yes,
EC-068-22,EC,68,1940A-1,"LOW, REVERSE & GOVERNOR (AUTOMATIC TRANSMISSION)",19 613,"PLATE, RETAINING",1758-19-613,1,(T=7.8),,yes,selective-fit thickness
EC-068-23,EC,68,1940A-1,"LOW, REVERSE & GOVERNOR (AUTOMATIC TRANSMISSION)",,,1758-19-614,1,(T=8.0),,yes,selective-fit thickness
EC-068-24,EC,68,1940A-1,"LOW, REVERSE & GOVERNOR (AUTOMATIC TRANSMISSION)",,,1758-19-615,1,(T=8.2),,yes,selective-fit thickness
EC-068-25,EC,68,1940A-1,"LOW, REVERSE & GOVERNOR (AUTOMATIC TRANSMISSION)",,,1758-19-616,1,(T=8.4),,yes,selective-fit thickness
EC-068-26,EC,68,1940A-1,"LOW, REVERSE & GOVERNOR (AUTOMATIC TRANSMISSION)",,,1758-19-617,1,(T=8.6),,yes,selective-fit thickness
EC-068-27,EC,68,1940A-1,"LOW, REVERSE & GOVERNOR (AUTOMATIC TRANSMISSION)",,,1758-19-618,1,(T=8.8),,yes,selective-fit thickness
EC-068-28,EC,68,1940A-1,"LOW, REVERSE & GOVERNOR (AUTOMATIC TRANSMISSION)",19 619,"RING, SNAP",0338-19-619,1,,,yes,
EC-068-29,EC,68,1940A-1,"LOW, REVERSE & GOVERNOR (AUTOMATIC TRANSMISSION)",19 650,"DISTRIBUTOR, OIL",0842-19-650,1,,,yes,
EC-068-30,EC,68,1940A-1,"LOW, REVERSE & GOVERNOR (AUTOMATIC TRANSMISSION)",19 655,"RING, SEAL",0338-19-655,3,,,yes,
EC-068-31,EC,68,1940A-1,"LOW, REVERSE & GOVERNOR (AUTOMATIC TRANSMISSION)",19 656,"RACE, BEARING",0436-19-656,2,'81 & '82 MODELS,,yes,'81 & '82 MODELS
EC-068-32,EC,68,1940A-1,"LOW, REVERSE & GOVERNOR (AUTOMATIC TRANSMISSION)",19 660,GOVERNOR,0842-19-660,1,,,yes,
EC-068-33,EC,68,1940A-1,"LOW, REVERSE & GOVERNOR (AUTOMATIC TRANSMISSION)",19 663,VALVE,0338-19-663,1,,,yes,
EC-068-34,EC,68,1940A-1,"LOW, REVERSE & GOVERNOR (AUTOMATIC TRANSMISSION)",19 664,SPRING,0338-19-664,1,,,yes,
EC-068-35,EC,68,1940A-1,"LOW, REVERSE & GOVERNOR (AUTOMATIC TRANSMISSION)",19 665,VALVE,0842-19-665,1,,,yes,
EC-068-36,EC,68,1940A-1,"LOW, REVERSE & GOVERNOR (AUTOMATIC TRANSMISSION)",19 666,"SPRING, GOVERNOR",0338-19-666,1,,,yes,
EC-068-37,EC,68,1940A-1,"LOW, REVERSE & GOVERNOR (AUTOMATIC TRANSMISSION)",19 667,"PLATE, RETAINER",0338-19-667,3,,,yes,
EC-068-38,EC,68,1940A-1,"LOW, REVERSE & GOVERNOR (AUTOMATIC TRANSMISSION)",19 670,SHAFT,0338-19-670A,1,,,yes,
EC-068-39,EC,68,1940A-1,"LOW, REVERSE & GOVERNOR (AUTOMATIC TRANSMISSION)",19 676,RING,0338-19-676,1,,,yes,
EC-069-01,EC,69,1950A-1,MANUAL LINKAGE (AUTOMATIC TRANSMISSION),19 031,"LEVER, SELECT",8872-19-031,1,,,yes,
EC-069-02,EC,69,1950A-1,MANUAL LINKAGE (AUTOMATIC TRANSMISSION),19 036,"SEAL, DUST",1758-19-036A,1,,,yes,
EC-069-03,EC,69,1950A-1,MANUAL LINKAGE (AUTOMATIC TRANSMISSION),19 055,WASHER,1758-19-055,1,,,yes,
EC-069-04,EC,69,1950A-1,MANUAL LINKAGE (AUTOMATIC TRANSMISSION),19 431,"SHAFT, MANUAL",1758-19-431A,1,,,yes,
EC-069-05,EC,69,1950A-1,MANUAL LINKAGE (AUTOMATIC TRANSMISSION),19 432,O-RING,9954-10-0901,1,'81 & '82 MODELS,,yes,'81 & '82 MODELS
EC-069-06,EC,69,1950A-1,MANUAL LINKAGE (AUTOMATIC TRANSMISSION),,,,2,'83 MODEL,,no,'83 MODEL
EC-069-07,EC,69,1950A-1,MANUAL LINKAGE (AUTOMATIC TRANSMISSION),19 434,PIN,1758-19-434,1,,,yes,
EC-069-08,EC,69,1950A-1,MANUAL LINKAGE (AUTOMATIC TRANSMISSION),19 440,"PLATE, MANUAL",1758-19-440A,1,,,yes,
EC-069-09,EC,69,1950A-1,MANUAL LINKAGE (AUTOMATIC TRANSMISSION),19 443,"NUT, SHAFT",1758-19-443,1,,,yes,
EC-069-10,EC,69,1950A-1,MANUAL LINKAGE (AUTOMATIC TRANSMISSION),19 446,O-RING,9954-10-1201,1,,,yes,
EC-069-11,EC,69,1950A-1,MANUAL LINKAGE (AUTOMATIC TRANSMISSION),19 449,"RING, SNAP",0338-19-449,1,,,yes,
EC-069-12,EC,69,1950A-1,MANUAL LINKAGE (AUTOMATIC TRANSMISSION),19 450,"ROD, PARKING",1758-19-450,1,,,yes,
EC-069-13,EC,69,1950A-1,MANUAL LINKAGE (AUTOMATIC TRANSMISSION),19 455,SLEEVE,1758-19-455A,1,,,yes,
EC-069-14,EC,69,1950A-1,MANUAL LINKAGE (AUTOMATIC TRANSMISSION),19 701,"SUPPORTER, ACTUATOR",0338-19-701A,1,,,yes,
EC-069-15,EC,69,1950A-1,MANUAL LINKAGE (AUTOMATIC TRANSMISSION),19 702,"PLATE, RETAINING",0338-19-702A,1,,,yes,
EC-069-16,EC,69,1950A-1,MANUAL LINKAGE (AUTOMATIC TRANSMISSION),19 703,"SPRING, BALL PARK",0338-19-703,2,,,yes,
EC-069-17,EC,69,1950A-1,MANUAL LINKAGE (AUTOMATIC TRANSMISSION),19 704,RETAINER,0338-19-704,1,,,yes,
EC-069-18,EC,69,1950A-1,MANUAL LINKAGE (AUTOMATIC TRANSMISSION),19 704J,"BALL, STEEL",9961-12-750,2,'81 & '82 MODELS,,yes,'81 & '82 MODELS
EC-069-19,EC,69,1950A-1,MANUAL LINKAGE (AUTOMATIC TRANSMISSION),19 706,BOLT,0338-19-706,2,,,yes,
EC-069-20,EC,69,1950A-1,MANUAL LINKAGE (AUTOMATIC TRANSMISSION),19 731,"SHAFT, PARKING PAWL",0338-19-731,1,,,yes,
EC-069-21,EC,69,1950A-1,MANUAL LINKAGE (AUTOMATIC TRANSMISSION),19 732,"PAWL, PARKING",0338-19-732,1,,,yes,
EC-069-22,EC,69,1950A-1,MANUAL LINKAGE (AUTOMATIC TRANSMISSION),19 733,"SPRING, PAWL RETURN",0338-19-733C,1,,,yes,
EC-069-23,EC,69,1950A-1,MANUAL LINKAGE (AUTOMATIC TRANSMISSION),19 734,"SPACER, DOWEL",0338-19-734A,1,,,yes,
EC-069-24,EC,69,1950A-1,MANUAL LINKAGE (AUTOMATIC TRANSMISSION),19 838,BOLT,8872-19-838A,1,,,yes,
EC-069-25,EC,69,1950A-1,MANUAL LINKAGE (AUTOMATIC TRANSMISSION),19 838B,BOLT,1758-19-838,2,,,yes,
EC-084-01,EC,84,2500A-1,PROPELLER SHAFT ('81 & '82 MODELS),25 021,"YOKE, UNIVERSAL JOINT",0259-25-021B,1,,,yes,
EC-084-02,EC,84,2500A-1,PROPELLER SHAFT ('81 & '82 MODELS),25 060S,"JOINT SET, UNIVERSAL",8BB1-25-060,2,,,yes,
EC-084-03,EC,84,2500A-1,PROPELLER SHAFT ('81 & '82 MODELS),25 071,"RING, SNAP",0259-25-071B,8,(T=1.22),,yes,selective thickness
EC-084-04,EC,84,2500A-1,PROPELLER SHAFT ('81 & '82 MODELS),,,0259-25-072B,8,(T=1.24),,yes,selective thickness
EC-084-05,EC,84,2500A-1,PROPELLER SHAFT ('81 & '82 MODELS),,,0259-25-073B,8,(T=1.26),,yes,selective thickness
EC-084-06,EC,84,2500A-1,PROPELLER SHAFT ('81 & '82 MODELS),,,0259-25-074B,8,(T=1.28),,yes,selective thickness
EC-084-07,EC,84,2500A-1,PROPELLER SHAFT ('81 & '82 MODELS),,,0259-25-075B,8,(T=1.30),,yes,selective thickness
EC-084-08,EC,84,2500A-1,PROPELLER SHAFT ('81 & '82 MODELS),,,0259-25-076B,8,(T=1.32),,yes,selective thickness
EC-084-09,EC,84,2500A-1,PROPELLER SHAFT ('81 & '82 MODELS),,,0259-25-077A,8,(T=1.34),,yes,selective thickness
EC-084-10,EC,84,2500A-1,PROPELLER SHAFT ('81 & '82 MODELS),,<A>,0259-25-077B,8,,,yes,alternative to 0259-25-077A
EC-084-11,EC,84,2500A-1,PROPELLER SHAFT ('81 & '82 MODELS),,,0259-25-078B,8,(T=1.36),,yes,selective thickness
EC-084-12,EC,84,2500A-1,PROPELLER SHAFT ('81 & '82 MODELS),,,0259-25-079B,8,(T=1.38),,yes,selective thickness
EC-084-13,EC,84,2500A-1,PROPELLER SHAFT ('81 & '82 MODELS),25 100A,"SHAFT, PROPELLER",8871-25-100,1,,,yes,
EC-084-14,EC,84,2500A-1,PROPELLER SHAFT ('81 & '82 MODELS),25 123,BOLT,1393-25-123,4,,,yes,
EC-084-15,EC,84,2500A-1,PROPELLER SHAFT ('81 & '82 MODELS),25 130,YOKE,0425-25-130B,1,,,yes,
EC-085-01,EC,85,2500AA-1,PROPELLER SHAFT ('83 MODEL),25 100A,"SHAFT, PROPELLER",M026-25-100,1,,,no,figure '83 only
EC-085-02,EC,85,2500AA-1,PROPELLER SHAFT ('83 MODEL),25 123,BOLT,1456-25-123,4,,,no,figure '83 only
EC-085-03,EC,85,2500AA-1,PROPELLER SHAFT ('83 MODEL),25 125,NUT,1456-25-125,4,,,no,figure '83 only
EC-086-01,EC,86,2600A-1,REAR AXLE,26 010,"CASING, REAR AXLE",FA19-26-020B,1,4-WHL DISC GSL ONLY,,no,GSL only
EC-086-02,EC,86,2600A-1,REAR AXLE,,,8871-26-020D,1,S & GS MODELS,,yes,S & GS models
EC-086-03,EC,86,2600A-1,REAR AXLE,26 041,"PLUG, OIL LEVEL",0259-26-041A,1,,,yes,
EC-086-04,EC,86,2600A-1,REAR AXLE,26 051,"PLUG, MAGNET DRAIN",0259-26-051,1,,,yes,
EC-086-05,EC,86,2600A-1,REAR AXLE,26 060,BREATHER,0886-26-060,1,,,yes,
EC-086-06,EC,86,2600A-1,REAR AXLE,26 111A,"SHAFT, REAR AXLE",FA01-26-111,2,,,yes,
EC-086-07,EC,86,2600A-1,REAR AXLE,26 151,BEARING,8871-26-151A,2,,,yes,
EC-086-08,EC,86,2600A-1,REAR AXLE,26 152,"COLLAR, BEARING",8531-26-152,2,,,yes,
EC-086-09,EC,86,2600A-1,REAR AXLE,26 154,"SEAL, OIL",0187-26-154,2,,,yes,
EC-086-10,EC,86,2600A-1,REAR AXLE,26 155,"SPACER, BEARING",0259-26-155,2,,,yes,
EC-087-01,EC,87,2610A-1,REAR BRAKES (DRUM BRAKE) (S & GS),26 132B,BOLT,3728-26-132,8,,,yes,
EC-087-02,EC,87,2610A-1,REAR BRAKES (DRUM BRAKE) (S & GS),26 251,"DRUM, BRAKE",FA01-26-251,2,,,yes,
EC-087-03,EC,87,2610A-1,REAR BRAKES (DRUM BRAKE) (S & GS),26 280,"PLATE (R), BRAKE BACK",FA01-26-280,1,,,yes,
EC-087-04,EC,87,2610A-1,REAR BRAKES (DRUM BRAKE) (S & GS),,"PLATE (L), BRAKE BACK",FA01-26-290,1,,,yes,
EC-087-05,EC,87,2610A-1,REAR BRAKES (DRUM BRAKE) (S & GS),26 288,"PLUG, BACK PLATE",0710-26-288,2,,,yes,
EC-087-06,EC,87,2610A-1,REAR BRAKES (DRUM BRAKE) (S & GS),26 288C,PLUG,3648-26-288,2,,,yes,
EC-087-07,EC,87,2610A-1,REAR BRAKES (DRUM BRAKE) (S & GS),26 310,"SHOE, BRAKE",FA01-26-38Z,4,,,yes,
EC-087-08,EC,87,2610A-1,REAR BRAKES (DRUM BRAKE) (S & GS),26 315,"SPRING, BRAKE BACK",GA02-26-3?5,2,,,yes,
EC-087-09,EC,87,2610A-1,REAR BRAKES (DRUM BRAKE) (S & GS),26 341,"SPRING, RETURN-UPPER",FA01-26-341,2,,,yes,
EC-087-10,EC,87,2610A-1,REAR BRAKES (DRUM BRAKE) (S & GS),26 342,"SPRING, RETURN-LOWER",1011-26-342,2,,,yes,
EC-087-11,EC,87,2610A-1,REAR BRAKES (DRUM BRAKE) (S & GS),26 345,"SPRING, BRAKE SHOE",FA01-26-345,4,,,yes,
EC-087-12,EC,87,2610A-1,REAR BRAKES (DRUM BRAKE) (S & GS),26 391,"PIN, BRAKE SHOE",FA01-26-391,4,,,yes,
EC-087-13,EC,87,2610A-1,REAR BRAKES (DRUM BRAKE) (S & GS),26 610A,"CYLINDER (R), WHEEL",FA01-26-610A,1,,,yes,
EC-087-14,EC,87,2610A-1,REAR BRAKES (DRUM BRAKE) (S & GS),,"CYLINDER (L), WHEEL",FA01-26-710A,1,,,yes,
EC-087-15,EC,87,2610A-1,REAR BRAKES (DRUM BRAKE) (S & GS),26 610J,"BALL, STEEL",9961-11-500,1,,,yes,
EC-087-16,EC,87,2610A-1,REAR BRAKES (DRUM BRAKE) (S & GS),26 615,"GASKET, WHEEL CYLINDER",1175-26-615,2,,,yes,
EC-087-17,EC,87,2610A-1,REAR BRAKES (DRUM BRAKE) (S & GS),26 630,ADJUSTER (R),FA01-26-630,1,,,yes,
EC-087-18,EC,87,2610A-1,REAR BRAKES (DRUM BRAKE) (S & GS),,ADJUSTER (L),FA01-26-640,1,,,yes,
EC-087-19,EC,87,2610A-1,REAR BRAKES (DRUM BRAKE) (S & GS),26 681S,BOOT SET,BB62-89-334,2,,,yes,
EC-087-20,EC,87,2610A-1,REAR BRAKES (DRUM BRAKE) (S & GS),26 800,"LEVER (R), OPERATING",FA01-26-800,1,,,yes,
EC-087-21,EC,87,2610A-1,REAR BRAKES (DRUM BRAKE) (S & GS),,"LEVER (L), OPERATING",FA01-26-810,1,,,yes,
EC-087-22,EC,87,2610A-1,REAR BRAKES (DRUM BRAKE) (S & GS),26 808,"LEVER (R), PAWL",FA01-26-808,1,,,yes,
EC-087-23,EC,87,2610A-1,REAR BRAKES (DRUM BRAKE) (S & GS),,"LEVER (L), PAWL",FA01-26-818,1,,,yes,
EC-087-24,EC,87,2610A-1,REAR BRAKES (DRUM BRAKE) (S & GS),26 832,PIN (R),FA01-26-832,1,,,yes,
EC-087-25,EC,87,2610A-1,REAR BRAKES (DRUM BRAKE) (S & GS),,PIN (L),GA02-26-832,1,,,yes,
EC-087-26,EC,87,2610A-1,REAR BRAKES (DRUM BRAKE) (S & GS),26 922,"SHEET, TUBE",0613-26-922,3,,,yes,
EC-087-27,EC,87,2610A-1,REAR BRAKES (DRUM BRAKE) (S & GS),33 691A,"SCREW, BLEEDER",0259-33-691,2,,,yes,
EC-087-28,EC,87,2610A-1,REAR BRAKES (DRUM BRAKE) (S & GS),33 693A,"CAP, BLEEDER SCREW",0259-33-693,2,,,yes,
EC-088-01,EC,88,2610AA-1,REAR BRAKES (DISC BRAKE) (GSL),26 130,"COVER, DUST (R)",FA18-26-130,1,,,no,figure GSL only
EC-088-02,EC,88,2610AA-1,REAR BRAKES (DISC BRAKE) (GSL),26 132B,BOLT,3728-26-132,6,,,no,figure GSL only
EC-088-03,EC,88,2610AA-1,REAR BRAKES (DISC BRAKE) (GSL),26 140,"COVER, DUST (L)",FA18-26-140,1,,,no,figure GSL only
EC-088-04,EC,88,2610AA-1,REAR BRAKES (DISC BRAKE) (GSL),26 251B,"PLATE, DISC",FA18-26-251,2,,,no,figure GSL only
EC-088-05,EC,88,2610AA-1,REAR BRAKES (DISC BRAKE) (GSL),26 6660,PISTON,FA18-26-660,2,,,no,figure GSL only
EC-088-06,EC,88,2610AA-1,REAR BRAKES (DISC BRAKE) (GSL),26 980,"BRAKE (R), DISC",FA18-26-980A,1,,,no,figure GSL only
EC-088-07,EC,88,2610AA-1,REAR BRAKES (DISC BRAKE) (GSL),,"BRAKE (L), DISC",FA18-26-990A,1,,,no,figure GSL only
EC-088-08,EC,88,2610AA-1,REAR BRAKES (DISC BRAKE) (GSL),33 691A,"SCREW, BLEEDER",0233-33-691,2,,,no,figure GSL only
EC-088-09,EC,88,2610AA-1,REAR BRAKES (DISC BRAKE) (GSL),33 693A,"CAP, BLEEDER SCREW",0259-33-693,2,,,no,figure GSL only
EC-088-10,EC,88,2610AA-1,REAR BRAKES (DISC BRAKE) (GSL),49 240A,"SEAL, KIT",FA18-49-240,1,,,no,figure GSL only
EC-088-11,EC,88,2610AA-1,REAR BRAKES (DISC BRAKE) (GSL),49 246A,GREASE,FA18-49-270,1,,,no,figure GSL only
EC-088-12,EC,88,2610AA-1,REAR BRAKES (DISC BRAKE) (GSL),49 250A,BOOT KIT,FA18-49-250,1,,,no,figure GSL only
EC-088-13,EC,88,2610AA-1,REAR BRAKES (DISC BRAKE) (GSL),49 280A,"PAD, SUB SET",FA18-49-280A,1,,,no,figure GSL only
EC-088-14,EC,88,2610AA-1,REAR BRAKES (DISC BRAKE) (GSL),49 290A,ATTACHMENT-PAD,FA18-49-290,1,,,no,figure GSL only
EC-089-01,EC,89,2700A-1,DIFFERENTIAL,27 012,WASHER,0223-27-012,1,,,yes,
EC-089-02,EC,89,2700A-1,DIFFERENTIAL,27 018,"SEAL, OIL",0223-27-018,1,'81 & '82 MODELS,,yes,
EC-089-03,EC,89,2700A-1,DIFFERENTIAL,,,M005-27-165,1,'83 MODEL,,no,'83 model
EC-089-04,EC,89,2700A-1,DIFFERENTIAL,27 020,"FLANGE, COMPANION",0223-27-020C,1,'81 & '83 MODELS,,unclear,printed '81 & '83 (likely misprint for '82)
EC-089-05,EC,89,2700A-1,DIFFERENTIAL,,,M005-27-120D,1,'83 MODEL,,no,'83 model
EC-089-06,EC,89,2700A-1,DIFFERENTIAL,27 030,"NUT, LOCK",0223-27-030,1,,,yes,
EC-089-07,EC,89,2700A-1,DIFFERENTIAL,27 100,DRIVE & DIFFERENTIAL,8051-27-100C,1,'81 & '82 S & GS MODELS,,yes,S & GS models
EC-089-08,EC,89,2700A-1,DIFFERENTIAL,,,M019-27-100A,1,'83 MODEL S & GS MODELS,,no,'83 model
EC-089-09,EC,89,2700A-1,DIFFERENTIAL,,,M030-27-100,1,'81 & '82 NON-SLIP DIFF. GSL MODELS,,no,GSL model
EC-089-10,EC,89,2700A-1,DIFFERENTIAL,,,M092-27-100B,1,'83 NON-SLIP DIFF. GSL MODEL,,no,GSL model
EC-089-11,EC,89,2700A-1,DIFFERENTIAL,27 110,"GEAR SET, FINAL",8051-27-110D,1,(RATIO=3.909),,yes,
EC-089-12,EC,89,2700A-1,DIFFERENTIAL,27 141,"BEARING, PINION-FRONT",0755-27-210,1,,,yes,
EC-089-13,EC,89,2700A-1,DIFFERENTIAL,27 141A,"BEARING, PINION-REAR",0221-27-210,1,,,yes,
EC-089-14,EC,89,2700A-1,DIFFERENTIAL,27 150,"CARRIER, DIFFERENTIAL",0820-27-150C,1,,,yes,
EC-089-15,EC,89,2700A-1,DIFFERENTIAL,27 171,"PIECE, DISTANCE",0305-27-171,1,,,yes,
EC-089-16,EC,89,2700A-1,DIFFERENTIAL,27 230,CASE,M020-27-230,1,GSL MODEL,,no,GSL model
EC-089-17,EC,89,2700A-1,DIFFERENTIAL,,,0290-27-231B,1,S & GS MODELS,,yes,S & GS models
EC-089-18,EC,89,2700A-1,DIFFERENTIAL,,<A>,0290-27-231C,1,,,yes,alternative to 0290-27-231B
EC-089-19,EC,89,2700A-1,DIFFERENTIAL,27 235A,"BOLT, REAMER",8051-27-235,10,(D=10.0),,yes,selective size
EC-089-20,EC,89,2700A-1,DIFFERENTIAL,,,8051-27-236,10,(D=10.2),,yes,selective size
EC-089-21,EC,89,2700A-1,DIFFERENTIAL,27 251,"GEAR, DIFFERENTIAL SIDE",M020-27-251,2,GSL MODEL,,no,GSL model
EC-089-22,EC,89,2700A-1,DIFFERENTIAL,,,0820-27-251A,2,S & GS MODELS,,yes,S & GS models
EC-089-23,EC,89,2700A-1,DIFFERENTIAL,27 252,WASHER,0290-27-252,2,(T=2.00) S & GS MODELS,,yes,S & GS models
EC-089-24,EC,89,2700A-1,DIFFERENTIAL,,,0290-27-253,2,(T=2.10) S & GS MODELS,,yes,S & GS models
EC-089-25,EC,89,2700A-1,DIFFERENTIAL,,,0290-27-254,2,(T=2.20) S & GS MODELS,,yes,S & GS models
EC-089-26,EC,89,2700A-1,DIFFERENTIAL,,,0290-27-256,2,(T=2.05) S & GS MODELS,,yes,S & GS models
EC-089-27,EC,89,2700A-1,DIFFERENTIAL,,,0290-27-259,2,(T=2.15) S & GS MODELS,,yes,S & GS models
EC-089-28,EC,89,2700A-1,DIFFERENTIAL,,,M020-27-252,2,(T=1.60) GSL MODEL,,no,GSL model
EC-089-29,EC,89,2700A-1,DIFFERENTIAL,,,M020-27-253,2,(T=1.80) GSL MODEL,,no,GSL model
EC-089-30,EC,89,2700A-1,DIFFERENTIAL,,,M020-27-256,4,(T=2.00) GSL MODEL,,no,GSL model
EC-089-31,EC,89,2700A-1,DIFFERENTIAL,,,M020-27-257,4,(T=2.10) GSL MODEL,,no,GSL model
EC-090-01,EC,90,2700A-2,DIFFERENTIAL,27 255,"PINION, DIFFERENTIAL",0221-27-255C,2,S & GS MODELS,,yes,S & GS models
EC-090-02,EC,90,2700A-2,DIFFERENTIAL,,,M020-27-255,4,GSL MODEL,,no,GSL model
EC-090-03,EC,90,2700A-2,DIFFERENTIAL,27 258,"PLATE, FRICTION",M020-27-258,4,GSL MODEL,,no,GSL model
EC-090-04,EC,90,2700A-2,DIFFERENTIAL,27 259B,"SPRING, CONICAL",M020-27-259,2,GSL MODEL,,no,GSL model
EC-090-05,EC,90,2700A-2,DIFFERENTIAL,27 261,"SHAFT, DIFFERENTIAL PINION",0305-27-261,1,S & GS MODELS,,yes,S & GS models
EC-090-06,EC,90,2700A-2,DIFFERENTIAL,,"SHAFT, DIFFERENTIAL",M020-27-261,1,GSL MODEL,,no,GSL model
EC-090-07,EC,90,2700A-2,DIFFERENTIAL,27 262,PIN,0114-27-262,1,S & GS MODELS,,yes,S & GS models
EC-090-08,EC,90,2700A-2,DIFFERENTIAL,27 265,"RING, PRESSURE",M020-27-265,2,GSL MODEL,,no,GSL model
EC-090-09,EC,90,2700A-2,DIFFERENTIAL,27 301A,"SCREW, ADJUST",0290-27-301,2,,,yes,
EC-090-10,EC,90,2700A-2,DIFFERENTIAL,27 302,"PLATE, LOCK",0290-27-302,2,,,yes,
EC-090-11,EC,90,2700A-2,DIFFERENTIAL,27 305,BEARING,0221-27-350,2,,,yes,
EC-090-12,EC,90,2700A-2,DIFFERENTIAL,27 401,SPACER,0223-27-401A,1,(T=3.08),,yes,selective thickness
EC-090-13,EC,90,2700A-2,DIFFERENTIAL,,,0223-27-402A,1,(T=3.11),,yes,selective thickness
EC-090-14,EC,90,2700A-2,DIFFERENTIAL,,,0223-27-403A,1,(T=3.14),,yes,selective thickness
EC-090-15,EC,90,2700A-2,DIFFERENTIAL,,,0223-27-404A,1,(T=3.17),,yes,selective thickness
EC-090-16,EC,90,2700A-2,DIFFERENTIAL,,,0223-27-405A,1,(T=3.20),,yes,selective thickness
EC-090-17,EC,90,2700A-2,DIFFERENTIAL,,,0223-27-406A,1,(T=3.23),,yes,selective thickness
EC-090-18,EC,90,2700A-2,DIFFERENTIAL,,,0223-27-407A,1,(T=3.26),,yes,selective thickness
EC-090-19,EC,90,2700A-2,DIFFERENTIAL,,,0223-27-408A,1,(T=3.29),,yes,selective thickness
EC-090-20,EC,90,2700A-2,DIFFERENTIAL,,,0223-27-409A,1,(T=3.32),,yes,selective thickness
EC-090-21,EC,90,2700A-2,DIFFERENTIAL,,,0223-27-411A,1,(T=3.35),,yes,selective thickness
EC-090-22,EC,90,2700A-2,DIFFERENTIAL,,,0223-27-412A,1,(T=3.38),,yes,selective thickness
EC-090-23,EC,90,2700A-2,DIFFERENTIAL,,,0223-27-413A,1,(T=3.41),,yes,selective thickness
EC-090-24,EC,90,2700A-2,DIFFERENTIAL,,,0223-27-414A,1,(T=3.44),,yes,selective thickness
EC-090-25,EC,90,2700A-2,DIFFERENTIAL,,,0223-27-415A,1,(T=3.47),,yes,selective thickness
EC-091-01,EC,91,2800A-1,REAR SUSPENSION,28 010A,"SPRING, COIL",8871-28-011B,2,,,yes,
EC-091-02,EC,91,2800A-1,REAR SUSPENSION,28 013A,"SHEET, RUBBER",8871-28-013B,2,,FB331 ..700001-700131,unclear,serial break FB331 700001-700131
EC-091-03,EC,91,2800A-1,REAR SUSPENSION,,<A>,8871-28-013C,2,,FB331 ..700132-,unclear,serial break FB331 700132-
EC-091-04,EC,91,2800A-1,REAR SUSPENSION,28 111,BOLT,0305-28-111B,8,,,yes,
EC-091-05,EC,91,2800A-1,REAR SUSPENSION,28 113A,BOLT,1243-28-111,2,,,yes,
EC-091-06,EC,91,2800A-1,REAR SUSPENSION,28 160A,"LINK (R), WATT",8871-28-160,1,,,yes,
EC-091-07,EC,91,2800A-1,REAR SUSPENSION,28 170A,"LINK (L), WATT",8871-28-170,1,,,yes,
EC-091-08,EC,91,2800A-1,REAR SUSPENSION,28 180A,"BRACKET, WATT LINK",8871-28-180,1,,,yes,
EC-091-09,EC,91,2800A-1,REAR SUSPENSION,28 200A,LINK,8871-28-200,2,,,yes,
EC-091-10,EC,91,2800A-1,REAR SUSPENSION,28 300B,"LINK, LOWER",8871-28-300A,2,,,yes,
EC-091-11,EC,91,2800A-1,REAR SUSPENSION,28 320B,"STOPPER, BUMP",8871-28-320,2,,,yes,
EC-091-12,EC,91,2800A-1,REAR SUSPENSION,28 700S,"DAMPER SET, REAR",FA01-99-281A,2,,,yes,
EC-091-13,EC,91,2800A-1,REAR SUSPENSION,28 775,"BUSHING, RUBBER",8871-28-775,4,,,yes,
EC-091-14,EC,91,2800A-1,REAR SUSPENSION,28 776,RETAINER,0223-28-776,4,,,yes,
EC-091-15,EC,91,2800A-1,REAR SUSPENSION,28 778,GROMMET,0259-28-778,2,,,yes,
EC-091-16,EC,91,2800A-1,REAR SUSPENSION,34 158B,WASHER,0866-34-158,1,,,yes,
EC-092-01,EC,92,2810A-1,STABILIZER,28 101,STABILIZER,8980-28-151,1,(16MM) (0.63 INCH) '81 MODEL THRU OCT. '80 PROD.,FB331 ..500001-510972,no,'81 model thru Oct '80
EC-092-02,EC,92,2810A-1,STABILIZER,,,8871-28-151A,1,(18MM) (0.71 INCH) '81 & '82 MODELS,,yes,'81 & '82 models
EC-092-03,EC,92,2810A-1,STABILIZER,,,FA01-28-151,1,(15MM) (0.59 INCH) '83 MODEL,FB331 ..501693-,no,'83 model
EC-092-04,EC,92,2810A-1,STABILIZER,28 102,"BUSHING, RUBBER",FA01-28-156,2,(FOR 15MM STABILIZER),FB331 ..501693-,no,for '83 15mm stabilizer
EC-092-05,EC,92,2810A-1,STABILIZER,,,8871-28-156,2,(FOR 18MM STABILIZER) '81 & '82 MODELS,,yes,'81 & '82 models
EC-092-06,EC,92,2810A-1,STABILIZER,,,,2,(FOR 17MM STABILIZER) '83 MODEL,,no,'83 model
EC-092-07,EC,92,2810A-1,STABILIZER,,,8980-28-156,2,(FOR 16MM STABILIZER) '81 MODEL,FB331 ..500001-510972,no,'81 model
EC-092-08,EC,92,2810A-1,STABILIZER,28 120,"BRACKET, CONTROL LINK",FA01-28-120A,2,'81 MODEL,FB331 ..507335-510972,no,'81 model
EC-092-09,EC,92,2810A-1,STABILIZER,,,FA01-28-120B,2,,FB331 ..510973-,unclear,serial break FB331 510973-
EC-092-10,EC,92,2810A-1,STABILIZER,,,8871-28-120B,2,'81 MODEL,FB331 ..500001-507334,no,'81 model
EC-092-11,EC,92,2810A-1,STABILIZER,28 155,"BRACKET, STABILIZER SUPPORT",FA01-28-155,2,,FB331 ..501693-,unclear,serial break FB331 501693-
EC-092-12,EC,92,2810A-1,STABILIZER,,,8871-28-155,2,'81 MODEL,FB331 ..500001-510972,no,'81 model
EC-092-13,EC,92,2810A-1,STABILIZER,28 157,"SPACER, STABILIZER",8871-28-157,2,,,yes,
EC-092-14,EC,92,2810A-1,STABILIZER,28 775A,"BUSHING, RUBBER-STABILIZER",0710-28-775,8,,,yes,
EC-092-15,EC,92,2810A-1,STABILIZER,28 776A,"RETAINER, STABILIZER",0710-28-776,8,,,yes,
EC-093-01,EC,93,3200A-1,STEERING WHEEL,32 018,TERMINAL,8532-32-018,1,(2-SPOKE USE) S MODEL,,no,S model
EC-093-02,EC,93,3200A-1,STEERING WHEEL,,,UA47-32-018,1,(4-SPOKE USE) GS & GSL MODELS,,yes,GS & GSL models
EC-093-03,EC,93,3200A-1,STEERING WHEEL,32 049,"COVER, WHEEL CORE",8532-32-049,1,(2-SPOKE USE) S MODEL,,no,S model
EC-093-04,EC,93,3200A-1,STEERING WHEEL,,BLACK,00,,,,no,colour of S model part
EC-093-05,EC,93,3200A-1,STEERING WHEEL,,,8871-32-049C,1,(4-SPOKE USE) GS & GSL MODELS,,yes,GS & GSL models
EC-093-06,EC,93,3200A-1,STEERING WHEEL,,,00,,,,yes,colour of GS part
EC-093-07,EC,93,3200A-1,STEERING WHEEL,32 740A,SET-SCREW,8532-32-740,1,(2-SPOKE USE) S MODEL,,no,S model
EC-093-08,EC,93,3200A-1,STEERING WHEEL,,,8871-32-740B,1,(4-SPOKE USE) GS & GSL MODELS,,yes,GS & GSL models
EC-093-09,EC,93,3200A-1,STEERING WHEEL,32 750A,SET-HORN,8532-32-750,1,(2-SPOKE USE) S MODEL,,no,S model
EC-093-10,EC,93,3200A-1,STEERING WHEEL,,,8871-32-750,1,(4-SPOKE USE) GS & GSL MODELS,,yes,GS & GSL models
EC-093-11,EC,93,3200A-1,STEERING WHEEL,32 800,"CAP, HORN",8531-32-800,1,(2-SPOKE USE) S MODEL,,no,S model
EC-093-12,EC,93,3200A-1,STEERING WHEEL,,BLACK,01,,,,no,colour of S model part
EC-093-13,EC,93,3200A-1,STEERING WHEEL,,,8871-32-800,1,(4-SPOKE USE) GS & GSL MODELS,,yes,GS & GSL models
EC-093-14,EC,93,3200A-1,STEERING WHEEL,,BLACK,01,,,,yes,colour of GS part
EC-093-15,EC,93,3200A-1,STEERING WHEEL,32 811,EMBLEM,8531-32-811,1,,,yes,
EC-093-16,EC,93,3200A-1,STEERING WHEEL,32 980,"BOSS, STEERING WHEEL",8180-32-980B,1,"(4-SPOKE, URETHNE) GS & GSL MODELS STANDARD",,yes,GS standard
EC-093-17,EC,93,3200A-1,STEERING WHEEL,,BLACK,00,,,,yes,colour of GS part
EC-093-18,EC,93,3200A-1,STEERING WHEEL,,,8344-32-980B,1,"(4-SPOKE, LEATHER) GS & GSL MODELS OPTIONAL",,unclear,GS optional leather wheel
EC-093-19,EC,93,3200A-1,STEERING WHEEL,,BLACK,00,,,,unclear,colour of optional part
EC-093-20,EC,93,3200A-1,STEERING WHEEL,,,8349-32-980,1,"(2-SPOKE, URETHANE) S MODEL",,no,S model
EC-093-21,EC,93,3200A-1,STEERING WHEEL,,BLACK,00,,,,no,colour of S model part
EC-093-22,EC,93,3200A-1,STEERING WHEEL,32 984,"SET, CUP",8532-32-964,1,(2-SPOKE USE) S MODEL,,no,S model
EC-093-23,EC,93,3200A-1,STEERING WHEEL,,,8871-32-984,1,(4-SPOKE USE) GS & GSL MODELS,,yes,GS & GSL models
EC-094-01,EC,94,3210A-1,STEERING GEAR & COLUMN,32 071,BUSHING,8182-32-071,1,'81 & '82 MODELS,FB331 ..500001-610823,unclear,serial break FB331 610823
EC-094-02,EC,94,3210A-1,STEERING GEAR & COLUMN,,,8182-32-071A,1,'82 MODEL,FB331 ..610824-652105,unclear,serial break FB331 610824-652105
EC-094-03,EC,94,3210A-1,STEERING GEAR & COLUMN,,,1244-32-071A,1,'82 & '83 MODEL,FB331 ..652106-,unclear,serial break FB331 652106-
EC-094-04,EC,94,3210A-1,STEERING GEAR & COLUMN,32 107,CLIP,8871-32-862,1,,,yes,
EC-094-05,EC,94,3210A-1,STEERING GEAR & COLUMN,32 110,"GEAR, STEERING",FA01-32-110,1,'81 MODEL,FB331 ..500001-525551,no,'81 model
EC-094-06,EC,94,3210A-1,STEERING GEAR & COLUMN,,,FA24-32-110B,1,'81 & '82 MODELS,FB331 ..525552-,yes,'81 & '82 models from 525552
EC-094-07,EC,94,3210A-1,STEERING GEAR & COLUMN,32 120,"HOUSING, GEAR",FA01-32-120,1,'81 MODEL,FB331 ..500001-525551,no,'81 model
EC-094-08,EC,94,3210A-1,STEERING GEAR & COLUMN,,,FA24-32-120,1,,FB331 ..525552-,yes,serial 525552- follows '81 range
EC-094-09,EC,94,3210A-1,STEERING GEAR & COLUMN,32 130,"BALL NUT, WORM",FA01-32-130,1,'81 MODEL,FB331 ..500001-525551,no,'81 model
EC-094-10,EC,94,3210A-1,STEERING GEAR & COLUMN,,,FA24-32-130,1,,FB331 ..525552-,yes,serial 525552- follows '81 range
EC-094-11,EC,94,3210A-1,STEERING GEAR & COLUMN,32 140A,"SHIM KIT, ADJUST",8180-32-140,1,,,yes,
EC-094-12,EC,94,3210A-1,STEERING GEAR & COLUMN,32 141,"SHAFT, SECTOR",FA01-32-141,1,'81 MODEL,FB331 ..500001-525551,no,'81 model
EC-094-13,EC,94,3210A-1,STEERING GEAR & COLUMN,,,FA24-32-141A,1,,FB331 ..525552-,yes,serial 525552- follows '81 range
EC-094-14,EC,94,3210A-1,STEERING GEAR & COLUMN,32 150,"COVER KIT, END",FA01-32-150,1,'81 MODEL,FB331 ..500001-525551,no,'81 model
EC-094-15,EC,94,3210A-1,STEERING GEAR & COLUMN,,,FA24-32-150,1,,FB331 ..525552-,yes,serial 525552- follows '81 range
EC-094-16,EC,94,3210A-1,STEERING GEAR & COLUMN,32 170A,"COVER KIT, SIDE",FA01-32-170,1,'81 MODEL,FB331 ..500001-525551,no,'81 model
EC-094-17,EC,94,3210A-1,STEERING GEAR & COLUMN,,,FA24-32-170,1,,FB331 ..525552-,yes,serial 525552- follows '81 range
EC-094-18,EC,94,3210A-1,STEERING GEAR & COLUMN,32 180A,SEAL KIT,8871-32-180,1,,,yes,
EC-094-19,EC,94,3210A-1,STEERING GEAR & COLUMN,32 182,BEARING,8871-32-182,2,,,yes,
EC-094-20,EC,94,3210A-1,STEERING GEAR & COLUMN,32 186,"BOLT, GEAR HOUSING",8173-32-359,3,,,yes,
EC-094-21,EC,94,3210A-1,STEERING GEAR & COLUMN,32 188,"SHIM, ADJUST",0208-32-188,2,,,yes,
EC-094-22,EC,94,3210A-1,STEERING GEAR & COLUMN,32 220,"ARM, PITMAN",1757-32-220,1,,,yes,
EC-094-23,EC,94,3210A-1,STEERING GEAR & COLUMN,32 278B,"SEAL, DUST-PITMAN",8545-32-278,1,,,yes,
EC-094-24,EC,94,3210A-1,STEERING GEAR & COLUMN,32 411,"COVER, DUST",8871-32-411,1,,,yes,
EC-094-25,EC,94,3210A-1,STEERING GEAR & COLUMN,32 412B,BUSHING,8871-32-412,1,,,yes,
EC-094-26,EC,94,3210A-1,STEERING GEAR & COLUMN,32 420A,"BRACKET, FIXING",FA01-32-420,1,'81 MODEL,FB331 ..500001-525551,no,'81 model
EC-094-27,EC,94,3210A-1,STEERING GEAR & COLUMN,,,FA24-32-?20,1,,FB331 ..525552-,yes,serial 525552- follows '81 range
EC-094-28,EC,94,3210A-1,STEERING GEAR & COLUMN,32 429,BOLT,8871-32-429A,4,,,yes,
EC-095-01,EC,95,3230A-1,STEERING LINKAGE,32 240S,"JOINT SET, BALL",8531-99-322A,2,,,yes,
EC-095-02,EC,95,3230A-1,STEERING LINKAGE,32 261,"LINKAGE, CENTER",8871-32-261,1,,,yes,
EC-095-03,EC,95,3230A-1,STEERING LINKAGE,32 279,"SEAL, DUST",8021-32-279,4,,,yes,
EC-095-04,EC,95,3230A-1,STEERING LINKAGE,32 279A,"SEAL, DUST",8?31-32-279,1,,,yes,
EC-095-05,EC,95,3230A-1,STEERING LINKAGE,32 280S,"JOINT SET, BALL",?021-99-324,2,,,yes,
EC-095-06,EC,95,3230A-1,STEERING LINKAGE,32 320,"ARM, IDLER",8871-32-320A,1,,,yes,
EC-095-07,EC,95,3230A-1,STEERING LINKAGE,,,,,,REFER TO RECALL CAMPAIGN NO 17510 FOR INFO REGARDING AFFECTED STATES,yes,
EC-095-08,EC,95,3230A-1,STEERING LINKAGE,32 329,BUSHING,1524-32-329B,2,,,yes,
EC-095-09,EC,95,3230A-1,STEERING LINKAGE,32 341,WASHER,0866-32-341,1,,,yes,
EC-095-10,EC,95,3230A-1,STEERING LINKAGE,32 365,"ROD, TIE",2113-32-365,2,,,yes,
EC-097-01,EC,97,3300A-1,FRONT AXLE & BRAKES,33 042,NUT,0259-33-042,2,,,yes,
EC-097-02,EC,97,3300A-1,FRONT AXLE & BRAKES,33 043,"WASHER, TAB",8531-33-043,2,,,yes,
EC-097-03,EC,97,3300A-1,FRONT AXLE & BRAKES,33 047,"BEARING, FRONT WHEEL",8545-33-047,2,,,yes,
EC-097-04,EC,97,3300A-1,FRONT AXLE & BRAKES,33 049,"COVER, SET",0259-33-049,2,,,yes,
EC-097-05,EC,97,3300A-1,FRONT AXLE & BRAKES,33 065,"SEAL, OIL",1312-33-065,2,,,yes,
EC-097-06,EC,97,3300A-1,FRONT AXLE & BRAKES,33 071,"CAP, HUB",0419-33-071,2,,,yes,
EC-097-07,EC,97,3300A-1,FRONT AXLE & BRAKES,33 075,"BEARING, FRONT WHEEL",B002-33-075,2,,,yes,
EC-097-08,EC,97,3300A-1,FRONT AXLE & BRAKES,33 251B,"PLATE, HUB/DISK",8871-33-251A,2,,,yes,
EC-097-09,EC,97,3300A-1,FRONT AXLE & BRAKES,33 260,"ADAPTER (R), MOUNTING",8871-33-260A,1,,,yes,
EC-097-10,EC,97,3300A-1,FRONT AXLE & BRAKES,,"ADAPTER (L), MOUNTING",8871-33-270A,1,,,yes,
EC-097-11,EC,97,3300A-1,FRONT AXLE & BRAKES,33 651,PISTON,8341-33-651,2,,,yes,
EC-097-12,EC,97,3300A-1,FRONT AXLE & BRAKES,,<A>,8341-33-651A,2,,,yes,
EC-097-13,EC,97,3300A-1,FRONT AXLE & BRAKES,33 691,"SCREW, BLEEDER",0233-33-691,2,,,yes,
EC-097-14,EC,97,3300A-1,FRONT AXLE & BRAKES,33 693,"CAP, RUBBER",0259-33-693,2,,,yes,
EC-097-15,EC,97,3300A-1,FRONT AXLE & BRAKES,33 698A,PIN,8341-33-699,2,,,yes,
EC-097-16,EC,97,3300A-1,FRONT AXLE & BRAKES,33 980,"BRAKE (R), CALIPER",FA57-33-980,1,,,yes,
EC-097-17,EC,97,3300A-1,FRONT AXLE & BRAKES,,"BRAKE (L), CALIPER",FA57-33-990,1,,,yes,
EC-097-18,EC,97,3300A-1,FRONT AXLE & BRAKES,49 240C,SEAL KIT,8341-49-240,1,,,yes,
EC-097-19,EC,97,3300A-1,FRONT AXLE & BRAKES,49 246C,GREASE,8341-49-270,1,,,yes,
EC-097-20,EC,97,3300A-1,FRONT AXLE & BRAKES,49 250B,BOOT KIT,8341-49-250,1,,,yes,
EC-097-21,EC,97,3300A-1,FRONT AXLE & BRAKES,49 280B,"PAD, SUB SET",8871-49-280A,1,,,yes,
EC-097-22,EC,97,3300A-1,FRONT AXLE & BRAKES,49 290B,ATTACHMENT-PAD,8341-49-290A,1,,,yes,
EC-098-01,EC,98,3400A-1,FRONT SUSPENSION,32 301A,"ARM (R), KNUCKLE",8871-32-301C,1,,,yes,
EC-098-02,EC,98,3400A-1,FRONT SUSPENSION,,"ARM (L), KNUCKLE",8871-32-311C,1,,,yes,
EC-098-03,EC,98,3400A-1,FRONT SUSPENSION,32 315A,"BOLT, STOPPER",0603-32-315,2,,,yes,
EC-098-04,EC,98,3400A-1,FRONT SUSPENSION,34 011B,"SPRING (R), COIL",F001-34-011A,1,,,yes,
EC-098-05,EC,98,3400A-1,FRONT SUSPENSION,,"SPRING (L), COIL",FA01-34-011A,1,,,yes,
EC-098-06,EC,98,3400A-1,FRONT SUSPENSION,34 012,"SHEET, RUBBER",FA01-34-012,2,,,yes,
EC-098-07,EC,98,3400A-1,FRONT SUSPENSION,34 013,"PLATE, ADJUST",1011-34-013,2,,,yes,
EC-098-08,EC,98,3400A-1,FRONT SUSPENSION,34 015,"COVER, DUST",FA01-34-015,2,,,yes,
EC-098-09,EC,98,3400A-1,FRONT SUSPENSION,34 019,"CAP, DAMPER",1011-34-019,2,,,yes,
EC-098-10,EC,98,3400A-1,FRONT SUSPENSION,34 111,"BUMPER, BOUND",8871-34-111A,2,,,yes,
EC-098-11,EC,98,3400A-1,FRONT SUSPENSION,34 159A,"STOPPER, STEERING",1243-34-159,2,,,yes,
EC-098-12,EC,98,3400A-1,FRONT SUSPENSION,34 340,"SHEET, SPRING-UPPER",FA01-34-340A,2,,,yes,
EC-098-13,EC,98,3400A-1,FRONT SUSPENSION,34 380,"BLOCK, MOUNTING",FA01-34-390A,2,,,yes,
EC-098-14,EC,98,3400A-1,FRONT SUSPENSION,34 384,SPACER,FA01-34-384,2,,,yes,
EC-098-15,EC,98,3400A-1,FRONT SUSPENSION,34 460,"BUSHING, ARM",8173-34-460B,2,,,yes,
EC-098-16,EC,98,3400A-1,FRONT SUSPENSION,34 565,"SEAL, DUST",8531-34-565,2,,,yes,
EC-098-17,EC,98,3400A-1,FRONT SUSPENSION,34 731,O-RING,8171-34-731,2,,,yes,
EC-098-18,EC,98,3400A-1,FRONT SUSPENSION,34 760S,"SF?, DAMPER",8171-34-970,2,,,yes,
EC-098-19,EC,98,3400A-1,FRONT SUSPENSION,34 910A,D?PER,FA01-34-910B,2,,,yes,
EC-098-20,EC,98,3400A-1,FRONT SUSPENSION,49 310A,ARM & BALL JOINT (R),8871-49-310,1,,,yes,
EC-098-21,EC,98,3400A-1,FRONT SUSPENSION,,ARM & BALL JOINT (L),8871-49-320,1,,,yes,
EC-098-22,EC,98,3400A-1,FRONT SUSPENSION,49 790,"DAMPER, SUB SET-FRONT",FA01-49-790,2,,,yes,
EC-099-01,EC,99,3410A-1,CROSS MEMBER & STABILIZER,34 131,"ROD, TENSION",8871-34-131A,2,,,yes,
EC-099-02,EC,99,3410A-1,CROSS MEMBER & STABILIZER,34 133A,"NUT, TENSION ROD",8871-34-133A,4,,,yes,
EC-099-03,EC,99,3410A-1,CROSS MEMBER & STABILIZER,34 134A,"BOLT, TENSION ROD",8871-34-134A,4,,,yes,
EC-099-04,EC,99,3410A-1,CROSS MEMBER & STABILIZER,34 135A,SPACER,8871-34-135A,2,,,yes,
EC-099-05,EC,99,3410A-1,CROSS MEMBER & STABILIZER,34 136,CUSHION,8871-34-136B,4,,,yes,
EC-099-06,EC,99,3410A-1,CROSS MEMBER & STABILIZER,34 137,RETAINER,8871-34-137A,4,,,yes,
EC-099-07,EC,99,3410A-1,CROSS MEMBER & STABILIZER,34 151,STABILIZER,8871-34-151,1,,,yes,
EC-099-08,EC,99,3410A-1,CROSS MEMBER & STABILIZER,34 152,PROTECTOR,8871-34-152,2,'81 & '82 MODELS,,yes,'81 & '82 models
EC-099-09,EC,99,3410A-1,CROSS MEMBER & STABILIZER,34 153A,"BUSHING, STABILIZER",1243-34-153,8,,,yes,
EC-099-10,EC,99,3410A-1,CROSS MEMBER & STABILIZER,34 155,"PLATE, STABILIZER",FA01-34-155,2,,,yes,
EC-099-11,EC,99,3410A-1,CROSS MEMBER & STABILIZER,34 156,BUSHING,8871-34-156A,2,,,yes,
EC-099-12,EC,99,3410A-1,CROSS MEMBER & STABILIZER,34 157A,"BOLT, STABILIZER",0603-34-157A,2,,,yes,
EC-099-13,EC,99,3410A-1,CROSS MEMBER & STABILIZER,34 158,"SPACER, STABILIZER",0603-34-158,2,,,yes,
EC-099-14,EC,99,3410A-1,CROSS MEMBER & STABILIZER,34 222,NUT,8871-34-222,4,,,yes,
EC-099-15,EC,99,3410A-1,CROSS MEMBER & STABILIZER,34 313,"BOLT, ARM",8001-28-114,2,,,yes,
EC-099-16,EC,99,3410A-1,CROSS MEMBER & STABILIZER,34 776C,RETAINER,0223-28-776,8,,,yes,
EC-099-17,EC,99,3410A-1,CROSS MEMBER & STABILIZER,34 800,"MEMBER, CROSS",8871-34-800C,1,,,yes,
EC-099-18,EC,99,3410A-1,CROSS MEMBER & STABILIZER,34 850A,"BRACKET (R), TENSION ROD",8871-34-850D,1,,,yes,
EC-099-19,EC,99,3410A-1,CROSS MEMBER & STABILIZER,,"BRACKET (L), TENSION ROD",8871-34-860D,1,,,yes,
EC-099-20,EC,99,3410A-1,CROSS MEMBER & STABILIZER,39 349A,"NUT, CROSS MEMBER",1391-39-349,4,,,yes,
EC-100-01,EC,100,3700A-1,TIRE & JACK,33 165,"BOLT, WHEEL SET",1029-33-165,16,(PLATED),,unclear,depends on wheel fitted
EC-100-02,EC,100,3700A-1,TIRE & JACK,,,8531-33-165,16,(PAINTED),,unclear,depends on wheel fitted
EC-100-03,EC,100,3700A-1,TIRE & JACK,,,FA46-33-165P-01,16,'83 MODEL LIMITED EDITION GS,,no,'83 Limited Edition GS
EC-100-04,EC,100,3700A-1,TIRE & JACK,37 160,"BOLT & KEY KIT, HUB",F001-86-260,1,"(FOR ALUM. WHEEL) GS, GSL MODELS",,unclear,alloy wheel only; wheel type unknown
EC-100-05,EC,100,3700A-1,TIRE & JACK,37 170,"CAP, WHEEL",G002-37-190,4,(FULL CAP) S MODEL,,no,S model
EC-100-06,EC,100,3700A-1,TIRE & JACK,37 190,"CAP, CENTER",8871-37-190,4,(FOR STD. WHEEL),,unclear,std wheel only; wheel type unknown
EC-100-07,EC,100,3700A-1,TIRE & JACK,37 192,EMBLEM,FA01-37-191,4,"(FOR ALUM. W/ CROSS DESIGN) '81 GSL '82 & '83 GS, GSL",,unclear,alloy cross-design wheel only
EC-100-08,EC,100,3700A-1,TIRE & JACK,,,8871-37-192,4,(FOR CENTER CAP),,unclear,std wheel center cap only
EC-100-09,EC,100,3700A-1,TIRE & JACK,,,GB23-37-190,4,'83 MODEL LIMITED EDITION GS,,no,'83 Limited Edition GS
EC-100-10,EC,100,3700A-1,TIRE & JACK,37 192A,"RUBBER, SET",8531-37-193C,4,(FOR CENTER CAP),,unclear,std wheel center cap only
EC-100-11,EC,100,3700A-1,TIRE & JACK,37 600,"WHEEL, DISC",9965-04-4050,1,(4-TX15)(MINI SPARE WHEEL),,yes,
EC-100-12,EC,100,3700A-1,TIRE & JACK,,,,,,REFER TO PARTS BULL. NO. T-2-1 FOR MORE INFO.,yes,
EC-100-13,EC,100,3700A-1,TIRE & JACK,,,FA01-89-376,4,"(ALUM. WHEEL)(CROSS DESIGN) '81 GSL '82 & '83 GS, GSL",,unclear,alloy cross-design wheel; wheel type unknown
EC-100-14,EC,100,3700A-1,TIRE & JACK,,,9965-38-503,4,(5JX13WDC DESIGN),,unclear,std steel wheel; wheel type unknown
EC-100-15,EC,100,3700A-1,TIRE & JACK,,SUNBEAM SILVER METALLIC,K3,,,,unclear,colour of wheel above
EC-100-16,EC,100,3700A-1,TIRE & JACK,,,FA46-89-376,4,(ALUM WHEEL) '83 MODEL LIMITED EDITION GS,,no,'83 Limited Edition GS
EC-100-17,EC,100,3700A-1,TIRE & JACK,37 600A,TIRE,0000-78-559,1,(FOR MINI SPARE WHEEL),,yes,
EC-100-18,EC,100,3700A-1,TIRE & JACK,,,,,,REFER TO ACC. BULL. NO. XE-1 FOR MORE INFO.,yes,
EC-100-19,EC,100,3700A-1,TIRE & JACK,,,0000-78-648,4,"(185/70HR-13, BLACK WALL)",,unclear,tyre option not known
EC-100-20,EC,100,3700A-1,TIRE & JACK,,,0000-78-6485,4,"(185/70HR-13, WHITE WALL)",,unclear,tyre option not known
EC-100-21,EC,100,3700A-1,TIRE & JACK,37 600C,"VALVE, AIR",9963-60-4130,5,(TR413),,yes,
EC-100-22,EC,100,3700A-1,TIRE & JACK,37 600E,"WEIGHT, BALANCING",9965-53-0010,5,(10G),,yes,
EC-100-23,EC,100,3700A-1,TIRE & JACK,,,9965-53-0015,5,(15G),,yes,
EC-100-24,EC,100,3700A-1,TIRE & JACK,,,9965-53-0020,5,(20G),,yes,
EC-100-25,EC,100,3700A-1,TIRE & JACK,,,9965-53-0025,5,(25G),,yes,
EC-100-26,EC,100,3700A-1,TIRE & JACK,,,9965-53-0030,5,(30G),,yes,
EC-100-27,EC,100,3700A-1,TIRE & JACK,,,9965-53-0035,5,(35G),,yes,
EC-100-28,EC,100,3700A-1,TIRE & JACK,,,9965-53-0040,5,(40G),,yes,
EC-100-29,EC,100,3700A-1,TIRE & JACK,,,9965-53-0045,5,(45G),,yes,
EC-101-01,EC,101,3700A-2,TIRE & JACK,37 600E (CONT'D),,9965-53-0050,5,(50G),,yes,
EC-101-02,EC,101,3700A-2,TIRE & JACK,,,9965-53-0060,5,(60G),,yes,
EC-101-03,EC,101,3700A-2,TIRE & JACK,,,9965-59-0010,5,"(10G FOR ALUM. WHEEL) '81 GSL '82 & '83 GS, GSL",,yes,'82 GS listed (alum. wheel)
EC-101-04,EC,101,3700A-2,TIRE & JACK,,,9965-59-0015,5,"(15G FOR ALUM. WHEEL) '81 GSL '82 & '83 GS, GSL",,yes,'82 GS listed (alum. wheel)
EC-101-05,EC,101,3700A-2,TIRE & JACK,,,9965-59-0020,5,"(20G FOR ALUM. WHEEL) '81 GSL '82 & '83 GS, GSL",,yes,'82 GS listed (alum. wheel)
EC-101-06,EC,101,3700A-2,TIRE & JACK,,,9965-59-0025,5,"(25G FPR ALUM. WHEEL) '81 GSL '82 & '83 GS, GSL",,yes,'82 GS listed (alum. wheel)
EC-101-07,EC,101,3700A-2,TIRE & JACK,,,9965-59-0030,5,"(30G FOR ALUM. WHEEL) '81 GSL '82 & '83 GS, GSL",,yes,'82 GS listed (alum. wheel)
EC-101-08,EC,101,3700A-2,TIRE & JACK,,,9965-59-0035,5,"(35G FOR ALUM. WHEEL) '81 GSL '82 & '83 GS, GSL",,yes,'82 GS listed (alum. wheel)
EC-101-09,EC,101,3700A-2,TIRE & JACK,,,9965-59-0040,5,"(40G FOR ALUM. WHEEL) '81 GSL '82 & '83 GS, GSL",,yes,'82 GS listed (alum. wheel)
EC-101-10,EC,101,3700A-2,TIRE & JACK,,,9965-59-0045,5,"(45G FOR ALUM. WHEEL) '81 GSL '82 & '83 GS, GSL",,yes,'82 GS listed (alum. wheel)
EC-101-11,EC,101,3700A-2,TIRE & JACK,,,9965-59-0050,5,"(50G FOR ALUM. WHEEL) '81 GSL '82 & '83 GS, GSL",,yes,'82 GS listed (alum. wheel)
EC-101-12,EC,101,3700A-2,TIRE & JACK,,,9965-59-0060,5,"(60G FOR ALUM. WHEEL) '81 GSL '82 & '83 GS, GSL",,yes,'82 GS listed (alum. wheel)
EC-101-13,EC,101,3700A-2,TIRE & JACK,37 600S,"WHEEL SET, DISC-ALUM.",FA01-89-376,1,"(FOR ALUM. WHEEL) '81 GSL '82 & '83 GS, GSL",,yes,'82 GS listed (alum. wheel)
EC-101-14,EC,101,3700A-2,TIRE & JACK,56 210B,"CLAMP, SPARE TIRE",8531-56-961,1,,,yes,
EC-101-15,EC,101,3700A-2,TIRE & JACK,68 800A,JACK,8871-37-790D,1,,,yes,
EC-101-16,EC,101,3700A-2,TIRE & JACK,68 810A,"HANDLE, JACK",0305-68-810A,1,,,yes,
EC-102-01,EC,102,3900A-1,ENGINE & TRANSMISSION MOUNTINGS,39 020,"BRACKET, ENGINE MOUNTING",8871-39-021B,1,,,yes,
EC-102-02,EC,102,3900A-1,ENGINE & TRANSMISSION MOUNTINGS,39 040,"RUBBER (R), ENGINE MOUNTING",1668-39-040D,1,,,yes,
EC-102-03,EC,102,3900A-1,ENGINE & TRANSMISSION MOUNTINGS,39 045,"CASING, STOPPER",1668-39-045B,2,,,yes,
EC-102-04,EC,102,3900A-1,ENGINE & TRANSMISSION MOUNTINGS,39 050,"RUBBER (L), ENGINE MOUNTING",8545-39-040,1,,,yes,
EC-102-05,EC,102,3900A-1,ENGINE & TRANSMISSION MOUNTINGS,39 055,BOLT,8788-39-055,4,,,yes,
EC-102-06,EC,102,3900A-1,ENGINE & TRANSMISSION MOUNTINGS,39 340,"RUBBER, TRANSMISSION MOUNTING",1011-39-340A,1,,,yes,
EC-102-07,EC,102,3900A-1,ENGINE & TRANSMISSION MOUNTINGS,39 380,"MEMBER, TRANSMISSION MOUNTING",1480-39-380A,1,M/T,,no,M/T
EC-102-08,EC,102,3900A-1,ENGINE & TRANSMISSION MOUNTINGS,,,1481-39-380B,1,A/T,,yes,A/T
EC-102-09,EC,102,3900A-1,ENGINE & TRANSMISSION MOUNTINGS,39 382,STUD,1013-39-382A,2,'81 & '82 MODELS,FB331 ..500001-626754,unclear,"serial break, VIN serial unknown"
EC-102-10,EC,102,3900A-1,ENGINE & TRANSMISSION MOUNTINGS,,,F001-39-372,2,'82 & '83 MODELS,FB331 ..626755-,unclear,"serial break, VIN serial unknown"
EC-102-11,EC,102,3900A-1,ENGINE & TRANSMISSION MOUNTINGS,39 383,WASHER,0884-39-383A,2,M/T,,no,M/T
EC-102-12,EC,102,3900A-1,ENGINE & TRANSMISSION MOUNTINGS,39 384,"INSULATOR, LOWER",0884-39-384,2,'81 & '82 MODELS,FB331 ..500001-626754,unclear,"serial break, VIN serial unknown"
EC-102-13,EC,102,3900A-1,ENGINE & TRANSMISSION MOUNTINGS,,,8599-39-384A,2,'82 & '83 MODELS,FB331 ..626755-,unclear,"serial break, VIN serial unknown"
EC-102-14,EC,102,3900A-1,ENGINE & TRANSMISSION MOUNTINGS,39 385,"INSULATOR, UPPER",0884-39-385A,2,'81 & '82 MODELS,FB331 ..500001-626754,unclear,"serial break, VIN serial unknown"
EC-102-15,EC,102,3900A-1,ENGINE & TRANSMISSION MOUNTINGS,,,F001-39-375,2,'82 & '83 MODELS,FB331 ..626755-,unclear,"serial break, VIN serial unknown"
EC-102-16,EC,102,3900A-1,ENGINE & TRANSMISSION MOUNTINGS,39 386,WASHER,0884-39-386,2,'82 & '83 MODELS M/T,FB331 ..626755-,no,M/T
EC-103-01,EC,103,4000A-1,EXHAUST SYSTEM,20 500,"CONVERTER, CATALYTIC",N231-40-300,1,'81 & '82 MODELS,,yes,'81 & '82 models
EC-103-02,EC,103,4000A-1,EXHAUST SYSTEM,,,,1,'83 MODEL,,no,'83 model
EC-103-03,EC,103,4000A-1,EXHAUST SYSTEM,20 547,PLUG,1480-40-318A,2,,,yes,
EC-103-04,EC,103,4000A-1,EXHAUST SYSTEM,20 548A,"WASHER, LOCK",8021-20-548,2,,,yes,
EC-103-05,EC,103,4000A-1,EXHAUST SYSTEM,20 730,"VALVE, CHECK",N201-20-730,1,'81 & '82 MODELS,,yes,'81 & '82 models
EC-103-06,EC,103,4000A-1,EXHAUST SYSTEM,40 050A,"PIPE, EXHAUST-FRONT",N201-40-310A,1,,,yes,
EC-103-07,EC,103,4000A-1,EXHAUST SYSTEM,40 061,"HANGER, SILENCER",1114-40-061,2,,,yes,
EC-103-08,EC,103,4000A-1,EXHAUST SYSTEM,40 070,PIPE,1480-40-200,1,'81 & '82 MODELS,,yes,'81 & '82 models
EC-103-09,EC,103,4000A-1,EXHAUST SYSTEM,,,N231-40-200,1,'83 MODEL,,no,'83 model
EC-103-10,EC,103,4000A-1,EXHAUST SYSTEM,40 070B,BRACKET,8871-40-010,1,,,yes,
EC-103-11,EC,103,4000A-1,EXHAUST SYSTEM,40 071,PLATE,1480-40-070,1,'81 & '82 MODELS,,yes,'81 & '82 models
EC-103-12,EC,103,4000A-1,EXHAUST SYSTEM,,,N225-40-070B,1,'83 MODEL,,no,'83 model
EC-103-13,EC,103,4000A-1,EXHAUST SYSTEM,40 073,SPACER,1480-40-073,1,,,yes,
EC-103-14,EC,103,4000A-1,EXHAUST SYSTEM,40 074,SPACER,N225-40-074,1,'83 MODEL,,no,'83 model
EC-103-15,EC,103,4000A-1,EXHAUST SYSTEM,40 076,SPACER,1480-40-076,1,'81 MODEL,FB331 ..500001-525551,no,'81 model
EC-103-16,EC,103,4000A-1,EXHAUST SYSTEM,,,N225-40-076B,1,'83 MODEL,,no,'83 model
EC-103-17,EC,103,4000A-1,EXHAUST SYSTEM,40 077,"WASHER, PLAIN",1480-40-077,1,,,yes,
EC-103-18,EC,103,4000A-1,EXHAUST SYSTEM,40 081,BRACKET,1480-40-080B,1,,,yes,
EC-103-19,EC,103,4000A-1,EXHAUST SYSTEM,40 085,INSULATOR,1480-40-085A,1,,,yes,
EC-103-20,EC,103,4000A-1,EXHAUST SYSTEM,40 108,"RUBBER, STOP",1114-40-108B,1,,,yes,
EC-103-21,EC,103,4000A-1,EXHAUST SYSTEM,40 160,"HANGER, SILENCER",1114-40-160,5,,,yes,
EC-103-22,EC,103,4000A-1,EXHAUST SYSTEM,40 166,WASHER,0820-40-166,9,,,yes,
EC-103-23,EC,103,4000A-1,EXHAUST SYSTEM,40 170,PLATE,8871-40-180,3,,,yes,
EC-103-24,EC,103,4000A-1,EXHAUST SYSTEM,40 270,HOOK,1480-40-270,1,,,yes,
EC-103-25,EC,103,4000A-1,EXHAUST SYSTEM,40 280,HOOK,1480-40-280A,1,,,yes,
EC-103-26,EC,103,4000A-1,EXHAUST SYSTEM,40 325,GASKET,1480-40-325,2,,,yes,
EC-103-27,EC,103,4000A-1,EXHAUST SYSTEM,40 355,"NUT, FLANGE",8134-40-355,4,,,yes,
EC-103-28,EC,103,4000A-1,EXHAUST SYSTEM,40 355A,NUT,8118-40-355,4,,,yes,
EC-103-29,EC,103,4000A-1,EXHAUST SYSTEM,40 356,GASKET,1480-40-356,1,'81 & '82 MODELS,,yes,'81 & '82 models
EC-103-30,EC,103,4000A-1,EXHAUST SYSTEM,,,8182-40-356,1,'83 MODEL,,no,'83 model
EC-103-31,EC,103,4000A-1,EXHAUST SYSTEM,40 375,GASKET,1480-40-375,1,,,yes,
EC-103-32,EC,103,4000A-1,EXHAUST SYSTEM,40 398,STUD,N326-40-353,4,,,yes,
EC-103-33,EC,103,4000A-1,EXHAUST SYSTEM,40 4001,"CONVERTER, MONOLITH",N201-40-400,1,'81 & '82 MODELS,,yes,'81 & '82 models
EC-103-34,EC,103,4000A-1,EXHAUST SYSTEM,,,N231-40-400,1,'83 MODEL,,no,'83 model
EC-103-35,EC,103,4000A-1,EXHAUST SYSTEM,40 401,INSULATOR,8871-40-401,3,,,yes,
EC-103-36,EC,103,4000A-1,EXHAUST SYSTEM,40 405,INSULATOR,8871-40-405A,1,,,yes,
EC-103-37,EC,103,4000A-1,EXHAUST SYSTEM,40 500,"SILENCER, MAIN",1480-40-500,1,'81 & '82 MODELS,,yes,'81 & '82 models
EC-103-38,EC,103,4000A-1,EXHAUST SYSTEM,,,N231-40-500,1,'83 MODEL,,no,'83 model
EC-103-39,EC,103,4000A-1,EXHAUST SYSTEM,40 551,COVER,8871-40-551,2,,,yes,
EC-103-40,EC,103,4000A-1,EXHAUST SYSTEM,40 560,FUNNEL,8871-40-560,1,,,yes,
EC-104-01,EC,104,4000A-2,EXHAUST SYSTEM,40 640,BRACKET,1480-40-640A,1,,,yes,
EC-104-02,EC,104,4000A-2,EXHAUST SYSTEM,40 652,GUIDE,1480-40-652,1,'81 MODEL,,no,'81 model
EC-104-03,EC,104,4000A-2,EXHAUST SYSTEM,40 668,GASKET,1480-13-621,1,,,yes,
EC-104-04,EC,104,4000A-2,EXHAUST SYSTEM,40 720,"PIPE, AIR",N201-40-740A,1,,,yes,
EC-104-05,EC,104,4000A-2,EXHAUST SYSTEM,40 728,"HOSE, AIR",1480-40-728,1,,,yes,
EC-104-06,EC,104,4000A-2,EXHAUST SYSTEM,40 750A,"PIPE, PRE-AIR",1480-40-750,1,,,yes,
EC-104-07,EC,104,4000A-2,EXHAUST SYSTEM,40 810,PROTECTOR NO. 1,N201-40-811,1,'81 & '82 MODELS,,yes,'81 & '82 models
EC-104-08,EC,104,4000A-2,EXHAUST SYSTEM,,,N231-40-810,1,'83 MODEL,,no,'83 model
EC-104-09,EC,104,4000A-2,EXHAUST SYSTEM,40 815A,WASHER,1480-40-815,2,,,yes,
EC-104-10,EC,104,4000A-2,EXHAUST SYSTEM,40 815B,"GUARD, PROTECTOR",8545-40-815,4,,,yes,
EC-104-11,EC,104,4000A-2,EXHAUST SYSTEM,40 820,PROTECTOR NO. 2,1480-40-820,1,,,yes,
EC-104-12,EC,104,4000A-2,EXHAUST SYSTEM,40 830D,"PROTECTOR, UPPER",N201-40-830,1,,,yes,
EC-104-13,EC,104,4000A-2,EXHAUST SYSTEM,40 840,PROTECTOR NO. 4,1480-40-841A,1,'81 & '82 MODELS,,yes,'81 & '82 models
EC-104-14,EC,104,4000A-2,EXHAUST SYSTEM,,,N229-40-841,1,'83 MODEL,,no,'83 model
EC-104-15,EC,104,4000A-2,EXHAUST SYSTEM,58 868C,"PLUG, SERVICE COVER",0559-58-868,1,,,yes,
EC-104-16,EC,104,4000A-2,EXHAUST SYSTEM,,,,,,REFER TO RECALL CAMPAIGN NOS. 23702/2370C FOR EMISSION CONTROL INFO.,yes,
EC-105-01,EC,105,4140A-1,CLUTCH RELEASE & MASTER CYLINDER,33 691B,"SCREW, BLEEDER",0259-33-691,1,,,no,clutch system - car is A/T
EC-105-02,EC,105,4140A-1,CLUTCH RELEASE & MASTER CYLINDER,33 693B,"CAP, BLEEDER",0259-33-693,1,,,no,clutch system - car is A/T
EC-105-03,EC,105,4140A-1,CLUTCH RELEASE & MASTER CYLINDER,41 341,ROD,H005-41-341,1,,,no,clutch system - car is A/T
EC-105-04,EC,105,4140A-1,CLUTCH RELEASE & MASTER CYLINDER,41 360A,HOLDER,8871-41-370,1,,,no,clutch system - car is A/T
EC-105-05,EC,105,4140A-1,CLUTCH RELEASE & MASTER CYLINDER,41 370,"PIPE, CLUTCH",FA01-45-510,1,,,no,clutch system - car is A/T
EC-105-06,EC,105,4140A-1,CLUTCH RELEASE & MASTER CYLINDER,41 380,"HOSE, FLEXIBLE",G011-41-380,1,,,no,clutch system - car is A/T
EC-105-07,EC,105,4140A-1,CLUTCH RELEASE & MASTER CYLINDER,41 551S,"TANK SET, RESERVE",GA02-49-570,1,,,no,clutch system - car is A/T
EC-105-08,EC,105,4140A-1,CLUTCH RELEASE & MASTER CYLINDER,,<A>,GA02-49-570B,1,,,no,clutch system - car is A/T
EC-105-09,EC,105,4140A-1,CLUTCH RELEASE & MASTER CYLINDER,41 552S,"CAP SET, RESERVE TANK",GA02-49-580B,1,,,no,clutch system - car is A/T
EC-105-10,EC,105,4140A-1,CLUTCH RELEASE & MASTER CYLINDER,41 920,"CYLINDER, CLUTCH RELEASE",FA01-41-920,1,'81 & '82 MODELS,,no,clutch system - car is A/T
EC-105-11,EC,105,4140A-1,CLUTCH RELEASE & MASTER CYLINDER,,,FA42-41-920A,1,'83 MODEL,,no,clutch system - car is A/T
EC-105-12,EC,105,4140A-1,CLUTCH RELEASE & MASTER CYLINDER,41 920J,"BALL, STEEL",9961-11-500,1,,,no,clutch system - car is A/T
EC-105-13,EC,105,4140A-1,CLUTCH RELEASE & MASTER CYLINDER,41 990,"CYLINDER, CLUTCH MASTER",G011-41-400,1,,,no,clutch system - car is A/T
EC-105-14,EC,105,4140A-1,CLUTCH RELEASE & MASTER CYLINDER,43 635A,"CLIP, FLEXIBLE HOSE",0136-43-635,1,,,no,clutch system - car is A/T
EC-105-15,EC,105,4140A-1,CLUTCH RELEASE & MASTER CYLINDER,49 460,"PARTS KIT, INNER",H005-49-460,1,,,no,clutch system - car is A/T
EC-105-16,EC,105,4140A-1,CLUTCH RELEASE & MASTER CYLINDER,49 470,SEALING KIT,G011-49-470,1,,,no,clutch system - car is A/T
EC-105-17,EC,105,4140A-1,CLUTCH RELEASE & MASTER CYLINDER,49 520,"PARTS KIT, INNER",GA02-49-520A,1,,,no,clutch system - car is A/T
EC-105-18,EC,105,4140A-1,CLUTCH RELEASE & MASTER CYLINDER,49 530,SEALING KIT,GA02-49-530,1,,,no,clutch system - car is A/T
EC-105-19,EC,105,4140A-1,CLUTCH RELEASE & MASTER CYLINDER,49 686D,"BUSHING, ELBOW JOINT",0305-49-686B,1,,,no,clutch system - car is A/T
EC-106-01,EC,106,4160A-1,ACCELERATOR CONTROLS,41 610B,PEDAL & ARM,FA01-41-610,1,,,yes,
EC-106-02,EC,106,4160A-1,ACCELERATOR CONTROLS,41 619,"SPRING, RETURN",8239-41-619,1,,,yes,
EC-106-03,EC,106,4160A-1,ACCELERATOR CONTROLS,41 640,"RETAINER, ROD",3597-41-650A,1,,,yes,
EC-106-04,EC,106,4160A-1,ACCELERATOR CONTROLS,41 644,BUSHING,0259-41-644,2,,,yes,
EC-106-05,EC,106,4160A-1,ACCELERATOR CONTROLS,41 660,"WIRE, ACCELERATOR",FA01-41-660,1,'81 & '82 MODELS,,yes,'81 & '82 models
EC-106-06,EC,106,4160A-1,ACCELERATOR CONTROLS,,,FA42-41-660A,1,'83 MODEL,,no,'83 model
EC-106-07,EC,106,4160A-1,ACCELERATOR CONTROLS,41 681,STOPPER,0118-41-681,1,,,yes,
EC-106-08,EC,106,4160A-1,ACCELERATOR CONTROLS,41 682,"RUBBER, STOP",0118-41-682,1,,,yes,
EC-106-09,EC,106,4160A-1,ACCELERATOR CONTROLS,41 711A,"PAD, ACCELERATOR",8871-41-711B,1,,,yes,
EC-107-01,EC,107,4200A-1,FUEL TANK,42 045,"GASKET, DRAIN PLUG",0866-42-046,1,'83 MODEL,,no,'83 model
EC-107-02,EC,107,4200A-1,FUEL TANK,42 110,"TANK, FUEL",FA01-42-110A,1,'81 MODEL,FB331 ..500001-525551,no,'81 model
EC-107-03,EC,107,4200A-1,FUEL TANK,,,,,,REFER TO PARTS BULL. NO. T-2-4 FOR MORE INFO.,yes,
EC-107-04,EC,107,4200A-1,FUEL TANK,,<C>,FA01-42-110B,1,'81 & '82 MODELS,FB331 ..525552-,yes,'82 = serial 525552- onward
EC-107-05,EC,107,4200A-1,FUEL TANK,,,FA42-42-110,1,'83 MODEL,,no,'83 model
EC-107-06,EC,107,4200A-1,FUEL TANK,42 210,"PIPE, FILLER",8871-42-210C,1,,,yes,
EC-107-07,EC,107,4200A-1,FUEL TANK,42 221,"HOSE, FILLER",8344-42-241,1,,,yes,
EC-107-08,EC,107,4200A-1,FUEL TANK,42 241,"GASKET, FILLER PIPE",0866-42-366B,1,,,yes,
EC-107-09,EC,107,4200A-1,FUEL TANK,42 242,"RUBBER, SEAL",8871-42-242A,1,,,yes,
EC-107-10,EC,107,4200A-1,FUEL TANK,42 250,"CAP, FILLER",8871-42-250B,1,,,yes,
EC-107-11,EC,107,4200A-1,FUEL TANK,42 307,CAP,0223-42-307,1,'81 MODEL,FB331 ..500001-525551,no,'81 model
EC-107-12,EC,107,4200A-1,FUEL TANK,42 313,"TUBE, VENT",9935-10-6999,,BULK QTY.,,yes,
EC-107-13,EC,107,4200A-1,FUEL TANK,42 316,"HOSE, VENT",9935-10-6999,,BULK QTY.,,yes,
EC-107-14,EC,107,4200A-1,FUEL TANK,42 331,SHEET,8531-42-761,2,,,yes,
EC-107-15,EC,107,4200A-1,FUEL TANK,42 348,GROMMET,3870-42-725,1,'81 MODEL,FB331 ..500001-525551,no,'81 model
EC-107-16,EC,107,4200A-1,FUEL TANK,42 376,"PLATE, LOCK",H043-42-451A,1,'83 MODEL,,no,'83 model
EC-107-17,EC,107,4200A-1,FUEL TANK,42 390B,"PIPE, BREATHER",8562-42-530,1,,FB331 ..525552-,yes,'82 = serial 525552- onward
EC-107-18,EC,107,4200A-1,FUEL TANK,42 408,"STOPPER, FILLER LID",UA64-42-459,2,'81 MODEL,FB331 ..500001-500062,no,'81 model
EC-107-19,EC,107,4200A-1,FUEL TANK,,,0187-70-491,2,,FB331 ..500063-,yes,serial 500063- covers '82
EC-107-20,EC,107,4200A-1,FUEL TANK,42 410,"LID, FUEL FILLER",8871-42-410A,1,'81 & '82 MODELS,,yes,'81 & '82 models
EC-107-21,EC,107,4200A-1,FUEL TANK,,,FA54-42-410,1,'83 MODEL,,no,'83 model
EC-107-22,EC,107,4200A-1,FUEL TANK,42 410C,"BAND (R), TANK FIXTURE",8871-42-710B,1,,,yes,
EC-107-23,EC,107,4200A-1,FUEL TANK,42 413,SHEET,8871-12-745,2,,,yes,
EC-107-24,EC,107,4200A-1,FUEL TANK,42 420A,"BAND (L), TANK FIXTURE",8871-42-720A,1,,,yes,
EC-107-25,EC,107,4200A-1,FUEL TANK,42 431,"SPRING LIFT, LID",FA01-42-431B,1,,,yes,
EC-107-26,EC,107,4200A-1,FUEL TANK,42 452A,GROMMET,H043-42-452B,1,'83 MODEL,,no,'83 model
EC-107-27,EC,107,4200A-1,FUEL TANK,42 462,"GASKET, CAP",8871-42-365,1,,,yes,
EC-107-28,EC,107,4200A-1,FUEL TANK,42 480,"OPENER, FILLER LID",FA01-42-480,1,'81 & '82 MODELS,,yes,'81 & '82 models
EC-107-29,EC,107,4200A-1,FUEL TANK,,,F023-42-470B,1,'83 MODEL,,no,'83 model
EC-107-30,EC,107,4200A-1,FUEL TANK,42 490,"BRACKET, OPENER",FA01-42-490,1,'81 & '82 MODELS,,yes,'81 & '82 models
EC-107-31,EC,107,4200A-1,FUEL TANK,42 523,"PAD, FUEL TANK",8871-72-761,1,,,yes,
EC-107-32,EC,107,4200A-1,FUEL TANK,42 571,"HOSE, VENT",8871-42-571B,1,,,yes,
EC-107-33,EC,107,4200A-1,FUEL TANK,42 581,"HOSE, BREATHER",FA01-42-581,1,'81 MODEL,FB331 500001-525551,no,'81 model
EC-107-34,EC,107,4200A-1,FUEL TANK,,,F001-42-581A,1,,FB321 525552-,yes,'82 = serial 525552- onward
EC-107-35,EC,107,4200A-1,FUEL TANK,42 588,"HOSE, VENT",8344-42-245,1,,,yes,
EC-107-36,EC,107,4200A-1,FUEL TANK,42 710,"VALVE, CHECK",8341-42-910A,1,,,yes,
EC-107-37,EC,107,4200A-1,FUEL TANK,42 720,"VALVE, FUEL VAPORIZER",3870-42-720A,1,'81 MODEL,FB331 500001-525551,no,'81 model
EC-107-38,EC,107,4200A-1,FUEL TANK,42 750,"BRACKET, CHECK VALVE",8871-42-920,1,,,yes,
EC-107-39,EC,107,4200A-1,FUEL TANK,60 960A,"GAUGE, FUEL TANK",FA01-60-960A,1,,,yes,
EC-107-40,EC,107,4200A-1,FUEL TANK,66 773A,"GAUGE, GASKET",8871-60-962A,1,,,yes,
EC-108-01,EC,108,4300A-1,CLUTCH & BRAKE,18 660B,"SWITCH, CLUTCH",B001-66-490A,1,"M/T, GSL MODEL",,no,M/T
EC-108-02,EC,108,4300A-1,CLUTCH & BRAKE,41 023,"BUSHING, CLUTCH PEDAL",0727-41-023,1,M/T,,no,M/T
EC-108-03,EC,108,4300A-1,CLUTCH & BRAKE,41 030,"PEDAL, CLUTCH",FA01-41-030,1,M/T,,no,M/T
EC-108-04,EC,108,4300A-1,CLUTCH & BRAKE,41 081A,"SPRING, RETURN",0088-41-352A,1,A/T,,yes,A/T
EC-108-05,EC,108,4300A-1,CLUTCH & BRAKE,,,,2,M/T,,no,M/T
EC-108-06,EC,108,4300A-1,CLUTCH & BRAKE,41 131,ROD PUSH,0727-41-131,1,M/T,,no,M/T
EC-108-07,EC,108,4300A-1,CLUTCH & BRAKE,41 140,"FORK, CLUTCH",0259-43-140,1,M/T,,no,M/T
EC-108-08,EC,108,4300A-1,CLUTCH & BRAKE,,<C>,1872-43-140,1,REQUIRES NUT 9994-01-000,,no,"clutch fork, M/T"
EC-108-09,EC,108,4300A-1,CLUTCH & BRAKE,43 022,"BUSHING, PEDAL",1015-46-085,2,A/T,,yes,A/T
EC-108-10,EC,108,4300A-1,CLUTCH & BRAKE,,,,4,M/T,,no,M/T
EC-108-11,EC,108,4300A-1,CLUTCH & BRAKE,43 028,"PAD, PEDAL",0225-43-028A,1,A/T,,yes,A/T
EC-108-12,EC,108,4300A-1,CLUTCH & BRAKE,,,8871-43-028A,2,M/T,,no,M/T
EC-108-13,EC,108,4300A-1,CLUTCH & BRAKE,43 029,"RUBBER, STOPPER",B001-43-029,2,A/T,,yes,A/T
EC-108-14,EC,108,4300A-1,CLUTCH & BRAKE,,,,3,M/T,,no,M/T
EC-108-15,EC,108,4300A-1,CLUTCH & BRAKE,43 030,"PEDAL, BRAKE",FA01-43-030,1,(W/O CONTROL SWITCH) '81 MODEL M/T S & GS,FB331 500001-521855,no,'81 M/T
EC-108-16,EC,108,4300A-1,CLUTCH & BRAKE,,,FA02-43-303,1,"(CONTROL SWITCH) M/T, GSL",,no,M/T GSL
EC-108-17,EC,108,4300A-1,CLUTCH & BRAKE,,,FA03-43-030,1,(W/O CONTROL SWITCH) '81 MODEL A/T S & GS,FB331 500001-521855,no,'81 model
EC-108-18,EC,108,4300A-1,CLUTCH & BRAKE,,,FA05-43-030,1,"(CONTROL SWITCH) A/T, GSL",,unclear,A/T GSL only listed; no '82 A/T GS entry
EC-108-19,EC,108,4300A-1,CLUTCH & BRAKE,43 041,REST FOOT,FA01-43-041,1,,,yes,
EC-108-20,EC,108,4300A-1,CLUTCH & BRAKE,43 061A,"PIPE, PEDAL",0866-43-062,1,A/T,,yes,A/T
EC-108-21,EC,108,4300A-1,CLUTCH & BRAKE,,,,2,M/T,,no,M/T
EC-108-22,EC,108,4300A-1,CLUTCH & BRAKE,43 063,SPACER,FA16-43-063,1,,,yes,
EC-108-23,EC,108,4300A-1,CLUTCH & BRAKE,43 070,BRACKET MASTER CYLINDER,FA01-43-070C,1,,,yes,
EC-108-24,EC,108,4300A-1,CLUTCH & BRAKE,43 082,"PROTECTOR, SPRING",1011-43-082A,1,M/T,,no,M/T
EC-108-25,EC,108,4300A-1,CLUTCH & BRAKE,43 090,PLATE,8872-43-090,1,A/T,,yes,A/T
EC-108-26,EC,108,4300A-1,CLUTCH & BRAKE,43 140,"FORK, BRAKE",1872-43-140,1,M/T,,no,M/T
EC-108-27,EC,108,4300A-1,CLUTCH & BRAKE,,,,1,A/T,,yes,A/T
EC-108-28,EC,108,4300A-1,CLUTCH & BRAKE,46 683A,PIN,0223-46-683,1,M/T,,no,M/T
EC-108-29,EC,108,4300A-1,CLUTCH & BRAKE,67 210,SWITCH STOP,B001-66-490A,2,,,yes,
EC-108-30,EC,108,4300A-1,CLUTCH & BRAKE,86 202,"PAD, FOOT REST",FA01-43-042,1,GS & GSL MODELS,,yes,GS
EC-110-01,EC,110,4340A-1,TANDEM MASTER CYLINDER & VACUUM POWER ASSIST SYSTEM,43 443,GASKET,H001-43-443,1,(USE W/ MASTER VACUUM),FB331 ..642150-,unclear,"serial break, VIN serial unknown"
EC-110-02,EC,110,4340A-1,TANDEM MASTER CYLINDER & VACUUM POWER ASSIST SYSTEM,43 540,"INDICATOR, LEVEL",3597-43-540,1,,,yes,
EC-110-03,EC,110,4340A-1,TANDEM MASTER CYLINDER & VACUUM POWER ASSIST SYSTEM,43 542,FLOAT,8531-43-542,1,,,yes,
EC-110-04,EC,110,4340A-1,TANDEM MASTER CYLINDER & VACUUM POWER ASSIST SYSTEM,43 550S,"TANK SET, RESERVE",FA07-49-680,1,,,yes,
EC-110-05,EC,110,4340A-1,TANDEM MASTER CYLINDER & VACUUM POWER ASSIST SYSTEM,43 552S,"CAP SET, RESERVE TANK",B093-49-580,1,,,yes,
EC-110-06,EC,110,4340A-1,TANDEM MASTER CYLINDER & VACUUM POWER ASSIST SYSTEM,43 640,"HOSE, VACUUM",G001-43-640,1,,,yes,
EC-110-07,EC,110,4340A-1,TANDEM MASTER CYLINDER & VACUUM POWER ASSIST SYSTEM,43 694,"BOLT, CONNECTOR",8573-43-694,1,,,yes,
EC-110-08,EC,110,4340A-1,TANDEM MASTER CYLINDER & VACUUM POWER ASSIST SYSTEM,43 800,VACUUM POWER ASSIST,FA16-43-800,1,,,yes,
EC-110-09,EC,110,4340A-1,TANDEM MASTER CYLINDER & VACUUM POWER ASSIST SYSTEM,43 830,"PIPE, VACUUM",1480-43-830A,1,,,yes,
EC-110-10,EC,110,4340A-1,TANDEM MASTER CYLINDER & VACUUM POWER ASSIST SYSTEM,43 836,"HOSE, VACUUM",8871-43-836,1,,,yes,
EC-110-11,EC,110,4340A-1,TANDEM MASTER CYLINDER & VACUUM POWER ASSIST SYSTEM,43 840C,"PIPE, VACUUM",FA01-43-840,1,,,yes,
EC-110-12,EC,110,4340A-1,TANDEM MASTER CYLINDER & VACUUM POWER ASSIST SYSTEM,43 990,"CYLINDER, TANDEM MASTER",FA07-43-400,1,S & GS MODELS,,yes,GS
EC-110-13,EC,110,4340A-1,TANDEM MASTER CYLINDER & VACUUM POWER ASSIST SYSTEM,,,FA18-43-400,1,GSL MODEL,,no,GSL
EC-110-14,EC,110,4340A-1,TANDEM MASTER CYLINDER & VACUUM POWER ASSIST SYSTEM,49 610,"PARTS SET, BRAKE CYLINDER",G001-49-610,1,S & GS MODELS,,yes,GS
EC-110-15,EC,110,4340A-1,TANDEM MASTER CYLINDER & VACUUM POWER ASSIST SYSTEM,,,FA18-49-610,1,GSL MODEL,,no,GSL
EC-110-16,EC,110,4340A-1,TANDEM MASTER CYLINDER & VACUUM POWER ASSIST SYSTEM,49 640D,"PARTS KIT, INNER",G001-49-640,1,S & GS MODELS,,yes,GS
EC-110-17,EC,110,4340A-1,TANDEM MASTER CYLINDER & VACUUM POWER ASSIST SYSTEM,,,FA18-49-640,1,GSL MODEL,,no,GSL
EC-110-18,EC,110,4340A-1,TANDEM MASTER CYLINDER & VACUUM POWER ASSIST SYSTEM,49 652,"BOLT, JOINT",G001-49-652,1,S & GS MODELS,,yes,GS
EC-110-19,EC,110,4340A-1,TANDEM MASTER CYLINDER & VACUUM POWER ASSIST SYSTEM,49 686B,"BUSHING, ELBOW JOINT",0305-49-686B,2,,,yes,
EC-110-20,EC,110,4340A-1,TANDEM MASTER CYLINDER & VACUUM POWER ASSIST SYSTEM,49 720,REPAIR KIT,F001-49-720,1,,,yes,
EC-111-01,EC,111,4360A-1,"BRAKE PIPINGS (REAR DRUM BRAKE) (S, GS)",43 605,"PROTECTOR, BRAKE PIPE",8871-43-785A,1,,,yes,
EC-111-02,EC,111,4360A-1,"BRAKE PIPINGS (REAR DRUM BRAKE) (S, GS)",43 608A,"SCREW, RUBBER",8871-43-608,1,,,yes,
EC-111-03,EC,111,4360A-1,"BRAKE PIPINGS (REAR DRUM BRAKE) (S, GS)",43 609A,"PROTECTOR, BRAKE PIPE",8595-43-609,7,'81 & '82 MODELS,FB331 ..500001-610655,unclear,serial break FB331 500001-610655; VIN serial unknown
EC-111-04,EC,111,4360A-1,"BRAKE PIPINGS (REAR DRUM BRAKE) (S, GS)",43 635,"CLIP, FLEXIBLE HOSE",8001-43-635,2,,,yes,
EC-111-05,EC,111,4360A-1,"BRAKE PIPINGS (REAR DRUM BRAKE) (S, GS)",43 635B,"CLIP, FLEXIBLE HOSE",0136-43-635,3,,,yes,
EC-111-06,EC,111,4360A-1,"BRAKE PIPINGS (REAR DRUM BRAKE) (S, GS)",43 635C,"CLIP, HOSE",8001-43-635,2,,,yes,
EC-111-07,EC,111,4360A-1,"BRAKE PIPINGS (REAR DRUM BRAKE) (S, GS)",43 650A,"PIPE (L), BRAKE-REAR",FA07-43-650,1,,,yes,
EC-111-08,EC,111,4360A-1,"BRAKE PIPINGS (REAR DRUM BRAKE) (S, GS)",43 660A,"PIPE (R), BRAKE-REAR",FA07-43-660,1,,,yes,
EC-111-09,EC,111,4360A-1,"BRAKE PIPINGS (REAR DRUM BRAKE) (S, GS)",43 750A,"HOLDER, BRAKE PIPE VALVE",FA07-43-750,1,,,yes,
EC-111-10,EC,111,4360A-1,"BRAKE PIPINGS (REAR DRUM BRAKE) (S, GS)",43 810B,"HOSE NO. 1, FLEXIBLE",FA07-43-820,1,,,yes,
EC-111-11,EC,111,4360A-1,"BRAKE PIPINGS (REAR DRUM BRAKE) (S, GS)",43 900A,"VALVE, BRAKE PIPE",FA07-43-900,1,,,yes,
EC-111-12,EC,111,4360A-1,"BRAKE PIPINGS (REAR DRUM BRAKE) (S, GS)",43 980,"HOSE, FLEXIBLE",GA02-43-980,2,,,yes,
EC-111-13,EC,111,4360A-1,"BRAKE PIPINGS (REAR DRUM BRAKE) (S, GS)",45 250,"PIPE, BRAKE-FRONT",FA07-43-360,1,,,yes,
EC-111-14,EC,111,4360A-1,"BRAKE PIPINGS (REAR DRUM BRAKE) (S, GS)",45 280,"PIPE (R), BRAKE-FRONT",FA01-45-280,1,'81 & '82 MODELS,,yes,'81 & '82 MODELS
EC-111-15,EC,111,4360A-1,"BRAKE PIPINGS (REAR DRUM BRAKE) (S, GS)",,,FA42-45-280,1,'83 MODEL,,no,'83 MODEL
EC-111-16,EC,111,4360A-1,"BRAKE PIPINGS (REAR DRUM BRAKE) (S, GS)",45 320,"PIPE (L), BRAKE-FRONT",FA01-45-320,1,,,yes,
EC-111-17,EC,111,4360A-1,"BRAKE PIPINGS (REAR DRUM BRAKE) (S, GS)",45 350,"PIPE, BRAKE-REAR",FA07-43-370,1,,,yes,
EC-111-18,EC,111,4360A-1,"BRAKE PIPINGS (REAR DRUM BRAKE) (S, GS)",45 360A,"PIPE, BRAKE-REAR",FA54-45-360,1,,,yes,
EC-111-19,EC,111,4360A-1,"BRAKE PIPINGS (REAR DRUM BRAKE) (S, GS)",45 903A,CLIP,8173-45-903,2,,,yes,
EC-112-01,EC,112,4360AA-1,BRAKE PIPINGS (REAR DISC BRAKE) (GSL),43 605,"PROTECTOR, BRAKE PIPE",FA18-43-605A,1,,,no,figure is GSL only
EC-112-02,EC,112,4360AA-1,BRAKE PIPINGS (REAR DISC BRAKE) (GSL),43 608,SPACER,1114-43-608B,3,,,no,figure is GSL only
EC-112-03,EC,112,4360AA-1,BRAKE PIPINGS (REAR DISC BRAKE) (GSL),43 609,"RUBBER, CUSHION",1114-43-609A,3,,,no,figure is GSL only
EC-112-04,EC,112,4360AA-1,BRAKE PIPINGS (REAR DISC BRAKE) (GSL),43 609A,"PROTECTOR, BRAKE PIPE",8595-43-609,6,'81 & '82 MODELS,FB331 ..500001-610655,no,figure is GSL only
EC-112-05,EC,112,4360AA-1,BRAKE PIPINGS (REAR DISC BRAKE) (GSL),43 635,"CLIP, FLEXIBLE HOSE",0305-43-635,2,,,no,figure is GSL only
EC-112-06,EC,112,4360AA-1,BRAKE PIPINGS (REAR DISC BRAKE) (GSL),43 635B,"CLIP, FLEXIBLE HOSE",0136-43-635,3,,,no,figure is GSL only
EC-112-07,EC,112,4360AA-1,BRAKE PIPINGS (REAR DISC BRAKE) (GSL),43 635C,"CLIP, HOSE",0305-43-635,2,,,no,figure is GSL only
EC-112-08,EC,112,4360AA-1,BRAKE PIPINGS (REAR DISC BRAKE) (GSL),43 642,JOINT,FA18-43-642A,1,,,no,figure is GSL only
EC-112-09,EC,112,4360AA-1,BRAKE PIPINGS (REAR DISC BRAKE) (GSL),43 650A,"PIPE (L), BRAKE-REAR",FA18-43-650,1,,,no,figure is GSL only
EC-112-10,EC,112,4360AA-1,BRAKE PIPINGS (REAR DISC BRAKE) (GSL),43 660A,"PIPE (R), BRAKE-REAR",FA18-43-660,1,,,no,figure is GSL only
EC-112-11,EC,112,4360AA-1,BRAKE PIPINGS (REAR DISC BRAKE) (GSL),43 750A,"HOLDER, BRAKE PIPE VALVE",FA07-43-750,1,,,no,figure is GSL only
EC-112-12,EC,112,4360AA-1,BRAKE PIPINGS (REAR DISC BRAKE) (GSL),43 810A,"HOSE NO. 1, FLEXIBLE",FA18-43-810,2,,,no,figure is GSL only
EC-112-13,EC,112,4360AA-1,BRAKE PIPINGS (REAR DISC BRAKE) (GSL),43 810B,"HOSE NO 1, FLEXIBLE",FA18-43-820A,1,,,no,figure is GSL only
EC-112-14,EC,112,4360AA-1,BRAKE PIPINGS (REAR DISC BRAKE) (GSL),43 900A,"VALVE, BRAKE PIPE",FA07-43-900,1,'81 & '82 MODELS,,no,figure is GSL only
EC-112-15,EC,112,4360AA-1,BRAKE PIPINGS (REAR DISC BRAKE) (GSL),,,FA48-43-900,1,'83 MODEL,,no,figure is GSL only; '83 MODEL
EC-112-16,EC,112,4360AA-1,BRAKE PIPINGS (REAR DISC BRAKE) (GSL),43 980,"HOSE, FLEXIBLE",GA02-43-980,2,,,no,figure is GSL only
EC-112-17,EC,112,4360AA-1,BRAKE PIPINGS (REAR DISC BRAKE) (GSL),45 250,"PIPE, BRAKE-FRONT",FA07-43-360,1,,,no,figure is GSL only
EC-112-18,EC,112,4360AA-1,BRAKE PIPINGS (REAR DISC BRAKE) (GSL),45 280,"PIPE (R), BRAKE-FRONT",FA01-45-280,1,'81 & '82 MODELS,,no,figure is GSL only
EC-112-19,EC,112,4360AA-1,BRAKE PIPINGS (REAR DISC BRAKE) (GSL),,,FA42-45-280,1,'83 MODEL,,no,figure is GSL only; '83 MODEL
EC-112-20,EC,112,4360AA-1,BRAKE PIPINGS (REAR DISC BRAKE) (GSL),45 320,"PIPE (L), BRAKE-FRONT",FA01-45-320,1,,,no,figure is GSL only
EC-112-21,EC,112,4360AA-1,BRAKE PIPINGS (REAR DISC BRAKE) (GSL),45 350,"PIPE, BRAKE-REAR",FA07-43-370,1,,,no,figure is GSL only
EC-112-22,EC,112,4360AA-1,BRAKE PIPINGS (REAR DISC BRAKE) (GSL),45 360A,"PIPE, BRAKE-REAR",FA54-45-360,1,,,no,figure is GSL only
EC-112-23,EC,112,4360AA-1,BRAKE PIPINGS (REAR DISC BRAKE) (GSL),45 903A,CLIP,8173-45-903,2,,,no,figure is GSL only
EC-113-01,EC,113,4400A-1,PARKING BRAKE SYSTEM,44 010,"LEVER, PARKING BRAKE",FA01-44-010B,1,,,yes,
EC-113-02,EC,113,4400A-1,PARKING BRAKE SYSTEM,,BLACK,00,,,,yes,
EC-113-03,EC,113,4400A-1,PARKING BRAKE SYSTEM,44 031,SPRING,FA54-44-031,1,,,yes,
EC-113-04,EC,113,4400A-1,PARKING BRAKE SYSTEM,44 032,"ROD, RELEASE",FA01-44-032,1,,,yes,
EC-113-05,EC,113,4400A-1,PARKING BRAKE SYSTEM,44 033,"BUTTON, RELEASE",0221-44-033,1,,,yes,
EC-113-06,EC,113,4400A-1,PARKING BRAKE SYSTEM,,BLACK,00,,,,yes,
EC-113-07,EC,113,4400A-1,PARKING BRAKE SYSTEM,44 034,CAP,FA01-44-034A,1,,,yes,
EC-113-08,EC,113,4400A-1,PARKING BRAKE SYSTEM,,BLACK,00,,,,yes,
EC-113-09,EC,113,4400A-1,PARKING BRAKE SYSTEM,44 044,RATCHET,1243-44-044A,1,,,yes,
EC-113-10,EC,113,4400A-1,PARKING BRAKE SYSTEM,44 051,SECTOR,FA01-44-051,1,,,yes,
EC-113-11,EC,113,4400A-1,PARKING BRAKE SYSTEM,44 053,"BOLT, HAND BRAKE LEVER",8001-44-053,1,,,yes,
EC-113-12,EC,113,4400A-1,PARKING BRAKE SYSTEM,44 054,PIN,8001-44-054,1,,,yes,
EC-113-13,EC,113,4400A-1,PARKING BRAKE SYSTEM,44 150,"CABLE, FRONT PARKING BRAKE",1480-44-150A,1,,,yes,
EC-113-14,EC,113,4400A-1,PARKING BRAKE SYSTEM,44 173,CLIP,0118-44-375,2,,,yes,
EC-113-15,EC,113,4400A-1,PARKING BRAKE SYSTEM,44 187,SCREW,0866-44-187A,1,,,yes,
EC-113-16,EC,113,4400A-1,PARKING BRAKE SYSTEM,44 189,CLIP,0866-44-189,1,,,yes,
EC-113-17,EC,113,4400A-1,PARKING BRAKE SYSTEM,44 352,"SPRING, RETURN",0613-41-308,1,,,yes,
EC-113-18,EC,113,4400A-1,PARKING BRAKE SYSTEM,44 410,"CABLE (R), REAR PARKING BRAKE",FA16-44-410B,1,4-WHL DISK GSL MODEL,,no,4-WHL DISK GSL MODEL
EC-113-19,EC,113,4400A-1,PARKING BRAKE SYSTEM,,,FA54-44-410A,1,S & GS MODELS,,yes,S & GS MODELS
EC-113-20,EC,113,4400A-1,PARKING BRAKE SYSTEM,44 410A,"CABLE (L), REAR PARKING BRAKE",FA16-44-420A,1,GSL MODEL,,no,GSL MODEL
EC-113-21,EC,113,4400A-1,PARKING BRAKE SYSTEM,,,FA54-44-420A,1,S & GS MODELS,,yes,S & GS MODELS
EC-113-22,EC,113,4400A-1,PARKING BRAKE SYSTEM,44 436,CLIP,8871-44-439,2,,,yes,
EC-113-23,EC,113,4400A-1,PARKING BRAKE SYSTEM,44 439,"CLIP, CABLE",1011-44-439,2,,,yes,
EC-113-24,EC,113,4400A-1,PARKING BRAKE SYSTEM,44 471,CLIP,0305-44-471,2,S & GS MODELS,,yes,S & GS MODELS
EC-114-01,EC,114,4500A-1,FUEL PIPINGS,45 111,"PIPE, FUEL MAIN",FA01-45-111B,1,'81 & '82 MODELS,,yes,'81 & '82 MODELS
EC-114-02,EC,114,4500A-1,FUEL PIPINGS,,,FA42-45-111A,1,'83 MODEL,,no,'83 MODEL
EC-114-03,EC,114,4500A-1,FUEL PIPINGS,45 112,"PIPE, FUEL MAIN",FA01-45-112,1,,,yes,
EC-114-04,EC,114,4500A-1,FUEL PIPINGS,45 121,"BRACKET, FUEL PUMP",8871-45-160,1,'81 & '82 MODELS,,yes,'81 & '82 MODELS
EC-114-05,EC,114,4500A-1,FUEL PIPINGS,,,FA23-45-160A,1,'83 MODEL,,no,'83 MODEL
EC-114-06,EC,114,4500A-1,FUEL PIPINGS,45 125,"HOSE, FUEL",9935-80-8999,,BULK QTY.,,yes,
EC-114-07,EC,114,4500A-1,FUEL PIPINGS,45 126,"HOSE, FUEL",8344-45-125,1,'81 & '82 MODELS,,yes,'81 & '82 MODELS
EC-114-08,EC,114,4500A-1,FUEL PIPINGS,,,FA42-45-125,1,'83 MODEL,,no,'83 MODEL
EC-114-09,EC,114,4500A-1,FUEL PIPINGS,45 127,"HOSE, FUEL MAIN",8344-45-126,1,'81 & '82 MODELS,,yes,'81 & '82 MODELS
EC-114-10,EC,114,4500A-1,FUEL PIPINGS,,,FA42-45-126A,1,'83 MODEL,,no,'83 MODEL
EC-114-11,EC,114,4500A-1,FUEL PIPINGS,45 130,"RUBBER, PUMP MOUNTING",FA23-45-181,3,'83 MODEL,,no,'83 MODEL
EC-114-12,EC,114,4500A-1,FUEL PIPINGS,45 131A,"BRACKET, CUT VALVE",8871-45-131A,1,,,yes,
EC-114-13,EC,114,4500A-1,FUEL PIPINGS,45 151,"PROTECTOR, FUEL PUMP",8871-45-151A,1,'81 & '82 MODELS,,yes,'81 & '82 MODELS
EC-114-14,EC,114,4500A-1,FUEL PIPINGS,,,FA23-45-190A,1,'83 MODEL,,no,'83 MODEL
EC-114-15,EC,114,4500A-1,FUEL PIPINGS,45 160,VALVE-FUEL CUT,3919-45-170A,1,,,yes,
EC-114-16,EC,114,4500A-1,FUEL PIPINGS,45 182,"SPACER, MOUNTING RUBBER",FA23-45-182,3,'83 MODEL,,no,'83 MODEL
EC-114-17,EC,114,4500A-1,FUEL PIPINGS,45 611,"PIPE, FUEL RETURN",FA01-45-611A,1,'81 & '82 MODELS,,yes,'81 & '82 MODELS
EC-114-18,EC,114,4500A-1,FUEL PIPINGS,,,FA42-45-611B,1,'83 MODEL,,no,'83 MODEL
EC-114-19,EC,114,4500A-1,FUEL PIPINGS,45 611J,"HOSE, FUEL RETURN",9935-80-6999,,BULK QTY.,,yes,
EC-114-20,EC,114,4500A-1,FUEL PIPINGS,45 612,"HOSE, FUEL",9935-80-8999,,BULK QTY.,,yes,
EC-114-21,EC,114,4500A-1,FUEL PIPINGS,45 613,"HOSE, FUEL",8344-45-123,1,,,yes,
EC-114-22,EC,114,4500A-1,FUEL PIPINGS,45 711,"PIPE, EVAPORATION",FA01-45-711,1,'81 & '82 MODELS,,yes,'81 & '82 MODELS
EC-114-23,EC,114,4500A-1,FUEL PIPINGS,,,FA42-45-711C,1,'83 MODEL,,no,'83 MODEL
EC-114-24,EC,114,4500A-1,FUEL PIPINGS,45 712,"PIPE, EVAPORATION",FA01-45-712,1,'81 MODEL,,no,'81 MODEL
EC-114-25,EC,114,4500A-1,FUEL PIPINGS,,,FA30-45-712,1,'82 MODEL,,yes,'82 MODEL
EC-114-26,EC,114,4500A-1,FUEL PIPINGS,,,FA42-45-712B,1,'83 MODEL,,no,'83 MODEL
EC-114-27,EC,114,4500A-1,FUEL PIPINGS,45 713,"PIPE, EVAPORATION DRAIN",FA01-45-713,1,'81 MODEL,FB331 ..500001-?29438,no,'81 MODEL
EC-114-28,EC,114,4500A-1,FUEL PIPINGS,45 715,"PROTECTOR, PIPE",8871-45-715,1,,,yes,
EC-114-29,EC,114,4500A-1,FUEL PIPINGS,45 901,"CLIP, PIPE",8173-45-901A,2,'81 & '82 MODELS,,yes,'81 & '82 MODELS
EC-114-30,EC,114,4500A-1,FUEL PIPINGS,,,,1,'83 MODEL,,no,'83 MODEL
EC-114-31,EC,114,4500A-1,FUEL PIPINGS,45 903,"CLIP, PIPE",8173-45-903,10,'81 MODEL,,no,'81 MODEL
EC-114-32,EC,114,4500A-1,FUEL PIPINGS,,,,9,'82 MODEL,,yes,'82 MODEL
EC-114-33,EC,114,4500A-1,FUEL PIPINGS,,,,8,'83 MODEL,,no,'83 MODEL
EC-114-34,EC,114,4500A-1,FUEL PIPINGS,45 903D,"CLIP, PIPE",8171-45-903A,6,'81 & '82 MODELS,,yes,'81 & '82 MODELS
EC-114-35,EC,114,4500A-1,FUEL PIPINGS,,,,7,'83 MODEL,,no,'83 MODEL
EC-114-36,EC,114,4500A-1,FUEL PIPINGS,45 903E,CLIP,FA42-45-903,1,'83 MODEL,,no,'83 MODEL
EC-114-37,EC,114,4500A-1,FUEL PIPINGS,45 904A,"CLIP, PIPE",FA42-45-904,1,'83 MODEL,,no,'83 MODEL
EC-115-01,EC,115,4600A-1,CHANGE CONTROLS (AUTOMATIC),46 010,"LEVER, SELECT",1481-46-010,1,,,yes,
EC-115-02,EC,115,4600A-1,CHANGE CONTROLS (AUTOMATIC),46 019,"WASHER, PLAIN",1481-46-019,1,,,yes,
EC-115-03,EC,115,4600A-1,CHANGE CONTROLS (AUTOMATIC),46 021,ROD,8872-46-021A,1,'81 & '82 MODELS,,yes,'81 & '82 MODELS
EC-115-04,EC,115,4600A-1,CHANGE CONTROLS (AUTOMATIC),,,F025-46-021,1,'83 MODEL,,no,'83 MODEL
EC-115-05,EC,115,4600A-1,CHANGE CONTROLS (AUTOMATIC),46 022B,"PIN, GUIDE",8174-46-022,1,,,yes,
EC-115-06,EC,115,4600A-1,CHANGE CONTROLS (AUTOMATIC),46 030,"KNOB, CHANGE LEVER",8872-46-030C,1,'81 & '82 MODEL,,yes,'81 & '82 MODEL
EC-115-07,EC,115,4600A-1,CHANGE CONTROLS (AUTOMATIC),,BLACK,00,,,,yes,
EC-115-08,EC,115,4600A-1,CHANGE CONTROLS (AUTOMATIC),,,HA19-46-030A,1,'83 MODEL,,no,'83 MODEL
EC-115-09,EC,115,4600A-1,CHANGE CONTROLS (AUTOMATIC),,BLACK,00,,,,no,'83 MODEL knob colour
EC-115-10,EC,115,4600A-1,CHANGE CONTROLS (AUTOMATIC),46 032,"BUTTON, PUSH",8872-46-032,1,'81 & '82 MODELS,,yes,'81 & '82 MODELS
EC-115-11,EC,115,4600A-1,CHANGE CONTROLS (AUTOMATIC),46 035A,PIN,1244-46-035,1,'81 & '82 MODELS,,yes,'81 & '82 MODELS
EC-115-12,EC,115,4600A-1,CHANGE CONTROLS (AUTOMATIC),46 038,SPRING,1244-46-038,1,'81 & '82 MODELS,,yes,'81 & '82 MODELS
EC-115-13,EC,115,4600A-1,CHANGE CONTROLS (AUTOMATIC),46 055,LEVER,1244-46-055,1,'81 & '82 MODELS,,yes,'81 & '82 MODELS
EC-115-14,EC,115,4600A-1,CHANGE CONTROLS (AUTOMATIC),46 061,NUT,8202-46-061A,1,,,yes,
EC-115-15,EC,115,4600A-1,CHANGE CONTROLS (AUTOMATIC),46 062,SPRING,2375-46-062,1,,,yes,
EC-115-16,EC,115,4600A-1,CHANGE CONTROLS (AUTOMATIC),46 081,BOOT,1481-46-081A,1,,,yes,
EC-115-17,EC,115,4600A-1,CHANGE CONTROLS (AUTOMATIC),46 083,"RUBBER, SEAL",FA03-46-083,1,,,yes,
EC-115-18,EC,115,4600A-1,CHANGE CONTROLS (AUTOMATIC),46 084,SPACER,1481-46-084A,5,,,yes,
EC-115-19,EC,115,4600A-1,CHANGE CONTROLS (AUTOMATIC),46 085,BUSHING,1015-46-085,2,,,yes,
EC-115-20,EC,115,4600A-1,CHANGE CONTROLS (AUTOMATIC),46 110,"BRACKET, LEVER",FA03-46-110,1,,,yes,
EC-115-21,EC,115,4600A-1,CHANGE CONTROLS (AUTOMATIC),46 150,LEVER,1481-46-150A,1,,,yes,
EC-115-22,EC,115,4600A-1,CHANGE CONTROLS (AUTOMATIC),46 160,"LEVER, ADJUST",1481-46-160,1,,,yes,
EC-115-23,EC,115,4600A-1,CHANGE CONTROLS (AUTOMATIC),46 571,ROD,FA03-46-571,1,,,yes,
EC-115-24,EC,115,4600A-1,CHANGE CONTROLS (AUTOMATIC),46 684,BUSHING,1015-46-684A,1,,,yes,
EC-115-25,EC,115,4600A-1,CHANGE CONTROLS (AUTOMATIC),46 684A,"BUSHING, COUNTER LEVER",1481-46-684,1,,,yes,
EC-115-26,EC,115,4600A-1,CHANGE CONTROLS (AUTOMATIC),46 691A,"BUSHING, JOINT",8872-46-685,1,,,yes,
BI-025-01,BI,25,0900A-1,KEY SETS,09 010,KEY SET,FA01-09-010B,1,,,yes,
BI-025-02,BI,25,0900A-1,KEY SETS,42 440,"LOCK, FILLER LID",FA01-42-440A,1,,,yes,
BI-025-03,BI,25,0900A-1,KEY SETS,58 492,"KEY, PRIMARY",8208-75-901,2,'81 & '82 MODELS,,yes,'81 & '82 MODELS
BI-025-04,BI,25,0900A-1,KEY SETS,,,,,,REFER TO PARTS BULL. NO. A-2-4 FOR MORE INFO.,yes,note row for KEY PRIMARY
BI-025-05,BI,25,0900A-1,KEY SETS,58 961,"FASTENER, KEY CYLINDER",0223-58-961,2,,,yes,
BI-025-06,BI,25,0900A-1,KEY SETS,58 962C,"GASKET, KEY CYLINDER",0223-58-962,3,,,yes,
BI-025-07,BI,25,0900A-1,KEY SETS,60 436,"BOLT, SET",8218-66-143,2,'81 & '82 MODELS,FB331 ..500001-700000,yes,'81 & '82 MODELS
BI-025-08,BI,25,0900A-1,KEY SETS,,,H043-66-154,2,'83 MODEL,,no,'83 MODEL
BI-025-09,BI,25,0900A-1,KEY SETS,62 495,"RETAINER, LOCK CYLINDER",0223-58-961,1,'81 MODEL,FB331 ..500001-501577,no,'81 MODEL early serials
BI-025-10,BI,25,0900A-1,KEY SETS,,,8001-62-495,1,,FB331 ..501578-,yes,serial 501578- still '81 so all '82 cars are later
BI-025-11,BI,25,0900A-1,KEY SETS,66 155,"SWITCH, IGNITION",BA14-66-151A,1,'81 & '82 MODELS,FB331 ..500001-642149,unclear,'82 serial break at 642150; VIN serial unknown
BI-025-12,BI,25,0900A-1,KEY SETS,,,BA24-66-155A,1,'82 & '83 MODELS,FB331 ..642150-,unclear,'82 serial break at 642150; VIN serial unknown
BI-025-13,BI,25,0900A-1,KEY SETS,66 156A,"SWITCH, BUZZER",BA14-66-156,1,'81 & '82 MODELS,FB331 ..500001-700000,yes,'81 & '82 MODELS
BI-025-14,BI,25,0900A-1,KEY SETS,75 158,"KEY, BLANK",8208-75-901,1,'81 & '82 MODELS,,yes,'81 & '82 MODELS
BI-025-15,BI,25,0900A-1,KEY SETS,,,HA40-76-201,1,'83 MODEL,,no,'83 MODEL
BI-025-16,BI,25,0900A-1,KEY SETS,75 910,"KEY SUB SET (R), DOOR",FA01-76-210,1,'81 & '82 MODELS,,yes,'81 & '82 MODELS
BI-025-17,BI,25,0900A-1,KEY SETS,,,FA43-76-210,1,'83 MODEL,,no,'83 MODEL
BI-025-18,BI,25,0900A-1,KEY SETS,75 920,"KEY SUB SET (L), DOOR",FA01-76-220,1,'81 & '82 MODELS,,yes,'81 & '82 MODELS
BI-025-19,BI,25,0900A-1,KEY SETS,,,FA43-76-220,1,'83 MODEL,,no,'83 MODEL
BI-025-20,BI,25,0900A-1,KEY SETS,75 950,"KEY SUB SET, GLOVE",FA01-76-250,1,'81 & '82 MODELS,,yes,'81 & '82 MODELS
BI-025-21,BI,25,0900A-1,KEY SETS,,,FA43-76-250,1,'83 MODEL,,no,'83 MODEL
BI-025-22,BI,25,0900A-1,KEY SETS,75 960,"KEY SUB SET, BACK DOOR",FA01-76-260,1,'81 & '82 MODELS,,yes,'81 & '82 MODELS
BI-025-23,BI,25,0900A-1,KEY SETS,,,FA43-76-230,1,'83 MODEL,,no,'83 MODEL
BI-025-24,BI,25,0900A-1,KEY SETS,75 990,"KEY SUB SET, STEERING",GA02-76-290,1,'81 & '82 MODELS,,yes,'81 & '82 MODELS
BI-025-25,BI,25,0900A-1,KEY SETS,,,BE32-76-290A,1,'83 MODEL,,no,'83 MODEL
BI-026-01,BI,26,5000A-1,FRONT BUMPER,50 012A,PROTECTOR,FA01-50-012,5,'81 MODEL,FB331 ..500001-500762,no,'81 MODEL early serials
BI-026-02,BI,26,5000A-1,FRONT BUMPER,,,,1,,FB331 ..500763-,yes,serial 500763- (early '81) so all '82 cars; qty-only row
BI-026-03,BI,26,5000A-1,FRONT BUMPER,50 014,PROTECTOR,FA01-50-014,2,,,yes,
BI-026-04,BI,26,5000A-1,FRONT BUMPER,50 015C,BOLT,FA01-50-015,2,,FB331 ..507335-,yes,serial 507335- (early '81) so all '82 cars
BI-026-05,BI,26,5000A-1,FRONT BUMPER,50 016,PROTECTOR,FA01-50-016,2,,FB331 ..500763-,yes,serial 500763- (early '81) so all '82 cars
BI-026-06,BI,26,5000A-1,FRONT BUMPER,50 030,"HOLDER, LICENSE PLATE",FA01-50-180,1,,,yes,
BI-026-07,BI,26,5000A-1,FRONT BUMPER,50 031,"BUMPER, FRONT",FA01-50-030A,1,,,yes,
BI-026-08,BI,26,5000A-1,FRONT BUMPER,50 036C,FASTENER,FA01-50-036,9,,,yes,
BI-026-09,BI,26,5000A-1,FRONT BUMPER,50 037C,FASTENER,FA01-50-037,5,,,yes,
BI-026-10,BI,26,5000A-1,FRONT BUMPER,50 040,"REINFORCEMENT, BUMPER",FA01-50-150A,1,,,yes,
BI-026-11,BI,26,5000A-1,FRONT BUMPER,50 042D,"SLIDE 'B' (R), BUMPER",FA01-50-042,1,,,yes,
BI-026-12,BI,26,5000A-1,FRONT BUMPER,50 043D,"SLIDE 'A' (R), BUMPER",FA01-50-040,1,,,yes,
BI-026-13,BI,26,5000A-1,FRONT BUMPER,50 052D,"SLIDE 'B' (L), BUMPER",FA01-50-052,1,,,yes,
BI-026-14,BI,26,5000A-1,FRONT BUMPER,50 053D,"SLIDE 'A' (L), BUMPER",FA01-50-050,1,,,yes,
BI-026-15,BI,26,5000A-1,FRONT BUMPER,50 100,"ABSORBER (R), SHOCK",FA01-50-070,1,,,yes,
BI-026-16,BI,26,5000A-1,FRONT BUMPER,,"ABSORBER (L), SHOCK",FA01-50-080,1,,,yes,
BI-026-17,BI,26,5000A-1,FRONT BUMPER,50 825C,"NUT, CLIP",8871-50-825,4,,,yes,
BI-027-01,BI,27,5005A-1,RADIATOR GRILLE,50 711,"GRILLE, RADIATOR",FA01-50-711A,1,,,yes,
BI-027-02,BI,27,5005A-1,RADIATOR GRILLE,50 715A,"BRACKET, RADIATOR",8871-50-720,1,,,yes,
BI-027-03,BI,27,5005A-1,RADIATOR GRILLE,50 740,"BEZEL (R), LAMP",8871-50-741,1,,,yes,
BI-027-04,BI,27,5005A-1,RADIATOR GRILLE,50 760,"BEZEL (L), LAMP",8871-50-761,1,,,yes,
BI-028-01,BI,28,5010A-1,REAR BUMPER,32 186B,BOLT,0603-32-186,2,'81 MODEL,FB331 ..500001-507334,no,'81 MODEL early serials
BI-028-02,BI,28,5010A-1,REAR BUMPER,50 013,PROTECTOR,FA01-50-013,3,,,yes,
BI-028-03,BI,28,5010A-1,REAR BUMPER,50 014A,PROTECTOR,FA01-50-014,2,,,yes,
BI-028-04,BI,28,5010A-1,REAR BUMPER,50 015D,BOLT,FA01-50-015,2,,,yes,
BI-028-05,BI,28,5010A-1,REAR BUMPER,50 036D,FASTENER,FA01-50-036,1,,,yes,
BI-028-06,BI,28,5010A-1,REAR BUMPER,50 042E,"SLIDE 'B' (R), BUMPER",FA01-50-232,?,,,yes,
BI-028-07,BI,28,5010A-1,REAR BUMPER,50 052E,"SLIDE 'B' (L), BUMPER",FA01-50-242,1,,,yes,
BI-028-08,BI,28,5010A-1,REAR BUMPER,50 200A,"ABSORBER, SHOCK-REAR",FA01-50-280A,2,,,yes,
BI-028-09,BI,28,5010A-1,REAR BUMPER,50 211A,PLATE SET,FA01-50-211,4,,,yes,
BI-028-10,BI,28,5010A-1,REAR BUMPER,50 221,"BUMPER, REAR",FA01-50-220,1,,,yes,
BI-028-11,BI,28,5010A-1,REAR BUMPER,50 230,"REINFORCEMENT, BUMPER",FA01-50-330A,1,,,yes,
BI-028-12,BI,28,5010A-1,REAR BUMPER,50 233B,"SLIDE 'A' (R), BUMPER",FA01-50-230,1,,,yes,
BI-028-13,BI,28,5010A-1,REAR BUMPER,50 243B,"SLIDE 'A' (L), BUMPER",FA01-50-240,1,,,yes,
BI-028-14,BI,28,5010A-1,REAR BUMPER,50 292,"GASKET, HOLE COVER",8871-50-232,2,,,yes,
BI-028-15,BI,28,5010A-1,REAR BUMPER,50 310,"COVER, SERVICE HOLE",8871-50-231,2,,,yes,
BI-028-16,BI,28,5010A-1,REAR BUMPER,50 311A,"FILLER, REAR BUMPER",FA01-50-223,1,,,yes,
BI-028-17,BI,28,5010A-1,REAR BUMPER,50 340,"HOLDER, LICENSE PLATE",FA01-50-380,1,,,yes,
BI-028-18,BI,28,5010A-1,REAR BUMPER,67 056D,RIVET,W023-67-056,7,,,yes,
BI-029-01,BI,29,5030A-1,WINDOW MOULDINGS,50 501S,"MOULDING SET (R), FRONT-UPPER",8871-99-741B,1,,,yes,
BI-029-02,BI,29,5030A-1,WINDOW MOULDINGS,50 502S,"MOULDING SET (L), FRONT-UPPER",8871-99-742B,1,,,yes,
BI-029-03,BI,29,5030A-1,WINDOW MOULDINGS,50 503S,"MOULDING SET (R), FRONT-SIDE",8871-99-743B,1,,,yes,
BI-029-04,BI,29,5030A-1,WINDOW MOULDINGS,50 504S,"MOULDING SET (L), FRONT-SIDE",8871-99-744B,1,,,yes,
BI-029-05,BI,29,5030A-1,WINDOW MOULDINGS,50 505T,"MOULDING SET, FRONT-LOWER",8871-99-745A,1,,,yes,
BI-029-06,BI,29,5030A-1,WINDOW MOULDINGS,50 506A,CLIP,1243-50-609,14,,,yes,
BI-029-07,BI,29,5030A-1,WINDOW MOULDINGS,50 516B,DUM 'A' (R),8871-50-516,1,,,yes,
BI-029-08,BI,29,5030A-1,WINDOW MOULDINGS,50 517B,DUM 'B' (R),8871-50-517,1,,,yes,
BI-029-09,BI,29,5030A-1,WINDOW MOULDINGS,50 526C,DUM 'A' (L),8871-50-526,1,,,yes,
BI-029-10,BI,29,5030A-1,WINDOW MOULDINGS,50 527B,DUM 'B' (L),8871-50-527,1,,,yes,
BI-029-11,BI,29,5030A-1,WINDOW MOULDINGS,50 604,"JOINT, MOULDING-UPPER",8871-50-950B,1,,,yes,
BI-029-12,BI,29,5030A-1,WINDOW MOULDINGS,50 608B,"FASTENER, W/SHIELD MLDG.-FRONT",8871-50-608,6,,,yes,
BI-030-01,BI,30,5040A-1,BODY MOULDINGS,50 441,"MOULDING (R), DRIP",8871-50-510C,1,,,yes,
BI-030-02,BI,30,5040A-1,BODY MOULDINGS,50 451,"MOULDING (L), DRIP",8871-50-520C,1,,,yes,
BI-031-01,BI,31,5060A-1,SIDE PROTECTORS,50 681D,"PROTECTOR 'B' (R), SIDE",FA02-50-682,1,,,yes,
BI-031-02,BI,31,5060A-1,SIDE PROTECTORS,50 682A,"PROTECTOR 'C' (R), SIDE",FA02-50-683,1,,,yes,
BI-031-03,BI,31,5060A-1,SIDE PROTECTORS,50 682B,"PROTECTOR 'C' (L), SIDE",FA02-50-693,1,,,yes,
BI-031-04,BI,31,5060A-1,SIDE PROTECTORS,50 683D,"PROTECTOR 'D' (R), SIDE",FA02-50-684,1,,,yes,
BI-031-05,BI,31,5060A-1,SIDE PROTECTORS,50 684D,"PROTECTOR 'E' (R), SIDE",FA01-50-685,1,,,yes,
BI-031-06,BI,31,5060A-1,SIDE PROTECTORS,50 686D,"PROTECTOR 'B' (L), SIDE",FA02-50-692,1,,,yes,
BI-031-07,BI,31,5060A-1,SIDE PROTECTORS,50 688D,"PROTECTOR 'D' (L), SIDE",FA02-50-694,1,,,yes,
BI-031-08,BI,31,5060A-1,SIDE PROTECTORS,50 689D,"PROTECTOR 'E' (L), SIDE",FA01-50-695,1,,,yes,
BI-031-09,BI,31,5060A-1,SIDE PROTECTORS,50 692D,"PROTECTOR 'A' (R), SIDE",FA01-50-681,1,,,yes,
BI-031-10,BI,31,5060A-1,SIDE PROTECTORS,50 697D,"PROTECTOR 'A' (L), SIDE",FA01-50-691,1,,,yes,
BI-032-01,BI,32,5100A-1,HEAD LAMPS,51 029,"GROMMET, SCREW",0483-66-061A,4,,,yes,
BI-032-02,BI,32,5100A-1,HEAD LAMPS,51 030S,"LAMP SET (R), HEAD",8871-89-661,1,(CONVENTIONAL) S MODEL,,no,S model conventional
BI-032-03,BI,32,5100A-1,HEAD LAMPS,,,FA02-89-661,1,(HALOGEN) GS & GSL MODELS,,yes,GS & GSL halogen
BI-032-04,BI,32,5100A-1,HEAD LAMPS,51 030T,"LAMP SET (L), HEAD",FA02-89-666,1,(HALOGEN) GS & GSL MODELS,,yes,GS & GSL halogen
BI-032-05,BI,32,5100A-1,HEAD LAMPS,,,8871-89-666,1,(CONVENTIONAL) S MODEL,,no,S model conventional
BI-032-06,BI,32,5100A-1,HEAD LAMPS,66 016,"SPRING, ADJUST",8871-51-021,2,,,yes,
BI-032-07,BI,32,5100A-1,HEAD LAMPS,66 024,"RING, RETAINING",8871-51-033,2,,,yes,
BI-032-08,BI,32,5100A-1,HEAD LAMPS,84 851A,"BEAM, SEALED",0000-11-6014,2,(CONVENTIONAL) S MODEL,,no,S model conventional
BI-032-09,BI,32,5100A-1,HEAD LAMPS,,,0000-11-6024-HL,2,(HALOGEN) GS & GSL MODELS,,yes,GS & GSL halogen
BI-032-10,BI,32,5100A-1,HEAD LAMPS,87 016,"SCREW, ADJUST",3958-51-021,4,,,yes,
BI-033-01,BI,33,5103A-1,HEAD LAMP RETRACTORS,51 401B,"SPRING, LID-LAMP",8871-51-401,2,,,yes,
BI-033-02,BI,33,5103A-1,HEAD LAMP RETRACTORS,51 403,PROTECTOR,8871-51-403,2,,,yes,
BI-033-03,BI,33,5103A-1,HEAD LAMP RETRACTORS,51 405A,"SHIM, TILTING HINGE",8871-51-405,6,,,yes,
BI-033-04,BI,33,5103A-1,HEAD LAMP RETRACTORS,51 411,"SCREW, STOPPER",8871-51-411,2,,,yes,
BI-033-05,BI,33,5103A-1,HEAD LAMP RETRACTORS,51 421,"LID (R), LAMP",8871-51-421A,1,,,yes,
BI-033-06,BI,33,5103A-1,HEAD LAMP RETRACTORS,,"LID (L), LAMP",8871-51-621A,1,,,yes,
BI-033-07,BI,33,5103A-1,HEAD LAMP RETRACTORS,51 430A,"HINGE (R), LID-LAMP",8871-51-430C,1,,,yes,
BI-033-08,BI,33,5103A-1,HEAD LAMP RETRACTORS,,"HINGE (L), LID-LAMP",8871-51-630C,1,,,yes,
BI-033-09,BI,33,5103A-1,HEAD LAMP RETRACTORS,51 431A,"BOLT, HINGE",8871-51-431,4,,,yes,
BI-033-10,BI,33,5103A-1,HEAD LAMP RETRACTORS,,,H001-51-511,4,'83 MODEL,FB331 ..703771-,no,'83 model
BI-033-11,BI,33,5103A-1,HEAD LAMP RETRACTORS,51 432,"BUSHING, HINGE BOLT",8871-51-432,4,,,yes,
BI-033-12,BI,33,5103A-1,HEAD LAMP RETRACTORS,51 433,"NUT, HINGE",8871-51-433,4,,,yes,
BI-033-13,BI,33,5103A-1,HEAD LAMP RETRACTORS,,,9994-00-600,4,'83 MODEL,FB331 ..703771-,no,'83 model
BI-033-14,BI,33,5103A-1,HEAD LAMP RETRACTORS,51 930A,MOTOR & LINK (R),FA01-51-930B,1,,,yes,
BI-033-15,BI,33,5103A-1,HEAD LAMP RETRACTORS,,MOTOR & LINK (L),FA01-51-940B,1,,,yes,
BI-033-16,BI,33,5103A-1,HEAD LAMP RETRACTORS,51 931,MOTOR (R),FA01-51-931B,1,,,yes,
BI-033-17,BI,33,5103A-1,HEAD LAMP RETRACTORS,,MOTOR (L),FA01-51-941B,1,,,yes,
BI-033-18,BI,33,5103A-1,HEAD LAMP RETRACTORS,51 932,BRACKET (R),8871-51-932,1,,,yes,
BI-033-19,BI,33,5103A-1,HEAD LAMP RETRACTORS,,BRACKET (L),8871-51-942,1,,,yes,
BI-033-20,BI,33,5103A-1,HEAD LAMP RETRACTORS,51 933,"ROD, MOTOR",8871-51-933,2,,,yes,
BI-033-21,BI,33,5103A-1,HEAD LAMP RETRACTORS,51 934,ROD 'A',8871-51-934,2,,,yes,
BI-033-22,BI,33,5103A-1,HEAD LAMP RETRACTORS,51 935,"LEVER (R), LINK",8871-51-935,1,,,yes,
BI-033-23,BI,33,5103A-1,HEAD LAMP RETRACTORS,,"LEVER (L), LINK",8871-51-945,1,,,yes,
BI-033-24,BI,33,5103A-1,HEAD LAMP RETRACTORS,51 936,ROD 'B',8871-51-936,2,,,yes,
BI-033-25,BI,33,5103A-1,HEAD LAMP RETRACTORS,51 937,KNOB,8871-51-937,2,'81 & '82 MODELS,FB331 ..500001-700000,yes,'81 & '82 models
BI-033-26,BI,33,5103A-1,HEAD LAMP RETRACTORS,,,H001-51-667,2,'83 MODEL,,no,'83 model
BI-033-27,BI,33,5103A-1,HEAD LAMP RETRACTORS,51 938,BOOT,8871-51-938,2,'81 & '82 MODELS,FB331 ..500001-700000,yes,'81 & '82 models
BI-033-28,BI,33,5103A-1,HEAD LAMP RETRACTORS,,,H001-51-666,1,'83 MODEL,,no,'83 model
BI-033-29,BI,33,5103A-1,HEAD LAMP RETRACTORS,51 939,RELAY,8871-51-939,2,'81 & '82 MODELS,FB331 ..500001-700000,yes,'81 & '82 models
BI-033-30,BI,33,5103A-1,HEAD LAMP RETRACTORS,,,FA01-51-939,1,'83 MODEL,,no,'83 model
BI-033-31,BI,33,5103A-1,HEAD LAMP RETRACTORS,52 451A,"RUBBER, CUSHION",0866-52-451,2,,,yes,
BI-034-01,BI,34,5105A-1,FRONT COMBINATION & SIDE TURN LAMPS,51 060J,BULB,0000-11-1157,2,(A12V 27/8W),,yes,
BI-034-02,BI,34,5105A-1,FRONT COMBINATION & SIDE TURN LAMPS,51 060S,"LAMP SET (R), FRONT COMB.",FA01-89-662,1,,,yes,
BI-034-03,BI,34,5105A-1,FRONT COMBINATION & SIDE TURN LAMPS,51 060T,"LAMP SET (L), FRONT COMB.",FA01-89-667,1,,,yes,
BI-034-04,BI,34,5105A-1,FRONT COMBINATION & SIDE TURN LAMPS,51 062A,"GASKET, FRONT COMB.",FA01-51-063,2,,,yes,
BI-034-05,BI,34,5105A-1,FRONT COMBINATION & SIDE TURN LAMPS,51 063,"LENS (R), FRONT COMB.",FA01-51-061,1,,,yes,
BI-034-06,BI,34,5105A-1,FRONT COMBINATION & SIDE TURN LAMPS,,"LENS (L), FRONT COMB.",FA01-51-071,1,,,yes,
BI-034-07,BI,34,5105A-1,FRONT COMBINATION & SIDE TURN LAMPS,51 120J,BULB,0000-11-0194,2,(A12V 3.8W),,yes,
BI-034-08,BI,34,5105A-1,FRONT COMBINATION & SIDE TURN LAMPS,51 120S,"LAMP SET (R), SIDE TURN",FA01-89-663,1,,,yes,
BI-034-09,BI,34,5105A-1,FRONT COMBINATION & SIDE TURN LAMPS,51 120T,"LAMP SET (L), SIDE TURN",FA01-89-668,1,,,yes,
BI-034-10,BI,34,5105A-1,FRONT COMBINATION & SIDE TURN LAMPS,51 122,"LENS (R), SIDE TURN",FA01-51-121,1,,,yes,
BI-034-11,BI,34,5105A-1,FRONT COMBINATION & SIDE TURN LAMPS,,"LENS (L), SIDE TURN",FA01-51-131,1,,,yes,
BI-034-12,BI,34,5105A-1,FRONT COMBINATION & SIDE TURN LAMPS,51 516,"PROTECTOR, CORD",8545-51-516,2,,,yes,
BI-035-01,BI,35,5110A-1,REAR COMBINATION LAMPS,51 150J,BULB,0000-11-1156,4,(A12V 27W),,yes,
BI-035-02,BI,35,5110A-1,REAR COMBINATION LAMPS,51 150K,BULB,0000-11-1157,4,(A12V 27/8W),,yes,
BI-035-03,BI,35,5110A-1,REAR COMBINATION LAMPS,51 150S,"LAMP SET (R), RR. COMB.",FA01-89-664,1,,,yes,
BI-035-04,BI,35,5110A-1,REAR COMBINATION LAMPS,51 150T,"LAMP SET (L), RR. COMB.",FA01-89-669,1,,,yes,
BI-035-05,BI,35,5110A-1,REAR COMBINATION LAMPS,51 159A,"PROTECTOR, RR. COMB.",FA01-51-159,2,,,yes,
BI-035-06,BI,35,5110A-1,REAR COMBINATION LAMPS,51 161,"LENS (R), RR. COMB.",FA01-51-151D,1,,,yes,
BI-035-07,BI,35,5110A-1,REAR COMBINATION LAMPS,,"LENS (L), RR. COMB.",FA01-51-161D,1,,,yes,
BI-035-08,BI,35,5110A-1,REAR COMBINATION LAMPS,51 164,"GASKET (R), RR. COMB.",FA01-51-153A,1,,,yes,
BI-035-09,BI,35,5110A-1,REAR COMBINATION LAMPS,,"GASKET (L), RR. COMB.",FA01-51-163A,1,,,yes,
BI-036-01,BI,36,5120A-1,LICENSE & REAR SIDE TURN LAMPS,51 270J,BULB,9970-03-060T,2,(A12V 6W),,yes,
BI-036-02,BI,36,5120A-1,LICENSE & REAR SIDE TURN LAMPS,51 270S,"LAMP SET, LICENSE",3874-89-665A,2,,,yes,
BI-036-03,BI,36,5120A-1,LICENSE & REAR SIDE TURN LAMPS,51 273,"LENS, LICENSE LAMP",3874-66-371,2,,,yes,
BI-036-04,BI,36,5120A-1,LICENSE & REAR SIDE TURN LAMPS,51 274,"GASKET, LICENSE LAMP",3874-66-373,2,,,yes,
BI-036-05,BI,36,5120A-1,LICENSE & REAR SIDE TURN LAMPS,51 550J,BULB,0000-11-0194,2,(A12V 3.8W),,yes,
BI-036-06,BI,36,5120A-1,LICENSE & REAR SIDE TURN LAMPS,51 550S,"LAMP SET (R), SIDE TURN",FA01-89-673,1,,,yes,
BI-036-07,BI,36,5120A-1,LICENSE & REAR SIDE TURN LAMPS,51 550T,"LAMP SET (L), SIDE TURN",FA01-89-678,1,,,yes,
BI-036-08,BI,36,5120A-1,LICENSE & REAR SIDE TURN LAMPS,51 552A,"LENS (R), SIDE TURN",FA01-51-551,1,,,yes,
BI-036-09,BI,36,5120A-1,LICENSE & REAR SIDE TURN LAMPS,,"LENS (L), SIDE TURN",FA01-51-561,1,,,yes,
BI-038-01,BI,38,5125A-1,INTERIOR LAMPS (GS & GSL),51 440A,"LAMP, CARGO ROOM",FA01-51-440,1,GS & GSL MODELS,,yes,GS & GSL models
BI-038-02,BI,38,5125A-1,INTERIOR LAMPS (GS & GSL),51 440J,BULB,0000-11-3022,1,(A12V 5W),,yes,
BI-038-03,BI,38,5125A-1,INTERIOR LAMPS (GS & GSL),51 441,LENS,FA01-51-441,1,,,yes,
BI-039-01,BI,39,5170A-1,ORNAMENTS,51 545,"REFLECTOR, DOOR",1243-51-545,1,,,yes,
BI-039-02,BI,39,5170A-1,ORNAMENTS,51 721,"NAME, SIDE",8871-51-721,2,,,yes,
BI-039-03,BI,39,5170A-1,ORNAMENTS,51 771,"ORNAMENT, FRONT",F001-51-771,1,(MAZDA),,yes,
BI-039-04,BI,39,5170A-1,ORNAMENTS,51 781,"ORNAMENT, REAR",F001-51-781,1,(MAZDA),,yes,
BI-039-05,BI,39,5170A-1,ORNAMENTS,69 049A,"NUT, SPEED",0187-69-049A,8,,,yes,
BI-040-01,BI,40,5180A-1,COWL & EXTRACTOR GRILLES,42 459A,"RUBBER, CUSHION",0259-42-459,4,,,yes,
BI-040-02,BI,40,5180A-1,COWL & EXTRACTOR GRILLES,50 242A,FASTENER,G001-50-242,5,,,yes,
BI-040-03,BI,40,5180A-1,COWL & EXTRACTOR GRILLES,50 781,"PROTECTOR, COWL GRILLE",8531-50-792,3,,,yes,
BI-040-04,BI,40,5180A-1,COWL & EXTRACTOR GRILLES,50 791,"GRILLE, COWL",8871-50-791A,1,,,yes,
BI-040-05,BI,40,5180A-1,COWL & EXTRACTOR GRILLES,50 850,"FINISHER, REAR",FA07-50-840C,1,,,yes,
BI-040-06,BI,40,5180A-1,COWL & EXTRACTOR GRILLES,50 855A,"PROTECTOR, REAR FINISHER",FA01-50-855,2,,,yes,
BI-040-07,BI,40,5180A-1,COWL & EXTRACTOR GRILLES,50 950C,SCREW,G030-50-950,4,,,yes,
BI-040-08,BI,40,5180A-1,COWL & EXTRACTOR GRILLES,51 901,"GRILLE (R), EXTRACTOR",8871-51-901C,1,,,yes,
BI-040-09,BI,40,5180A-1,COWL & EXTRACTOR GRILLES,,"GRILLE (L), EXTRACTOR",8871-51-951C,1,,,yes,
BI-040-10,BI,40,5180A-1,COWL & EXTRACTOR GRILLES,51 911,EXTRACTOR (R),8871-51-911A,1,,,yes,
BI-040-11,BI,40,5180A-1,COWL & EXTRACTOR GRILLES,,EXTRACTOR (L),8871-51-961A,1,,,yes,
BI-040-12,BI,40,5180A-1,COWL & EXTRACTOR GRILLES,51 950,"SPOILER, REAR",FA16-51-960B,1,,,yes,
BI-040-13,BI,40,5180A-1,COWL & EXTRACTOR GRILLES,51 962,"GROMMET, SCREW",FA16-51-962A,2,,,yes,
BI-040-14,BI,40,5180A-1,COWL & EXTRACTOR GRILLES,51 966,PROTECTOR,FA16-51-966,6,,FB331 ..507335-,unclear,serial break FB331 507335- (VIN serial unknown)
BI-040-15,BI,40,5180A-1,COWL & EXTRACTOR GRILLES,68 951C,PACKING,0305-68-951,2,,,yes,
BI-041-01,BI,41,5230A-1,HOOD,52 302,"CLAMP, RELEASE WIRE",0223-52-302,1,,,yes,
BI-041-02,BI,41,5230A-1,HOOD,52 310,HOOD,8871-74-250,1,,,yes,
BI-041-03,BI,41,5230A-1,HOOD,52 397,"RUBBER, CUSHION",0187-52-231,2,,,yes,
BI-041-04,BI,41,5230A-1,HOOD,52 410A,"HINGE, HOOD",8871-52-410,2,,,yes,
BI-041-05,BI,41,5230A-1,HOOD,52 510,"STAY, HOOD",8871-52-511B,1,,,yes,
BI-041-06,BI,41,5230A-1,HOOD,52 518,"HOLDER, HOOD STAY",8871-52-518,1,,,yes,
BI-041-07,BI,41,5230A-1,HOOD,52 672,"SPRING, RETURN",1011-56-672A,1,,,yes,
BI-041-08,BI,41,5230A-1,HOOD,52 863,"SPRING, RETURN",0305-52-863B,1,,,yes,
BI-041-09,BI,41,5230A-1,HOOD,53 771,"RUBBER, CUSHION",8545-56-801A,2,,,yes,
BI-041-10,BI,41,5230A-1,HOOD,,<AN>,8545-56-801B,2,,,yes,alternative number
BI-041-11,BI,41,5230A-1,HOOD,56 620,"LOCK, HOOD",1708-56-620D,1,,,yes,
BI-041-12,BI,41,5230A-1,HOOD,56 710,"WIRE, RELEASE-HOOD",8871-56-710A,1,,,yes,
BI-041-13,BI,41,5230A-1,HOOD,56 785,CUSHION,8871-56-785,1,,,yes,
BI-041-14,BI,41,5230A-1,HOOD,56 787,"WEATHERSTRIP, HOOD",8871-56-787A,1,,,yes,
BI-042-01,BI,42,5310A-1,BODY PANELS (FRONT),50 825,"NUT, CLIP",8871-50-825,4,,,yes,
BI-042-02,BI,42,5310A-1,BODY PANELS (FRONT),50 881,"SPOILER, FRONT",FA01-51-980B,1,,,yes,
BI-042-03,BI,42,5310A-1,BODY PANELS (FRONT),52 110,"PANEL (R), FENDER-FRONT",FA01-52-111D,1,,,yes,
BI-042-04,BI,42,5310A-1,BODY PANELS (FRONT),52 150,"STAY (R), FENDER",FA01-52-130A,1,,,yes,
BI-042-05,BI,42,5310A-1,BODY PANELS (FRONT),52 151,"PLATE, SET-FENDER",8871-52-151,1,,,yes,
BI-042-06,BI,42,5310A-1,BODY PANELS (FRONT),52 210,"PANEL (L), FENDER-FRONT",FA01-52-211D,1,,,yes,
BI-042-07,BI,42,5310A-1,BODY PANELS (FRONT),52 250,"STAY (L), FENDER",FA01-52-230A,1,,,yes,
BI-042-08,BI,42,5310A-1,BODY PANELS (FRONT),52 810,"PANEL, NOSE",8871-52-810G,1,,,yes,
BI-042-09,BI,42,5310A-1,BODY PANELS (FRONT),52 841,"NUT, CLIP-FRONT FENDER",8545-52-841,2,,,yes,
BI-042-10,BI,42,5310A-1,BODY PANELS (FRONT),53 100,"PANEL, RADIATOR SHROUD",FA54-53-100,1,,,yes,
BI-042-11,BI,42,5310A-1,BODY PANELS (FRONT),53 210,"PANEL (R), WHEEL APRON",F003-53-210G,1,,,yes,
BI-042-12,BI,42,5310A-1,BODY PANELS (FRONT),53 222,"PLATE (R), CLOSING-REAR",8871-53-240A,1,,,yes,
BI-042-13,BI,42,5310A-1,BODY PANELS (FRONT),53 270A,"PLATE (R), CLOSING",FA01-53-270A,1,,,yes,
BI-042-14,BI,42,5310A-1,BODY PANELS (FRONT),53 285,"REINFORCEMENT (R), WHEEL APRON",8871-53-285C,1,,,yes,
BI-042-15,BI,42,5310A-1,BODY PANELS (FRONT),53 290A,"BRACKET (R), FENDER",FA01-53-290,1,,,yes,
BI-042-16,BI,42,5310A-1,BODY PANELS (FRONT),53 300,"FRAME (R), SIDE-FRONT",FA01-53-310H,1,,,yes,
BI-042-17,BI,42,5310A-1,BODY PANELS (FRONT),53 400,"PANEL, DASH-LOWER",FA01-53-400E,1,,,yes,
BI-042-18,BI,42,5310A-1,BODY PANELS (FRONT),53 510,"PANEL, DASH-UPPER",FA01-53-510,1,,,yes,
BI-042-19,BI,42,5310A-1,BODY PANELS (FRONT),54 210,"PANEL (L), WHEEL APRON",F003-54-210G,1,,,yes,
BI-042-20,BI,42,5310A-1,BODY PANELS (FRONT),54 222,"PLATE (L), CLOSING-REAR",8871-54-240A,1,,,yes,
BI-042-21,BI,42,5310A-1,BODY PANELS (FRONT),54 270A,"PLATE (L), CLOSING",FA01-54-270A,1,,,yes,
BI-042-22,BI,42,5310A-1,BODY PANELS (FRONT),54 285,"REINFORCEMENT (L), WHEEL APRON",8871-54-285C,1,,,yes,
BI-042-23,BI,42,5310A-1,BODY PANELS (FRONT),54 290A,"BRACKET (L), FENDER",FA01-54-290,1,,,yes,
BI-042-24,BI,42,5310A-1,BODY PANELS (FRONT),54 300,"FRAME (L), SIDE-FRONT",FA01-54-310H,1,,,yes,
BI-042-25,BI,42,5310A-1,BODY PANELS (FRONT),56 131,"SHIELD (R), SPLASH",FA01-56-130,1,,,yes,
BI-042-26,BI,42,5310A-1,BODY PANELS (FRONT),56 141,"SHIELD (L), SPLASH",FA01-56-140,1,,,yes,
BI-042-27,BI,42,5310A-1,BODY PANELS (FRONT),56 191,"SHIELD, SPLASH",8871-56-191C,2,,,yes,
BI-042-28,BI,42,5310A-1,BODY PANELS (FRONT),56 365,"PLATE (R), SEAL",8871-56-365,1,,,yes,
BI-042-29,BI,42,5310A-1,BODY PANELS (FRONT),56 366,"PLATE (L), SEAL",8871-56-366,1,,,yes,
BI-042-30,BI,42,5310A-1,BODY PANELS (FRONT),56 370A,"PANEL (R), SIDE",8871-56-370D,1,,,yes,
BI-042-31,BI,42,5310A-1,BODY PANELS (FRONT),56 380,"PANEL (L), SIDE",8871-56-380D,1,,,yes,
BI-042-32,BI,42,5310A-1,BODY PANELS (FRONT),56 391A,"PANEL, COWLING UP",8871-56-391,1,,,yes,
BI-042-33,BI,42,5310A-1,BODY PANELS (FRONT),56 791,"RUBBER (R), SEAL",8871-56-791A,1,,,yes,
BI-042-34,BI,42,5310A-1,BODY PANELS (FRONT),56 791B,"RUBBER (L), SEAL",8871-56-792A,1,,,yes,
BI-042-35,BI,42,5310A-1,BODY PANELS (FRONT),67 056F,RIVET,W023-67-056,2,'82 & '83 MODELS,FB331 ..605980-,unclear,serial break FB331 605980-; VIN serial unknown
BI-042-36,BI,42,5310A-1,BODY PANELS (FRONT),68 032B,FASTENER,B001-68-032,2,,,yes,
BI-042-37,BI,42,5310A-1,BODY PANELS (FRONT),,BLACK,00,,,,yes,colour variant; interior colour unknown
BI-042-38,BI,42,5310A-1,BODY PANELS (FRONT),,WHITE,08,,,,yes,colour variant; interior colour unknown
BI-042-39,BI,42,5310A-1,BODY PANELS (FRONT),70 260E,"BRACKET (R), INSTRUMENTATION",8871-70-260,1,,,yes,
BI-043-01,BI,43,5310A-2,BODY PANELS (FRONT),71 260C,"BRACKET (L), INSTRUMENTATION",8871-71-260,1,,,yes,
BI-043-02,BI,43,5310A-2,BODY PANELS (FRONT),74 040,"PANEL, COWL",FA01-74-040A,1,,,yes,
BI-044-01,BI,44,5340A-1,BODY PANELS (SIDE & ROOF),13 305B,"CLIP, DRAIN HOSE",8871-13-305,2,SUNROOF,,no,SUNROOF only
BI-044-02,BI,44,5340A-1,BODY PANELS (SIDE & ROOF),53 980D,"HOSE, DRAIN-REAR",8871-56-751A,2,,,yes,
BI-044-03,BI,44,5340A-1,BODY PANELS (SIDE & ROOF),70 020,"PANEL (R), COWL SIDE",8871-70-020E,1,,,yes,
BI-044-04,BI,44,5340A-1,BODY PANELS (SIDE & ROOF),70 050,"RAIL (R), ROOF-INNER",8871-70-051D,1,,,yes,
BI-044-05,BI,44,5340A-1,BODY PANELS (SIDE & ROOF),70 100,"PANEL (R), QUARTER",FA01-70-100?,1,,,yes,
BI-044-06,BI,44,5340A-1,BODY PANELS (SIDE & ROOF),70 210A,"PILLAR (R), HINGE",FA54-70-210A,1,,,yes,
BI-044-07,BI,44,5340A-1,BODY PANELS (SIDE & ROOF),70 250,"RAIL (R), ROOF-OUTER",8871-70-251,1,,,yes,
BI-044-08,BI,44,5340A-1,BODY PANELS (SIDE & ROOF),70 260,"PILLAR (R), FRT.-INNER",8871-70-240C,1,,,yes,
BI-044-09,BI,44,5340A-1,BODY PANELS (SIDE & ROOF),70 270,"PANEL (R), SIDE SILL",8871-70-271B,1,,,yes,
BI-044-10,BI,44,5340A-1,BODY PANELS (SIDE & ROOF),70 311,"RAIL (R), RAIN",8871-70-311A,1,,,yes,
BI-044-11,BI,44,5340A-1,BODY PANELS (SIDE & ROOF),70 640,"HEADER, FRONT",8871-70-640A,1,NORM. ROOF,,yes,NORM. ROOF
BI-044-12,BI,44,5340A-1,BODY PANELS (SIDE & ROOF),,,8973-70-640A,1,SUNROOF,,no,SUNROOF
BI-044-13,BI,44,5340A-1,BODY PANELS (SIDE & ROOF),70 700,"HEADER, REAR",FA01-70-700A,1,NORM. ROOF,,yes,NORM. ROOF
BI-044-14,BI,44,5340A-1,BODY PANELS (SIDE & ROOF),,,FA04-70-700A,1,SUNROOF,,no,SUNROOF
BI-044-15,BI,44,5340A-1,BODY PANELS (SIDE & ROOF),70 750,"PANEL, REAR END",FA01-70-750C,1,,,yes,
BI-044-16,BI,44,5340A-1,BODY PANELS (SIDE & ROOF),70 791A,"PANEL, SKIRT-REAR",FA01-70-791,1,,,yes,
BI-044-17,BI,44,5340A-1,BODY PANELS (SIDE & ROOF),71 020,"PANEL (L), COWL SIDE",FA16-71-020C,1,,,yes,
BI-044-18,BI,44,5340A-1,BODY PANELS (SIDE & ROOF),71 050,"RAIL (L), ROOF-INNER",8871-71-051D,1,,,yes,
BI-044-19,BI,44,5340A-1,BODY PANELS (SIDE & ROOF),71 100,"PANEL (L), QUARTER",FA01-71-100?,1,,,yes,
BI-044-20,BI,44,5340A-1,BODY PANELS (SIDE & ROOF),71 210A,"PILLAR (L), HINGE",FA54-71-210B,1,,,yes,
BI-044-21,BI,44,5340A-1,BODY PANELS (SIDE & ROOF),71 250,"RAIL (L), ROOF-OUTER",8871-71-251,1,,,yes,
BI-044-22,BI,44,5340A-1,BODY PANELS (SIDE & ROOF),71 260,"PILLAR (L), FRT.-INNER",8871-71-240C,1,,,yes,
BI-044-23,BI,44,5340A-1,BODY PANELS (SIDE & ROOF),71 270,"PANEL (L), SIDE SILL",8871-71-271B,1,,,yes,
BI-044-24,BI,44,5340A-1,BODY PANELS (SIDE & ROOF),71 311,"RAIL (L), RAIN",8871-71-311A,1,,,yes,
BI-044-25,BI,44,5340A-1,BODY PANELS (SIDE & ROOF),74 030,"PANEL, ROOF",1482-74-030,1,SUNROOF,,no,SUNROOF
BI-044-26,BI,44,5340A-1,BODY PANELS (SIDE & ROOF),,,8871-74-030,1,NORM. ROOF,,yes,NORM. ROOF
BI-044-27,BI,44,5340A-1,BODY PANELS (SIDE & ROOF),74 090,"PILLAR (R), HINGE-OUTER",8871-70-220C,1,,,yes,
BI-044-28,BI,44,5340A-1,BODY PANELS (SIDE & ROOF),74 100,"PANEL (R), FENDER-REAR",FA01-70-400A,1,,,yes,
BI-044-29,BI,44,5340A-1,BODY PANELS (SIDE & ROOF),74 120,"PILLAR (L), HINGE-OUTER",8871-71-220C,1,,,yes,
BI-044-30,BI,44,5340A-1,BODY PANELS (SIDE & ROOF),74 130,"PANEL (L), FENDER-REAR",FA01-71-400B,1,'81 & '82 MODELS,,yes,'81 & '82 MODELS
BI-044-31,BI,44,5340A-1,BODY PANELS (SIDE & ROOF),,,FA42-71-400B,1,'83 MODEL,,no,'83 MODEL
BI-045-01,BI,45,5360A-1,BODY PANELS (FLOOR),53 045,"BRACKET, JACK",8871-53-050A,1,,,yes,
BI-045-02,BI,45,5360A-1,BODY PANELS (FLOOR),53 162,"MEMBER, CROSS",8871-53-161,1,,,yes,
BI-045-03,BI,45,5360A-1,BODY PANELS (FLOOR),53 391,"BOX (R), TORQUE",FA01-53-391B,1,,,yes,
BI-045-04,BI,45,5360A-1,BODY PANELS (FLOOR),53 600,"PAN, FLOOR-FRONT",FA01-53-600B,1,,,yes,
BI-045-05,BI,45,5360A-1,BODY PANELS (FLOOR),53 700,"PAN, FLOOR-REAR",FA01-53-700G,1,,,yes,
BI-045-06,BI,45,5360A-1,BODY PANELS (FLOOR),53 810,"FRAME (R), REAR SIDE",FA01-53-810D,1,,,yes,
BI-045-07,BI,45,5360A-1,BODY PANELS (FLOOR),53 900,"MEMBER NO. 3, CROSS",FA01-53-900A,1,,,yes,
BI-045-08,BI,45,5360A-1,BODY PANELS (FLOOR),53 940,"MEMBER NO. 4, CROSS",FA01-53-940E,1,,,yes,
BI-045-09,BI,45,5360A-1,BODY PANELS (FLOOR),,<C>,FA01-53-940F,,,REQUIRES BOLT (2): 9978-01-025 & WASHER (2): 9995-21-000,yes,alternative number
BI-045-10,BI,45,5360A-1,BODY PANELS (FLOOR),53 950,"PANEL (R), SIDE SILL",8871-53-951B,1,,,yes,
BI-045-11,BI,45,5360A-1,BODY PANELS (FLOOR),53 960,"MEMBER NO. 5, CROSS",FA54-53-930,1,,,yes,
BI-045-12,BI,45,5360A-1,BODY PANELS (FLOOR),54 391,"BOX (L), TORQUE",8871-54-391C,1,,,yes,
BI-045-13,BI,45,5360A-1,BODY PANELS (FLOOR),54 810,"FRAME (L), REAR SIDE",FA01-54-810H,1,,,yes,
BI-045-14,BI,45,5360A-1,BODY PANELS (FLOOR),54 950,"PANEL (L), SIDE SEAL",8871-54-951A,1,,,yes,
BI-045-15,BI,45,5360A-1,BODY PANELS (FLOOR),56 510,"DECK (R), FLOOR",FA01-56-510,1,,,yes,
BI-045-16,BI,45,5360A-1,BODY PANELS (FLOOR),56 540A,"DECK (L), FLOOR",FA01-56-541A,1,,,yes,
BI-045-17,BI,45,5360A-1,BODY PANELS (FLOOR),56 560A,"BRACKET, DECK",8871-56-560A,2,,,yes,
BI-046-01,BI,46,5370A-1,FLOOR ATTACHMENTS,50 825A,"NUT, CLIP-PROTECTOR",8871-50-825,1,,,yes,
BI-046-02,BI,46,5370A-1,FLOOR ATTACHMENTS,56 051,"COVER, HOLE",1011-56-051,2,,,yes,
BI-046-03,BI,46,5370A-1,FLOOR ATTACHMENTS,56 051B,"COVER, HOLE",B001-56-051,10,(PLASTIC) '82 & '83 MODELS,FB331 ..633361-,unclear,serial break FB331 633361-; VIN serial unknown
BI-046-04,BI,46,5370A-1,FLOOR ATTACHMENTS,56 061,"COVER, SERVICE HOLE",8545-56-052,2,,,yes,
BI-046-05,BI,46,5370A-1,FLOOR ATTACHMENTS,56 111,"COVER, UNDER",FA54-56-111C,1,,,yes,
BI-046-06,BI,46,5370A-1,FLOOR ATTACHMENTS,56 231A,"COVER, SERVICE HOLE",8545-56-053,2,,,yes,
BI-046-07,BI,46,5370A-1,FLOOR ATTACHMENTS,56 241,"PLUG, DRAIN",0118-56-241,18,'81 & '82 MODELS,,yes,'81 & '82 MODELS
BI-046-08,BI,46,5370A-1,FLOOR ATTACHMENTS,,,,8,'83 MODEL,,no,'83 MODEL
BI-046-09,BI,46,5370A-1,FLOOR ATTACHMENTS,56 242,"PLUG, DRAIN",0118-56-242B,3,,,yes,
BI-046-10,BI,46,5370A-1,FLOOR ATTACHMENTS,56 290,"HOOK (R), FRONT",FA01-53-170B,1,,,yes,
BI-046-11,BI,46,5370A-1,FLOOR ATTACHMENTS,,"HOOK (L), FRONT",FA01-54-170B,1,,,yes,
BI-046-12,BI,46,5370A-1,FLOOR ATTACHMENTS,56 291,"HOOK, REAR",8871-56-271E,1,,,yes,
BI-046-13,BI,46,5370A-1,FLOOR ATTACHMENTS,56 291A,"HOOK, TIE DOWN",8871-56-281B,1,'81 & '82 MODELS,FB331 ..500001-622565,unclear,serial range FB331 500001-622565; VIN serial unknown
BI-046-14,BI,46,5370A-1,FLOOR ATTACHMENTS,,<A>,8871-56-281D,1,'82 & '83 MODELS,FB331 ..622566-,unclear,serial break FB331 622566-; VIN serial unknown
BI-046-15,BI,46,5370A-1,FLOOR ATTACHMENTS,56 410,"INSULATOR, HEAT-FRONT",1480-56-430B,1,,,yes,
BI-046-16,BI,46,5370A-1,FLOOR ATTACHMENTS,56 431,"INSULATOR, HEAT",1480-56-451B,1,,,yes,
BI-046-17,BI,46,5370A-1,FLOOR ATTACHMENTS,56 440,"INSULATOR NO. 2, FRONT",1480-56-440C,1,,,yes,
BI-046-18,BI,46,5370A-1,FLOOR ATTACHMENTS,56 460,"INSULATOR NO. 4, REAR",8871-56-420E,1,,,yes,
BI-046-19,BI,46,5370A-1,FLOOR ATTACHMENTS,56 480,"INSULATOR NO. 1, REAR",1480-56-410A,1,,,yes,
BI-046-20,BI,46,5370A-1,FLOOR ATTACHMENTS,56 615,"PLUG, DRAIN",0222-61-622,3,,,yes,
BI-046-21,BI,46,5370A-1,FLOOR ATTACHMENTS,56 639,"COVER, SERVICE HOLE",0810-56-639,3,,,yes,
BI-046-22,BI,46,5370A-1,FLOOR ATTACHMENTS,56 970,"PROTECTOR, FUEL TANK",8871-56-970D,1,,,yes,
BI-046-23,BI,46,5370A-1,FLOOR ATTACHMENTS,56 981A,INSULATOR,8871-56-981C,1,,,yes,
BI-046-24,BI,46,5370A-1,FLOOR ATTACHMENTS,56 991D,"INSULATOR, TANK-FUEL",8871-56-990A,1,,,yes,
BI-046-25,BI,46,5370A-1,FLOOR ATTACHMENTS,66 971A,"RUBBER, SEAL",0222-66-971,2,,,yes,
BI-046-26,BI,46,5370A-1,FLOOR ATTACHMENTS,69 885K,"FASTENER, PROTECTOR",0866-69-885A,1,,,yes,
BI-046-27,BI,46,5370A-1,FLOOR ATTACHMENTS,,BLACK,00,,,,yes,colour code
BI-047-01,BI,47,5500A-1,DASHBOARD EQUIPMENT,55 213A,"CASE, LAMP",8249-55-213,1,,,yes,
BI-047-02,BI,47,5500A-1,DASHBOARD EQUIPMENT,55 214,"PLATE, RETAINER",F023-55-214,1,'83 MODEL,,no,'83 MODEL
BI-047-03,BI,47,5500A-1,DASHBOARD EQUIPMENT,55 215C,"LENS, ASH TRAY",FA01-55-221,1,,,yes,
BI-047-04,BI,47,5500A-1,DASHBOARD EQUIPMENT,55 215D,"PANEL, DECORATION-SWITCH",FA01-55-215A,1,,,yes,
BI-047-05,BI,47,5500A-1,DASHBOARD EQUIPMENT,55 220,"PANEL, CENTER",FA01-55-210,1,(USE W/O FULL CONTROL) '81 & '82 MODELS,FB331 ..500001-633360,unclear,W/O FULL CONTROL + serial range 500001-633360; equipment and VIN serial unknown
BI-047-06,BI,47,5500A-1,DASHBOARD EQUIPMENT,,SILVER METALLIC,01,,,,unclear,colour code of FA01-55-210
BI-047-07,BI,47,5500A-1,DASHBOARD EQUIPMENT,,,FA02-55-210,1,(USE W/ FULL CONTROL) '81 & '82 MODELS,,unclear,W/ FULL CONTROL; equipment unknown
BI-047-08,BI,47,5500A-1,DASHBOARD EQUIPMENT,,SILVER METALLIC,01,,,,unclear,colour code of FA02-55-210
BI-047-09,BI,47,5500A-1,DASHBOARD EQUIPMENT,,,FA30-55-210,1,"(USE W/O FULL CONTROL) (ETR STEREO) '82 MODEL, GSL MODEL",FB331 ..633361-,no,"GSL MODEL (ETR stereo), serial 633361-"
BI-047-10,BI,47,5500A-1,DASHBOARD EQUIPMENT,,SILVER METALLIC/BLACK,01,,,,no,colour code of FA30-55-210 (GSL)
BI-047-11,BI,47,5500A-1,DASHBOARD EQUIPMENT,,,FA42-55-210A,1,(USE W/O FULL CONTROL) '83 MODEL,,no,'83 MODEL
BI-047-12,BI,47,5500A-1,DASHBOARD EQUIPMENT,,SILVER METALLIC,01,,,,no,colour code of '83 part
BI-047-13,BI,47,5500A-1,DASHBOARD EQUIPMENT,,,FA43-55-210A,1,(USE W/ FULL CONTROL) '83 MODEL,,no,'83 MODEL
BI-047-14,BI,47,5500A-1,DASHBOARD EQUIPMENT,,SILVER METALLIC,01,,,,no,colour code of '83 part
BI-047-15,BI,47,5500A-1,DASHBOARD EQUIPMENT,55 220J,BULB,0000-11-0194,1,(A12V 3.4W),,yes,
BI-047-16,BI,47,5500A-1,DASHBOARD EQUIPMENT,55 225A,"BOX, LAMP",FA01-55-216,1,,,yes,
BI-047-17,BI,47,5500A-1,DASHBOARD EQUIPMENT,55 225B,"COVER, HOLE",B001-55-225A,4,"(W/O REAR WIPER, HATCHBACK OPENER & A.C.C.) S MODEL",,no,S MODEL only
BI-047-18,BI,47,5500A-1,DASHBOARD EQUIPMENT,55 251,"FIBER, OPTICAL",FA01-55-251,1,,,yes,
BI-047-19,BI,47,5500A-1,DASHBOARD EQUIPMENT,55 270,"PANEL, DECORATION",FA01-55-212,1,'81 & '82 MODELS,,yes,'81 & '82 MODELS
BI-047-20,BI,47,5500A-1,DASHBOARD EQUIPMENT,,,F023-55-212,1,'83 MODEL,,no,'83 MODEL
BI-047-21,BI,47,5500A-1,DASHBOARD EQUIPMENT,55 280,BULB & SOCKET,8871-55-280,2,,,yes,
BI-047-22,BI,47,5500A-1,DASHBOARD EQUIPMENT,55 280J,BULB,0000-11-0074,2,(1.4W),,yes,
BI-047-23,BI,47,5500A-1,DASHBOARD EQUIPMENT,55 301,"PANEL, GLOVE SIDE",FA01-55-310,1,,,yes,
BI-047-24,BI,47,5500A-1,DASHBOARD EQUIPMENT,,BLACK,00,,,,yes,colour variant; interior colour unknown
BI-047-25,BI,47,5500A-1,DASHBOARD EQUIPMENT,,RED,10,,,,yes,colour variant; interior colour unknown
BI-047-26,BI,47,5500A-1,DASHBOARD EQUIPMENT,,TAN,29,,,FB331 ..600001-700000,unclear,serial range 600001-700000; VIN serial unknown
BI-047-27,BI,47,5500A-1,DASHBOARD EQUIPMENT,,BROWN,70,,,,yes,colour variant; interior colour unknown
BI-047-28,BI,47,5500A-1,DASHBOARD EQUIPMENT,,DARK TAN,81,,,FB331 . 700001-,unclear,serial break 700001-; VIN serial unknown
BI-047-29,BI,47,5500A-1,DASHBOARD EQUIPMENT,55 311,"PANEL, SWITCH",FA01-55-3?0A,1,,,yes,
BI-047-30,BI,47,5500A-1,DASHBOARD EQUIPMENT,,BLACK,00,,,,yes,colour variant; interior colour unknown
BI-047-31,BI,47,5500A-1,DASHBOARD EQUIPMENT,,RED,10,,,,yes,colour variant; interior colour unknown
BI-047-32,BI,47,5500A-1,DASHBOARD EQUIPMENT,,TAN,29,,,FB331 ..600001-700000,unclear,serial range 600001-700000; VIN serial unknown
BI-047-33,BI,47,5500A-1,DASHBOARD EQUIPMENT,,BROWN,70,,,,yes,colour variant; interior colour unknown
BI-048-01,BI,48,5500A-2,DASHBOARD EQUIPMENT,55 311 (CONT'D),DARK TAN,81,,,FB331 ..700001-,unclear,serial break 700001-; VIN serial unknown
BI-048-02,BI,48,5500A-2,DASHBOARD EQUIPMENT,55 710,"CLOCK, AUTO",FA01-55-710,1,(DIGITAL TYPE) GS & GSL MODELS,,yes,GS & GSL MODELS
BI-048-03,BI,48,5500A-2,DASHBOARD EQUIPMENT,,,FA02-55-710,1,(ANALOG TYPE) S MODEL,,no,S MODEL
BI-048-04,BI,48,5500A-2,DASHBOARD EQUIPMENT,56 905C,"NUT, SPRING",0820-56-905,2,,,yes,
BI-048-05,BI,48,5500A-2,DASHBOARD EQUIPMENT,56 942B,"PAD, CHOKE WIRE",G001-67-061,1,,,yes,
BI-048-06,BI,48,5500A-2,DASHBOARD EQUIPMENT,60 050,"WIRE, CHOKE",8871-60-050A,1,,,yes,
BI-048-07,BI,48,5500A-2,DASHBOARD EQUIPMENT,60 052,"GROMMET, CHOKE WIRE",0305-60-052A,1,,,yes,
BI-048-08,BI,48,5500A-2,DASHBOARD EQUIPMENT,60 221,"COVER (R), COLUMN",FA01-60-220,1,,,yes,
BI-048-09,BI,48,5500A-2,DASHBOARD EQUIPMENT,60 223A,"COVER, LAMP",FA01-60-241,1,,,yes,
BI-048-10,BI,48,5500A-2,DASHBOARD EQUIPMENT,60 224,"LENS, LAMP",FA01-60-242,1,,,yes,
BI-048-11,BI,48,5500A-2,DASHBOARD EQUIPMENT,60 231,"COVER (L), COLUMN",FA01-60-230,1,,,yes,
BI-048-12,BI,48,5500A-2,DASHBOARD EQUIPMENT,60 261A,"HOLDER, KEY CYLINDER",G001-60-261,1,,,yes,
BI-048-13,BI,48,5500A-2,DASHBOARD EQUIPMENT,64 620,"TRAY, ASH",FA01-64-610,1,,,yes,
BI-048-14,BI,48,5500A-2,DASHBOARD EQUIPMENT,,BLACK,00,,,,yes,colour code
BI-048-15,BI,48,5500A-2,DASHBOARD EQUIPMENT,64 640,"TRAY, ASH-INNER",FA01-64-630,1,,,yes,
BI-048-16,BI,48,5500A-2,DASHBOARD EQUIPMENT,,BLACK,00,,,,yes,colour code
BI-049-01,BI,49,5540A-1,METERS,18 762C,CLIP,8173-18-762,1,,,yes,
BI-049-02,BI,49,5540A-1,METERS,55 261,SOCKET,1316-55-261,9,,,yes,
BI-049-03,BI,49,5540A-1,METERS,55 261A,SOCKET,3625-55-261,6,,,yes,
BI-049-04,BI,49,5540A-1,METERS,55 410,"HOOD, METER",8871-55-420A,1,,,yes,
BI-049-05,BI,49,5540A-1,METERS,55 412A,"SPRING, METER HOOD",8531-55-412,2,,,yes,
BI-049-06,BI,49,5540A-1,METERS,55 441A,"CASE, METER",FA01-55-441,1,'81 & '82 MODELS,,yes,'81 & '82 MODELS
BI-049-07,BI,49,5540A-1,METERS,,,F023-55-441B,1,'83 MODEL,,no,'83 MODEL
BI-049-08,BI,49,5540A-1,METERS,55 442A,"PLATE, PRINT",FA01-55-442,1,'81 MODEL,,no,'81 MODEL
BI-049-09,BI,49,5540A-1,METERS,,,FA33-55-442,1,'82 MODEL,,yes,'82 MODEL
BI-049-10,BI,49,5540A-1,METERS,,,FA44-55-442B,1,'83 MODEL,,no,'83 MODEL
BI-049-11,BI,49,5540A-1,METERS,55 447C,"LENS, WARNING",FA01-55-444,1,,,yes,
BI-049-12,BI,49,5540A-1,METERS,55 461,TACHOMETER,FA01-55-461,1,,,yes,
BI-049-13,BI,49,5540A-1,METERS,55 471,SPEEDOMETER,FA01-55-471,1,(85MPH & 140KMH) '81 MODEL,,no,'81 MODEL
BI-049-14,BI,49,5540A-1,METERS,,,FA33-55-471,1,'82 MODEL,,yes,'82 MODEL
BI-049-15,BI,49,5540A-1,METERS,,,FA44-55-471A,1,(USE W/ FULL CONTROL) '83 MODEL,,no,'83 MODEL
BI-049-16,BI,49,5540A-1,METERS,55 472,"KNOB, TRIPMETER",1907-75-102A,1,,,yes,
BI-049-17,BI,49,5540A-1,METERS,55 482,REGULATOR,FA01-55-482,1,,,yes,
BI-049-18,BI,49,5540A-1,METERS,55 491A,"METER, FUEL & TEMPERATURE",FA27-55-481,1,,,yes,
BI-049-19,BI,49,5540A-1,METERS,55 492,"KNOB, RESISTOR",FA01-55-492,1,,,yes,
BI-049-20,BI,49,5540A-1,METERS,55 493,"NUT, RING",FA01-55-493,1,,,yes,
BI-049-21,BI,49,5540A-1,METERS,55 610,RESISTOR,FA01-55-490,1,,,yes,
BI-049-22,BI,49,5540A-1,METERS,55 811,CHIME,FA01-55-811A,1,,,yes,
BI-049-23,BI,49,5540A-1,METERS,55 905,"NUT, SPRING",8871-55-425,2,,,yes,
BI-049-24,BI,49,5540A-1,METERS,56 905F,"NUT, SPRING",0820-56-905,2,,,yes,
BI-049-25,BI,49,5540A-1,METERS,60 070,"CABLE, SPEEDOMETER",8871-60-070B,1,,,yes,
BI-049-26,BI,49,5540A-1,METERS,75 011A,"PLATE, WINDOW",FA01-55-446,1,,,yes,
BI-049-27,BI,49,5540A-1,METERS,75 115,BULB,0000-11-0194,9,(A12V 3.4W),,yes,
BI-049-28,BI,49,5540A-1,METERS,75 115A,BULB,0000-11-0074,8,(1.4W),,yes,
BI-051-01,BI,51,5560A-1,DASHBOARD & RELATED,55 195A,"RUBBER, STOPPER",0275-55-195A,1,,,yes,
BI-051-02,BI,51,5560A-1,DASHBOARD & RELATED,55 890J,BULB,0000-11-0194,1,(A12V 3.4W),,yes,
BI-051-03,BI,51,5560A-1,DASHBOARD & RELATED,60 350,"PAD, CRUSH",FA01-60-350A,1,'81 MODEL,FB331 ..500001-529438,no,'81 MODEL
BI-051-04,BI,51,5560A-1,DASHBOARD & RELATED,,BLACK,00,,,,no,'81 MODEL
BI-051-05,BI,51,5560A-1,DASHBOARD & RELATED,,RED,10,,,,no,'81 MODEL
BI-051-06,BI,51,5560A-1,DASHBOARD & RELATED,,BROWN,70,,,,no,'81 MODEL
BI-051-07,BI,51,5560A-1,DASHBOARD & RELATED,,,,,,FB331 ..511442-529438,no,'81 serial range
BI-051-08,BI,51,5560A-1,DASHBOARD & RELATED,,,FA01-60-350B,1,,FB331 ..529439-,yes,FB331 529439- covers all later serials
BI-051-09,BI,51,5560A-1,DASHBOARD & RELATED,,BLACK,00,,,,yes,colour option
BI-051-10,BI,51,5560A-1,DASHBOARD & RELATED,,RED,10,,,,yes,colour option
BI-051-11,BI,51,5560A-1,DASHBOARD & RELATED,,TAN,29,,,FB331 ..600001-700000,unclear,FB331 serial range; VIN serial unknown
BI-051-12,BI,51,5560A-1,DASHBOARD & RELATED,,BROWN,70,,,,yes,colour option
BI-051-13,BI,51,5560A-1,DASHBOARD & RELATED,,DARK TAN,81,,,FB331 ..700001-,unclear,FB331 serial range; VIN serial unknown
BI-051-14,BI,51,5560A-1,DASHBOARD & RELATED,60 410,"FRAME, INSTRUMENT PANEL",FA01-60-400F,1,,,yes,
BI-051-15,BI,51,5560A-1,DASHBOARD & RELATED,60 565,GRILLE,8341-60-713,2,,,yes,
BI-051-16,BI,51,5560A-1,DASHBOARD & RELATED,,BLACK,01,,,,yes,colour option
BI-051-17,BI,51,5560A-1,DASHBOARD & RELATED,,RED,10,,,,yes,colour option
BI-051-18,BI,51,5560A-1,DASHBOARD & RELATED,,BROWN,28,,,,yes,colour option
BI-051-19,BI,51,5560A-1,DASHBOARD & RELATED,,TAN,29,,,FB331 ..600001-700000,unclear,FB331 serial range; VIN serial unknown
BI-051-20,BI,51,5560A-1,DASHBOARD & RELATED,,DARK TAN,81,,,FB331 ..700001-,unclear,FB331 serial range; VIN serial unknown
BI-051-21,BI,51,5560A-1,DASHBOARD & RELATED,60 690,"SWITCH, GLOVE TRAY",0305-60-690,1,(FOR GLOVE BOX LAMP),,yes,
BI-051-22,BI,51,5560A-1,DASHBOARD & RELATED,60 701,"CAP, GARNISH",8871-60-701,3,,,yes,
BI-051-23,BI,51,5560A-1,DASHBOARD & RELATED,,BLACK,00,,,,yes,colour option
BI-051-24,BI,51,5560A-1,DASHBOARD & RELATED,,RED,11,,,,yes,colour option
BI-051-25,BI,51,5560A-1,DASHBOARD & RELATED,,BROWN,28,,,,yes,colour option
BI-051-26,BI,51,5560A-1,DASHBOARD & RELATED,,TAN,71,,,FB331 ..600001-700000,unclear,FB331 serial range; VIN serial unknown
BI-051-27,BI,51,5560A-1,DASHBOARD & RELATED,,DARK TAN,75,,,FB331 ..700001-,unclear,FB331 serial range; VIN serial unknown
BI-051-28,BI,51,5560A-1,DASHBOARD & RELATED,60 702,"SCREW, GARNISH",8871-60-702,3,,,yes,
BI-051-29,BI,51,5560A-1,DASHBOARD & RELATED,60 720,"GARNISH, UPPER",8341-60-710A,1,,,yes,
BI-051-30,BI,51,5560A-1,DASHBOARD & RELATED,,BLACK,00,,,,yes,colour option
BI-051-31,BI,51,5560A-1,DASHBOARD & RELATED,,BLACK,01,,,,yes,colour option
BI-051-32,BI,51,5560A-1,DASHBOARD & RELATED,,RED,10,,,,yes,colour option
BI-051-33,BI,51,5560A-1,DASHBOARD & RELATED,,BROWN,28,,,,yes,colour option
BI-051-34,BI,51,5560A-1,DASHBOARD & RELATED,,TAN,29,,,FB331 ..600001-700000,unclear,FB331 serial range; VIN serial unknown
BI-051-35,BI,51,5560A-1,DASHBOARD & RELATED,,DARK TAN,81,,,FB331 ..700001-,unclear,FB331 serial range; VIN serial unknown
BI-051-36,BI,51,5560A-1,DASHBOARD & RELATED,60 731,"RUBBER, SEAMING",8562-60-712,1,,,yes,
BI-051-37,BI,51,5560A-1,DASHBOARD & RELATED,60 771,GARNISH (R),FA01-55-330A,1,,,yes,
BI-051-38,BI,51,5560A-1,DASHBOARD & RELATED,,BLACK,00,,,,yes,colour option
BI-051-39,BI,51,5560A-1,DASHBOARD & RELATED,,RED,10,,,,yes,colour option
BI-051-40,BI,51,5560A-1,DASHBOARD & RELATED,,TAN,29,,,FB331 ..600001-700000,unclear,FB331 serial range; VIN serial unknown
BI-052-01,BI,52,5560A-2,DASHBOARD & RELATED,60 771 (CONT'D),BROWN,70,,,,yes,colour option
BI-052-02,BI,52,5560A-2,DASHBOARD & RELATED,,DARK TAN,81,,,FB331 ..700001-,unclear,FB331 serial range; VIN serial unknown
BI-052-03,BI,52,5560A-2,DASHBOARD & RELATED,60 781,GARNISH (L),FA01-55-340A,1,,,yes,
BI-052-04,BI,52,5560A-2,DASHBOARD & RELATED,,BLACK,00,,,,yes,colour option
BI-052-05,BI,52,5560A-2,DASHBOARD & RELATED,,RED,10,,,,yes,colour option
BI-052-06,BI,52,5560A-2,DASHBOARD & RELATED,,TAN,29,,,FB331 ..600001-700000,unclear,FB331 serial range; VIN serial unknown
BI-052-07,BI,52,5560A-2,DASHBOARD & RELATED,,BROWN,70,,,,yes,colour option
BI-052-08,BI,52,5560A-2,DASHBOARD & RELATED,,DARK TAN,81,,,FB331 . 700001-,unclear,FB331 serial range; VIN serial unknown
BI-052-09,BI,52,5560A-2,DASHBOARD & RELATED,62 665B,"RUBBER, CUSHION",0633-62-879,2,'81 & '82 MODELS,FB331 ..500001-608442,unclear,'82 split at serial 608442; FB331 serial range; VIN serial unknown
BI-052-10,BI,52,5560A-2,DASHBOARD & RELATED,,,0259-58-612,2,'82 & '83 MODELS,FB331 ..608443-,unclear,'82 split at serial 608443; FB331 serial range; VIN serial unknown
BI-052-11,BI,52,5560A-2,DASHBOARD & RELATED,64 030,"LID, GLOVE POCKET",FA01-64-030,1,,,yes,
BI-052-12,BI,52,5560A-2,DASHBOARD & RELATED,,BLACK,00,,,,yes,colour option
BI-052-13,BI,52,5560A-2,DASHBOARD & RELATED,,RED,10,,,,yes,colour option
BI-052-14,BI,52,5560A-2,DASHBOARD & RELATED,,TAN,29,,,FB331 ..600001-700000,unclear,FB331 serial range; VIN serial unknown
BI-052-15,BI,52,5560A-2,DASHBOARD & RELATED,,BROWN,70,,,,yes,colour option
BI-052-16,BI,52,5560A-2,DASHBOARD & RELATED,,DARK TAN,81,,,FB331 ..700001-,unclear,FB331 serial range; VIN serial unknown
BI-052-17,BI,52,5560A-2,DASHBOARD & RELATED,64 043,STOPPER,8871-64-043,1,,,yes,
BI-052-18,BI,52,5560A-2,DASHBOARD & RELATED,64 050,"SET PLATE, GLOVE LID",8871-64-050A,1,,,yes,
BI-052-19,BI,52,5560A-2,DASHBOARD & RELATED,64 101,STRIKER,8871-64-101,1,,,yes,
BI-052-20,BI,52,5560A-2,DASHBOARD & RELATED,64 161,"TRAY, GLOVE",8871-64-161B,1,,,yes,
BI-052-21,BI,52,5560A-2,DASHBOARD & RELATED,64 162B,"STAY, GLOVE TRAY",8871-64-162A,1,,,yes,
BI-053-01,BI,53,5570A-1,CONSOLE,55 216A,"SPRING, BOOT PANEL",8871-55-216,2,,,yes,
BI-053-02,BI,53,5570A-1,CONSOLE,55 225,"COVER, SWITCH HOLE",FA01-55-225,1,(W/O REM. CONTROL) S MODEL,,no,S MODEL
BI-053-03,BI,53,5570A-1,CONSOLE,55 240A,BULB & SOCKET,0305-66-580A,1,A/T,,yes,A/T
BI-053-04,BI,53,5570A-1,CONSOLE,,<A>,1840-55-240,1,,,yes,"alternative number, A/T"
BI-053-05,BI,53,5570A-1,CONSOLE,55 240J,BULB,0000-11-0194,1,(A12V 3.4W) A/T,,yes,A/T
BI-053-06,BI,53,5570A-1,CONSOLE,64 221,"COVER (R), BRAKE",FA01-64-221,1,,,yes,
BI-053-07,BI,53,5570A-1,CONSOLE,,BLACK,00,,,,yes,colour option
BI-053-08,BI,53,5570A-1,CONSOLE,,RED,10,,,,yes,colour option
BI-053-09,BI,53,5570A-1,CONSOLE,,TAN,29,,,FB331 ..600001-700000,unclear,FB331 serial range; VIN serial unknown
BI-053-10,BI,53,5570A-1,CONSOLE,,BROWN,70,,,,yes,colour option
BI-053-11,BI,53,5570A-1,CONSOLE,,DARK TAN,81,,,FB331 ..700001-,unclear,FB331 serial range; VIN serial unknown
BI-053-12,BI,53,5570A-1,CONSOLE,,"COVER (L), BRAKE",FA01-64-222,1,,,yes,
BI-053-13,BI,53,5570A-1,CONSOLE,,BLACK,00,,,,yes,colour option
BI-053-14,BI,53,5570A-1,CONSOLE,,RED,10,,,,yes,colour option
BI-053-15,BI,53,5570A-1,CONSOLE,,TAN,29,,,FB331 ..600001-700000,unclear,FB331 serial range; VIN serial unknown
BI-053-16,BI,53,5570A-1,CONSOLE,,BROWN,70,,,,yes,colour option
BI-053-17,BI,53,5570A-1,CONSOLE,,DARK TAN,81,,,FB331 ..700001-,unclear,FB331 serial range; VIN serial unknown
BI-053-18,BI,53,5570A-1,CONSOLE,64 225,"RING, BRAKE COVER",FA01-64-225,1,,,yes,
BI-053-19,BI,53,5570A-1,CONSOLE,64 310,"CONSOLE, FRONT",FA01-64-320B,1,,,yes,
BI-053-20,BI,53,5570A-1,CONSOLE,,BLACK,00,,,,yes,colour option
BI-053-21,BI,53,5570A-1,CONSOLE,,RED,10,,,,yes,colour option
BI-053-22,BI,53,5570A-1,CONSOLE,,TAN,29,,,,yes,colour option
BI-053-23,BI,53,5570A-1,CONSOLE,,BROWN,70,,,,yes,colour option
BI-053-24,BI,53,5570A-1,CONSOLE,,DARK TAN,81,,,,yes,colour option
BI-053-25,BI,53,5570A-1,CONSOLE,64 331,"BOOT, CHANGE",FA01-64-351A,1,M/T,,no,M/T
BI-053-26,BI,53,5570A-1,CONSOLE,,BLACK,01,1,,,no,M/T
BI-053-27,BI,53,5570A-1,CONSOLE,64 331A,BOOT,FA01-64-494,1,M/T,,no,M/T
BI-053-28,BI,53,5570A-1,CONSOLE,64 340,"PLATE, UPPER",FA01-64-350A,1,M/T,,no,M/T
BI-053-29,BI,53,5570A-1,CONSOLE,,SILVER METALLIC/BLACK,01,,,,no,M/T
BI-053-30,BI,53,5570A-1,CONSOLE,64 340A,INDICATOR,FA03-64-350,1,A/T,,yes,A/T
BI-053-31,BI,53,5570A-1,CONSOLE,,SILVER METALLIC,01,,,,yes,A/T
BI-053-32,BI,53,5570A-1,CONSOLE,64 345,"PANEL, SWITCH",FA01-64-451,1,,,yes,
BI-053-33,BI,53,5570A-1,CONSOLE,,SILVER METALLIC,01,,,,yes,
BI-053-34,BI,53,5570A-1,CONSOLE,64 345A,"BOX, COIN",FA02-64-451,1,(USE W/O SWITCH PANEL),,unclear,W/O switch panel; fitment unknown
BI-053-35,BI,53,5570A-1,CONSOLE,,SILVER METALLIC,01,,,,unclear,W/O switch panel; fitment unknown
BI-053-36,BI,53,5570A-1,CONSOLE,64 350,"BRACKET, FRONT",8871-64-370A,1,,,yes,
BI-053-37,BI,53,5570A-1,CONSOLE,64 360,"BRACKET, CENTER",FA01-64-381,1,,,yes,
BI-053-38,BI,53,5570A-1,CONSOLE,64 370,"BRACKET, REAR",8871-64-415,1,(USE W/ LARGE RR. CONSOLE),,yes,large rear console is GS (5570A-2)
BI-054-01,BI,54,5570A-2,CONSOLE,64 410,"CONSOLE, REAR",FA01-64-410C,1,,,yes,
BI-054-02,BI,54,5570A-2,CONSOLE,,BLACK,00,,,,yes,colour option
BI-054-03,BI,54,5570A-2,CONSOLE,,RED,10,,,,yes,colour option
BI-054-04,BI,54,5570A-2,CONSOLE,,TAN,29,,,,yes,colour option
BI-054-05,BI,54,5570A-2,CONSOLE,,BROWN,70,,,,yes,colour option
BI-054-06,BI,54,5570A-2,CONSOLE,,DARK TAN,81,,,,yes,colour option
BI-054-07,BI,54,5570A-2,CONSOLE,64 411A,"CASE, SWITCH PANEL",FA02-64-411,1,(SMALL TYPE),,unclear,small type; fitment unknown
BI-054-08,BI,54,5570A-2,CONSOLE,,BLACK,00,,,,unclear,small type; fitment unknown
BI-054-09,BI,54,5570A-2,CONSOLE,,RED,10,,,,unclear,small type; fitment unknown
BI-054-10,BI,54,5570A-2,CONSOLE,,TAN,29,,,FB331 ..600001-700000,unclear,small type; fitment unknown; FB331 serial range; VIN serial unknown
BI-054-11,BI,54,5570A-2,CONSOLE,,BROWN,70,,,,unclear,small type; fitment unknown
BI-054-12,BI,54,5570A-2,CONSOLE,,DARK TAN,81,,,FB331 ..700001-,unclear,small type; fitment unknown; FB331 serial range; VIN serial unknown
BI-054-13,BI,54,5570A-2,CONSOLE,64 430,"BRACKET, CENTER-REAR",8871-64-430A,1,(USE W/ SMALL RR. CONSOLE) S MODEL,,no,S MODEL
BI-054-14,BI,54,5570A-2,CONSOLE,,,FA01-64-430,1,(USE W/ LARGE RR. CONSOLE) GS & GSL MODELS,,yes,GS
BI-054-15,BI,54,5570A-2,CONSOLE,64 450,"LID, CONSOLE",FA01-64-420B,1,(USE W/ LARGE TYPE CONSOLE),,yes,large console is GS
BI-054-16,BI,54,5570A-2,CONSOLE,,BLACK,00,,,,yes,colour option
BI-054-17,BI,54,5570A-2,CONSOLE,,RED,10,,,,yes,colour option
BI-054-18,BI,54,5570A-2,CONSOLE,,TAN,29,,,,yes,colour option
BI-054-19,BI,54,5570A-2,CONSOLE,,BROWN,70,,,,yes,colour option
BI-054-20,BI,54,5570A-2,CONSOLE,,DARK TAN,81,,,,yes,colour option
BI-054-21,BI,54,5570A-2,CONSOLE,64 466,"SPRING, HINGE",FA01-64-413A,1,,,yes,
BI-054-22,BI,54,5570A-2,CONSOLE,64 481A,"STOPPER, CONSOLE LID",8871-64-412,1,,,yes,
BI-054-23,BI,54,5570A-2,CONSOLE,64 492,INSULATOR,FA01-64-492,1,M/T,,no,M/T
BI-054-24,BI,54,5570A-2,CONSOLE,64 901A,"CAP, FRONT CONSOLE",8871-64-901,4,,,yes,
BI-054-25,BI,54,5570A-2,CONSOLE,,BLACK,00,,,,yes,colour option
BI-054-26,BI,54,5570A-2,CONSOLE,,RED,11,,,,yes,colour option
BI-054-27,BI,54,5570A-2,CONSOLE,,BROWN,70,,,,yes,colour option
BI-054-28,BI,54,5570A-2,CONSOLE,,TAN,71,,,FB331 ..?00001-700000,unclear,FB331 serial range; VIN serial unknown
BI-054-29,BI,54,5570A-2,CONSOLE,,DARK TAN,75,,,FB331 ..700001-,unclear,FB331 serial range; VIN serial unknown
BI-054-30,BI,54,5570A-2,CONSOLE,68 832,"SEAT, BOOT",FA01-64-491,1,M/T,,no,M/T
BI-055-01,BI,55,5580A-1,VENTILATOR,60 120,"NOZZLE (R), DEFROSTER",8871-60-121,1,,,yes,
BI-055-02,BI,55,5580A-1,VENTILATOR,60 140,"NOZZLE (L), DEFROSTER",8871-60-141,1,,,yes,
BI-055-03,BI,55,5580A-1,VENTILATOR,60 181A,"DUCT (R), SIDE DEMISTER",8871-61-181,1,,,yes,
BI-055-04,BI,55,5580A-1,VENTILATOR,60 182,"DUCT (L), SIDE DEMISTER",8871-61-182,1,,,yes,
BI-055-05,BI,55,5580A-1,VENTILATOR,61 183,"DUCT (R), SIDE DEMISTER",8871-61-183A,1,,,yes,
BI-055-06,BI,55,5580A-1,VENTILATOR,61 184,"DUCT (L), SIDE DEMISTER",8871-61-184A,1,,,yes,
BI-055-07,BI,55,5580A-1,VENTILATOR,61 251,"HOSE, DEFROSTER",8871-61-251A,2,,,yes,
BI-055-08,BI,55,5580A-1,VENTILATOR,64 750A,"DUCT, CENTER",8871-64-750A,1,,,yes,
BI-055-09,BI,55,5580A-1,VENTILATOR,64 761B,DUCT (R),8871-64-761,1,,,yes,
BI-055-10,BI,55,5580A-1,VENTILATOR,64 771B,DUCT NO. 1 (L),8871-64-771A,1,,,yes,
BI-055-11,BI,55,5580A-1,VENTILATOR,64 772B,DUCT NO. 2 (L),8871-64-780B,1,,,yes,
BI-055-12,BI,55,5580A-1,VENTILATOR,64 773B,DUCT NO. 3 (L),8871-64-773,1,,,yes,
BI-055-13,BI,55,5580A-1,VENTILATOR,64 811A,"GUIDE, CENTER LOUVER",8871-64-811A,1,,,yes,
BI-055-14,BI,55,5580A-1,VENTILATOR,64 812A,"HOLDER, CENTER LOUVER",8871-64-812,1,,,yes,
BI-055-15,BI,55,5580A-1,VENTILATOR,64 815A,"LOUVER, CENTER",8570-64-815B,2,,,yes,
BI-055-16,BI,55,5580A-1,VENTILATOR,64 820,"GUIDE, LOUVER",8871-64-820,2,,,yes,
BI-055-17,BI,55,5580A-1,VENTILATOR,70 371A,"LOUVER, VENTILATOR",8341-64-825,2,,,yes,
BI-056-01,BI,56,5700A-1,SEATS ('81 & '82) MODELS,57 109,"SCREW, KNUCKLE",2155-57-109,8,,,yes,
BI-056-02,BI,56,5700A-1,SEATS ('81 & '82) MODELS,88 081,"KNOB, KNUCKLE",0305-57-081,2,(USE W/O KNUCKLE COVER),,unclear,knuckle cover fitment unknown
BI-056-03,BI,56,5700A-1,SEATS ('81 & '82) MODELS,,BLACK,00,,,,unclear,knuckle cover fitment unknown
BI-056-04,BI,56,5700A-1,SEATS ('81 & '82) MODELS,88 101,"KNUCKLE (R), RECLINING",8183-88-101,1,(USE W/ KNUCKLE COVER),,unclear,knuckle cover fitment unknown
BI-056-05,BI,56,5700A-1,SEATS ('81 & '82) MODELS,,,8531-88-101,1,(USE W/O KNUCKLE COVER),,unclear,knuckle cover fitment unknown
BI-056-06,BI,56,5700A-1,SEATS ('81 & '82) MODELS,88 102,ADJUSTER NO. 1,8183-88-102,1,,,yes,
BI-056-07,BI,56,5700A-1,SEATS ('81 & '82) MODELS,88 103,ADJUSTER NO. 2,F005-88-103,1,,,yes,
BI-056-08,BI,56,5700A-1,SEATS ('81 & '82) MODELS,88 104A,"RESTRAINT, HEAD",FA09-88-104,2,(FOR CLOTH-PLAID) GSL MODEL,,no,GSL MODEL
BI-056-09,BI,56,5700A-1,SEATS ('81 & '82) MODELS,,BLACK,00,,,,no,GSL MODEL
BI-056-10,BI,56,5700A-1,SEATS ('81 & '82) MODELS,,RED,10,,,,no,GSL MODEL
BI-056-11,BI,56,5700A-1,SEATS ('81 & '82) MODELS,,BROWN,70,,,,no,GSL MODEL
BI-056-12,BI,56,5700A-1,SEATS ('81 & '82) MODELS,88 105,BUSHING,8531-88-106,2,,,yes,
BI-056-13,BI,56,5700A-1,SEATS ('81 & '82) MODELS,88 106,WASHER,8531-88-105,2,,,yes,
BI-056-14,BI,56,5700A-1,SEATS ('81 & '82) MODELS,88 107A,"COVER, HINGE",8531-88-107,2,,,yes,
BI-056-15,BI,56,5700A-1,SEATS ('81 & '82) MODELS,88 110,"CUSHION (R), FRONT SEAT",FA07-88-110,1,(CLOTH-VELOUR) S & GS MODELS,,unclear,velour or vinyl trim; GS trim not recorded
BI-056-16,BI,56,5700A-1,SEATS ('81 & '82) MODELS,,BLACK,00,,,,unclear,velour or vinyl trim; GS trim not recorded
BI-056-17,BI,56,5700A-1,SEATS ('81 & '82) MODELS,,RED,10,,,,unclear,velour or vinyl trim; GS trim not recorded
BI-056-18,BI,56,5700A-1,SEATS ('81 & '82) MODELS,,BROWN,70,,,,unclear,velour or vinyl trim; GS trim not recorded
BI-056-19,BI,56,5700A-1,SEATS ('81 & '82) MODELS,,,FA08-88-110,1,(VINYL) S & GS MODELS,,unclear,velour or vinyl trim; GS trim not recorded
BI-056-20,BI,56,5700A-1,SEATS ('81 & '82) MODELS,,BLACK,00,,,,unclear,velour or vinyl trim; GS trim not recorded
BI-056-21,BI,56,5700A-1,SEATS ('81 & '82) MODELS,,BROWN,70,,,,unclear,velour or vinyl trim; GS trim not recorded
BI-056-22,BI,56,5700A-1,SEATS ('81 & '82) MODELS,,,FA09-88-110,1,(CLOTH-PLAID) GSL MODEL,,no,GSL MODEL
BI-056-23,BI,56,5700A-1,SEATS ('81 & '82) MODELS,,BLACK,00,,,,no,GSL MODEL
BI-056-24,BI,56,5700A-1,SEATS ('81 & '82) MODELS,,RED,10,,,,no,GSL MODEL
BI-056-25,BI,56,5700A-1,SEATS ('81 & '82) MODELS,,BROWN,70,,,,no,GSL MODEL
BI-056-26,BI,56,5700A-1,SEATS ('81 & '82) MODELS,88 111,"TRIM (R), SEAT CUSHION",FA07-88-111,1,(CLOTH-VELOUR) S & GS MODELS,,unclear,velour or vinyl trim; GS trim not recorded
BI-056-27,BI,56,5700A-1,SEATS ('81 & '82) MODELS,,BLACK,00,,,,unclear,velour or vinyl trim; GS trim not recorded
BI-056-28,BI,56,5700A-1,SEATS ('81 & '82) MODELS,,RED,10,,,,unclear,velour or vinyl trim; GS trim not recorded
BI-056-29,BI,56,5700A-1,SEATS ('81 & '82) MODELS,,BROWN,70,,,,unclear,velour or vinyl trim; GS trim not recorded
BI-056-30,BI,56,5700A-1,SEATS ('81 & '82) MODELS,,,FA08-88-111,1,(VINYL) S & GS MODELS,,unclear,velour or vinyl trim; GS trim not recorded
BI-056-31,BI,56,5700A-1,SEATS ('81 & '82) MODELS,,BLACK,00,,,,unclear,velour or vinyl trim; GS trim not recorded
BI-056-32,BI,56,5700A-1,SEATS ('81 & '82) MODELS,,BROWN,70,,,,unclear,velour or vinyl trim; GS trim not recorded
BI-056-33,BI,56,5700A-1,SEATS ('81 & '82) MODELS,,,FA09-88-111,1,(CLOTH-PLAID) GSL MODEL,,no,GSL MODEL
BI-056-34,BI,56,5700A-1,SEATS ('81 & '82) MODELS,,BLACK,00,,,,no,GSL MODEL
BI-057-01,BI,57,5700A-2,SEATS ('81 & '82) MODELS,88 111 (CONT'D),RED,10,,,,no,GSL MODEL
BI-057-02,BI,57,5700A-2,SEATS ('81 & '82) MODELS,,BROWN,70,,,,no,GSL MODEL
BI-057-03,BI,57,5700A-2,SEATS ('81 & '82) MODELS,88 116,"COVER (R), KNUCKLE",F007-88-120,1,(FOR NON HIGH BACK TYPE) '81 MODEL,,no,'81 MODEL
BI-057-04,BI,57,5700A-2,SEATS ('81 & '82) MODELS,,BLACK,00,,,,no,'81 MODEL
BI-057-05,BI,57,5700A-2,SEATS ('81 & '82) MODELS,,RED,10,,,,no,'81 MODEL
BI-057-06,BI,57,5700A-2,SEATS ('81 & '82) MODELS,,BROWN,70,,,,no,'81 MODEL
BI-057-07,BI,57,5700A-2,SEATS ('81 & '82) MODELS,,,8183-88-120,1,(FOR NON HIGH BACK TYPE) '82 MODEL,,unclear,'82; high back vs non high back unknown
BI-057-08,BI,57,5700A-2,SEATS ('81 & '82) MODELS,,BLACK,00,,,,unclear,'82; high back vs non high back unknown
BI-057-09,BI,57,5700A-2,SEATS ('81 & '82) MODELS,,RED,10,,,,unclear,'82; high back vs non high back unknown
BI-057-10,BI,57,5700A-2,SEATS ('81 & '82) MODELS,,BROWN,70,,,,unclear,'82; high back vs non high back unknown
BI-057-11,BI,57,5700A-2,SEATS ('81 & '82) MODELS,88 117,"SCREW, KNUCKLE",1243-88-117,2,(USE W/ KNUCKLE COVER),,unclear,knuckle cover fitment unknown
BI-057-12,BI,57,5700A-2,SEATS ('81 & '82) MODELS,88 120A,"FRAME & PAD (R), CUSHION",FA02-88-120,1,(FOR NON HIGH BACK TYPE),,unclear,high back vs non high back unknown
BI-057-13,BI,57,5700A-2,SEATS ('81 & '82) MODELS,,,8871-88-120A,1,(FOR HIGH BACK TYPE),,unclear,high back vs non high back unknown
BI-057-14,BI,57,5700A-2,SEATS ('81 & '82) MODELS,88 130,"BACK (R), FRONT SEAT",FA07-88-130,1,(CLOTH-VELOUR) S & GS MODELS,,unclear,velour or vinyl trim; GS trim not recorded
BI-057-15,BI,57,5700A-2,SEATS ('81 & '82) MODELS,,BLACK,00,,,,unclear,velour or vinyl trim; GS trim not recorded
BI-057-16,BI,57,5700A-2,SEATS ('81 & '82) MODELS,,RED,10,,,,unclear,velour or vinyl trim; GS trim not recorded
BI-057-17,BI,57,5700A-2,SEATS ('81 & '82) MODELS,,BROWN,70,,,,unclear,velour or vinyl trim; GS trim not recorded
BI-057-18,BI,57,5700A-2,SEATS ('81 & '82) MODELS,,,FA08-88-130,1,(VINYL) S & GS MODELS,,unclear,velour or vinyl trim; GS trim not recorded
BI-057-19,BI,57,5700A-2,SEATS ('81 & '82) MODELS,,BLACK,00,,,,unclear,velour or vinyl trim; GS trim not recorded
BI-057-20,BI,57,5700A-2,SEATS ('81 & '82) MODELS,,BROWN,70,,,,unclear,velour or vinyl trim; GS trim not recorded
BI-057-21,BI,57,5700A-2,SEATS ('81 & '82) MODELS,,,FA09-88-130,1,(CLOTH-PLAID) GSL MODEL,,no,GSL MODEL
BI-057-22,BI,57,5700A-2,SEATS ('81 & '82) MODELS,,BLACK,00,,,,no,GSL MODEL
BI-057-23,BI,57,5700A-2,SEATS ('81 & '82) MODELS,,RED,10,,,,no,GSL MODEL
BI-057-24,BI,57,5700A-2,SEATS ('81 & '82) MODELS,,BROWN,70,,,,no,GSL MODEL
BI-057-25,BI,57,5700A-2,SEATS ('81 & '82) MODELS,88 131,"TRIM (R), SEAT BACK",FA07-88-131,1,(CLOTH-VELOUR) S & GS MODELS,,unclear,velour or vinyl trim; GS trim not recorded
BI-057-26,BI,57,5700A-2,SEATS ('81 & '82) MODELS,,BLACK,00,,,,unclear,velour or vinyl trim; GS trim not recorded
BI-057-27,BI,57,5700A-2,SEATS ('81 & '82) MODELS,,RED,10,,,,unclear,velour or vinyl trim; GS trim not recorded
BI-057-28,BI,57,5700A-2,SEATS ('81 & '82) MODELS,,BROWN,70,,,,unclear,velour or vinyl trim; GS trim not recorded
BI-057-29,BI,57,5700A-2,SEATS ('81 & '82) MODELS,,,FA08-88-131,1,(VINYL) S & GS MODELS,,unclear,velour or vinyl trim; GS trim not recorded
BI-057-30,BI,57,5700A-2,SEATS ('81 & '82) MODELS,,BLACK,00,,,,unclear,velour or vinyl trim; GS trim not recorded
BI-057-31,BI,57,5700A-2,SEATS ('81 & '82) MODELS,,BROWN,70,,,,unclear,velour or vinyl trim; GS trim not recorded
BI-057-32,BI,57,5700A-2,SEATS ('81 & '82) MODELS,,,FA09-88-131,1,(CLOTH-PLAID) GSL MODEL,,no,GSL MODEL
BI-058-01,BI,58,5700A-3,SEATS ('81 & '82) MODELS,88 131 (CONT'D),BLACK,00,,,,no,GSL MODEL
BI-058-02,BI,58,5700A-3,SEATS ('81 & '82) MODELS,,RED,10,,,,no,GSL MODEL
BI-058-03,BI,58,5700A-3,SEATS ('81 & '82) MODELS,,BROWN,70,,,,no,GSL MODEL
BI-058-04,BI,58,5700A-3,SEATS ('81 & '82) MODELS,88 140B,"FRAME & PAD (R), BACK",FA02-88-140,1,(FOR NON HIGH BACK TYPE),,unclear,high back vs non high back unknown
BI-058-05,BI,58,5700A-3,SEATS ('81 & '82) MODELS,,,8871-88-140,1,(FOR HIGH BACK TYPE),,unclear,high back vs non high back unknown
BI-058-06,BI,58,5700A-3,SEATS ('81 & '82) MODELS,88 151,"KNUCKLE (L), RECLINING",FA09-88-151,1,(USE W/ KNUCKLE COVER),,unclear,knuckle cover fitment unknown
BI-058-07,BI,58,5700A-3,SEATS ('81 & '82) MODELS,,,8532-88-151,1,(USE W/O KNUCKLE COVER),,unclear,knuckle cover fitment unknown
BI-058-08,BI,58,5700A-3,SEATS ('81 & '82) MODELS,88 152,ADJUSTER NO. 3,F005-88-152,1,,,yes,
BI-058-09,BI,58,5700A-3,SEATS ('81 & '82) MODELS,88 153,ADJUSTER NO. 4,FA07-88-153,1,,,yes,
BI-058-10,BI,58,5700A-3,SEATS ('81 & '82) MODELS,88 160,"CUSHION (L), FRONT SEAT",FA07-88-160,1,(CLOTH-VELOUR) S & GS MODELS,,unclear,velour or vinyl trim; GS trim not recorded
BI-058-11,BI,58,5700A-3,SEATS ('81 & '82) MODELS,,BLACK,00,,,,unclear,velour or vinyl trim; GS trim not recorded
BI-058-12,BI,58,5700A-3,SEATS ('81 & '82) MODELS,,RED,10,,,,unclear,velour or vinyl trim; GS trim not recorded
BI-058-13,BI,58,5700A-3,SEATS ('81 & '82) MODELS,,BROWN,70,,,,unclear,velour or vinyl trim; GS trim not recorded
BI-058-14,BI,58,5700A-3,SEATS ('81 & '82) MODELS,,,FA08-88-160,1,(VINYL) S & GS MODELS,,unclear,velour or vinyl trim; GS trim not recorded
BI-058-15,BI,58,5700A-3,SEATS ('81 & '82) MODELS,,BLACK,00,,,,unclear,velour or vinyl trim; GS trim not recorded
BI-058-16,BI,58,5700A-3,SEATS ('81 & '82) MODELS,,BROWN,70,,,,unclear,velour or vinyl trim; GS trim not recorded
BI-058-17,BI,58,5700A-3,SEATS ('81 & '82) MODELS,,,FA09-88-160,1,(CLOTH-PLAID) GSL MODEL,,no,GSL MODEL
BI-058-18,BI,58,5700A-3,SEATS ('81 & '82) MODELS,,BLACK,00,,,,no,GSL MODEL
BI-058-19,BI,58,5700A-3,SEATS ('81 & '82) MODELS,,RED,10,,,,no,GSL MODEL
BI-058-20,BI,58,5700A-3,SEATS ('81 & '82) MODELS,,BROWN,70,,,,no,GSL MODEL
BI-058-21,BI,58,5700A-3,SEATS ('81 & '82) MODELS,88 161,"TRIM (L), SEAT CUSHION",FA07-88-161,1,(CLOTH-VELOUR) S & GS MODELS,,unclear,velour or vinyl trim; GS trim not recorded
BI-058-22,BI,58,5700A-3,SEATS ('81 & '82) MODELS,,BLACK,00,,,,unclear,velour or vinyl trim; GS trim not recorded
BI-058-23,BI,58,5700A-3,SEATS ('81 & '82) MODELS,,RED,10,,,,unclear,velour or vinyl trim; GS trim not recorded
BI-058-24,BI,58,5700A-3,SEATS ('81 & '82) MODELS,,BROWN,70,,,,unclear,velour or vinyl trim; GS trim not recorded
BI-058-25,BI,58,5700A-3,SEATS ('81 & '82) MODELS,,,FA08-88-161,1,(VINYL) S & GS MODELS,,unclear,velour or vinyl trim; GS trim not recorded
BI-058-26,BI,58,5700A-3,SEATS ('81 & '82) MODELS,,BLACK,00,,,,unclear,velour or vinyl trim; GS trim not recorded
BI-058-27,BI,58,5700A-3,SEATS ('81 & '82) MODELS,,BROWN,70,,,,unclear,velour or vinyl trim; GS trim not recorded
BI-058-28,BI,58,5700A-3,SEATS ('81 & '82) MODELS,,,FA09-88-161,1,(CLOTH-PLAID) GSL MODEL,,no,GSL MODEL
BI-058-29,BI,58,5700A-3,SEATS ('81 & '82) MODELS,,BLACK,00,,,,no,GSL MODEL
BI-058-30,BI,58,5700A-3,SEATS ('81 & '82) MODELS,,RED,10,,,,no,GSL MODEL
BI-058-31,BI,58,5700A-3,SEATS ('81 & '82) MODELS,,BROWN,70,,,,no,GSL MODEL
BI-058-32,BI,58,5700A-3,SEATS ('81 & '82) MODELS,88 166,"COVER (L), KNUCKLE",F007-88-170,1,(FOR NON HIGH BACK TYPE) '81 MODEL,,no,'81 MODEL
BI-058-33,BI,58,5700A-3,SEATS ('81 & '82) MODELS,,BLACK,00,,,,no,'81 MODEL
BI-059-01,BI,59,5700A-4,SEATS ('81 & '82) MODELS,88 166 (CONT'D),RED,10,,,,no,'81 MODEL
BI-059-02,BI,59,5700A-4,SEATS ('81 & '82) MODELS,,BROWN,70,,,,no,'81 MODEL
BI-059-03,BI,59,5700A-4,SEATS ('81 & '82) MODELS,,,8183-88-170,1,(FOR NON HIGH BACK TYPE) '82 MODEL,,unclear,'82; high back vs non high back unknown
BI-059-04,BI,59,5700A-4,SEATS ('81 & '82) MODELS,,BLACK,00,,,,unclear,'82; high back vs non high back unknown
BI-059-05,BI,59,5700A-4,SEATS ('81 & '82) MODELS,,RED,10,,,,unclear,'82; high back vs non high back unknown
BI-059-06,BI,59,5700A-4,SEATS ('81 & '82) MODELS,,BROWN,70,,,,unclear,'82; high back vs non high back unknown
BI-059-07,BI,59,5700A-4,SEATS ('81 & '82) MODELS,88 170A,"FRAME & PAD (L), CUSHION",FA02-88-170,1,(FOR NON HIGH BACK TYPE),,unclear,high back vs non high back unknown
BI-059-08,BI,59,5700A-4,SEATS ('81 & '82) MODELS,,,8871-88-170,1,(FOR HIGH BACK TYPE),,unclear,high back vs non high back unknown
BI-059-09,BI,59,5700A-4,SEATS ('81 & '82) MODELS,88 180,"BACK (L), FRONT SEAT",FA07-88-180,1,(CLOTH-VELOUR) S & GS MODELS,,unclear,velour or vinyl trim; GS trim not recorded
BI-059-10,BI,59,5700A-4,SEATS ('81 & '82) MODELS,,BLACK,00,,,,unclear,velour or vinyl trim; GS trim not recorded
BI-059-11,BI,59,5700A-4,SEATS ('81 & '82) MODELS,,RED,10,,,,unclear,velour or vinyl trim; GS trim not recorded
BI-059-12,BI,59,5700A-4,SEATS ('81 & '82) MODELS,,BROWN,70,,,,unclear,velour or vinyl trim; GS trim not recorded
BI-059-13,BI,59,5700A-4,SEATS ('81 & '82) MODELS,,,FA08-88-180,1,(VINYL) S & GS MODELS,,unclear,velour or vinyl trim; GS trim not recorded
BI-059-14,BI,59,5700A-4,SEATS ('81 & '82) MODELS,,BLACK,00,,,,unclear,velour or vinyl trim; GS trim not recorded
BI-059-15,BI,59,5700A-4,SEATS ('81 & '82) MODELS,,BROWN,70,,,,unclear,velour or vinyl trim; GS trim not recorded
BI-059-16,BI,59,5700A-4,SEATS ('81 & '82) MODELS,,,FA09-88-180,1,(CLOTH-PLAID) GSL MODEL,,no,GSL MODEL
BI-059-17,BI,59,5700A-4,SEATS ('81 & '82) MODELS,,BLACK,00,,,,no,GSL MODEL
BI-059-18,BI,59,5700A-4,SEATS ('81 & '82) MODELS,,RED,10,,,,no,GSL MODEL
BI-059-19,BI,59,5700A-4,SEATS ('81 & '82) MODELS,,BROWN,70,,,,no,GSL MODEL
BI-059-20,BI,59,5700A-4,SEATS ('81 & '82) MODELS,88 181,"TRIM (L), SEAT BACK",FA07-88-131,1,(CLOTH-VELOUR) S & GS MODELS,,unclear,velour or vinyl trim; GS trim not recorded
BI-059-21,BI,59,5700A-4,SEATS ('81 & '82) MODELS,,BLACK,00,,,,unclear,velour or vinyl trim; GS trim not recorded
BI-059-22,BI,59,5700A-4,SEATS ('81 & '82) MODELS,,RED,10,,,,unclear,velour or vinyl trim; GS trim not recorded
BI-059-23,BI,59,5700A-4,SEATS ('81 & '82) MODELS,,BROWN,70,,,,unclear,velour or vinyl trim; GS trim not recorded
BI-059-24,BI,59,5700A-4,SEATS ('81 & '82) MODELS,,,FA08-88-131,1,(VINYL) S & GS MODELS,,unclear,velour or vinyl trim; GS trim not recorded
BI-059-25,BI,59,5700A-4,SEATS ('81 & '82) MODELS,,BLACK,00,,,,unclear,velour or vinyl trim; GS trim not recorded
BI-059-26,BI,59,5700A-4,SEATS ('81 & '82) MODELS,,BROWN,70,,,,unclear,velour or vinyl trim; GS trim not recorded
BI-059-27,BI,59,5700A-4,SEATS ('81 & '82) MODELS,,,FA09-88-181,1,(CLOTH-PLAID) GSL MODEL,,no,GSL MODEL
BI-059-28,BI,59,5700A-4,SEATS ('81 & '82) MODELS,,BLACK,00,,,,no,GSL MODEL
BI-059-29,BI,59,5700A-4,SEATS ('81 & '82) MODELS,,RED,10,,,,no,GSL MODEL
BI-059-30,BI,59,5700A-4,SEATS ('81 & '82) MODELS,,BROWN,70,,,,no,GSL MODEL
BI-059-31,BI,59,5700A-4,SEATS ('81 & '82) MODELS,88 190,"FRAME & PAD (L), BACK",FA02-88-190,1,(FOR NON HIGH BACK TYPE),,unclear,high back vs non high back unknown
BI-059-32,BI,59,5700A-4,SEATS ('81 & '82) MODELS,,,8871-88-190,1,(FOR HIGH BACK TYPE),,unclear,high back vs non high back unknown
BI-061-01,BI,61,5700AA-1,SEATS ('83 MODEL),57 100,"SEAT (R), FRONT",FA07-57-100A,1,(CLOTH-VELOUR) S & GS MODELS,,no,'83 MODEL figure
BI-061-02,BI,61,5700AA-1,SEATS ('83 MODEL),,BLACK,01,,,,no,'83 MODEL figure
BI-061-03,BI,61,5700AA-1,SEATS ('83 MODEL),,RED,11,,,,no,'83 MODEL figure
BI-061-04,BI,61,5700AA-1,SEATS ('83 MODEL),,BROWN,71,,,,no,'83 MODEL figure
BI-061-05,BI,61,5700AA-1,SEATS ('83 MODEL),,,FA08-57-100A,1,(VINYL) S & GS MODELS,,no,'83 MODEL figure
BI-061-06,BI,61,5700AA-1,SEATS ('83 MODEL),,BLACK,01,,,,no,'83 MODEL figure
BI-061-07,BI,61,5700AA-1,SEATS ('83 MODEL),,BROWN,71,,,,no,'83 MODEL figure
BI-061-08,BI,61,5700AA-1,SEATS ('83 MODEL),,,FA09-57-100A,1,(CLOTH-PLAID) GSL MODEL,,no,'83 MODEL figure; GSL
BI-061-09,BI,61,5700AA-1,SEATS ('83 MODEL),,BLACK,01,,,,no,'83 MODEL figure; GSL
BI-061-10,BI,61,5700AA-1,SEATS ('83 MODEL),,RED,11,,,,no,'83 MODEL figure; GSL
BI-061-11,BI,61,5700AA-1,SEATS ('83 MODEL),,BROWN,71,,,,no,'83 MODEL figure; GSL
BI-061-12,BI,61,5700AA-1,SEATS ('83 MODEL),,,FA82-57-100,1,(LEATHER) GSL MODEL OPTION,,no,'83 MODEL figure; GSL option
BI-061-13,BI,61,5700AA-1,SEATS ('83 MODEL),,RED,10,,,,no,'83 MODEL figure; GSL option
BI-061-14,BI,61,5700AA-1,SEATS ('83 MODEL),,TAN,29,,,,no,'83 MODEL figure; GSL option
BI-061-15,BI,61,5700AA-1,SEATS ('83 MODEL),,BROWN,70,,,,no,'83 MODEL figure; GSL option
BI-061-16,BI,61,5700AA-1,SEATS ('83 MODEL),57 109,SCREW KNUCKLE,2155-57-109,8,,,no,'83 MODEL figure
BI-061-17,BI,61,5700AA-1,SEATS ('83 MODEL),57 150,"SEAT (L), FRONT",FA07-57-150A,1,(CLOTH-VELOUR) S & GS MODELS,,no,'83 MODEL figure
BI-061-18,BI,61,5700AA-1,SEATS ('83 MODEL),,BLACK,01,,,,no,'83 MODEL figure
BI-061-19,BI,61,5700AA-1,SEATS ('83 MODEL),,RED,11,,,,no,'83 MODEL figure
BI-061-20,BI,61,5700AA-1,SEATS ('83 MODEL),,BROWN,71,,,,no,'83 MODEL figure
BI-061-21,BI,61,5700AA-1,SEATS ('83 MODEL),,,FA08-57-150A,1,(VINYL) S & GS MODELS,,no,'83 MODEL figure
BI-061-22,BI,61,5700AA-1,SEATS ('83 MODEL),,BLACK,01,,,,no,'83 MODEL figure
BI-061-23,BI,61,5700AA-1,SEATS ('83 MODEL),,BROWN,71,,,,no,'83 MODEL figure
BI-061-24,BI,61,5700AA-1,SEATS ('83 MODEL),,,FA09-57-150A,1,(CLOTH-PLAID) S & GS MODELS,,no,'83 MODEL figure
BI-061-25,BI,61,5700AA-1,SEATS ('83 MODEL),,BLACK,01,,,,no,'83 MODEL figure
BI-061-26,BI,61,5700AA-1,SEATS ('83 MODEL),,RED,11,,,,no,'83 MODEL figure
BI-061-27,BI,61,5700AA-1,SEATS ('83 MODEL),,BROWN,71,,,,no,'83 MODEL figure
BI-061-28,BI,61,5700AA-1,SEATS ('83 MODEL),,,FA82-57-150,1,(LEATHER) GSL MODEL OPTION,,no,'83 MODEL figure; GSL option
BI-061-29,BI,61,5700AA-1,SEATS ('83 MODEL),,RED,10,,,,no,'83 MODEL figure; GSL option
BI-061-30,BI,61,5700AA-1,SEATS ('83 MODEL),,TAN,29,,,,no,'83 MODEL figure; GSL option
BI-061-31,BI,61,5700AA-1,SEATS ('83 MODEL),,BROWN,70,,,,no,'83 MODEL figure; GSL option
BI-061-32,BI,61,5700AA-1,SEATS ('83 MODEL),88 101,"KNUCKLE (R), RECLINING",8183-88-101,1,,,no,'83 MODEL figure
BI-061-33,BI,61,5700AA-1,SEATS ('83 MODEL),88 102,ADJUSTER NO. 1,8183-88-102,1,,,no,'83 MODEL figure
BI-061-34,BI,61,5700AA-1,SEATS ('83 MODEL),88 103,ADJUSTER NO. 2,F005-88-103,1,,,no,'83 MODEL figure
BI-062-01,BI,62,5700AA-2,SEATS ('83 MODEL),88 104A,"RESTRAINT, HEAD",FA07-88-104,2,(FOR CLOTH-VELOUR SEAT) S & GS MODELS,,no,'83 MODEL figure
BI-062-02,BI,62,5700AA-2,SEATS ('83 MODEL),,BLACK,01,,,,no,'83 MODEL figure
BI-062-03,BI,62,5700AA-2,SEATS ('83 MODEL),,RED,11,,,,no,'83 MODEL figure
BI-062-04,BI,62,5700AA-2,SEATS ('83 MODEL),,BROWN,71,,,,no,'83 MODEL figure
BI-062-05,BI,62,5700AA-2,SEATS ('83 MODEL),,,FA08-88-014,2,(FOR VINYL SEAT) S & GS MODELS,,no,'83 MODEL figure
BI-062-06,BI,62,5700AA-2,SEATS ('83 MODEL),,BLACK,01,,,,no,'83 MODEL figure
BI-062-07,BI,62,5700AA-2,SEATS ('83 MODEL),,BROWN,71,,,,no,'83 MODEL figure
BI-062-08,BI,62,5700AA-2,SEATS ('83 MODEL),,,FA09-88-104A,2,(FOR CLOTH-PLAID SEAT) GSL MODEL,,no,'83 MODEL figure; GSL
BI-062-09,BI,62,5700AA-2,SEATS ('83 MODEL),,BLACK,01,,,,no,'83 MODEL figure; GSL
BI-062-10,BI,62,5700AA-2,SEATS ('83 MODEL),,RED,11,,,,no,'83 MODEL figure; GSL
BI-062-11,BI,62,5700AA-2,SEATS ('83 MODEL),,BROWN,71,,,,no,'83 MODEL figure; GSL
BI-062-12,BI,62,5700AA-2,SEATS ('83 MODEL),88 105,BUSHING,8531-88-106,2,,,no,'83 MODEL figure
BI-062-13,BI,62,5700AA-2,SEATS ('83 MODEL),88 106,WASHER,8531-88-105,2,,,no,'83 MODEL figure
BI-062-14,BI,62,5700AA-2,SEATS ('83 MODEL),88 107A,"COVER, HINGE",8531-88-107,2,,,no,'83 MODEL figure
BI-062-15,BI,62,5700AA-2,SEATS ('83 MODEL),88 110,"CUSHION (R), FRONT SEAT",FA07-88-110A,1,(CLOTH-VELOUR) S & GS MODELS,,no,'83 MODEL figure
BI-062-16,BI,62,5700AA-2,SEATS ('83 MODEL),,BLACK,01,,,,no,'83 MODEL figure
BI-062-17,BI,62,5700AA-2,SEATS ('83 MODEL),,RED,11,,,,no,'83 MODEL figure
BI-062-18,BI,62,5700AA-2,SEATS ('83 MODEL),,BROWN,71,,,,no,'83 MODEL figure
BI-062-19,BI,62,5700AA-2,SEATS ('83 MODEL),,,FA08-88-110A,1,(VINYL) S & GS MODELS,,no,'83 MODEL figure
BI-062-20,BI,62,5700AA-2,SEATS ('83 MODEL),,BLACK,01,,,,no,'83 MODEL figure
BI-062-21,BI,62,5700AA-2,SEATS ('83 MODEL),,BROWN,71,,,,no,'83 MODEL figure
BI-062-22,BI,62,5700AA-2,SEATS ('83 MODEL),,,FA09-88-110A,1,(CLOTH-PLAID) GSL MODEL,,no,'83 MODEL figure; GSL
BI-062-23,BI,62,5700AA-2,SEATS ('83 MODEL),,BLACK,01,,,,no,'83 MODEL figure; GSL
BI-062-24,BI,62,5700AA-2,SEATS ('83 MODEL),,RED,11,,,,no,'83 MODEL figure; GSL
BI-062-25,BI,62,5700AA-2,SEATS ('83 MODEL),,BROWN,71,,,,no,'83 MODEL figure; GSL
BI-062-26,BI,62,5700AA-2,SEATS ('83 MODEL),88 111,"TRIM (R), SEAT CUSHION",FA07-88-111A,1,(CLOTH-VELOUR) S & GS MODELS,,no,'83 MODEL figure
BI-062-27,BI,62,5700AA-2,SEATS ('83 MODEL),,BLACK,01,,,,no,'83 MODEL figure
BI-062-28,BI,62,5700AA-2,SEATS ('83 MODEL),,RED,11,,,,no,'83 MODEL figure
BI-062-29,BI,62,5700AA-2,SEATS ('83 MODEL),,BROWN,71,,,,no,'83 MODEL figure
BI-062-30,BI,62,5700AA-2,SEATS ('83 MODEL),,,FA08-88-111A,1,(VINYL) S & GS MODELS,,no,'83 MODEL figure
BI-062-31,BI,62,5700AA-2,SEATS ('83 MODEL),,BLACK,01,,,,no,'83 MODEL figure
BI-062-32,BI,62,5700AA-2,SEATS ('83 MODEL),,BROWN,71,,,,no,'83 MODEL figure
BI-062-33,BI,62,5700AA-2,SEATS ('83 MODEL),,,FA09-88-111A,1,(CLOTH-PLAID) GSL MODEL,,no,'83 MODEL figure; GSL
BI-062-34,BI,62,5700AA-2,SEATS ('83 MODEL),,BLACK,01,,,,no,'83 MODEL figure; GSL
BI-063-01,BI,63,5700AA-3,SEATS ('83 MODEL),88 111 (CONT'D),RED,11,,,,no,'83 MODEL figure; GSL
BI-063-02,BI,63,5700AA-3,SEATS ('83 MODEL),,BROWN,71,,,,no,'83 MODEL figure; GSL
BI-063-03,BI,63,5700AA-3,SEATS ('83 MODEL),88 116,"COVER (R), KNUCKLE",8183-88-120,1,,,no,'83 MODEL figure
BI-063-04,BI,63,5700AA-3,SEATS ('83 MODEL),,BLACK,00,,,,no,'83 MODEL figure
BI-063-05,BI,63,5700AA-3,SEATS ('83 MODEL),,RED,10,,,,no,'83 MODEL figure
BI-063-06,BI,63,5700AA-3,SEATS ('83 MODEL),,TAN,29,,,,no,'83 MODEL figure
BI-063-07,BI,63,5700AA-3,SEATS ('83 MODEL),,BROWN,70,,,,no,'83 MODEL figure
BI-063-08,BI,63,5700AA-3,SEATS ('83 MODEL),88 117,"SCREW, KNUCKLE",1243-88-117,2,,,no,'83 MODEL figure
BI-063-09,BI,63,5700AA-3,SEATS ('83 MODEL),88 120A,"FRAME & PAD (R), CUSHION",FA09-88-120,1,,,no,'83 MODEL figure
BI-063-10,BI,63,5700AA-3,SEATS ('83 MODEL),88 130,"BACK (R), FRONT SEAT",FA07-88-130A,1,(CLOTH-VELOUR) S & GS MODELS,,no,'83 MODEL figure
BI-063-11,BI,63,5700AA-3,SEATS ('83 MODEL),,BLACK,01,,,,no,'83 MODEL figure
BI-063-12,BI,63,5700AA-3,SEATS ('83 MODEL),,RED,11,,,,no,'83 MODEL figure
BI-063-13,BI,63,5700AA-3,SEATS ('83 MODEL),,BROWN,71,,,,no,'83 MODEL figure
BI-063-14,BI,63,5700AA-3,SEATS ('83 MODEL),,,FA08-88-130A,1,(VINYL) S & GS MODELS,,no,'83 MODEL figure
BI-063-15,BI,63,5700AA-3,SEATS ('83 MODEL),,BLACK,01,,,,no,'83 MODEL figure
BI-063-16,BI,63,5700AA-3,SEATS ('83 MODEL),,BROWN,71,,,,no,'83 MODEL figure
BI-063-17,BI,63,5700AA-3,SEATS ('83 MODEL),,,FA09-88-130A,1,(CLOTH-PLAID) GSL MODEL,,no,'83 MODEL figure; GSL
BI-063-18,BI,63,5700AA-3,SEATS ('83 MODEL),,BLACK,01,,,,no,'83 MODEL figure; GSL
BI-063-19,BI,63,5700AA-3,SEATS ('83 MODEL),,RED,11,,,,no,'83 MODEL figure; GSL
BI-063-20,BI,63,5700AA-3,SEATS ('83 MODEL),,BROWN,71,,,,no,'83 MODEL figure; GSL
BI-063-21,BI,63,5700AA-3,SEATS ('83 MODEL),,,FA10-88-130A,1,(CLOTH-PLAID) GSL MODEL,,no,'83 MODEL figure; GSL
BI-063-22,BI,63,5700AA-3,SEATS ('83 MODEL),,BLACK,01,,,,no,'83 MODEL figure; GSL
BI-063-23,BI,63,5700AA-3,SEATS ('83 MODEL),,RED,11,,,,no,'83 MODEL figure; GSL
BI-063-24,BI,63,5700AA-3,SEATS ('83 MODEL),,BROWN,71,,,,no,'83 MODEL figure; GSL
BI-063-25,BI,63,5700AA-3,SEATS ('83 MODEL),88 131,"TRIM (R), SEAT BACK",FA07-88-131A,1,(CLOTH-VELOUR) S & GS MODELS,,no,'83 MODEL figure
BI-063-26,BI,63,5700AA-3,SEATS ('83 MODEL),,BLACK,01,,,,no,'83 MODEL figure
BI-063-27,BI,63,5700AA-3,SEATS ('83 MODEL),,RED,11,,,,no,'83 MODEL figure
BI-063-28,BI,63,5700AA-3,SEATS ('83 MODEL),,BROWN,71,,,,no,'83 MODEL figure
BI-063-29,BI,63,5700AA-3,SEATS ('83 MODEL),,,FA08-88-131A,1,(VINYL) S & GS MODELS,,no,'83 MODEL figure
BI-063-30,BI,63,5700AA-3,SEATS ('83 MODEL),,BLACK,01,,,,no,'83 MODEL figure
BI-063-31,BI,63,5700AA-3,SEATS ('83 MODEL),,BROWN,71,,,,no,'83 MODEL figure
BI-063-32,BI,63,5700AA-3,SEATS ('83 MODEL),,,FA09-88-131A,1,(CLOTH-PLAID) GSL MODEL,,no,'83 MODEL figure; GSL
BI-063-33,BI,63,5700AA-3,SEATS ('83 MODEL),,BLACK,01,,,,no,'83 MODEL figure; GSL
BI-063-34,BI,63,5700AA-3,SEATS ('83 MODEL),,RED,11,,,,no,'83 MODEL figure; GSL
BI-063-35,BI,63,5700AA-3,SEATS ('83 MODEL),,BROWN,71,,,,no,'83 MODEL figure; GSL
BI-064-01,BI,64,5700AA-4,SEATS ('83 MODEL),88 140A,"KNOB, LUMBAR SUPPORT",FA09-88-176,1,,,no,'83 MODEL figure
BI-064-02,BI,64,5700AA-4,SEATS ('83 MODEL),,BLACK,01,,,,no,'83 MODEL figure
BI-064-03,BI,64,5700AA-4,SEATS ('83 MODEL),,RED,11,,,,no,'83 MODEL figure
BI-064-04,BI,64,5700AA-4,SEATS ('83 MODEL),,TAN,29,,,,no,'83 MODEL figure
BI-064-05,BI,64,5700AA-4,SEATS ('83 MODEL),,BROWN,71,,,,no,'83 MODEL figure
BI-064-06,BI,64,5700AA-4,SEATS ('83 MODEL),88 140B,"FRAME & PAD (R), BACK",FA09-88-140,1,,,no,'83 MODEL figure
BI-064-07,BI,64,5700AA-4,SEATS ('83 MODEL),88 151,"KNUCKLE (L), RECLINING",FA09-88-151,1,,,no,'83 MODEL figure
BI-064-08,BI,64,5700AA-4,SEATS ('83 MODEL),88 152,ADJUSTER NO. 3,F005-88-152,1,,,no,'83 MODEL figure
BI-064-09,BI,64,5700AA-4,SEATS ('83 MODEL),88 153,ADJUSTER NO. 4,FA07-88-153,1,,,no,'83 MODEL figure
BI-064-10,BI,64,5700AA-4,SEATS ('83 MODEL),88 160,"CUSHION (L), FRT. SEAT",FA07-88-160A,1,(CLOTH-VELOUR) S & GS MODELS,,no,'83 MODEL figure
BI-064-11,BI,64,5700AA-4,SEATS ('83 MODEL),,BLACK,01,,,,no,'83 MODEL figure
BI-064-12,BI,64,5700AA-4,SEATS ('83 MODEL),,RED,11,,,,no,'83 MODEL figure
BI-064-13,BI,64,5700AA-4,SEATS ('83 MODEL),,BROWN,71,,,,no,'83 MODEL figure
BI-064-14,BI,64,5700AA-4,SEATS ('83 MODEL),,,FA08-88-160A,1,(VINYL) S & GS MODELS,,no,'83 MODEL figure
BI-064-15,BI,64,5700AA-4,SEATS ('83 MODEL),,BLACK,01,,,,no,'83 MODEL figure
BI-064-16,BI,64,5700AA-4,SEATS ('83 MODEL),,BROWN,71,,,,no,'83 MODEL figure
BI-064-17,BI,64,5700AA-4,SEATS ('83 MODEL),,,FA09-88-160A,1,(CLOTH-PLAID) GSL MODEL,,no,'83 MODEL figure; GSL
BI-064-18,BI,64,5700AA-4,SEATS ('83 MODEL),,BLACK,01,,,,no,'83 MODEL figure; GSL
BI-064-19,BI,64,5700AA-4,SEATS ('83 MODEL),,RED,11,,,,no,'83 MODEL figure; GSL
BI-064-20,BI,64,5700AA-4,SEATS ('83 MODEL),,BROWN,71,,,,no,'83 MODEL figure; GSL
BI-064-21,BI,64,5700AA-4,SEATS ('83 MODEL),88 161,"TRIM (L), SEAT CUSHION",FA07-88-161A,1,(CLOTH-VELOUR) S & GS MODELS,,no,'83 MODEL figure
BI-064-22,BI,64,5700AA-4,SEATS ('83 MODEL),,BLACK,01,,,,no,'83 MODEL figure
BI-064-23,BI,64,5700AA-4,SEATS ('83 MODEL),,RED,11,,,,no,'83 MODEL figure
BI-064-24,BI,64,5700AA-4,SEATS ('83 MODEL),,BROWN,71,,,,no,'83 MODEL figure
BI-064-25,BI,64,5700AA-4,SEATS ('83 MODEL),,,FA08-88-161A,1,(VINYL) S & GS MODELS,,no,'83 MODEL figure
BI-064-26,BI,64,5700AA-4,SEATS ('83 MODEL),,BLACK,01,,,,no,'83 MODEL figure
BI-064-27,BI,64,5700AA-4,SEATS ('83 MODEL),,BROWN,71,,,,no,'83 MODEL figure
BI-064-28,BI,64,5700AA-4,SEATS ('83 MODEL),,,FA09-88-161A,1,(CLOTH-PLAID) GSL MODEL,,no,'83 MODEL figure; GSL
BI-064-29,BI,64,5700AA-4,SEATS ('83 MODEL),,BLACK,01,,,,no,'83 MODEL figure; GSL
BI-064-30,BI,64,5700AA-4,SEATS ('83 MODEL),,RED,11,,,,no,'83 MODEL figure; GSL
BI-064-31,BI,64,5700AA-4,SEATS ('83 MODEL),,BROWN,71,,,,no,'83 MODEL figure; GSL
BI-064-32,BI,64,5700AA-4,SEATS ('83 MODEL),88 166,"COVER (L), KNUCKLE",8183-88-170,1,,,no,'83 MODEL figure
BI-064-33,BI,64,5700AA-4,SEATS ('83 MODEL),,BLACK,00,,,,no,'83 MODEL figure
BI-064-34,BI,64,5700AA-4,SEATS ('83 MODEL),,RED,10,,,,no,'83 MODEL figure
BI-064-35,BI,64,5700AA-4,SEATS ('83 MODEL),,TAN,29,,,,no,'83 MODEL figure
BI-064-36,BI,64,5700AA-4,SEATS ('83 MODEL),,BROWN,70,,,,no,'83 MODEL figure
BI-064-37,BI,64,5700AA-4,SEATS ('83 MODEL),88 170A,"FRAME & PAD (L), CUSHION",FA09-88-170,1,,,no,'83 MODEL figure
BI-065-01,BI,65,5700AA-5,SEATS ('83 MODEL),88 180,"BACK (L), FRONT SEAT",FA07-88-180A,1,(CLOTH-VELOUR) S & GS MODELS,,no,'83 MODEL figure
BI-065-02,BI,65,5700AA-5,SEATS ('83 MODEL),,BLACK,01,,,,no,'83 MODEL figure
BI-065-03,BI,65,5700AA-5,SEATS ('83 MODEL),,RED,11,,,,no,'83 MODEL figure
BI-065-04,BI,65,5700AA-5,SEATS ('83 MODEL),,BROWN,71,,,,no,'83 MODEL figure
BI-065-05,BI,65,5700AA-5,SEATS ('83 MODEL),,,FA08-88-180A,1,(VINYL) S & GS MODELS,,no,'83 MODEL figure
BI-065-06,BI,65,5700AA-5,SEATS ('83 MODEL),,BLACK,01,,,,no,'83 MODEL figure
BI-065-07,BI,65,5700AA-5,SEATS ('83 MODEL),,BROWN,71,,,,no,'83 MODEL figure
BI-065-08,BI,65,5700AA-5,SEATS ('83 MODEL),,,FA09-88-180A,1,(CLOTH-PLAID) GSL MODEL,,no,'83 MODEL figure; GSL
BI-065-09,BI,65,5700AA-5,SEATS ('83 MODEL),,BLACK,01,,,,no,'83 MODEL figure; GSL
BI-065-10,BI,65,5700AA-5,SEATS ('83 MODEL),,RED,11,,,,no,'83 MODEL figure; GSL
BI-065-11,BI,65,5700AA-5,SEATS ('83 MODEL),,BROWN,71,,,,no,'83 MODEL figure; GSL
BI-065-12,BI,65,5700AA-5,SEATS ('83 MODEL),,,FA10-88-180A,1,(CLOTH-PLAID) GSL MODEL,,no,'83 MODEL figure; GSL
BI-065-13,BI,65,5700AA-5,SEATS ('83 MODEL),,BLACK,01,,,,no,'83 MODEL figure; GSL
BI-065-14,BI,65,5700AA-5,SEATS ('83 MODEL),,RED,11,,,,no,'83 MODEL figure; GSL
BI-065-15,BI,65,5700AA-5,SEATS ('83 MODEL),,BROWN,71,,,,no,'83 MODEL figure; GSL
BI-065-16,BI,65,5700AA-5,SEATS ('83 MODEL),88 181,"TRIM (L), SEAT BACK",FA07-88-181A,1,(CLOTH-VELOUR) S & GS MODELS,,no,'83 MODEL figure
BI-065-17,BI,65,5700AA-5,SEATS ('83 MODEL),,BLACK,01,,,,no,'83 MODEL figure
BI-065-18,BI,65,5700AA-5,SEATS ('83 MODEL),,RED,11,,,,no,'83 MODEL figure
BI-065-19,BI,65,5700AA-5,SEATS ('83 MODEL),,BROWN,71,,,,no,'83 MODEL figure
BI-065-20,BI,65,5700AA-5,SEATS ('83 MODEL),,,FA08-88-181A,1,(VINYL) S & GS MODELS,,no,'83 MODEL figure
BI-065-21,BI,65,5700AA-5,SEATS ('83 MODEL),,BLACK,01,,,,no,'83 MODEL figure
BI-065-22,BI,65,5700AA-5,SEATS ('83 MODEL),,BROWN,71,,,,no,'83 MODEL figure
BI-065-23,BI,65,5700AA-5,SEATS ('83 MODEL),,,FA09-88-181A,1,(CLOTH-PLAID) GSL MODEL,,no,'83 MODEL figure; GSL
BI-065-24,BI,65,5700AA-5,SEATS ('83 MODEL),,BLACK,01,,,,no,'83 MODEL figure; GSL
BI-065-25,BI,65,5700AA-5,SEATS ('83 MODEL),,RED,11,,,,no,'83 MODEL figure; GSL
BI-065-26,BI,65,5700AA-5,SEATS ('83 MODEL),,BROWN,71,,,,no,'83 MODEL figure; GSL
BI-065-27,BI,65,5700AA-5,SEATS ('83 MODEL),88 190,"FRAME & PAD (L), BACK",FA09-88-190,1,,,no,'83 MODEL figure
BI-066-01,BI,66,5790A-1,SEAT BELTS,57 630,"BELT 'B' (R), FRONT SEAT",FA30-57-630,2,'82 & '83 MODELS,,yes,'82 & '83 MODELS
BI-066-02,BI,66,5790A-1,SEAT BELTS,,BLACK,00,,,,unclear,colour code of FA30-57-630; trim colour not known
BI-066-03,BI,66,5790A-1,SEAT BELTS,,RED/BLACK,12,,,,unclear,colour code of FA30-57-630; trim colour not known
BI-066-04,BI,66,5790A-1,SEAT BELTS,,BROWN,24,,,,unclear,colour code of FA30-57-630; trim colour not known
BI-066-05,BI,66,5790A-1,SEAT BELTS,,TAN/BLACK,29,,,,unclear,colour code of FA30-57-630; trim colour not known
BI-066-06,BI,66,5790A-1,SEAT BELTS,57 633,BUSHING,8872-57-633,2,'81 MODEL,,no,'81 MODEL
BI-066-07,BI,66,5790A-1,SEAT BELTS,57 900,"BELT (R), FRONT SEAT",8872-57-610A,1,'81 MODEL,FB331 ..500001-533893,no,'81 MODEL
BI-066-08,BI,66,5790A-1,SEAT BELTS,,BLACK,00,,,,no,'81 MODEL
BI-066-09,BI,66,5790A-1,SEAT BELTS,,WINE/BLACK,12,,,,no,'81 MODEL
BI-066-10,BI,66,5790A-1,SEAT BELTS,,BROWN/BLACK,24,,,,no,'81 MODEL
BI-066-11,BI,66,5790A-1,SEAT BELTS,,,8872-57-610B,1,'81 MODEL,FB331 ..533894-,no,'81 MODEL
BI-066-12,BI,66,5790A-1,SEAT BELTS,,BLACK,00,,,,no,'81 MODEL
BI-066-13,BI,66,5790A-1,SEAT BELTS,,WINE/BLACK,12,,,,no,'81 MODEL
BI-066-14,BI,66,5790A-1,SEAT BELTS,,BROWN/BLACK,24,,,,no,'81 MODEL
BI-066-15,BI,66,5790A-1,SEAT BELTS,,,FA30-57-610,1,'82 MODEL,FB331 ..600001-622565,yes,'82 MODEL; only '82 part (serial range is the '82 run)
BI-066-16,BI,66,5790A-1,SEAT BELTS,,BLACK,00,,,,unclear,colour code of FA30-57-610; trim colour not known
BI-066-17,BI,66,5790A-1,SEAT BELTS,,WINE/RED,12,,,,unclear,colour code of FA30-57-610; trim colour not known
BI-066-18,BI,66,5790A-1,SEAT BELTS,,BROWN,24,,,,unclear,colour code of FA30-57-610; trim colour not known
BI-066-19,BI,66,5790A-1,SEAT BELTS,,TAN/BLACK,29,,,,unclear,colour code of FA30-57-610; trim colour not known
BI-066-20,BI,66,5790A-1,SEAT BELTS,57 900A,"BELT 'A' (R), FRONT SEAT",8872-57-620A,1,'81 MODEL,,no,'81 MODEL
BI-066-21,BI,66,5790A-1,SEAT BELTS,,BLACK,00,,,,no,'81 MODEL
BI-066-22,BI,66,5790A-1,SEAT BELTS,,WINE/BLACK,12,,,,no,'81 MODEL
BI-066-23,BI,66,5790A-1,SEAT BELTS,,BROWN/BLACK,24,,,,no,'81 MODEL
BI-066-24,BI,66,5790A-1,SEAT BELTS,,,FA30-57-620,1,'82 & '83 MODELS,,yes,'82 & '83 MODELS
BI-066-25,BI,66,5790A-1,SEAT BELTS,,BLACK,00,,,,unclear,colour code of FA30-57-620; trim colour not known
BI-066-26,BI,66,5790A-1,SEAT BELTS,,RED,12,,,,unclear,colour code of FA30-57-620; trim colour not known
BI-066-27,BI,66,5790A-1,SEAT BELTS,,BROWN/BLACK,24,,,,unclear,colour code of FA30-57-620; trim colour not known
BI-066-28,BI,66,5790A-1,SEAT BELTS,,TAN/BLACK,29,,,FB331 ..600001-700000,unclear,colour code of FA30-57-620; FB331 600001-700000 covers '82; trim colour not known
BI-066-29,BI,66,5790A-1,SEAT BELTS,,DARK TAN,75,,,FB331 ..700001-,no,FB331 700001- is '83 serials
BI-066-30,BI,66,5790A-1,SEAT BELTS,57 920,"BELT (L), FRONT SEAT",8872-57-670A,1,'81 MODEL,FB331 . 500001-533893,no,'81 MODEL
BI-066-31,BI,66,5790A-1,SEAT BELTS,,BLACK,00,,,,no,'81 MODEL
BI-066-32,BI,66,5790A-1,SEAT BELTS,,WINE/BLACK,12,,,,no,'81 MODEL
BI-066-33,BI,66,5790A-1,SEAT BELTS,,BROWN/BLACK,24,,,,no,'81 MODEL
BI-066-34,BI,66,5790A-1,SEAT BELTS,,,8872-57-670B,1,'81 MODEL,FB331 ..533894-,no,'81 MODEL
BI-066-35,BI,66,5790A-1,SEAT BELTS,,BLACK,00,,,,no,'81 MODEL
BI-066-36,BI,66,5790A-1,SEAT BELTS,,WINE/BLACK,12,,,,no,'81 MODEL
BI-066-37,BI,66,5790A-1,SEAT BELTS,,BROWN/BLACK,24,,,,no,'81 MODEL
BI-066-38,BI,66,5790A-1,SEAT BELTS,,,FA30-57-670,1,'82 MODEL,FB331 ..600001-622565,yes,'82 MODEL; only '82 part (serial range is the '82 run)
BI-066-39,BI,66,5790A-1,SEAT BELTS,,BLACK,0?,,,,unclear,colour code of FA30-57-670; trim colour not known
BI-066-40,BI,66,5790A-1,SEAT BELTS,,WINE/RED,12,,,,unclear,colour code of FA30-57-670; trim colour not known
BI-067-01,BI,67,5790A-2,SEAT BELTS,57 920 (CONT'D),BROWN,24,,,,unclear,colour code of FA30-57-670; trim colour not known
BI-067-02,BI,67,5790A-2,SEAT BELTS,,TAN/BLACK,29,,,,unclear,colour code of FA30-57-670; trim colour not known
BI-067-03,BI,67,5790A-2,SEAT BELTS,57 920A,"BELT 'A' (L), FRONT SEAT",8872-57-680A,1,'81 MODEL,,no,'81 MODEL
BI-067-04,BI,67,5790A-2,SEAT BELTS,,BLACK,00,,,,no,'81 MODEL
BI-067-05,BI,67,5790A-2,SEAT BELTS,,WINE/BLACK,12,,,,no,'81 MODEL
BI-067-06,BI,67,5790A-2,SEAT BELTS,,BROWN/BLACK,24,,,,no,'81 MODEL
BI-067-07,BI,67,5790A-2,SEAT BELTS,,,FA30-57-680,1,'82 & '83 MODELS,,yes,'82 & '83 MODELS
BI-067-08,BI,67,5790A-2,SEAT BELTS,,BLACK,00,,,,unclear,colour code of FA30-57-680; trim colour not known
BI-067-09,BI,67,5790A-2,SEAT BELTS,,RED,12,,,,unclear,colour code of FA30-57-680; trim colour not known
BI-067-10,BI,67,5790A-2,SEAT BELTS,,BROWN/BLACK,24,,,,unclear,colour code of FA30-57-680; trim colour not known
BI-067-11,BI,67,5790A-2,SEAT BELTS,,TAN/BLACK,29,,,FB331 ..600001-700000,unclear,colour code of FA30-57-680; FB331 600001-700000 covers '82; trim colour not known
BI-067-12,BI,67,5790A-2,SEAT BELTS,,DARK TAN,75,,,FB331 ..700001-,no,FB331 700001- is '83 serials
BI-068-01,BI,68,5800A-1,FRONT DOOR,57 318,"RUBBER, SUPPORT",0286-57-318,2,,,yes,
BI-068-02,BI,68,5800A-1,FRONT DOOR,58 010,"BODY (R), FRONT DOOR",FA54-58-010H,1,,,yes,
BI-068-03,BI,68,5800A-1,FRONT DOOR,,"BODY (L), FRONT DOOR",FA54-59-010H,1,,,yes,
BI-068-04,BI,68,5800A-1,FRONT DOOR,58 020,"PANEL (R), OUTER",8981-58-020E,1,,,yes,
BI-068-05,BI,68,5800A-1,FRONT DOOR,,"PANEL (L), OUTER",8871-59-020E,1,,,yes,
BI-068-06,BI,68,5800A-1,FRONT DOOR,58 500,"GLASS (R), DOOR",8871-58-501E,1,,,yes,
BI-068-07,BI,68,5800A-1,FRONT DOOR,,"GLASS (L), DOOR",8871-59-501E,1,,,yes,
BI-068-08,BI,68,5800A-1,FRONT DOOR,58 601,"GUIDE 'A' (R), GLASS",8871-58-603,1,,,yes,
BI-068-09,BI,68,5800A-1,FRONT DOOR,,"GUIDE 'A' (L), GLASS",8871-59-603,1,,,yes,
BI-068-10,BI,68,5800A-1,FRONT DOOR,58 605A,"CHANNEL, GLASS",8871-58-605C,2,,,yes,
BI-068-11,BI,68,5800A-1,FRONT DOOR,58 755,"WELT, SEAMING",FA02-68-911,2,,,yes,
BI-068-12,BI,68,5800A-1,FRONT DOOR,,BLACK,01,,,,unclear,colour code of FA02-68-911; trim colour not known
BI-068-13,BI,68,5800A-1,FRONT DOOR,,RED,12,,,,unclear,colour code of FA02-68-911; trim colour not known
BI-068-14,BI,68,5800A-1,FRONT DOOR,,TAN,29,,,,unclear,colour code of FA02-68-911; trim colour not known
BI-068-15,BI,68,5800A-1,FRONT DOOR,,BROWN,34,,,,unclear,colour code of FA02-68-911; trim colour not known
BI-068-16,BI,68,5800A-1,FRONT DOOR,58 760,"WEATHERSTRIP (R), DOOR",8871-58-760,1,,,yes,
BI-068-17,BI,68,5800A-1,FRONT DOOR,,"WEATHERSTRIP (L), DOOR",8871-59-760,1,,,yes,
BI-068-18,BI,68,5800A-1,FRONT DOOR,58 762,FASTENER,0305-58-762,42,,,yes,
BI-068-19,BI,68,5800A-1,FRONT DOOR,72 502A,"GROMMET, SCREW",8544-72-502,4,,,yes,
BI-069-01,BI,69,5830A-1,FRONT DOOR MECHANISM,58 210,"HINGE (R), DOOR-UPPER",8871-58-210,1,,,yes,
BI-069-02,BI,69,5830A-1,FRONT DOOR MECHANISM,,"HINGE (L), DOOR-UPPER",8871-59-210,1,,,yes,
BI-069-03,BI,69,5830A-1,FRONT DOOR MECHANISM,58 215,"SPACER, HINGE-UPPER",1011-58-231,2,,,yes,
BI-069-04,BI,69,5830A-1,FRONT DOOR MECHANISM,58 240,"HINGE (R), DOOR-LOWER",B032-58-240,1,,,yes,
BI-069-05,BI,69,5830A-1,FRONT DOOR MECHANISM,,"HINGE (L), DOOR-LOWER",8531-59-240A,1,,,yes,
BI-069-06,BI,69,5830A-1,FRONT DOOR MECHANISM,58 245,"SPACER, HINGE-LOWER",8531-58-231A,2,,,yes,
BI-069-07,BI,69,5830A-1,FRONT DOOR MECHANISM,58 303B,"COVER, INNER HANDLE",8116-58-303,2,,,yes,
BI-069-08,BI,69,5830A-1,FRONT DOOR MECHANISM,,BLACK,00,,,,unclear,colour code of 8116-58-303; trim colour not known
BI-069-09,BI,69,5830A-1,FRONT DOOR MECHANISM,,RED,12,,,,unclear,colour code of 8116-58-303; trim colour not known
BI-069-10,BI,69,5830A-1,FRONT DOOR MECHANISM,,BROWN,27,,,,unclear,colour code of 8116-58-303; trim colour not known
BI-069-11,BI,69,5830A-1,FRONT DOOR MECHANISM,,TAN,29,,,FB331 ..600001-,unclear,colour code; FB331 600001- ('82 on); trim colour not known
BI-069-12,BI,69,5830A-1,FRONT DOOR MECHANISM,58 309,"HOLDER, ROD",0305-58-309,4,,,yes,
BI-069-13,BI,69,5830A-1,FRONT DOOR MECHANISM,58 310,"LOCK (R), DOOR",8871-58-310E,1,'81 & '82 MODELS,,yes,'81 & '82 MODELS
BI-069-14,BI,69,5830A-1,FRONT DOOR MECHANISM,,,F023-58-310,1,'83 MODEL,,no,'83 MODEL
BI-069-15,BI,69,5830A-1,FRONT DOOR MECHANISM,,"LOCK (L), DOOR",8871-59-310E,1,'81 & '82 MODELS,,yes,'81 & '82 MODELS
BI-069-16,BI,69,5830A-1,FRONT DOOR MECHANISM,,,F023-59-310,1,'83 MODEL,,no,'83 MODEL
BI-069-17,BI,69,5830A-1,FRONT DOOR MECHANISM,58 314A,JOINT,1243-58-314,2,,,yes,
BI-069-18,BI,69,5830A-1,FRONT DOOR MECHANISM,58 321C,"HANDLE, INNER",8545-58-330,2,,,yes,
BI-069-19,BI,69,5830A-1,FRONT DOOR MECHANISM,58 370,"HANDLE, REGULATOR",8038-58-580A,2,S & GS MODELS,,yes,S & GS MODELS
BI-069-20,BI,69,5830A-1,FRONT DOOR MECHANISM,,BLACK,02,,,,unclear,colour code of 8038-58-580A; trim colour not known
BI-069-21,BI,69,5830A-1,FRONT DOOR MECHANISM,,RED,12,,,,unclear,colour code of 8038-58-580A; trim colour not known
BI-069-22,BI,69,5830A-1,FRONT DOOR MECHANISM,,BROWN,27,,,,unclear,colour code of 8038-58-580A; trim colour not known
BI-069-23,BI,69,5830A-1,FRONT DOOR MECHANISM,,TAN,29,,,FB331 ..600001-,unclear,colour code; FB331 600001- ('82 on); trim colour not known
BI-069-24,BI,69,5830A-1,FRONT DOOR MECHANISM,58 375,ESCUTCHEON,0223-58-375A,2,S & GS MODELS,,yes,S & GS MODELS
BI-069-25,BI,69,5830A-1,FRONT DOOR MECHANISM,,BLACK,00,,,,unclear,colour code of 0223-58-375A; trim colour not known
BI-069-26,BI,69,5830A-1,FRONT DOOR MECHANISM,,RED,12,,,,unclear,colour code of 0223-58-375A; trim colour not known
BI-069-27,BI,69,5830A-1,FRONT DOOR MECHANISM,,BROWN,27,,,,unclear,colour code of 0223-58-375A; trim colour not known
BI-069-28,BI,69,5830A-1,FRONT DOOR MECHANISM,,TAN,29,,,FB331 ..600001-,unclear,colour code; FB331 600001- ('82 on); trim colour not known
BI-069-29,BI,69,5830A-1,FRONT DOOR MECHANISM,58 411,BUSHING,1243-58-411,2,,,yes,
BI-069-30,BI,69,5830A-1,FRONT DOOR MECHANISM,58 420,"HANDLE (R), OUTER",8871-58-410C,1,,,yes,
BI-069-31,BI,69,5830A-1,FRONT DOOR MECHANISM,,"HANDLE (L), OUTER",8871-59-410C,1,,,yes,
BI-069-32,BI,69,5830A-1,FRONT DOOR MECHANISM,58 552,"GASKET, REGULATOR HANDLE",0259-58-305B,2,,,yes,
BI-069-33,BI,69,5830A-1,FRONT DOOR MECHANISM,58 560,"REGULATOR (R), WINDOW",8871-58-560A,1,S & GS MODELS,,yes,S & GS MODELS
BI-069-34,BI,69,5830A-1,FRONT DOOR MECHANISM,,,FA02-58-560,1,GSL MODEL,,no,GSL MODEL
BI-069-35,BI,69,5830A-1,FRONT DOOR MECHANISM,,"REGULATOR (L), WINDOW",8871-59-560A,1,S & GS MODELS,,yes,S & GS MODELS
BI-069-36,BI,69,5830A-1,FRONT DOOR MECHANISM,,,FA02-59-550,1,GSL MODEL,,no,GSL MODEL
BI-069-37,BI,69,5830A-1,FRONT DOOR MECHANISM,58 560A,"ARM (R), REGULATOR",FA02-58-590,1,GSL MODEL,,no,GSL MODEL
BI-069-38,BI,69,5830A-1,FRONT DOOR MECHANISM,,"ARM (L), REGULATOR",FA02-59-590,1,GSL MODEL,,no,GSL MODEL
BI-069-39,BI,69,5830A-1,FRONT DOOR MECHANISM,58 570A,STRIKER,8531-58-361,2,,,yes,
BI-069-40,BI,69,5830A-1,FRONT DOOR MECHANISM,58 580,"MOTOR (R), WINDOW",G018-59-580,1,GSL MODEL,,no,GSL MODEL
BI-070-01,BI,70,5830A-2,FRONT DOOR MECHANISM,58 580 (CONT'D),<A>,G019-59-580,1,,,no,alternative to GSL-only motor
BI-070-02,BI,70,5830A-2,FRONT DOOR MECHANISM,,"MOTOR (L), WINDOW",G018-58-580,1,GSL MODEL,,no,GSL MODEL
BI-070-03,BI,70,5830A-2,FRONT DOOR MECHANISM,,<A>,G019-58-580,1,,,no,alternative to GSL-only motor
BI-070-04,BI,70,5830A-2,FRONT DOOR MECHANISM,58 585A,"CAP, REGULATOR HANDLE",8037-58-585,2,S & GS MODELS,,yes,S & GS MODELS
BI-070-05,BI,70,5830A-2,FRONT DOOR MECHANISM,,BLACK,02,,,,unclear,colour code of 8037-58-585; trim colour not known
BI-070-06,BI,70,5830A-2,FRONT DOOR MECHANISM,,RED,12,,,,unclear,colour code of 8037-58-585; trim colour not known
BI-070-07,BI,70,5830A-2,FRONT DOOR MECHANISM,,BROWN,27,,,,unclear,colour code of 8037-58-585; trim colour not known
BI-070-08,BI,70,5830A-2,FRONT DOOR MECHANISM,,TAN,29,,,FB331 ..600001-,unclear,colour code; FB331 600001- ('82 on); trim colour not known
BI-070-09,BI,70,5830A-2,FRONT DOOR MECHANISM,58 691,"KNOB, DOOR LOCK",G030-58-316A,2,,,yes,
BI-070-10,BI,70,5830A-2,FRONT DOOR MECHANISM,,BLACK,00,,,,yes,only colour listed
BI-070-11,BI,70,5830A-2,FRONT DOOR MECHANISM,58 906,"CUSHION, DOOR",0259-58-906,2,,,yes,
BI-070-12,BI,70,5830A-2,FRONT DOOR MECHANISM,72 852B,INSULATION,0305-72-852A,2,'82 & '83 MODELS,,yes,'82 & '83 MODELS
BI-072-01,BI,72,5840A-1,FRONT DOOR TRIM & RELATED PARTS,58 811A,"WEATHERSTRIP, OUTER",8871-53-781,2,,,yes,
BI-072-02,BI,72,5840A-1,FRONT DOOR TRIM & RELATED PARTS,58 821A,"WEATHERSTRIP, INNER",8871-58-791,2,,,yes,
BI-072-03,BI,72,5840A-1,FRONT DOOR TRIM & RELATED PARTS,58 921,FASTENER,0208-58-921,22,,,yes,
BI-072-04,BI,72,5840A-1,FRONT DOOR TRIM & RELATED PARTS,58 922,"CAP, FASTENER",0187-58-922,22,,,yes,
BI-072-05,BI,72,5840A-1,FRONT DOOR TRIM & RELATED PARTS,68 420,"TRIM (R), DOOR",FA01-68-420A,1,S & GS MODELS,,unclear,S & GS; colour/trim not known
BI-072-06,BI,72,5840A-1,FRONT DOOR TRIM & RELATED PARTS,,RED,10,,,,unclear,colour/trim not known
BI-072-07,BI,72,5840A-1,FRONT DOOR TRIM & RELATED PARTS,,<A>,FA01-68-420D,1,(VINYL) S & GS MODELS,,unclear,vinyl S & GS; trim material not known
BI-072-08,BI,72,5840A-1,FRONT DOOR TRIM & RELATED PARTS,,BLACK,00,,,,unclear,colour/trim not known
BI-072-09,BI,72,5840A-1,FRONT DOOR TRIM & RELATED PARTS,,RED,10,,,,unclear,colour/trim not known
BI-072-10,BI,72,5840A-1,FRONT DOOR TRIM & RELATED PARTS,,BROWN,70,,,,unclear,colour/trim not known
BI-072-11,BI,72,5840A-1,FRONT DOOR TRIM & RELATED PARTS,,,FA02-68-420D,1,(CLOTH) S & GS MODELS,,unclear,cloth S & GS; trim material not known
BI-072-12,BI,72,5840A-1,FRONT DOOR TRIM & RELATED PARTS,,BLACK,00,,,,unclear,colour/trim not known
BI-072-13,BI,72,5840A-1,FRONT DOOR TRIM & RELATED PARTS,,RED,10,,,,unclear,colour/trim not known
BI-072-14,BI,72,5840A-1,FRONT DOOR TRIM & RELATED PARTS,,BROWN,70,,,,unclear,colour/trim not known
BI-072-15,BI,72,5840A-1,FRONT DOOR TRIM & RELATED PARTS,,,FA03-68-420A,1,(CLOTH) GSL MODEL,,no,GSL
BI-072-16,BI,72,5840A-1,FRONT DOOR TRIM & RELATED PARTS,,RED,10,,,,no,GSL
BI-072-17,BI,72,5840A-1,FRONT DOOR TRIM & RELATED PARTS,,<A>,FA03-68-420D,1,(CLOTH) GSL MODEL,,no,GSL
BI-072-18,BI,72,5840A-1,FRONT DOOR TRIM & RELATED PARTS,,BLACK,00,,,,no,GSL
BI-072-19,BI,72,5840A-1,FRONT DOOR TRIM & RELATED PARTS,,RED,10,,,,no,GSL
BI-072-20,BI,72,5840A-1,FRONT DOOR TRIM & RELATED PARTS,,BROWN,70,,,,no,GSL
BI-072-21,BI,72,5840A-1,FRONT DOOR TRIM & RELATED PARTS,,,FA04-68-420A,1,(LEATHER) '81 GSL MODEL,FB331 ..500001-600000,no,'81 GSL
BI-072-22,BI,72,5840A-1,FRONT DOOR TRIM & RELATED PARTS,,RED,10,,,,no,'81 GSL
BI-072-23,BI,72,5840A-1,FRONT DOOR TRIM & RELATED PARTS,,BROWN,70,,,,no,'81 GSL
BI-072-24,BI,72,5840A-1,FRONT DOOR TRIM & RELATED PARTS,,,FA05-68-420C,1,(LEATHER) GSL MODEL,,no,GSL
BI-072-25,BI,72,5840A-1,FRONT DOOR TRIM & RELATED PARTS,,RED,10,,,,no,GSL
BI-072-26,BI,72,5840A-1,FRONT DOOR TRIM & RELATED PARTS,,TAN,29,,,,no,GSL
BI-072-27,BI,72,5840A-1,FRONT DOOR TRIM & RELATED PARTS,,BROWN,70,,,,no,GSL
BI-072-28,BI,72,5840A-1,FRONT DOOR TRIM & RELATED PARTS,,,FA42-68-420A,1,(VINYL) '83 S & GS MODELS,,no,'83
BI-072-29,BI,72,5840A-1,FRONT DOOR TRIM & RELATED PARTS,,BLACK,01,,,,no,'83
BI-072-30,BI,72,5840A-1,FRONT DOOR TRIM & RELATED PARTS,,RED,11,,,,no,'83
BI-072-31,BI,72,5840A-1,FRONT DOOR TRIM & RELATED PARTS,,BROWN,71,,,,no,'83
BI-072-32,BI,72,5840A-1,FRONT DOOR TRIM & RELATED PARTS,,"TRIM (L), DOOR",FA01-68-450D,1,(VINYL) S & GS MODELS,,unclear,vinyl S & GS; trim material not known
BI-072-33,BI,72,5840A-1,FRONT DOOR TRIM & RELATED PARTS,,BLACK,00,,,,unclear,colour/trim not known
BI-072-34,BI,72,5840A-1,FRONT DOOR TRIM & RELATED PARTS,,RED,10,,,,unclear,colour/trim not known
BI-072-35,BI,72,5840A-1,FRONT DOOR TRIM & RELATED PARTS,,BROWN,70,,,,unclear,colour/trim not known
BI-073-01,BI,73,5840A-2,FRONT DOOR TRIM & RELATED PARTS,68 420 (CONT'D),,FA02-68-450D,1,(CLOTH) S & GSL MODELS,,unclear,cloth; model reads S & GSL; trim not known
BI-073-02,BI,73,5840A-2,FRONT DOOR TRIM & RELATED PARTS,,BLACK,00,,,,unclear,colour/trim not known
BI-073-03,BI,73,5840A-2,FRONT DOOR TRIM & RELATED PARTS,,RED,10,,,,unclear,colour/trim not known
BI-073-04,BI,73,5840A-2,FRONT DOOR TRIM & RELATED PARTS,,BROWN,70,,,,unclear,colour/trim not known
BI-073-05,BI,73,5840A-2,FRONT DOOR TRIM & RELATED PARTS,,,FA03-68-450D,1,(CLOTH) GSL MODEL,,no,GSL
BI-073-06,BI,73,5840A-2,FRONT DOOR TRIM & RELATED PARTS,,BLACK,00,,,,no,GSL
BI-073-07,BI,73,5840A-2,FRONT DOOR TRIM & RELATED PARTS,,RED,10,,,,no,GSL
BI-073-08,BI,73,5840A-2,FRONT DOOR TRIM & RELATED PARTS,,BROWN,70,,,,no,GSL
BI-073-09,BI,73,5840A-2,FRONT DOOR TRIM & RELATED PARTS,,,FA05-68-450C,1,(LEATHER) GSL MODEL,,no,GSL
BI-073-10,BI,73,5840A-2,FRONT DOOR TRIM & RELATED PARTS,,RED,10,,,,no,GSL
BI-073-11,BI,73,5840A-2,FRONT DOOR TRIM & RELATED PARTS,,BROWN,70,,,,no,GSL
BI-073-12,BI,73,5840A-2,FRONT DOOR TRIM & RELATED PARTS,,,FA42-68-450A,1,(VINYL) '83 S & GS MODELS,,no,'83
BI-073-13,BI,73,5840A-2,FRONT DOOR TRIM & RELATED PARTS,,BLACK,01,,,,no,'83
BI-073-14,BI,73,5840A-2,FRONT DOOR TRIM & RELATED PARTS,,RED,11,,,,no,'83
BI-073-15,BI,73,5840A-2,FRONT DOOR TRIM & RELATED PARTS,,BROWN,71,,,,no,'83
BI-073-16,BI,73,5840A-2,FRONT DOOR TRIM & RELATED PARTS,69 371B,"HANDLE (R), PULL",FA01-69-371A,1,,,yes,
BI-073-17,BI,73,5840A-2,FRONT DOOR TRIM & RELATED PARTS,,BLACK,00,,,,unclear,colour/trim not known
BI-073-18,BI,73,5840A-2,FRONT DOOR TRIM & RELATED PARTS,,RED,10,,,,unclear,colour/trim not known
BI-073-19,BI,73,5840A-2,FRONT DOOR TRIM & RELATED PARTS,,TAN,29,,,FB331 ..600001-,unclear,colour not known; serial break
BI-073-20,BI,73,5840A-2,FRONT DOOR TRIM & RELATED PARTS,,BROWN,80,,,,unclear,colour/trim not known
BI-073-21,BI,73,5840A-2,FRONT DOOR TRIM & RELATED PARTS,,"HANDLE (L), PULL",FA01-69-391A,1,,,yes,
BI-073-22,BI,73,5840A-2,FRONT DOOR TRIM & RELATED PARTS,,BLACK,00,,,,unclear,colour/trim not known
BI-073-23,BI,73,5840A-2,FRONT DOOR TRIM & RELATED PARTS,,RED,10,,,,unclear,colour/trim not known
BI-073-24,BI,73,5840A-2,FRONT DOOR TRIM & RELATED PARTS,,TAN,29,,,FB331 ..600001-,unclear,colour not known; serial break
BI-073-25,BI,73,5840A-2,FRONT DOOR TRIM & RELATED PARTS,,BROWN,80,,,,unclear,colour/trim not known
BI-073-26,BI,73,5840A-2,FRONT DOOR TRIM & RELATED PARTS,69 374,"CAP (R), PULL HANDLE",FA01-69-372,1,,,yes,
BI-073-27,BI,73,5840A-2,FRONT DOOR TRIM & RELATED PARTS,,BLACK,00,,,,unclear,colour/trim not known
BI-073-28,BI,73,5840A-2,FRONT DOOR TRIM & RELATED PARTS,,RED,10,,,,unclear,colour/trim not known
BI-073-29,BI,73,5840A-2,FRONT DOOR TRIM & RELATED PARTS,,TAN,29,,,FB331 ..600001-,unclear,colour not known; serial break
BI-073-30,BI,73,5840A-2,FRONT DOOR TRIM & RELATED PARTS,,BROWN,80,,,,unclear,colour/trim not known
BI-073-31,BI,73,5840A-2,FRONT DOOR TRIM & RELATED PARTS,,"CAP (L), PULL HANDLE",FA01-69-392,1,,,yes,
BI-073-32,BI,73,5840A-2,FRONT DOOR TRIM & RELATED PARTS,,BLACK,00,,,,unclear,colour/trim not known
BI-073-33,BI,73,5840A-2,FRONT DOOR TRIM & RELATED PARTS,,RED,10,,,,unclear,colour/trim not known
BI-073-34,BI,73,5840A-2,FRONT DOOR TRIM & RELATED PARTS,,TAN,29,,,FB331 ..600001-,unclear,colour not known; serial break
BI-073-35,BI,73,5840A-2,FRONT DOOR TRIM & RELATED PARTS,,BROWN,80,,,,unclear,colour/trim not known
BI-073-36,BI,73,5840A-2,FRONT DOOR TRIM & RELATED PARTS,69 872A,"CAP, PULL HANDLE",FA01-69-374,6,,,yes,
BI-073-37,BI,73,5840A-2,FRONT DOOR TRIM & RELATED PARTS,,BLACK,00,,,,unclear,colour/trim not known
BI-074-01,BI,74,5840A-3,FRONT DOOR TRIM & RELATED PARTS,69 872A (CONT'D),RED,10,,,,unclear,colour/trim not known
BI-074-02,BI,74,5840A-3,FRONT DOOR TRIM & RELATED PARTS,,TAN,29,,,FB331 ..600001-,unclear,colour not known; serial break
BI-074-03,BI,74,5840A-3,FRONT DOOR TRIM & RELATED PARTS,,BROWN,80,,,,unclear,colour/trim not known
BI-075-01,BI,75,6100A-1,HEATER,15 545,"CLIP, HEATER HOSE",N231-15-545,1,'83 MODEL,,no,'83
BI-075-02,BI,75,6100A-1,HEATER,53 134,"PLUG, DRAIN",0187-53-134,1,(USE W/O A/C),,unclear,W/O A/C; A/C fitment not known
BI-075-03,BI,75,6100A-1,HEATER,56 2411,"PLUG, DRAIN",0118-56-241,1,(USE W/O A/C),,unclear,W/O A/C; A/C fitment not known
BI-075-04,BI,75,6100A-1,HEATER,,<A>,B499-62-868,1,,,unclear,W/O A/C; A/C fitment not known
BI-075-05,BI,75,6100A-1,HEATER,56 639D,"COVER, SERVICE HOLE",0810-56-639,1,,,yes,
BI-075-06,BI,75,6100A-1,HEATER,61 031,"PLUG, HOLE",1708-61-031,1,(USE W/O A/C),,unclear,W/O A/C; A/C fitment not known
BI-075-07,BI,75,6100A-1,HEATER,61 130,HEATER UNIT,FA42-61-130,1,,,yes,
BI-075-08,BI,75,6100A-1,HEATER,61 140,BLOWER,8871-61-140A,1,,,yes,
BI-075-09,BI,75,6100A-1,HEATER,61 150,DUCT,8871-61-150,1,(USE W/O A/C),,unclear,W/O A/C; A/C fitment not known
BI-075-10,BI,75,6100A-1,HEATER,61 190,"CONTROL, HEATER",FA01-61-190,1,'81 & '82 MODELS THRU JAN. '82 PROD.,FB331 ..500001-633360,unclear,serial break 633360; VIN not known
BI-075-11,BI,75,6100A-1,HEATER,,,FA01-61-190A,1,'82 & '83 MODELS FROM FEB. '82 PROD.,FB331 ..633361-,unclear,serial break 633361; VIN not known
BI-075-12,BI,75,6100A-1,HEATER,61 191,KNOB NO. 1,8171-61-191A,2,,,yes,
BI-075-13,BI,75,6100A-1,HEATER,61 196,KNOB,8563-61-196A,1,,,yes,
BI-075-14,BI,75,6100A-1,HEATER,61 197,"KNOB, A/C",8563-61-197B,1,,,unclear,A/C knob; A/C fitment not known
BI-075-15,BI,75,6100A-1,HEATER,61 211,"HOSE NO. 1, WATER",8871-61-230,1,'81 & '82 MODELS,,yes,'81 & '82
BI-075-16,BI,75,6100A-1,HEATER,,,N231-15-550,1,'83 MODELS,,no,'83
BI-075-17,BI,75,6100A-1,HEATER,61 212,"HOSE NO. 2, WATER",8871-61-212,1,,,yes,
BI-075-18,BI,75,6100A-1,HEATER,61 213,"HOSE NO. 3, WATER",8871-61-213,1,'81 & '82 MODELS,,yes,'81 & '82
BI-075-19,BI,75,6100A-1,HEATER,,,FA42-61-213A,1,'83 MODEL,,no,'83
BI-075-20,BI,75,6100A-1,HEATER,61 216,PROTECTOR,1011-61-216,1,'81 & '82 MODELS,,yes,'81 & '82
BI-075-21,BI,75,6100A-1,HEATER,61 220,"PIPE, HEATER",F001-61-220B,1,'81 & '82 MODELS,,yes,'81 & '82
BI-075-22,BI,75,6100A-1,HEATER,,,FA42-61-220C,1,'83 MODELS,,no,'83
BI-075-23,BI,75,6100A-1,HEATER,61 479,GROMMET,8871-61-219A,2,,,yes,
BI-075-24,BI,75,6100A-1,HEATER,76 552A,BULB,8595-76-552,1,,,yes,
BI-076-01,BI,76,6110A-1,HEATER UNIT,61 145,"COVER, HEATER",8871-76-418,1,,,yes,
BI-076-02,BI,76,6110A-1,HEATER UNIT,76 123C,BUSHING,8871-76-414,3,,,yes,
BI-076-03,BI,76,6110A-1,HEATER UNIT,76 129,BUSHING,8871-76-470,1,,,yes,
BI-076-04,BI,76,6110A-1,HEATER UNIT,76 135A,SPRING,8871-76-415,3,,,yes,
BI-076-05,BI,76,6110A-1,HEATER UNIT,76 173,CLAMP,8871-76-466,6,,,yes,
BI-076-06,BI,76,6110A-1,HEATER UNIT,76 401,"CASE, HEATER",FA42-76-401,1,,,yes,
BI-076-07,BI,76,6110A-1,HEATER UNIT,76 402,SHUTTER NO. 1,FA42-76-403,1,,,yes,
BI-076-08,BI,76,6110A-1,HEATER UNIT,76 403,SHUTTER NO. 2,8871-76-405,1,,,yes,
BI-076-09,BI,76,6110A-1,HEATER UNIT,76 404,SHUTTER NO. 3,8871-76-410A,1,,,yes,
BI-076-10,BI,76,6110A-1,HEATER UNIT,76 405,"CORE, HEATER",8871-76-402,1,,,yes,
BI-076-11,BI,76,6110A-1,HEATER UNIT,76 406,"CASE, HEATER",FA42-76-400A,1,,,yes,
BI-076-12,BI,76,6110A-1,HEATER UNIT,76 407,"LEVER NO. 1, CONTROL",8871-76-406,1,,,yes,
BI-076-13,BI,76,6110A-1,HEATER UNIT,76 408,"LEVER, CONTROL",8871-76-413,1,,,yes,
BI-076-14,BI,76,6110A-1,HEATER UNIT,76 409,"LEVER NO. 2, CONTROL",8871-76-407,1,,,yes,
BI-076-15,BI,76,6110A-1,HEATER UNIT,76 411,"LEVER, CONTROL",8871-76-411A,1,,,yes,
BI-076-16,BI,76,6110A-1,HEATER UNIT,76 412,"LEVER, CONTROL",8871-76-412A,1,,,yes,
BI-076-17,BI,76,6110A-1,HEATER UNIT,76 416,"VALVE, WATER",8871-76-409,1,,,yes,
BI-076-18,BI,76,6110A-1,HEATER UNIT,76 416B,PIPE,8871-76-416,1,,,yes,
BI-076-19,BI,76,6110A-1,HEATER UNIT,76 417C,PIPE,8871-76-417,1,,,yes,
BI-076-20,BI,76,6110A-1,HEATER UNIT,76 419,CLIP,8871-76-471,1,,,yes,
BI-076-21,BI,76,6110A-1,HEATER UNIT,76 420,HOSE,8871-76-420,3,,,yes,
BI-076-22,BI,76,6110A-1,HEATER UNIT,76 421D,GUIDE,8871-76-421,1,,,yes,
BI-076-23,BI,76,6110A-1,HEATER UNIT,76 422D,GUIDE,8871-76-422,1,,,yes,
BI-076-24,BI,76,6110A-1,HEATER UNIT,76 423C,"BAND, HOSE",8871-76-425,2,,,yes,
BI-076-25,BI,76,6110A-1,HEATER UNIT,76 427A,BUSHING,8871-76-427,1,,,yes,
BI-076-26,BI,76,6110A-1,HEATER UNIT,76 428A,SPRING,8871-76-428,1,,,yes,
BI-076-27,BI,76,6110A-1,HEATER UNIT,76 429A,GUIDE,FA42-76-429,1,,,yes,
BI-076-28,BI,76,6110A-1,HEATER UNIT,76 432A,WASHER & SCREW,8871-76-432,1,,,yes,
BI-076-29,BI,76,6110A-1,HEATER UNIT,76 433C,WASHER,8871-76-433,1,,,yes,
BI-076-30,BI,76,6110A-1,HEATER UNIT,76 434A,"BUSHING, STEPPED",8871-76-434,1,,,yes,
BI-076-31,BI,76,6110A-1,HEATER UNIT,76 434B,PLATE,8871-76-430A,1,,,yes,
BI-076-32,BI,76,6110A-1,HEATER UNIT,76 435,CLIP,8871-76-419,2,,,yes,
BI-076-33,BI,76,6110A-1,HEATER UNIT,76 511,"PLATE, HEATER UNIT",8871-76-404,1,,,yes,
BI-076-34,BI,76,6110A-1,HEATER UNIT,76 513E,SHAFT,8871-76-408,1,,,yes,
BI-077-01,BI,77,6115A-1,HEATER CONTROLS,76 146,BUSHING,8871-76-516,1,,,unclear,components of FA01-61-190 (thru Jan '82 prod.); VIN not known
BI-077-02,BI,77,6115A-1,HEATER CONTROLS,76 164,BUSHING,8871-76-518,1,,,unclear,components of FA01-61-190 (thru Jan '82 prod.); VIN not known
BI-077-03,BI,77,6115A-1,HEATER CONTROLS,76 407A,"CLAMP, CABLE",8562-76-508,1,,,unclear,components of FA01-61-190 (thru Jan '82 prod.); VIN not known
BI-077-04,BI,77,6115A-1,HEATER CONTROLS,76 412D,"CLAMP, CABLE",8871-76-508,2,,,unclear,components of FA01-61-190 (thru Jan '82 prod.); VIN not known
BI-077-05,BI,77,6115A-1,HEATER CONTROLS,76 414,"RING, SNAP",0259-71-158,1,,,unclear,components of FA01-61-190 (thru Jan '82 prod.); VIN not known
BI-077-06,BI,77,6115A-1,HEATER CONTROLS,76 415A,BUSHING,8531-76-415,1,,,unclear,components of FA01-61-190 (thru Jan '82 prod.); VIN not known
BI-077-07,BI,77,6115A-1,HEATER CONTROLS,76 421A,PLATE,8871-76-503A,1,,,unclear,components of FA01-61-190 (thru Jan '82 prod.); VIN not known
BI-077-08,BI,77,6115A-1,HEATER CONTROLS,76 447,SWITCH,8563-76-504,1,,,unclear,components of FA01-61-190 (thru Jan '82 prod.); VIN not known
BI-077-09,BI,77,6115A-1,HEATER CONTROLS,76 473,WASHER,0315-76-028,2,,,unclear,components of FA01-61-190 (thru Jan '82 prod.); VIN not known
BI-077-10,BI,77,6115A-1,HEATER CONTROLS,76 501,"LEVER, CONTROL",FA01-76-502,1,(SELECTOR),,unclear,components of FA01-61-190 (thru Jan '82 prod.); VIN not known
BI-077-11,BI,77,6115A-1,HEATER CONTROLS,76 502,"LEVER, CONTROL",8249-76-501,1,(TEMPERATURE),,unclear,components of FA01-61-190 (thru Jan '82 prod.); VIN not known
BI-077-12,BI,77,6115A-1,HEATER CONTROLS,76 504,BRACKET,F001-76-500A,1,,,unclear,components of FA01-61-190 (thru Jan '82 prod.); VIN not known
BI-077-13,BI,77,6115A-1,HEATER CONTROLS,76 509D,"COVER, BEARING",8871-76-509,1,,,unclear,components of FA01-61-190 (thru Jan '82 prod.); VIN not known
BI-077-14,BI,77,6115A-1,HEATER CONTROLS,76 510,SPRING,8871-76-510,1,,,unclear,components of FA01-61-190 (thru Jan '82 prod.); VIN not known
BI-077-15,BI,77,6115A-1,HEATER CONTROLS,76 511C,"BALL, STEEL",8871-76-511,1,,,unclear,components of FA01-61-190 (thru Jan '82 prod.); VIN not known
BI-077-16,BI,77,6115A-1,HEATER CONTROLS,76 512E,"COVER, BEARING",8871-76-512,1,,,unclear,components of FA01-61-190 (thru Jan '82 prod.); VIN not known
BI-077-17,BI,77,6115A-1,HEATER CONTROLS,76 513C,SPACER,8871-76-513,1,,,unclear,components of FA01-61-190 (thru Jan '82 prod.); VIN not known
BI-077-18,BI,77,6115A-1,HEATER CONTROLS,76 514C,"BALL, STEEL",8871-76-514,1,,,unclear,components of FA01-61-190 (thru Jan '82 prod.); VIN not known
BI-077-19,BI,77,6115A-1,HEATER CONTROLS,76 516,WASHER,8871-76-517,1,,,unclear,components of FA01-61-190 (thru Jan '82 prod.); VIN not known
BI-077-20,BI,77,6115A-1,HEATER CONTROLS,76 518,PIN,8871-76-515,1,,,unclear,components of FA01-61-190 (thru Jan '82 prod.); VIN not known
BI-077-21,BI,77,6115A-1,HEATER CONTROLS,76 521,"WIRE, HEATER CONTROL",8871-76-505,1,,,unclear,components of FA01-61-190 (thru Jan '82 prod.); VIN not known
BI-077-22,BI,77,6115A-1,HEATER CONTROLS,76 522,"WIRE, HEATER CONTROL",8341-76-506,1,,,unclear,components of FA01-61-190 (thru Jan '82 prod.); VIN not known
BI-077-23,BI,77,6115A-1,HEATER CONTROLS,76 523,"WIRE, HEATER CONTROL",8871-76-507,1,,,unclear,components of FA01-61-190 (thru Jan '82 prod.); VIN not known
BI-078-01,BI,78,6120A-1,HEATER BLOWER,76 022,WASHER,8871-76-469,1,,,yes,
BI-078-02,BI,78,6120A-1,HEATER BLOWER,76 123B,BUSHING,8871-76-470,1,,,yes,
BI-078-03,BI,78,6120A-1,HEATER BLOWER,76 124,PACKING,8871-76-465,1,,,yes,
BI-078-04,BI,78,6120A-1,HEATER BLOWER,76 151A,SPRING,8871-76-461,1,,,yes,
BI-078-05,BI,78,6120A-1,HEATER BLOWER,76 419C,CLIP,8871-76-464,1,,,yes,
BI-078-06,BI,78,6120A-1,HEATER BLOWER,76 421C,"COVER, MOTOR",8871-76-478,1,,,yes,
BI-078-07,BI,78,6120A-1,HEATER BLOWER,76 423,"CASE, FAN",8871-76-450,1,,,yes,
BI-078-08,BI,78,6120A-1,HEATER BLOWER,76 424,"MOTOR, FAN",8871-76-453A,1,,,yes,
BI-078-09,BI,78,6120A-1,HEATER BLOWER,76 424A,"MOTOR, FAN",8871-76-456,1,,,yes,
BI-078-10,BI,78,6120A-1,HEATER BLOWER,76 425,CASE,8871-76-451,1,,,yes,
BI-078-11,BI,78,6120A-1,HEATER BLOWER,76 426,SHUTTER,8871-76-459,1,,,yes,
BI-078-12,BI,78,6120A-1,HEATER BLOWER,76 432,"SPRING, CONTROL LEVER",8871-76-463,1,,,yes,
BI-078-13,BI,78,6120A-1,HEATER BLOWER,76 433,RESISTOR,8871-76-457,1,,,yes,
BI-078-14,BI,78,6120A-1,HEATER BLOWER,76 434,CLIP,8871-76-466,4,,,yes,
BI-078-15,BI,78,6120A-1,HEATER BLOWER,76 435A,CLIP,8871-76-471,1,,,yes,
BI-078-16,BI,78,6120A-1,HEATER BLOWER,76 453,FLANGE,8871-76-452,1,,,yes,
BI-078-17,BI,78,6120A-1,HEATER BLOWER,76 455A,GASKET,8871-76-454,1,,,yes,
BI-078-18,BI,78,6120A-1,HEATER BLOWER,76 464A,GASKET,8871-76-458,1,,,yes,
BI-078-19,BI,78,6120A-1,HEATER BLOWER,76 467,SHAFT,8871-76-468,1,,,yes,
BI-078-20,BI,78,6120A-1,HEATER BLOWER,76 467A,"WIRING, BLOWER",8871-76-467A,1,,,yes,
BI-078-21,BI,78,6120A-1,HEATER BLOWER,76 471B,"LEVER, CONTROL",8871-76-460,1,,,yes,
BI-078-22,BI,78,6120A-1,HEATER BLOWER,76 472A,NUT,3794-76-426,1,'81 & '82 MODELS,FB331 ..500001-618727,unclear,'81 & '82 serial ..618727; VIN not known
BI-078-23,BI,78,6120A-1,HEATER BLOWER,76 472B,COLLAR,8871-76-462,1,,,yes,
BI-078-24,BI,78,6120A-1,HEATER BLOWER,76 474A,"WASHER, PLAIN",0866-76-471,1,,,yes,
BI-078-25,BI,78,6120A-1,HEATER BLOWER,76 475,"WASHER, PLAIN",0866-76-475,1,'81 & '82 MODELS,FB331 ..500001-618727,unclear,'81 & '82 serial ..618727; VIN not known
BI-078-26,BI,78,6120A-1,HEATER BLOWER,76 476,"WASHER, PLAIN",0866-76-476,1,'81 & '82 MODELS,FB331 ..500001-618727,unclear,'81 & '82 serial ..618727; VIN not known
BI-078-27,BI,78,6120A-1,HEATER BLOWER,76 479A,HOSE,8871-76-479,1,,,yes,
BI-078-28,BI,78,6120A-1,HEATER BLOWER,76 761,SCREW,8871-76-455,3,,,yes,
BI-079-01,BI,79,6132A-1,CONDENSER PACKAGE ('81 MODEL),1,CONDENSER,0000-67-1265-57,1,,,no,'81 model only
BI-079-02,BI,79,6132A-1,CONDENSER PACKAGE ('81 MODEL),2,RECEIVER-DRIER,0000-67-0440-49,1,"W/ 0000-67-0957-80, LOW PRESSURE SWITCH",,no,'81 model only
BI-079-03,BI,79,6132A-1,CONDENSER PACKAGE ('81 MODEL),3,"HOSE, DISCHARGE",0000-67-0651-46,1,(COMP.-CONDENSER) 1/2F 90 X 1/2F 90 X 41 (0 DEG. ORIENTATION),,no,'81 model only
BI-079-04,BI,79,6132A-1,CONDENSER PACKAGE ('81 MODEL),4,"HOSE, SUCTION",0000-67-0651-47,1,(EVAPORATOR-COMPRESSOR) 5/8F 110 X 5/8F PREFORMED END X 38 1/2,,no,'81 model only
BI-079-05,BI,79,6132A-1,CONDENSER PACKAGE ('81 MODEL),5,"HOSE, LIQUID",0000-67-0651-48,1,(COND.-REC./DRIER) 3/8F 90 X 3/8F 90 X 18 (0 DEG. ORIENTATION),,no,'81 model only
BI-079-06,BI,79,6132A-1,CONDENSER PACKAGE ('81 MODEL),6,,0000-67-0651-49,1,(RECEIVER/DRIER-EVAPORATOR) 3/8F X 3/8F X 66,,no,'81 model only
BI-079-07,BI,79,6132A-1,CONDENSER PACKAGE ('81 MODEL),,"SACK KIT, CONDENSER",0000-67-1477-21,,,,no,'81 model only
BI-079-08,BI,79,6132A-1,CONDENSER PACKAGE ('81 MODEL),7,"BRACKET (R), CONDENSER",0000-67-0007-44,2,,,no,'81 model only
BI-079-09,BI,79,6132A-1,CONDENSER PACKAGE ('81 MODEL),8,"BRACKET (L), CONDENSER",0000-67-0007-45,2,,,no,'81 model only
BI-079-10,BI,79,6132A-1,CONDENSER PACKAGE ('81 MODEL),9,"BRACKET, MOUNTING-REC/DRIER",0000-67-0011-83,1,,,no,'81 model only
BI-079-11,BI,79,6132A-1,CONDENSER PACKAGE ('81 MODEL),10,"CLAMPS, RECEIVER/DRIER",0000-67-0000-33,2,,,no,'81 model only
BI-079-12,BI,79,6132A-1,CONDENSER PACKAGE ('81 MODEL),11,GROMMET,0000-67-A43A-6F,1,,,no,'81 model only
BI-079-13,BI,79,6132A-1,CONDENSER PACKAGE ('81 MODEL),12,,0000-67-A44A-6F,2,,,no,'81 model only
BI-079-14,BI,79,6132A-1,CONDENSER PACKAGE ('81 MODEL),13,"CLAMP NO. 6, HOSE",0000-67-1998-14,2,,,no,'81 model only
BI-079-15,BI,79,6132A-1,CONDENSER PACKAGE ('81 MODEL),14,,0000-67-1998-13,1,W/LARGE HOLE,,no,'81 model only
BI-079-16,BI,79,6132A-1,CONDENSER PACKAGE ('81 MODEL),15,TY-RAP,0000-67-X60A-00,4,,,no,'81 model only
BI-079-17,BI,79,6132A-1,CONDENSER PACKAGE ('81 MODEL),16,"NUT, HEX",0000-67-1981-86,1,8MM,,no,'81 model only
BI-079-18,BI,79,6132A-1,CONDENSER PACKAGE ('81 MODEL),17,"CLAMP, HOSE",0000-67-1970-62,1,"STAND-OFF BRACKET, 90 DEG. TO FENDER WELL",,no,'81 model only
BI-079-19,BI,79,6132A-1,CONDENSER PACKAGE ('81 MODEL),18,"CLAMP NO. 8, HOSE",0000-67-A46A-3F,1,,,no,'81 model only
BI-079-20,BI,79,6132A-1,CONDENSER PACKAGE ('81 MODEL),19,"CLAMP NO. 10, HOSE",0000-67-1998-16,2,,,no,'81 model only
BI-079-21,BI,79,6132A-1,CONDENSER PACKAGE ('81 MODEL),20,"CLAMP, HOSE",0000-67-0011-62,1,"STAND-OFF BRACKET, 90 DEG. TO FIREWALL",,no,'81 model only
BI-079-22,BI,79,6132A-1,CONDENSER PACKAGE ('81 MODEL),21,"NUT, KEPS",0000-67-1997-59,5,"ZINC, NO. 10 X 32",,no,'81 model only
BI-079-23,BI,79,6132A-1,CONDENSER PACKAGE ('81 MODEL),22,,0000-67-1982-33,4,"ZINC, 1/4 X 20",,no,'81 model only
BI-079-24,BI,79,6132A-1,CONDENSER PACKAGE ('81 MODEL),23,"SCREW, MACHINE",0000-67-1997-24,5,"ZINC, NO. 10-32 X 1/2 PH",,no,'81 model only
BI-079-25,BI,79,6132A-1,CONDENSER PACKAGE ('81 MODEL),24,FLATWASHER,0000-67-0402-83,4,"ZINC, 1/4",,no,'81 model only
BI-079-26,BI,79,6132A-1,CONDENSER PACKAGE ('81 MODEL),25,"SCREW, TAPPING",0000-67-X30A-01,12,NO. 10 X 1/2,,no,'81 model only
BI-079-27,BI,79,6132A-1,CONDENSER PACKAGE ('81 MODEL),26,"PROTECTOR, HOSE",0000-67-1977-07,2,4,,no,'81 model only
BI-079-28,BI,79,6132A-1,CONDENSER PACKAGE ('81 MODEL),27,"BOLT, HEX",0000-67-1997-27,2,1/4-20 X 1/2,,no,'81 model only
BI-079-29,BI,79,6132A-1,CONDENSER PACKAGE ('81 MODEL),28,"CORD CLIP ASSEMBLY, HIGH TENSION",0000-67-1978-35,1,,,no,'81 model only
BI-080-01,BI,80,6132A-2,CONDENSER PACKAGE ('81 MODEL),29,"PROTECTOR, HOSE",0000-67-1977-09,1,6,,no,'81 model only
BI-080-02,BI,80,6132A-2,CONDENSER PACKAGE ('81 MODEL),30,"CLAMP, WIRE HARNESS",0000-67-1977-89,1,,,no,'81 model only
BI-080-03,BI,80,6132A-2,CONDENSER PACKAGE ('81 MODEL),31,"HARNESS, WIRE",0000-67-1977-99,,,,no,'81 model only
BI-081-01,BI,81,6132AB-1,CONDENSER PACKAGE ('82 MODEL),1,CONDENSER,0000-67-1285-08,1,,,yes,
BI-081-02,BI,81,6132AB-1,CONDENSER PACKAGE ('82 MODEL),2,RECEIVER-DRIER,0000-67-0440-53,1,"W/ 0000-67-A93A-3F, SLOW PRESSURE SWITCH",,yes,
BI-081-03,BI,81,6132AB-1,CONDENSER PACKAGE ('82 MODEL),3,"HOSE, LIQUID",0000-67-0652-70,1,(COND.-REC./DRIER) 3/8 O-RING 90 DEG. X 3/8 O-RING 90 DEG. X 18,,yes,
BI-081-04,BI,81,6132AB-1,CONDENSER PACKAGE ('82 MODEL),4,,0000-67-0652-71,1,(RECEIVER/DRIER-EVAPORATOR) 3/8 O-RING X 3/8 O-RING X 66,,yes,
BI-081-05,BI,81,6132AB-1,CONDENSER PACKAGE ('82 MODEL),5,HOSE ASSEMBLY,0000-67-1970-27,1,SUCTION-DISCHARGE W/ TUBE BLOCK 0000-67-1978-02,,yes,
BI-081-06,BI,81,6132AB-1,CONDENSER PACKAGE ('82 MODEL),,CONDENSER SACK KIT,0000-67-1478-05,1,,,yes,
BI-081-07,BI,81,6132AB-1,CONDENSER PACKAGE ('82 MODEL),6,"BRACKET (R), CONDENSER",0000-67-0007-44,2,,,yes,
BI-081-08,BI,81,6132AB-1,CONDENSER PACKAGE ('82 MODEL),7,"BRACKET (L), CONDENSER",0000-67-0007-45,2,,,yes,
BI-081-09,BI,81,6132AB-1,CONDENSER PACKAGE ('82 MODEL),8,"BRACKET, MOUNTING-RECEIVER/DRIER",0000-67-0011-83,1,,,yes,
BI-081-10,BI,81,6132AB-1,CONDENSER PACKAGE ('82 MODEL),9,GROMMET,0000-67-A43A-6F,1,,,yes,
BI-081-11,BI,81,6132AB-1,CONDENSER PACKAGE ('82 MODEL),10,,0000-67-A44A-6F,2,,,yes,
BI-081-12,BI,81,6132AB-1,CONDENSER PACKAGE ('82 MODEL),11,"CLAMP NO. 6, HOSE",0000-67-1998-14,2,,,yes,
BI-081-13,BI,81,6132AB-1,CONDENSER PACKAGE ('82 MODEL),12,,0000-67-1998-13,1,W/ LARGE HOLE,,yes,
BI-081-14,BI,81,6132AB-1,CONDENSER PACKAGE ('82 MODEL),13,TY-RAP,0000-67-X60A-00,4,,,yes,
BI-081-15,BI,81,6132AB-1,CONDENSER PACKAGE ('82 MODEL),14,"NUT, HEX",0000-67-1981-86,1,8MM,,yes,
BI-081-16,BI,81,6132AB-1,CONDENSER PACKAGE ('82 MODEL),15,"CLAMP, HOSE",0000-67-0007-47,1,STAND-OFF BRACKET 90 DEG. TO FENDER WELL,,yes,
BI-081-17,BI,81,6132AB-1,CONDENSER PACKAGE ('82 MODEL),16,"CLAMP NO. 8, HOSE",0000-67-A46A-3F,1,,,yes,
BI-081-18,BI,81,6132AB-1,CONDENSER PACKAGE ('82 MODEL),17,FLATWASHER,0000-67-1983-82,1,10MM X 0.82 OD,,yes,
BI-081-19,BI,81,6132AB-1,CONDENSER PACKAGE ('82 MODEL),18,"CLAMP-BRACKET, HOSE",0000-67-0011-61,1,RIGHT FIREWALL,,yes,
BI-081-20,BI,81,6132AB-1,CONDENSER PACKAGE ('82 MODEL),19,,0000-67-0011-62,1,LEFT FIREWALL,,yes,
BI-081-21,BI,81,6132AB-1,CONDENSER PACKAGE ('82 MODEL),20,"NUT, KEPS",0000-67-1997-59,3,"ZINC, NO. 10-32",,yes,
BI-081-22,BI,81,6132AB-1,CONDENSER PACKAGE ('82 MODEL),21,,0000-67-1982-33,4,"ZINC, 1/4-20",,yes,
BI-081-23,BI,81,6132AB-1,CONDENSER PACKAGE ('82 MODEL),22,"SCREW, MACHINE",0000-67-1997-24,3,"ZINC, NO. 10-32 X 1/2 PH",,yes,
BI-081-24,BI,81,6132AB-1,CONDENSER PACKAGE ('82 MODEL),23,FLATWASHER,0000-67-0402-83,4,"ZINC, 1/4",,yes,
BI-081-25,BI,81,6132AB-1,CONDENSER PACKAGE ('82 MODEL),24,"SCREW, TAPPING",0000-67-X30A-01,14,NO. 10 X 1/2,,yes,
BI-081-26,BI,81,6132AB-1,CONDENSER PACKAGE ('82 MODEL),25,"PROTECTOR, HOSE",0000-67-1977-07,1,4,,yes,
BI-081-27,BI,81,6132AB-1,CONDENSER PACKAGE ('82 MODEL),26,"BOLT, HEX",0000-67-1997-27,2,1/4-20 X 1/2,,yes,
BI-081-28,BI,81,6132AB-1,CONDENSER PACKAGE ('82 MODEL),27,"CORD CLIP ASSEMBLY, HIGH TENSION",0000-67-1978-35,1,,,yes,
BI-081-29,BI,81,6132AB-1,CONDENSER PACKAGE ('82 MODEL),28,"PROTECTOR, HOSE",0000-67-1977-09,1,6,,yes,
BI-081-30,BI,81,6132AB-1,CONDENSER PACKAGE ('82 MODEL),29,"CLAMP, WIRE HARNESS",0000-67-1977-89,1,,,yes,
BI-081-31,BI,81,6132AB-1,CONDENSER PACKAGE ('82 MODEL),30,"HARNESS, WIRE",0000-67-1977-99,1,,,yes,
BI-082-01,BI,82,6132AB-2,CONDENSER PACKAGE ('82 MODEL),31,BOLT,0000-67-6716-50,1,10MM-1.00 X 35MM,,yes,
BI-082-02,BI,82,6132AB-2,CONDENSER PACKAGE ('82 MODEL),,O-RING PACKAGE SET,0000-67-0123-38,1,FOR HOSE & COMPRESSOR FITTING,,yes,
BI-084-01,BI,84,6132AC-1,CONDENSER PACKAGE ('83 MODEL),1,CONDENSER ASSEMBLY,0000-67-1285-08,1,,,no,figure titled '83 model only
BI-084-02,BI,84,6132AC-1,CONDENSER PACKAGE ('83 MODEL),2,"SACK KIT, CONDENSER",0000-67-A20A-3A,1,,,no,figure titled '83 model only
BI-084-03,BI,84,6132AC-1,CONDENSER PACKAGE ('83 MODEL),2,"BRACKET, HOSE CLAMP",0000-67-0012-72,1,,,no,figure titled '83 model only
BI-084-04,BI,84,6132AC-1,CONDENSER PACKAGE ('83 MODEL),3,,0000-67-0011-61,1,,,no,figure titled '83 model only
BI-084-05,BI,84,6132AC-1,CONDENSER PACKAGE ('83 MODEL),4,,0000-67-0011-62,1,,,no,figure titled '83 model only
BI-084-06,BI,84,6132AC-1,CONDENSER PACKAGE ('83 MODEL),5,"CLAMP NO. 6, HOSE",0000-67-1998-14,2,,,no,figure titled '83 model only
BI-084-07,BI,84,6132AC-1,CONDENSER PACKAGE ('83 MODEL),6,,0000-67-1998-13,1,W/ LARGE HOLE,,no,figure titled '83 model only
BI-084-08,BI,84,6132AC-1,CONDENSER PACKAGE ('83 MODEL),7,"CLAMP, HOSE",0000-67-1970-63,1,,,no,figure titled '83 model only
BI-084-09,BI,84,6132AC-1,CONDENSER PACKAGE ('83 MODEL),8,,0000-67-1970-62,1,,,no,figure titled '83 model only
BI-084-10,BI,84,6132AC-1,CONDENSER PACKAGE ('83 MODEL),9,GROMMET,0000-67-A43A-6F,1,,,no,figure titled '83 model only
BI-084-11,BI,84,6132AC-1,CONDENSER PACKAGE ('83 MODEL),10,,0000-?7-A44A-6F,2,,,no,figure titled '83 model only
BI-084-12,BI,84,6132AC-1,CONDENSER PACKAGE ('83 MODEL),11,"PROTECTOR, HOSE",0000-67-1977-07,1,4,,no,figure titled '83 model only
BI-084-13,BI,84,6132AC-1,CONDENSER PACKAGE ('83 MODEL),12,,0000-67-1977-09,1,6,,no,figure titled '83 model only
BI-084-14,BI,84,6132AC-1,CONDENSER PACKAGE ('83 MODEL),13,,0000-67-A50A-3A,1,"EDGE TRIM, 2.8",,no,figure titled '83 model only
BI-084-15,BI,84,6132AC-1,CONDENSER PACKAGE ('83 MODEL),14,"HARNESS, WIRE",0000-67-1977-99,1,,,no,figure titled '83 model only
BI-084-16,BI,84,6132AC-1,CONDENSER PACKAGE ('83 MODEL),15,"BOLT, HEX",0000-67-1997-16,1,"ZINC, 6MM X 20MM",,no,figure titled '83 model only
BI-084-17,BI,84,6132AC-1,CONDENSER PACKAGE ('83 MODEL),16,,0000-67-1997-86,2,"ZINC, 6MM X 16MM",,no,figure titled '83 model only
BI-084-18,BI,84,6132AC-1,CONDENSER PACKAGE ('83 MODEL),17,,0000-67-6715-56,1,10MM X 1.5 X 30MM-14MM,,no,figure titled '83 model only
BI-084-19,BI,84,6132AC-1,CONDENSER PACKAGE ('83 MODEL),18,,0000-67-1997-27,2,1/4 X 20 1/2,,no,figure titled '83 model only
BI-084-20,BI,84,6132AC-1,CONDENSER PACKAGE ('83 MODEL),19,"NUT, HEX",0000-67-1981-86,1,8MM X 1.25,,no,figure titled '83 model only
BI-084-21,BI,84,6132AC-1,CONDENSER PACKAGE ('83 MODEL),20,,0000-67-1981-82,1,10MM X 1.5,,no,figure titled '83 model only
BI-084-22,BI,84,6132AC-1,CONDENSER PACKAGE ('83 MODEL),21,"NUT, KEPS",0000-67-1997-57,1,"ZINC, NO. 10-32",,no,figure titled '83 model only
BI-084-23,BI,84,6132AC-1,CONDENSER PACKAGE ('83 MODEL),22,,0000-67-1982-33,4,"ZINC, 1/4-20",,no,figure titled '83 model only
BI-084-24,BI,84,6132AC-1,CONDENSER PACKAGE ('83 MODEL),23,SCREW,0000-67-1997-24,1,"ZINC, NO. 10-32 X 1/2 PH",,no,figure titled '83 model only
BI-084-25,BI,84,6132AC-1,CONDENSER PACKAGE ('83 MODEL),24,"SCREW, TAPPING",0000-67-X30A-01,5,"ZINC, NO. 10 X 1/2 HWH",,no,figure titled '83 model only
BI-084-26,BI,84,6132AC-1,CONDENSER PACKAGE ('83 MODEL),25,FLATWASHER,0000-67-1983-82,1,"ZINC, 10MM W/ 0.708 OD",,no,figure titled '83 model only
BI-084-27,BI,84,6132AC-1,CONDENSER PACKAGE ('83 MODEL),26,,0000-67-0402-83,6,"ZINC, 1/4",,no,figure titled '83 model only
BI-084-28,BI,84,6132AC-1,CONDENSER PACKAGE ('83 MODEL),27,,0000-67-1981-83,2,"ZINC, 10MM",,no,figure titled '83 model only
BI-084-29,BI,84,6132AC-1,CONDENSER PACKAGE ('83 MODEL),28,LOCKWASHER,0000-67-X40M-04,2,6MM,,no,figure titled '83 model only
BI-084-30,BI,84,6132AC-1,CONDENSER PACKAGE ('83 MODEL),29,,0000-67-X40M-03,1,10MM,,no,figure titled '83 model only
BI-084-31,BI,84,6132AC-1,CONDENSER PACKAGE ('83 MODEL),30,TY-RAP,0000-67-X60A-00,9,6,,no,figure titled '83 model only
BI-084-32,BI,84,6132AC-1,CONDENSER PACKAGE ('83 MODEL),31,O-RING PACKAGE SET,0000-67-0123-38,1,SET FOR HOSE & COMPRESSOR,,no,figure titled '83 model only
BI-084-33,BI,84,6132AC-1,CONDENSER PACKAGE ('83 MODEL),32,"CORD CLIP ASSEMBLY, HIGH TENSION",0000-67-1478-35,1,,,no,figure titled '83 model only
BI-084-34,BI,84,6132AC-1,CONDENSER PACKAGE ('83 MODEL),,RECEIVER-DRIER ASSEMBLY,0000-67-0440-53,1,,,no,figure titled '83 model only
BI-084-35,BI,84,6132AC-1,CONDENSER PACKAGE ('83 MODEL),33,RECEIVER-DRIER,0000-67-A90A-3A,1,,,no,figure titled '83 model only
BI-084-36,BI,84,6132AC-1,CONDENSER PACKAGE ('83 MODEL),34,"SWITCH, LOW-PRESSURE CUT-OFF",0000-67-A93A-3F,1,,,no,figure titled '83 model only
BI-085-01,BI,85,6132AC-2,CONDENSER PACKAGE ('83 MODEL),35,"BRACKET, RECEIVER-DRIER",0000-67-0011-83,1,,,no,figure titled '83 model only
BI-085-02,BI,85,6132AC-2,CONDENSER PACKAGE ('83 MODEL),36,HOSE BLOCK ASSEMBLY,0000-67-1970-27,1,DISCHARGE-SUCTION,,no,figure titled '83 model only
BI-085-03,BI,85,6132AC-2,CONDENSER PACKAGE ('83 MODEL),37,"HOSE, LIQUID",0000-67-06?2-70,1,(COMP.-REC./DRIER) 3/8 O-RING 90 DEG. X 3/8 O-RING 90 DEG. X 18,,no,figure titled '83 model only
BI-085-04,BI,85,6132AC-2,CONDENSER PACKAGE ('83 MODEL),38,,0000-67-0652-71,1,(RECEIVER/DRIER-EVAPORATOR) 3/8 O-RING X 3/8 O-RING X 66,,no,figure titled '83 model only
BI-085-05,BI,85,6132AC-2,CONDENSER PACKAGE ('83 MODEL),39,"BOLT, COMPRESSOR",0000-67-6716-50,1,10MM X 1.00 X 35MM,,no,figure titled '83 model only
BI-086-01,BI,86,6142A-1,"COMPRESSOR MOUNTING KIT, COMPRESSOR/CLUTCH ASSEMBLY & REPAIR PARTS ('81 MODEL)",,ADAPTER KIT,0000-67-0052-34,1,USE W/ 0000-67-0070-99 COMPRESSOR/CLUTCH,,no,figure titled '81 model only
BI-086-02,BI,86,6142A-1,"COMPRESSOR MOUNTING KIT, COMPRESSOR/CLUTCH ASSEMBLY & REPAIR PARTS ('81 MODEL)",66,"BRACKET, MOUNTING-COMPRESSOR",0000-67-5234-01,1,,,no,figure titled '81 model only
BI-086-03,BI,86,6142A-1,"COMPRESSOR MOUNTING KIT, COMPRESSOR/CLUTCH ASSEMBLY & REPAIR PARTS ('81 MODEL)",67,"BELT, DRIVE",0000-67-C31A-6A,1,(436),,no,figure titled '81 model only
BI-086-04,BI,86,6142A-1,"COMPRESSOR MOUNTING KIT, COMPRESSOR/CLUTCH ASSEMBLY & REPAIR PARTS ('81 MODEL)",,BOLT SACK KIT,0000-67-5234-03,1,,,no,figure titled '81 model only
BI-086-05,BI,86,6142A-1,"COMPRESSOR MOUNTING KIT, COMPRESSOR/CLUTCH ASSEMBLY & REPAIR PARTS ('81 MODEL)",68,BOLT,0000-67-1982-40,1,3/8 X 1 1/2 NC,,no,figure titled '81 model only
BI-086-06,BI,86,6142A-1,"COMPRESSOR MOUNTING KIT, COMPRESSOR/CLUTCH ASSEMBLY & REPAIR PARTS ('81 MODEL)",69,,0000-67-1983-70,1,10MM X 1.25 X 20,,no,figure titled '81 model only
BI-086-07,BI,86,6142A-1,"COMPRESSOR MOUNTING KIT, COMPRESSOR/CLUTCH ASSEMBLY & REPAIR PARTS ('81 MODEL)",70,NUT,0000-67-1983-77,3,3/8 NC,,no,figure titled '81 model only
BI-086-08,BI,86,6142A-1,"COMPRESSOR MOUNTING KIT, COMPRESSOR/CLUTCH ASSEMBLY & REPAIR PARTS ('81 MODEL)",71,,,2,10MM X 1.25,,no,figure titled '81 model only
BI-086-09,BI,86,6142A-1,"COMPRESSOR MOUNTING KIT, COMPRESSOR/CLUTCH ASSEMBLY & REPAIR PARTS ('81 MODEL)",72,,0000-67-1983-76,1,12MM X 1.5,,no,figure titled '81 model only
BI-086-10,BI,86,6142A-1,"COMPRESSOR MOUNTING KIT, COMPRESSOR/CLUTCH ASSEMBLY & REPAIR PARTS ('81 MODEL)",73,LOCKWASHER,0000-67-X40A-01,1,1/2,,no,figure titled '81 model only
BI-086-11,BI,86,6142A-1,"COMPRESSOR MOUNTING KIT, COMPRESSOR/CLUTCH ASSEMBLY & REPAIR PARTS ('81 MODEL)",74,,9997-11-000,6,10MM,,no,figure titled '81 model only
BI-086-12,BI,86,6142A-1,"COMPRESSOR MOUNTING KIT, COMPRESSOR/CLUTCH ASSEMBLY & REPAIR PARTS ('81 MODEL)",75,SPACER,0000-67-5234-04,2,3/4 X 7/16 X 3/8,,no,figure titled '81 model only
BI-086-13,BI,86,6142A-1,"COMPRESSOR MOUNTING KIT, COMPRESSOR/CLUTCH ASSEMBLY & REPAIR PARTS ('81 MODEL)",76,FLATWASHER,0000-67-1983-75,6,3/8 X 1/8,,no,figure titled '81 model only
BI-086-14,BI,86,6142A-1,"COMPRESSOR MOUNTING KIT, COMPRESSOR/CLUTCH ASSEMBLY & REPAIR PARTS ('81 MODEL)",77,BOLT,0000-67-1983-71,1,3/8 NC X 5 1/2,,no,figure titled '81 model only
BI-086-15,BI,86,6142A-1,"COMPRESSOR MOUNTING KIT, COMPRESSOR/CLUTCH ASSEMBLY & REPAIR PARTS ('81 MODEL)",,COMPRESSOR/CLUTCH,0000-67-0070-99,1,(SANKYO 8390),,no,figure titled '81 model only
BI-086-16,BI,86,6142A-1,"COMPRESSOR MOUNTING KIT, COMPRESSOR/CLUTCH ASSEMBLY & REPAIR PARTS ('81 MODEL)",,COMPRESSOR,0000-67-0070-88,1,(SANKYO 8366) SD 508,,no,figure titled '81 model only
BI-086-17,BI,86,6142A-1,"COMPRESSOR MOUNTING KIT, COMPRESSOR/CLUTCH ASSEMBLY & REPAIR PARTS ('81 MODEL)",101,"KEY, SHAFT",0000-67-D11A-6A,1,,,no,figure titled '81 model only
BI-086-18,BI,86,6142A-1,"COMPRESSOR MOUNTING KIT, COMPRESSOR/CLUTCH ASSEMBLY & REPAIR PARTS ('81 MODEL)",102,SEAL KIT,0000-67-D12A-3B,1,,,no,figure titled '81 model only
BI-086-19,BI,86,6142A-1,"COMPRESSOR MOUNTING KIT, COMPRESSOR/CLUTCH ASSEMBLY & REPAIR PARTS ('81 MODEL)",103,O-RING SET,0000-67-0123-40,1,PACKAGE OF 10,,no,figure titled '81 model only
BI-086-20,BI,86,6142A-1,"COMPRESSOR MOUNTING KIT, COMPRESSOR/CLUTCH ASSEMBLY & REPAIR PARTS ('81 MODEL)",104,GASKET KIT,0000-67-D13B-3B,1,,,no,figure titled '81 model only
BI-086-21,BI,86,6142A-1,"COMPRESSOR MOUNTING KIT, COMPRESSOR/CLUTCH ASSEMBLY & REPAIR PARTS ('81 MODEL)",105,VALVE PLATE ASSEMBLY,0000-67-D14B-3B,1,,,no,figure titled '81 model only
BI-086-22,BI,86,6142A-1,"COMPRESSOR MOUNTING KIT, COMPRESSOR/CLUTCH ASSEMBLY & REPAIR PARTS ('81 MODEL)",106,"HEAD, CYLINDER",0000-67-0127-10,1,,,no,figure titled '81 model only
BI-086-23,BI,86,6142A-1,"COMPRESSOR MOUNTING KIT, COMPRESSOR/CLUTCH ASSEMBLY & REPAIR PARTS ('81 MODEL)",,CLUTCH,0000-67-0229-37,1,5 1/4,,no,figure titled '81 model only
BI-086-24,BI,86,6142A-1,"COMPRESSOR MOUNTING KIT, COMPRESSOR/CLUTCH ASSEMBLY & REPAIR PARTS ('81 MODEL)",111,ACCESSORY KIT,0000-67-1410-13,1,,,no,figure titled '81 model only
BI-086-25,BI,86,6142A-1,"COMPRESSOR MOUNTING KIT, COMPRESSOR/CLUTCH ASSEMBLY & REPAIR PARTS ('81 MODEL)",112,FRONT PLATE & RECEIVER,0000-67-0233-37,1,,,no,figure titled '81 model only
BI-086-26,BI,86,6142A-1,"COMPRESSOR MOUNTING KIT, COMPRESSOR/CLUTCH ASSEMBLY & REPAIR PARTS ('81 MODEL)",113,BEARING,0000-67-D23A-3B,1,,,no,figure titled '81 model only
BI-086-27,BI,86,6142A-1,"COMPRESSOR MOUNTING KIT, COMPRESSOR/CLUTCH ASSEMBLY & REPAIR PARTS ('81 MODEL)",114,"COIL, FIELD",0000-67-0232-37,1,,,no,figure titled '81 model only
BI-087-01,BI,87,6142AB-1,"COMPRESSOR MOUNTING KIT, COMPRESSOR/CLUTCH ASSEMBLY & REPAIR PARTS ('82 MODEL)",,ADAPTER KIT,0000-67-C00A-4A,1,USE W/ 0000-67-D00B-3A,,yes,
BI-087-02,BI,87,6142AB-1,"COMPRESSOR MOUNTING KIT, COMPRESSOR/CLUTCH ASSEMBLY & REPAIR PARTS ('82 MODEL)",71,"MOUNTING, COMPRESSOR",0000-67-C10A-4A,1,,,yes,
BI-087-03,BI,87,6142AB-1,"COMPRESSOR MOUNTING KIT, COMPRESSOR/CLUTCH ASSEMBLY & REPAIR PARTS ('82 MODEL)",72,"ARM, ADJUSTING-FRONT",0000-67-C21A-4A,1,W/ 90,,yes,
BI-087-04,BI,87,6142AB-1,"COMPRESSOR MOUNTING KIT, COMPRESSOR/CLUTCH ASSEMBLY & REPAIR PARTS ('82 MODEL)",73,"ARM, ADJUSTING-REAR",0000-67-C22A-4A,1,FLAT,,yes,
BI-087-05,BI,87,6142AB-1,"COMPRESSOR MOUNTING KIT, COMPRESSOR/CLUTCH ASSEMBLY & REPAIR PARTS ('82 MODEL)",74,"BELT, DRIVE",0000-67-5409-03,1,(17385),,yes,
BI-087-06,BI,87,6142AB-1,"COMPRESSOR MOUNTING KIT, COMPRESSOR/CLUTCH ASSEMBLY & REPAIR PARTS ('82 MODEL)",,BOLT SACK KIT,0000-67-5409-02,1,,,yes,
BI-087-07,BI,87,6142AB-1,"COMPRESSOR MOUNTING KIT, COMPRESSOR/CLUTCH ASSEMBLY & REPAIR PARTS ('82 MODEL)",75,"BOLT, HEX",0000-67-X10M-13,1,8MM-1.25 X 85MM,,yes,
BI-087-08,BI,87,6142AB-1,"COMPRESSOR MOUNTING KIT, COMPRESSOR/CLUTCH ASSEMBLY & REPAIR PARTS ('82 MODEL)",76,,0000-67-1983-70,1,10MM-1.25 X 20MM,,yes,
BI-087-09,BI,87,6142AB-1,"COMPRESSOR MOUNTING KIT, COMPRESSOR/CLUTCH ASSEMBLY & REPAIR PARTS ('82 MODEL)",77,,0000-67-1981-79,2,10MM-1.25 X 25MM,,yes,
BI-087-10,BI,87,6142AB-1,"COMPRESSOR MOUNTING KIT, COMPRESSOR/CLUTCH ASSEMBLY & REPAIR PARTS ('82 MODEL)",78,,0000-67-X10M-25,1,10MM-1.25 X 45MM,,yes,
BI-087-11,BI,87,6142AB-1,"COMPRESSOR MOUNTING KIT, COMPRESSOR/CLUTCH ASSEMBLY & REPAIR PARTS ('82 MODEL)",79,,0000-67-6716-17,1,10MM-1.25 X 115MM,,yes,
BI-087-12,BI,87,6142AB-1,"COMPRESSOR MOUNTING KIT, COMPRESSOR/CLUTCH ASSEMBLY & REPAIR PARTS ('82 MODEL)",80,BOLT,0000-67-X10A-06,1,,,yes,
BI-087-13,BI,87,6142AB-1,"COMPRESSOR MOUNTING KIT, COMPRESSOR/CLUTCH ASSEMBLY & REPAIR PARTS ('82 MODEL)",81,"NUT, HEX",0000-67-1983-77,5,10MM-1.25,,yes,
BI-087-14,BI,87,6142AB-1,"COMPRESSOR MOUNTING KIT, COMPRESSOR/CLUTCH ASSEMBLY & REPAIR PARTS ('82 MODEL)",82,,0000-67-1983-76,1,12MM-1.50,,yes,
BI-087-15,BI,87,6142AB-1,"COMPRESSOR MOUNTING KIT, COMPRESSOR/CLUTCH ASSEMBLY & REPAIR PARTS ('82 MODEL)",83,LOCKWASHER,0000-67-1976-92,1,5/16,,yes,
BI-087-16,BI,87,6142AB-1,"COMPRESSOR MOUNTING KIT, COMPRESSOR/CLUTCH ASSEMBLY & REPAIR PARTS ('82 MODEL)",84,,0000-67-X40A-01,1,1/2,,yes,
BI-087-17,BI,87,6142AB-1,"COMPRESSOR MOUNTING KIT, COMPRESSOR/CLUTCH ASSEMBLY & REPAIR PARTS ('82 MODEL)",85,,0000-67-X40M-03,8,10MM,,yes,
BI-087-18,BI,87,6142AB-1,"COMPRESSOR MOUNTING KIT, COMPRESSOR/CLUTCH ASSEMBLY & REPAIR PARTS ('82 MODEL)",86,FLATWASHER,0000-67-0970-17,6,,,yes,
BI-087-19,BI,87,6142AB-1,"COMPRESSOR MOUNTING KIT, COMPRESSOR/CLUTCH ASSEMBLY & REPAIR PARTS ('82 MODEL)",87,"SPACER, MOUNTING",0000-67-1983-69,2,3/8 X 3/4 OD-7/16 ID,,yes,
BI-087-20,BI,87,6142AB-1,"COMPRESSOR MOUNTING KIT, COMPRESSOR/CLUTCH ASSEMBLY & REPAIR PARTS ('82 MODEL)",,COMPRESSOR/CLUTCH,0000-67-D00B-3A,1,(SANKYO 9157),,yes,
BI-087-21,BI,87,6142AB-1,"COMPRESSOR MOUNTING KIT, COMPRESSOR/CLUTCH ASSEMBLY & REPAIR PARTS ('82 MODEL)",,COMPRESSOR,0000-67-0121-39,1,(SANKYO 1573),,yes,
BI-087-22,BI,87,6142AB-1,"COMPRESSOR MOUNTING KIT, COMPRESSOR/CLUTCH ASSEMBLY & REPAIR PARTS ('82 MODEL)",101,"KEY, SHAFT",0000-67-0127-16,1,,,yes,
BI-087-23,BI,87,6142AB-1,"COMPRESSOR MOUNTING KIT, COMPRESSOR/CLUTCH ASSEMBLY & REPAIR PARTS ('82 MODEL)",102,SEAL KIT,0000-67-0124-26,1,,,yes,
BI-087-24,BI,87,6142AB-1,"COMPRESSOR MOUNTING KIT, COMPRESSOR/CLUTCH ASSEMBLY & REPAIR PARTS ('82 MODEL)",103,O-RING SET,0000-67-0123-40,1,PACKAGE OF 10,,yes,
BI-087-25,BI,87,6142AB-1,"COMPRESSOR MOUNTING KIT, COMPRESSOR/CLUTCH ASSEMBLY & REPAIR PARTS ('82 MODEL)",104,GASKET KIT,0000-67-D13B-3B,1,,,yes,
BI-087-26,BI,87,6142AB-1,"COMPRESSOR MOUNTING KIT, COMPRESSOR/CLUTCH ASSEMBLY & REPAIR PARTS ('82 MODEL)",105,VALVE PLATE ASSEMBLY,0000-67-D14B-3B,1,,,yes,
BI-087-27,BI,87,6142AB-1,"COMPRESSOR MOUNTING KIT, COMPRESSOR/CLUTCH ASSEMBLY & REPAIR PARTS ('82 MODEL)",106,"HEAD, CYLINDER",0000-67-0127-08,1,,,yes,
BI-087-28,BI,87,6142AB-1,"COMPRESSOR MOUNTING KIT, COMPRESSOR/CLUTCH ASSEMBLY & REPAIR PARTS ('82 MODEL)",,CLUTCH,0000-67-0229-58,1,5,,yes,
BI-087-29,BI,87,6142AB-1,"COMPRESSOR MOUNTING KIT, COMPRESSOR/CLUTCH ASSEMBLY & REPAIR PARTS ('82 MODEL)",111,ACCESSORY KIT,0000-67-0234-00,1,,,yes,
BI-087-30,BI,87,6142AB-1,"COMPRESSOR MOUNTING KIT, COMPRESSOR/CLUTCH ASSEMBLY & REPAIR PARTS ('82 MODEL)",112,FRONT PLATE & ROTOR,0000-67-0233-15,,,,yes,
BI-087-31,BI,87,6142AB-1,"COMPRESSOR MOUNTING KIT, COMPRESSOR/CLUTCH ASSEMBLY & REPAIR PARTS ('82 MODEL)",113,BEARING,0000-67-D23A-6A,,,,yes,
BI-087-32,BI,87,6142AB-1,"COMPRESSOR MOUNTING KIT, COMPRESSOR/CLUTCH ASSEMBLY & REPAIR PARTS ('82 MODEL)",114,"COIL, FIELD",0000-67-0232-43,1,,,yes,
BI-088-01,BI,88,6142AC-1,"COMPRESSOR MOUNTING KIT, COMPRESSOR/CLUTCH ASSEMBLY & REPAIR PARTS ('83 MODEL)",,ADAPTER KIT,0000-67-C00A-4A,1,USE W/ 0000-67-D00B-3A COMPRESSOR/CLUTCH,,no,figure titled '83 model only
BI-088-02,BI,88,6142AC-1,"COMPRESSOR MOUNTING KIT, COMPRESSOR/CLUTCH ASSEMBLY & REPAIR PARTS ('83 MODEL)",81,"MOUNTING, COMPRESSOR",0000-67-C10A-4A,1,,,no,figure titled '83 model only
BI-088-03,BI,88,6142AC-1,"COMPRESSOR MOUNTING KIT, COMPRESSOR/CLUTCH ASSEMBLY & REPAIR PARTS ('83 MODEL)",82,"ARM, ADJUSTING-FRONT",0000-67-C21A-4A,1,,,no,figure titled '83 model only
BI-088-04,BI,88,6142AC-1,"COMPRESSOR MOUNTING KIT, COMPRESSOR/CLUTCH ASSEMBLY & REPAIR PARTS ('83 MODEL)",83,"ARM, ADJUSTING-REAR",0000-67-C22A-4A,1,,,no,figure titled '83 model only
BI-088-05,BI,88,6142AC-1,"COMPRESSOR MOUNTING KIT, COMPRESSOR/CLUTCH ASSEMBLY & REPAIR PARTS ('83 MODEL)",84,"BELT, DRIVE",0000-67-5409-03,1,(17385),,no,figure titled '83 model only
BI-088-06,BI,88,6142AC-1,"COMPRESSOR MOUNTING KIT, COMPRESSOR/CLUTCH ASSEMBLY & REPAIR PARTS ('83 MODEL)",,BOLT SACK KIT,0000-67-5409-02,1,,,no,figure titled '83 model only
BI-088-07,BI,88,6142AC-1,"COMPRESSOR MOUNTING KIT, COMPRESSOR/CLUTCH ASSEMBLY & REPAIR PARTS ('83 MODEL)",85,"BOLT, HEX",0000-67-X10M-13,1,8MM X 1.25 X 85MM,,no,figure titled '83 model only
BI-088-08,BI,88,6142AC-1,"COMPRESSOR MOUNTING KIT, COMPRESSOR/CLUTCH ASSEMBLY & REPAIR PARTS ('83 MODEL)",86,,0000-67-1983-70,1,10MM X 1.25 X 20MM,,no,figure titled '83 model only
BI-088-09,BI,88,6142AC-1,"COMPRESSOR MOUNTING KIT, COMPRESSOR/CLUTCH ASSEMBLY & REPAIR PARTS ('83 MODEL)",87,,0000-67-1981-79,2,10MM X 1025 X 25MM,,no,figure titled '83 model only
BI-088-10,BI,88,6142AC-1,"COMPRESSOR MOUNTING KIT, COMPRESSOR/CLUTCH ASSEMBLY & REPAIR PARTS ('83 MODEL)",88,,0000-67-X10M-25,1,10MM X 1.25 X 40MM,,no,figure titled '83 model only
BI-088-11,BI,88,6142AC-1,"COMPRESSOR MOUNTING KIT, COMPRESSOR/CLUTCH ASSEMBLY & REPAIR PARTS ('83 MODEL)",89,,0000-67-6716-17,1,10MM X 1.25 X 120MM,,no,figure titled '83 model only
BI-088-12,BI,88,6142AC-1,"COMPRESSOR MOUNTING KIT, COMPRESSOR/CLUTCH ASSEMBLY & REPAIR PARTS ('83 MODEL)",90,BOLT,0000-67-X10A-06,1,10MM X 45MM W/ 8MM HOLE,,no,figure titled '83 model only
BI-088-13,BI,88,6142AC-1,"COMPRESSOR MOUNTING KIT, COMPRESSOR/CLUTCH ASSEMBLY & REPAIR PARTS ('83 MODEL)",91,"NUT, HEX",0000-67-1983-77,1,10MM X 1.25,,no,figure titled '83 model only
BI-088-14,BI,88,6142AC-1,"COMPRESSOR MOUNTING KIT, COMPRESSOR/CLUTCH ASSEMBLY & REPAIR PARTS ('83 MODEL)",92,,0000-67-1983-76,1,12MM X 1.5,,no,figure titled '83 model only
BI-088-15,BI,88,6142AC-1,"COMPRESSOR MOUNTING KIT, COMPRESSOR/CLUTCH ASSEMBLY & REPAIR PARTS ('83 MODEL)",93,LOCKWASHER,0000-67-1976-92,1,5/16,,no,figure titled '83 model only
BI-088-16,BI,88,6142AC-1,"COMPRESSOR MOUNTING KIT, COMPRESSOR/CLUTCH ASSEMBLY & REPAIR PARTS ('83 MODEL)",94,,0000-67-X40A-01,1,1/2,,no,figure titled '83 model only
BI-088-17,BI,88,6142AC-1,"COMPRESSOR MOUNTING KIT, COMPRESSOR/CLUTCH ASSEMBLY & REPAIR PARTS ('83 MODEL)",95,,0000-67-X40M-03,8,10MM,,no,figure titled '83 model only
BI-088-18,BI,88,6142AC-1,"COMPRESSOR MOUNTING KIT, COMPRESSOR/CLUTCH ASSEMBLY & REPAIR PARTS ('83 MODEL)",96,FLATWASHER,0000-67-0970-17,6,10MM,,no,figure titled '83 model only
BI-088-19,BI,88,6142AC-1,"COMPRESSOR MOUNTING KIT, COMPRESSOR/CLUTCH ASSEMBLY & REPAIR PARTS ('83 MODEL)",97,"SPACER, MOUNTING",0000-67-1983-69,2,,,no,figure titled '83 model only
BI-088-20,BI,88,6142AC-1,"COMPRESSOR MOUNTING KIT, COMPRESSOR/CLUTCH ASSEMBLY & REPAIR PARTS ('83 MODEL)",,COMPRESSOR/CLUTCH,0000-67-D00B-3A,1,(SANKYO 9165),,no,figure titled '83 model only
BI-088-21,BI,88,6142AC-1,"COMPRESSOR MOUNTING KIT, COMPRESSOR/CLUTCH ASSEMBLY & REPAIR PARTS ('83 MODEL)",,COMPRESSOR,0000-67-D10A-3A,1,(SANKYO 1653),,no,figure titled '83 model only
BI-088-22,BI,88,6142AC-1,"COMPRESSOR MOUNTING KIT, COMPRESSOR/CLUTCH ASSEMBLY & REPAIR PARTS ('83 MODEL)",121,"KEY, SHAFT",0000-67-D11A-3A,1,,,no,figure titled '83 model only
BI-088-23,BI,88,6142AC-1,"COMPRESSOR MOUNTING KIT, COMPRESSOR/CLUTCH ASSEMBLY & REPAIR PARTS ('83 MODEL)",122,SEAL KIT,0000-67-0124-26,1,,,no,figure titled '83 model only
BI-088-24,BI,88,6142AC-1,"COMPRESSOR MOUNTING KIT, COMPRESSOR/CLUTCH ASSEMBLY & REPAIR PARTS ('83 MODEL)",123,O-RING SET,0000-67-0123-40,1,PACKAGE OF 10,,no,figure titled '83 model only
BI-088-25,BI,88,6142AC-1,"COMPRESSOR MOUNTING KIT, COMPRESSOR/CLUTCH ASSEMBLY & REPAIR PARTS ('83 MODEL)",124,GASKET KIT,0000-67-D13B-3B,1,GASKET KIT,,no,figure titled '83 model only
BI-088-26,BI,88,6142AC-1,"COMPRESSOR MOUNTING KIT, COMPRESSOR/CLUTCH ASSEMBLY & REPAIR PARTS ('83 MODEL)",125,VALVE PLATE ASSEMBLY,0000-67-D14B-3B,1,,,no,figure titled '83 model only
BI-088-27,BI,88,6142AC-1,"COMPRESSOR MOUNTING KIT, COMPRESSOR/CLUTCH ASSEMBLY & REPAIR PARTS ('83 MODEL)",126,"HEAD, CYLINDER",0000-67-0127-08,1,,,no,figure titled '83 model only
BI-088-28,BI,88,6142AC-1,"COMPRESSOR MOUNTING KIT, COMPRESSOR/CLUTCH ASSEMBLY & REPAIR PARTS ('83 MODEL)",127,"PORT, SERVICE",0000-67-D16A-3A,2,W/ VALVE,,no,figure titled '83 model only
BI-088-29,BI,88,6142AC-1,"COMPRESSOR MOUNTING KIT, COMPRESSOR/CLUTCH ASSEMBLY & REPAIR PARTS ('83 MODEL)",128,"CAP, SCHRADER VALVE",0000-67-D17A-3A,1,PACKAGE OF 10,,no,figure titled '83 model only
BI-088-30,BI,88,6142AC-1,"COMPRESSOR MOUNTING KIT, COMPRESSOR/CLUTCH ASSEMBLY & REPAIR PARTS ('83 MODEL)",129,"RING, SNAP-SEAL SET",0000-67-D18A-3A,1,,,no,figure titled '83 model only
BI-088-31,BI,88,6142AC-1,"COMPRESSOR MOUNTING KIT, COMPRESSOR/CLUTCH ASSEMBLY & REPAIR PARTS ('83 MODEL)",130,"PLUG, OIL FILLER",0000-67-D19A-3A,1,,,no,figure titled '83 model only
BI-088-32,BI,88,6142AC-1,"COMPRESSOR MOUNTING KIT, COMPRESSOR/CLUTCH ASSEMBLY & REPAIR PARTS ('83 MODEL)",,CLUTCH,0000-67-D20A-3A,1,5,,no,figure titled '83 model only
BI-088-33,BI,88,6142AC-1,"COMPRESSOR MOUNTING KIT, COMPRESSOR/CLUTCH ASSEMBLY & REPAIR PARTS ('83 MODEL)",136,ACCESSORY KIT,0000-67-D21A-3A,1,,,no,figure titled '83 model only
BI-088-34,BI,88,6142AC-1,"COMPRESSOR MOUNTING KIT, COMPRESSOR/CLUTCH ASSEMBLY & REPAIR PARTS ('83 MODEL)",137,FRONT PLATE & ROTOR,0000-67-D22A-3A,1,,,no,figure titled '83 model only
BI-088-35,BI,88,6142AC-1,"COMPRESSOR MOUNTING KIT, COMPRESSOR/CLUTCH ASSEMBLY & REPAIR PARTS ('83 MODEL)",138,BEARING,0000-67-D23A-6A,1,,,no,figure titled '83 model only
BI-088-36,BI,88,6142AC-1,"COMPRESSOR MOUNTING KIT, COMPRESSOR/CLUTCH ASSEMBLY & REPAIR PARTS ('83 MODEL)",139,"COIL, FIELD",0000-67-D24A-3A,1,,,no,figure titled '83 model only
BI-089-01,BI,89,6152A-1,EVAPORATOR PACKAGE ('81 MODEL),34,EVAPORATOR ASSEMBLY,0000-67-2382-79,1,,,no,figure titled '81 model only
BI-089-02,BI,89,6152A-1,EVAPORATOR PACKAGE ('81 MODEL),36,"CASE, TOP",0000-67-M00A-3A,1,INJECTION MOULDED,,no,figure titled '81 model only
BI-089-03,BI,89,6152A-1,EVAPORATOR PACKAGE ('81 MODEL),36,"CASE, BOTTOM",,1,W/ DRAIN PLATE & DRAIN TUBE,,no,figure titled '81 model only
BI-089-04,BI,89,6152A-1,EVAPORATOR PACKAGE ('81 MODEL),37,"COIL, EVAPORATOR",0000-67-1998-51,1,FOR EXTERIOR EQUALIZED VALVE,,no,figure titled '81 model only
BI-089-05,BI,89,6152A-1,EVAPORATOR PACKAGE ('81 MODEL),38,"BRACKET, CASE-TOP",0000-67-0008-79,1,,,no,figure titled '81 model only
BI-089-06,BI,89,6152A-1,EVAPORATOR PACKAGE ('81 MODEL),39,"BRACKET, CASE-BOTTOM",0000-67-M00A-3A,1,,,no,figure titled '81 model only
BI-089-07,BI,89,6152A-1,EVAPORATOR PACKAGE ('81 MODEL),40,"SWITCH, THERMOSTAT-PRESET FROSTING",0000-67-0958-17,1,,,no,figure titled '81 model only
BI-089-08,BI,89,6152A-1,EVAPORATOR PACKAGE ('81 MODEL),41,"TUBE, ALUMINUM EXTENSION",0000-67-1995-39,1,,,no,figure titled '81 model only
BI-089-09,BI,89,6152A-1,EVAPORATOR PACKAGE ('81 MODEL),42,"VALVE, EXPANSION-EXTENSION EQUALIZED",0000-67-0336-80,1,,,no,figure titled '81 model only
BI-089-10,BI,89,6152A-1,EVAPORATOR PACKAGE ('81 MODEL),43,"CLAMP NO. 1, BULB",0000-67-B44A-3B,1,,,no,figure titled '81 model only
BI-089-11,BI,89,6152A-1,EVAPORATOR PACKAGE ('81 MODEL),44,"BRACKET, MOUNTING-THERMOSTAT",0000-67-0007-37,1,,,no,figure titled '81 model only
BI-089-12,BI,89,6152A-1,EVAPORATOR PACKAGE ('81 MODEL),45,"HARNESS ASSEMBLY, WIRING",0000-67-1998-49,1,,,no,figure titled '81 model only
BI-089-13,BI,89,6152A-1,EVAPORATOR PACKAGE ('81 MODEL),46,"CASE, TRANSITION",0000-67-1977-34,1,INJECTION MOULDED,,no,figure titled '81 model only
BI-089-14,BI,89,6152A-1,EVAPORATOR PACKAGE ('81 MODEL),47,"CLIP, RETAINER",0000-67-1977-25,8,,,no,figure titled '81 model only
BI-089-15,BI,89,6152A-1,EVAPORATOR PACKAGE ('81 MODEL),48,"CLIP, EVAPORATOR COIL PIPE",0000-67-0010-63,1,,,no,figure titled '81 model only
BI-089-16,BI,89,6152A-1,EVAPORATOR PACKAGE ('81 MODEL),49,,0000-67-0010-64,1,,,no,figure titled '81 model only
BI-089-17,BI,89,6152A-1,EVAPORATOR PACKAGE ('81 MODEL),50,"SCREW, TAPPING",0000-67-1982-26,1,NO. 10 X 1/2 PH,,no,figure titled '81 model only
BI-089-18,BI,89,6152A-1,EVAPORATOR PACKAGE ('81 MODEL),51,"PROTECTOR, TUBE",0000-67-1981-03,1,7/16 ID X 7/8 OD X 2 3/4,,no,figure titled '81 model only
BI-089-19,BI,89,6152A-1,EVAPORATOR PACKAGE ('81 MODEL),52,,0000-67-1981-40,1,5/8 ID X 1 1/8 OD X 2 1/2,,no,figure titled '81 model only
BI-089-20,BI,89,6152A-1,EVAPORATOR PACKAGE ('81 MODEL),,EVAPORATOR SCREW KIT,0000-67-1478-36,1,,,no,figure titled '81 model only
BI-089-21,BI,89,6152A-1,EVAPORATOR PACKAGE ('81 MODEL),24,FLATWASHER,0000-67-0402-83,3,1/4,,no,figure titled '81 model only
BI-089-22,BI,89,6152A-1,EVAPORATOR PACKAGE ('81 MODEL),53,"NUT, HEX",0000-67-0411-12,3,6MM,,no,figure titled '81 model only
BI-089-23,BI,89,6152A-1,EVAPORATOR PACKAGE ('81 MODEL),54,"GROMMET, WIRE HARNESS",0000-67-1992-98,1,1/2 X 13/16,,no,figure titled '81 model only
BI-089-24,BI,89,6152A-1,EVAPORATOR PACKAGE ('81 MODEL),55,"GROMMET, DRAIN HOSE",0000-67-B62A-4A,1,1/2 X 3/8,,no,figure titled '81 model only
BI-089-25,BI,89,6152A-1,EVAPORATOR PACKAGE ('81 MODEL),56,"HOSE, DRAIN",0000-67-1977-05,1,1/2 ID X 4 1/2,,no,figure titled '81 model only
BI-089-26,BI,89,6152A-1,EVAPORATOR PACKAGE ('81 MODEL),57,"CONNECTOR, WIRE",0000-67-1998-83,1,,,no,figure titled '81 model only
BI-089-27,BI,89,6152A-1,EVAPORATOR PACKAGE ('81 MODEL),58,RELAY,0000-67-0957-22,1,,,no,figure titled '81 model only
BI-089-28,BI,89,6152A-1,EVAPORATOR PACKAGE ('81 MODEL),59,"HARNESS, WIRE",0000-67-1978-37,1,,,no,figure titled '81 model only
BI-089-29,BI,89,6152A-1,EVAPORATOR PACKAGE ('81 MODEL),60,"WIRE, JUMPER",0000-67-1977-27,1,,,no,figure titled '81 model only
BI-089-30,BI,89,6152A-1,EVAPORATOR PACKAGE ('81 MODEL),61,"SEAL, RING",0000-67-0007-42,1,,,no,figure titled '81 model only
BI-089-31,BI,89,6152A-1,EVAPORATOR PACKAGE ('81 MODEL),62,"SEAL, PLATE-TOP",0000-67-0007-41,1,,,no,figure titled '81 model only
BI-089-32,BI,89,6152A-1,EVAPORATOR PACKAGE ('81 MODEL),63,"ELBOW, PLASTIC",0000-67-1995-30,1,"90 DEG., 1/2 OD",,no,figure titled '81 model only
BI-089-33,BI,89,6152A-1,EVAPORATOR PACKAGE ('81 MODEL),64,"CLAMP, DRAIN HOSE",0000-67-1988-67,1,,,no,figure titled '81 model only
BI-089-34,BI,89,6152A-1,EVAPORATOR PACKAGE ('81 MODEL),65,"SCREW, TAPPING",0000-67-1983-78,2,NO. 10 X 3/4 PH,,no,figure titled '81 model only
BI-089-35,BI,89,6152A-1,EVAPORATOR PACKAGE ('81 MODEL),21,"NUT, KEPS",0000-67-1997-59,2,NO. 10 X 32,,no,figure titled '81 model only
BI-090-01,BI,90,6152AB-1,EVAPORATOR PACKAGE ('82 MODEL),34,EVAPORATOR ASSEMBLY,0000-67-2382-94,1,,,yes,
BI-090-02,BI,90,6152AB-1,EVAPORATOR PACKAGE ('82 MODEL),35,"CASE, TOP",0000-67-M00A-3A,1,INJECTION MOULDED,,yes,
BI-090-03,BI,90,6152AB-1,EVAPORATOR PACKAGE ('82 MODEL),36,"BRACKET, CASE-TOP",0000-67-0008-79,1,,,yes,
BI-090-04,BI,90,6152AB-1,EVAPORATOR PACKAGE ('82 MODEL),37,"BRACKET, THERMOSTAT MOUNTING",0000-67-0007-37,1,,,yes,
BI-090-05,BI,90,6152AB-1,EVAPORATOR PACKAGE ('82 MODEL),38,"SWITCH, THERMOSTAT-PRESET FROSTING",0000-67-0958-17,1,,,yes,
BI-090-06,BI,90,6152AB-1,EVAPORATOR PACKAGE ('82 MODEL),39,"HARNESS, WIRE",0000-67-1998-49,1,,,yes,
BI-090-07,BI,90,6152AB-1,EVAPORATOR PACKAGE ('82 MODEL),40,"COIL, EVAPORATOR",0000-67-B30A-4A,1,FOR EXTENSION EQUALIZER VALVE,,yes,
BI-090-08,BI,90,6152AB-1,EVAPORATOR PACKAGE ('82 MODEL),,O-RING,0000-67-0123-21,1,FOR EXTENSION TUBE-EXPANSION VALVE CONNECTION,,yes,
BI-090-09,BI,90,6152AB-1,EVAPORATOR PACKAGE ('82 MODEL),41,"VALVE, EXPANSION-EXTENSION EQUALIZER",0000-67-0336-81,1,,,yes,
BI-090-10,BI,90,6152AB-1,EVAPORATOR PACKAGE ('82 MODEL),42,"TUBE, ALUMINUM EXTENSION",0000-67-B32A-4A,1,,,yes,
BI-090-11,BI,90,6152AB-1,EVAPORATOR PACKAGE ('82 MODEL),43,"CLAMP NO. 1, BULB",0000-67-B44A-3B,1,,,yes,
BI-090-12,BI,90,6152AB-1,EVAPORATOR PACKAGE ('82 MODEL),44,"PROTECTOR, TUBE",0000-67-1981-03,1,7/16 X 7/8 OD X 2 3/4,,yes,
BI-090-13,BI,90,6152AB-1,EVAPORATOR PACKAGE ('82 MODEL),45,,0000-67-1981-40,1,5/8 ID X 1 1/8 OD X 2 1/2,,yes,
BI-090-14,BI,90,6152AB-1,EVAPORATOR PACKAGE ('82 MODEL),46,"CLIP, EVAPORATOR COIL PIPE",0000-67-0010-63,1,,,yes,
BI-090-15,BI,90,6152AB-1,EVAPORATOR PACKAGE ('82 MODEL),47,,0000-67-0010-64,1,,,yes,
BI-090-16,BI,90,6152AB-1,EVAPORATOR PACKAGE ('82 MODEL),48,"CASE, BOTTOM",0000-67-M00A-3A,1,W/ DRAIN PLATE & DRAIN TUBE,,yes,
BI-090-17,BI,90,6152AB-1,EVAPORATOR PACKAGE ('82 MODEL),49,"BRACKET, CASE-BOTTOM",,1,,,yes,
BI-090-18,BI,90,6152AB-1,EVAPORATOR PACKAGE ('82 MODEL),50,"CLIP, RETAINER",0000-67-1977-25,8,,,yes,
BI-090-19,BI,90,6152AB-1,EVAPORATOR PACKAGE ('82 MODEL),51,"CASE, TRANSITION",0000-67-1977-34,1,INJECTION MOULDED,,yes,
BI-090-20,BI,90,6152AB-1,EVAPORATOR PACKAGE ('82 MODEL),52,"SCREW, TAPPING",0000-67-1982-26,4,NO. 10 X 1/2 PH,,yes,
BI-090-21,BI,90,6152AB-1,EVAPORATOR PACKAGE ('82 MODEL),,EVAPORATOR SCREW KIT,0000-67-1478-36,1,,,yes,
BI-090-22,BI,90,6152AB-1,EVAPORATOR PACKAGE ('82 MODEL),54,FLATWASHER,0000-67-0402-83,3,1/4,,yes,
BI-090-23,BI,90,6152AB-1,EVAPORATOR PACKAGE ('82 MODEL),55,"NUT, HEX",0000-67-0411-12,3,6MM,,yes,
BI-090-24,BI,90,6152AB-1,EVAPORATOR PACKAGE ('82 MODEL),56,GROMMET,0000-67-1992-98,1,1/2 X 13/16,,yes,
BI-090-25,BI,90,6152AB-1,EVAPORATOR PACKAGE ('82 MODEL),57,,0000-67-B62A-4A,1,1/2 X 3/8,,yes,
BI-090-26,BI,90,6152AB-1,EVAPORATOR PACKAGE ('82 MODEL),58,"HOSE, DRAIN",0000-67-0977-05,1,1/2 ID X 4 1/2,,yes,
BI-090-27,BI,90,6152AB-1,EVAPORATOR PACKAGE ('82 MODEL),59,"CONNECTOR, WIRE",0000-67-1998-83,1,,,yes,
BI-090-28,BI,90,6152AB-1,EVAPORATOR PACKAGE ('82 MODEL),60,RELAY,0000-67-B82A-6P,1,,,yes,
BI-090-29,BI,90,6152AB-1,EVAPORATOR PACKAGE ('82 MODEL),61,"HARNESS, WIRE",0000-67-1978-37,1,,,yes,
BI-090-30,BI,90,6152AB-1,EVAPORATOR PACKAGE ('82 MODEL),62,"WIRE, JUMPER",0000-67-1977-27,1,,,yes,
BI-090-31,BI,90,6152AB-1,EVAPORATOR PACKAGE ('82 MODEL),63,"SEAL, RING",0000-67-0007-42,1,,,yes,
BI-090-32,BI,90,6152AB-1,EVAPORATOR PACKAGE ('82 MODEL),64,"SEAL, TOP PLATE",0000-67-0007-41,1,,,yes,
BI-090-33,BI,90,6152AB-1,EVAPORATOR PACKAGE ('82 MODEL),65,"ELBOW, PLASTIC",0000-67-1995-30,1,"90 DEG., 1/2 OD",,yes,
BI-090-34,BI,90,6152AB-1,EVAPORATOR PACKAGE ('82 MODEL),66,"CLAMP, DRAIN HOSE",0000-67-1988-67,1,,,yes,
BI-090-35,BI,90,6152AB-1,EVAPORATOR PACKAGE ('82 MODEL),67,"SCREW, TAPPING",0000-67-1983-78,2,NO. 10 X 3/4 PH,,yes,
BI-091-01,BI,91,6152AC-1,EVAPORATOR PACKAGE ('83 MODEL),41,EVAPORATOR ASSEMBLY,0000-67-2382-94,1,,,no,'83 MODEL figure (ITEM NO. column; D-CODE blank)
BI-091-02,BI,91,6152AC-1,EVAPORATOR PACKAGE ('83 MODEL),42,"CASE, TOP",0000-67-M00A-3A,1,INJECTION MOULDED,,no,'83 MODEL figure (ITEM NO. column; D-CODE blank)
BI-091-03,BI,91,6152AC-1,EVAPORATOR PACKAGE ('83 MODEL),43,"CASE, BOTTOM",,1,INJECTION MOULDED,,no,'83 MODEL figure (ITEM NO. column; D-CODE blank)
BI-091-04,BI,91,6152AC-1,EVAPORATOR PACKAGE ('83 MODEL),44,"CASE, TRANSITION",0000-67-1977-34,1,INJECTION MOULDED,,no,'83 MODEL figure (ITEM NO. column; D-CODE blank)
BI-091-05,BI,91,6152AC-1,EVAPORATOR PACKAGE ('83 MODEL),45,"COIL, EVAPORATOR",0000-67-B30A-4A,1,,,no,'83 MODEL figure (ITEM NO. column; D-CODE blank)
BI-091-06,BI,91,6152AC-1,EVAPORATOR PACKAGE ('83 MODEL),46,"VALVE, EXPANSION",0000-67-0336-81,1,,,no,'83 MODEL figure (ITEM NO. column; D-CODE blank)
BI-091-07,BI,91,6152AC-1,EVAPORATOR PACKAGE ('83 MODEL),47,"HARNESS, WIRE",0000-67-1998-49,1,,,no,'83 MODEL figure (ITEM NO. column; D-CODE blank)
BI-091-08,BI,91,6152AC-1,EVAPORATOR PACKAGE ('83 MODEL),48,"SWITCH, THERMOSTAT-PRESET",0000-67-0958-17,1,,,no,'83 MODEL figure (ITEM NO. column; D-CODE blank)
BI-091-09,BI,91,6152AC-1,EVAPORATOR PACKAGE ('83 MODEL),49,"TUBE, EXTENSION",0000-67-B32A-4A,1,,,no,'83 MODEL figure (ITEM NO. column; D-CODE blank)
BI-091-10,BI,91,6152AC-1,EVAPORATOR PACKAGE ('83 MODEL),50,"PROTECTOR, TUBE",0000-67-1981-03,1,7/16 ID X 7/8 OD X 2 3/4,,no,'83 MODEL figure (ITEM NO. column; D-CODE blank)
BI-091-11,BI,91,6152AC-1,EVAPORATOR PACKAGE ('83 MODEL),51,,0000-67-1981-40,1,5/8 ID X 1 1/8 OD X 2 1/2,,no,'83 MODEL figure (ITEM NO. column; D-CODE blank)
BI-091-12,BI,91,6152AC-1,EVAPORATOR PACKAGE ('83 MODEL),52,"O-RING, CAP-TUBE SEAL",0000-67-0123-21,1,,,no,'83 MODEL figure (ITEM NO. column; D-CODE blank)
BI-091-13,BI,91,6152AC-1,EVAPORATOR PACKAGE ('83 MODEL),53,O-RING,0000-67-0123-18,1,NO. 8,,no,'83 MODEL figure (ITEM NO. column; D-CODE blank)
BI-091-14,BI,91,6152AC-1,EVAPORATOR PACKAGE ('83 MODEL),54,"BRACKET, THERMOSTAT MOUNTING",0000-67-0007-37,1,,,no,'83 MODEL figure (ITEM NO. column; D-CODE blank)
BI-091-15,BI,91,6152AC-1,EVAPORATOR PACKAGE ('83 MODEL),55,"CLAMP NO. 1, BULB",0000-67-B44A-3B,1,,,no,'83 MODEL figure (ITEM NO. column; D-CODE blank)
BI-091-16,BI,91,6152AC-1,EVAPORATOR PACKAGE ('83 MODEL),56,"CLIP, EVAPORATOR COIL PIPE",0000-67-0010-63,1,,,no,'83 MODEL figure (ITEM NO. column; D-CODE blank)
BI-091-17,BI,91,6152AC-1,EVAPORATOR PACKAGE ('83 MODEL),57,,0000-67-0010-64,1,,,no,'83 MODEL figure (ITEM NO. column; D-CODE blank)
BI-091-18,BI,91,6152AC-1,EVAPORATOR PACKAGE ('83 MODEL),58,"CLIP, RETAINER",0000-67-1977-25,8,,,no,'83 MODEL figure (ITEM NO. column; D-CODE blank)
BI-091-19,BI,91,6152AC-1,EVAPORATOR PACKAGE ('83 MODEL),59,"SCREW, TAPPING",0000-67-1982-26,2,NO. 10 X 1/2 PH,,no,'83 MODEL figure (ITEM NO. column; D-CODE blank)
BI-091-20,BI,91,6152AC-1,EVAPORATOR PACKAGE ('83 MODEL),60,,0000-67-1995-93,4,NO. 8 X 1/2 PH,,no,'83 MODEL figure (ITEM NO. column; D-CODE blank)
BI-091-21,BI,91,6152AC-1,EVAPORATOR PACKAGE ('83 MODEL),,EVAPORATOR SACK KIT,0000-67-1478-36,1,,,no,'83 MODEL figure (ITEM NO. column; D-CODE blank)
BI-091-22,BI,91,6152AC-1,EVAPORATOR PACKAGE ('83 MODEL),61,RELAY,0000-67-B82A-6P,1,,,no,'83 MODEL figure (ITEM NO. column; D-CODE blank)
BI-091-23,BI,91,6152AC-1,EVAPORATOR PACKAGE ('83 MODEL),62,"HARNESS, WIRE",0000-67-1978-37,1,,,no,'83 MODEL figure (ITEM NO. column; D-CODE blank)
BI-091-24,BI,91,6152AC-1,EVAPORATOR PACKAGE ('83 MODEL),63,"WIRE, CONNECTOR",0000-67-1998-83,1,,,no,'83 MODEL figure (ITEM NO. column; D-CODE blank)
BI-091-25,BI,91,6152AC-1,EVAPORATOR PACKAGE ('83 MODEL),64,"SEAL, AIR RING",0000-67-0007-42,1,,,no,'83 MODEL figure (ITEM NO. column; D-CODE blank)
BI-091-26,BI,91,6152AC-1,EVAPORATOR PACKAGE ('83 MODEL),65,"SEAL, TOP PLATE",0000-67-0007-41,1,,,no,'83 MODEL figure (ITEM NO. column; D-CODE blank)
BI-091-27,BI,91,6152AC-1,EVAPORATOR PACKAGE ('83 MODEL),66,GROMMET,0000-67-1992-98,1,1/2 X 13/16,,no,'83 MODEL figure (ITEM NO. column; D-CODE blank)
BI-091-28,BI,91,6152AC-1,EVAPORATOR PACKAGE ('83 MODEL),67,,0000-67-B62A-4A,1,1/2 X 3/8,,no,'83 MODEL figure (ITEM NO. column; D-CODE blank)
BI-091-29,BI,91,6152AC-1,EVAPORATOR PACKAGE ('83 MODEL),68,"HOSE, DRAIN",0000-67-1977-05,1,1/2 ID X 4 1/2,,no,'83 MODEL figure (ITEM NO. column; D-CODE blank)
BI-091-30,BI,91,6152AC-1,EVAPORATOR PACKAGE ('83 MODEL),69,"ELBOW, PLASTIC",0000-67-1995-30,1,"90 DEG., 1/2 OD",,no,'83 MODEL figure (ITEM NO. column; D-CODE blank)
BI-091-31,BI,91,6152AC-1,EVAPORATOR PACKAGE ('83 MODEL),70,"CLAMP, DRAIN HOSE",0000-67-1988-67,1,,,no,'83 MODEL figure (ITEM NO. column; D-CODE blank)
BI-091-32,BI,91,6152AC-1,EVAPORATOR PACKAGE ('83 MODEL),71,NUT,0000-67-0411-12,3,6MM,,no,'83 MODEL figure (ITEM NO. column; D-CODE blank)
BI-091-33,BI,91,6152AC-1,EVAPORATOR PACKAGE ('83 MODEL),72,FLATWASHER,0000-67-0402-83,3,1/4,,no,'83 MODEL figure (ITEM NO. column; D-CODE blank)
BI-091-34,BI,91,6152AC-1,EVAPORATOR PACKAGE ('83 MODEL),73,"SCREW, TAPPING",0000-67-1983-78,2,NO. 10 X 3/4 PH,,no,'83 MODEL figure (ITEM NO. column; D-CODE blank)
BI-092-01,BI,92,6230A-1,BACK DOOR MECHANISM,58 316C,CLIP,G030-58-315,2,,,yes,
BI-092-02,BI,92,6230A-1,BACK DOOR MECHANISM,60 690C,"SWITCH, ROOM LAMP",0305-60-690,1,,,yes,
BI-092-03,BI,92,6230A-1,BACK DOOR MECHANISM,62 210,HINGE (R),8871-62-210B,1,,,yes,
BI-092-04,BI,92,6230A-1,BACK DOOR MECHANISM,62 231A,"SHIM 'A' (R), HINGE",8871-62-231,1,,,yes,
BI-092-05,BI,92,6230A-1,BACK DOOR MECHANISM,62 232,"SHIM 'B', HINGE",8871-62-232A,2,,,yes,
BI-092-06,BI,92,6230A-1,BACK DOOR MECHANISM,62 233,"SHIM 'D', HINGE",8871-62-233,2,,,yes,
BI-092-07,BI,92,6230A-1,BACK DOOR MECHANISM,62 241A,"SHIM 'C' (R), HINGE",8871-62-241A,1,,,yes,
BI-092-08,BI,92,6230A-1,BACK DOOR MECHANISM,62 310,"LOCK, BACK DOOR",FA01-62-310C,1,GS & GSL MODELS,,yes,GS & GSL MODELS
BI-092-09,BI,92,6230A-1,BACK DOOR MECHANISM,,,FA02-62-310B,1,S MODEL,,no,S MODEL
BI-092-10,BI,92,6230A-1,BACK DOOR MECHANISM,62 315,"OPENER, REMOTE CONTROL",8341-62-315,1,GS & GSL MODELS,,yes,GS & GSL MODELS
BI-092-11,BI,92,6230A-1,BACK DOOR MECHANISM,62 361,"STRIKER, LOCK",8871-62-361,1,,,yes,
BI-092-12,BI,92,6230A-1,BACK DOOR MECHANISM,62 365,"NUT, STRIKER",FA01-62-365,1,,,yes,
BI-092-13,BI,92,6230A-1,BACK DOOR MECHANISM,62 366,"SHIM 'A', STRIKER",FA01-62-366,1,,,yes,
BI-092-14,BI,92,6230A-1,BACK DOOR MECHANISM,62 367,"SHIM 'B', STRIKER",8871-62-367,1,,,yes,
BI-092-15,BI,92,6230A-1,BACK DOOR MECHANISM,62 610,"STAY, DAMPER",8341-89-621,2,S & GS MODELS,,yes,S & GS MODELS
BI-092-16,BI,92,6230A-1,BACK DOOR MECHANISM,62 610A,"STAY (R), DAMPER",1482-89-621,1,GSL MODEL,,no,GSL MODEL
BI-092-17,BI,92,6230A-1,BACK DOOR MECHANISM,62 621,"PIN, DAMPER",8871-62-621,2,,,yes,
BI-092-18,BI,92,6230A-1,BACK DOOR MECHANISM,62 631,"BRACKET, DAMPER",8871-62-631,2,,,yes,
BI-092-19,BI,92,6230A-1,BACK DOOR MECHANISM,62 635,"NUT, DAMPER",8871-62-635A,2,,,yes,
BI-092-20,BI,92,6230A-1,BACK DOOR MECHANISM,62 636,"SHIM 'A', DAMPER",8871-62-636A,2,,,yes,
BI-092-21,BI,92,6230A-1,BACK DOOR MECHANISM,62 637,"SHIM 'B', DAMPER",8871-62-637,2,,,yes,
BI-092-22,BI,92,6230A-1,BACK DOOR MECHANISM,63 210,HINGE (L),887?-??-210B,1,,part no. partly blank in scan,yes,
BI-092-23,BI,92,6230A-1,BACK DOOR MECHANISM,63 231A,"SHIM 'A' (L), HINGE",8871-63-231,1,,,yes,
BI-092-24,BI,92,6230A-1,BACK DOOR MECHANISM,63 241A,"SHIM 'C' (L), HINGE",8871-63-241A,1,,,yes,
BI-092-25,BI,92,6230A-1,BACK DOOR MECHANISM,63 610A,"STAY (L), DAMPER",8341-89-621,1,GSL MODEL,,no,GSL MODEL
BI-093-01,BI,93,6300A-1,WINDOW GLASSES,51 881A,"GARNISH (R), SIDE WINDOW",FA01-51-881A,1,,,yes,
BI-093-02,BI,93,6300A-1,WINDOW GLASSES,51 891A,"GARNISH (L), SIDE WINDOW",FA01-51-891A,1,,,yes,
BI-093-03,BI,93,6300A-1,WINDOW GLASSES,51 902F,PACKING,1029-51-902,2,,,yes,
BI-093-04,BI,93,6300A-1,WINDOW GLASSES,63 901,"GLASS, WINDSHIELD",FA01-63-901B,1,GS & GSL MODELS,,yes,GS & GSL MODELS
BI-093-05,BI,93,6300A-1,WINDOW GLASSES,,,FA02-63-901F,1,S MODEL,,no,S MODEL
BI-093-06,BI,93,6300A-1,WINDOW GLASSES,63 902,"DAM, FRONT W/SHIELD GLASS",1243-63-902,1,,,yes,
BI-093-07,BI,93,6300A-1,WINDOW GLASSES,63 931,"GLASS, REAR WINDOW",1482-75-890D,1,GSL MODEL,,no,GSL MODEL
BI-093-08,BI,93,6300A-1,WINDOW GLASSES,,,8341-75-890D,1,S & GS MODELS,,yes,S & GS MODELS
BI-093-09,BI,93,6300A-1,WINDOW GLASSES,63 932,"WEATHERSTRIP, RR. WINDOW",8871-62-761D,1,,,yes,
BI-093-10,BI,93,6300A-1,WINDOW GLASSES,63 935,"MOULDING, REAR WINDOW",8871-63-935A,1,,,yes,
BI-093-11,BI,93,6300A-1,WINDOW GLASSES,63 941,"GLASS (R), SIDE WINDOW",FA01-62-950D,1,,,yes,
BI-093-12,BI,93,6300A-1,WINDOW GLASSES,63 942B,"DAM, SIDE WINDOW",8871-63-942,4,,,yes,
BI-093-13,BI,93,6300A-1,WINDOW GLASSES,63 951,"GLASS (L), SIDE WINDOW",FA01-63-950D,1,,,yes,
BI-093-14,BI,93,6300A-1,WINDOW GLASSES,63 960A,"PLATE (R), GLASS",FA01-62-970,1,,,yes,
BI-093-15,BI,93,6300A-1,WINDOW GLASSES,63 970,"MOULDING (R), GLASS",8871-62-960A,1,,,yes,
BI-093-16,BI,93,6300A-1,WINDOW GLASSES,63 970A,"PLATE (L), GLASS",FA01-63-970,1,,,yes,
BI-093-17,BI,93,6300A-1,WINDOW GLASSES,63 980,"MOULDING (L), GLASS",8871-63-960A,1,,,yes,
BI-093-18,BI,93,6300A-1,WINDOW GLASSES,68 861B,SPACER,8871-62-966A,2,,,yes,
BI-093-19,BI,93,6300A-1,WINDOW GLASSES,69 049D,"NUT, SPEED",0187-69-049A,4,,,yes,
BI-093-20,BI,93,6300A-1,WINDOW GLASSES,70 447A,SPACER 'A',8871-63-911,2,,,yes,
BI-093-21,BI,93,6300A-1,WINDOW GLASSES,70 449A,SPACER 'C',0839-70-449,3,,,yes,
BI-093-22,BI,93,6300A-1,WINDOW GLASSES,70 526B,"SHEET 'A', SIDE WINDOW",0256-70-526A,2,,,yes,
BI-094-01,BI,94,6330A-1,SUNROOF (GSL),62 801A,DEFLECTOR,8346-62-801C,1,,,no,GSL-only figure (SUNROOF (GSL))
BI-094-02,BI,94,6330A-1,SUNROOF (GSL),,BLACK,02,,,,no,GSL-only figure (SUNROOF (GSL))
BI-094-03,BI,94,6330A-1,SUNROOF (GSL),,RED,11,,,,no,GSL-only figure (SUNROOF (GSL))
BI-094-04,BI,94,6330A-1,SUNROOF (GSL),,TAN,29,,,FB331 ..600001-,no,GSL-only figure (SUNROOF (GSL))
BI-094-05,BI,94,6330A-1,SUNROOF (GSL),,BROWN,70,,,,no,GSL-only figure (SUNROOF (GSL))
BI-094-06,BI,94,6330A-1,SUNROOF (GSL),62 805,"WEATHERSTRIP, TOP",8970-62-805B,1,,,no,GSL-only figure (SUNROOF (GSL))
BI-094-07,BI,94,6330A-1,SUNROOF (GSL),62 815A,"PROTECTOR, TOP",8970-62-815B,1,,,no,GSL-only figure (SUNROOF (GSL))
BI-094-08,BI,94,6330A-1,SUNROOF (GSL),62 820,SUNROOF,8346-62-820A,1,,,no,GSL-only figure (SUNROOF (GSL))
BI-094-09,BI,94,6330A-1,SUNROOF (GSL),62 860,"HINGE 'A' (R), TOP",8346-62-875A,1,,,no,GSL-only figure (SUNROOF (GSL))
BI-094-10,BI,94,6330A-1,SUNROOF (GSL),62 870A,"HINGE 'B', TOP",8346-62-871A,1,,,no,GSL-only figure (SUNROOF (GSL))
BI-094-11,BI,94,6330A-1,SUNROOF (GSL),62 876,"REINFORCEMENT (R), HINGE",8346-62-876,1,,,no,GSL-only figure (SUNROOF (GSL))
BI-094-12,BI,94,6330A-1,SUNROOF (GSL),62 878,SCREW,8346-62-878A,4,,,no,GSL-only figure (SUNROOF (GSL))
BI-094-13,BI,94,6330A-1,SUNROOF (GSL),62 879,SCREW,8346-62-879,4,,,no,GSL-only figure (SUNROOF (GSL))
BI-094-14,BI,94,6330A-1,SUNROOF (GSL),62 881,"LATCH, ROTARY",FA04-62-881A,1,,,no,GSL-only figure (SUNROOF (GSL))
BI-094-15,BI,94,6330A-1,SUNROOF (GSL),,BLACK,00,,,,no,GSL-only figure (SUNROOF (GSL))
BI-094-16,BI,94,6330A-1,SUNROOF (GSL),,RED,11,,,,no,GSL-only figure (SUNROOF (GSL))
BI-094-17,BI,94,6330A-1,SUNROOF (GSL),,TAN,29,,,FB331 ..600001-,no,GSL-only figure (SUNROOF (GSL))
BI-094-18,BI,94,6330A-1,SUNROOF (GSL),,BROWN,70,,,,no,GSL-only figure (SUNROOF (GSL))
BI-094-19,BI,94,6330A-1,SUNROOF (GSL),62 882,COVER LATCH,8346-62-882,1,,,no,GSL-only figure (SUNROOF (GSL))
BI-094-20,BI,94,6330A-1,SUNROOF (GSL),62 883,PLATE LOCK,8346-62-883,1,,,no,GSL-only figure (SUNROOF (GSL))
BI-094-21,BI,94,6330A-1,SUNROOF (GSL),62 885,HOOK SLIDE,8346-62-885,1,,,no,GSL-only figure (SUNROOF (GSL))
BI-094-22,BI,94,6330A-1,SUNROOF (GSL),62 980,SCREW,8346-62-980,4,,,no,GSL-only figure (SUNROOF (GSL))
BI-094-23,BI,94,6330A-1,SUNROOF (GSL),63 860,"HINGE 'A' (L), TOP",8346-63-875A,1,,,no,GSL-only figure (SUNROOF (GSL))
BI-094-24,BI,94,6330A-1,SUNROOF (GSL),63 876,"REINFORCEMENT (L), HINGE",8346-63-876,1,,,no,GSL-only figure (SUNROOF (GSL))
BI-094-25,BI,94,6330A-1,SUNROOF (GSL),74 030J,"PIPE, VINYL",8973-56-066,2,,,no,GSL-only figure (SUNROOF (GSL))
BI-094-26,BI,94,6330A-1,SUNROOF (GSL),74 030K,"HOSE, DRAIN",8973-56-065B,2,,,no,GSL-only figure (SUNROOF (GSL))
BI-095-01,BI,95,6600A-1,SWITCH & RELAY (ENGINE & TRANSMISSION),10 7301,"SENSOR, OIL LEVEL",N201-10-730,1,,,yes,
BI-095-02,BI,95,6600A-1,SWITCH & RELAY (ENGINE & TRANSMISSION),14 8201,"GAUGE UNIT, OIL PRESSURE",N201-14-820,1,,,yes,
BI-095-03,BI,95,6600A-1,SWITCH & RELAY (ENGINE & TRANSMISSION),15 610,"SENSOR, WATER LEVEL",8553-15-610B,1,,,yes,
BI-095-04,BI,95,6600A-1,SWITCH & RELAY (ENGINE & TRANSMISSION),15 611,GASKET,8553-15-611,1,,,yes,
BI-095-05,BI,95,6600A-1,SWITCH & RELAY (ENGINE & TRANSMISSION),15 620,"UNIT, WATER LEVEL SENSOR",8248-15-620,1,,,yes,
BI-095-06,BI,95,6600A-1,SWITCH & RELAY (ENGINE & TRANSMISSION),17 640,"SWITCH, BACK-UP LAMP",1391-17-640,1,M/T,,no,M/T only
BI-095-07,BI,95,6600A-1,SWITCH & RELAY (ENGINE & TRANSMISSION),18 510,"UNIT, HEAT GAUGE",8569-18-510A,1,,,yes,
BI-095-08,BI,95,6600A-1,SWITCH & RELAY (ENGINE & TRANSMISSION),18 8201,"BRACKET, CONTROL UNIT",?87?-18-820C,1,,,yes,
BI-095-09,BI,95,6600A-1,SWITCH & RELAY (ENGINE & TRANSMISSION),18 880,"SWITCH, TEMPRATURE",8341-18-880,1,,dcode printed like 13 880; diagram 18880,yes,
BI-095-10,BI,95,6600A-1,SWITCH & RELAY (ENGINE & TRANSMISSION),18 890,"SWITCH, THERMO",?182-18-970A,1,,,yes,
BI-095-11,BI,95,6600A-1,SWITCH & RELAY (ENGINE & TRANSMISSION),18 890A,"SWITCH, THERMO",N201-18-890,1,'81 & '82 MODELS,,yes,'81 & '82 MODELS
BI-095-12,BI,95,6600A-1,SWITCH & RELAY (ENGINE & TRANSMISSION),,,N233-18-890,1,'83 MODEL,,no,'83 MODEL
BI-095-13,BI,95,6600A-1,SWITCH & RELAY (ENGINE & TRANSMISSION),18 9101,SENSOR THROTTLE,1480-18-910B,1,,,yes,
BI-095-14,BI,95,6600A-1,SWITCH & RELAY (ENGINE & TRANSMISSION),18 9121,BOLT,1480-18-912?,2,,,yes,
BI-095-15,BI,95,6600A-1,SWITCH & RELAY (ENGINE & TRANSMISSION),18 9401,CONTROL UNIT,N201-18-940,1,'81 & '82 MODELS M/T CAL.,,no,M/T CAL.
BI-095-16,BI,95,6600A-1,SWITCH & RELAY (ENGINE & TRANSMISSION),,,N202-18-940,1,'81 & '82 MODELS,,yes,'81 & '82 MODELS; the M/T units are listed separately
BI-095-17,BI,95,6600A-1,SWITCH & RELAY (ENGINE & TRANSMISSION),,,N203-18-940,1,'81 & '82 MODELS M/T FED.,,no,M/T FED.
BI-095-18,BI,95,6600A-1,SWITCH & RELAY (ENGINE & TRANSMISSION),,,N231-18-940,1,'83 MODEL M/T,,no,'83 M/T
BI-095-19,BI,95,6600A-1,SWITCH & RELAY (ENGINE & TRANSMISSION),,,N232-18-940,1,'83 MODEL A/T,,no,'83 MODEL
BI-095-20,BI,95,6600A-1,SWITCH & RELAY (ENGINE & TRANSMISSION),19 444,"SWITCH, INHIBITOR",?872-19-444B,1,A/T,,yes,A/T
BI-095-21,BI,95,6600A-1,SWITCH & RELAY (ENGINE & TRANSMISSION),19 821,"SOLENOID, DOWNSHIFT",1675-19-821,1,A/T,,yes,A/T
BI-097-01,BI,97,6610A-1,DASHBOARD SWITCHES (MANUAL OPERATING),60 715,"SHIELD, HEAT",8871-66-242,1,,,yes,
BI-097-02,BI,97,6610A-1,DASHBOARD SWITCHES (MANUAL OPERATING),60 721,PROTECTOR,FA01-66-241,1,,,yes,
BI-097-03,BI,97,6610A-1,DASHBOARD SWITCHES (MANUAL OPERATING),66 250,"LIGHTER, CIGAR",FA01-66-250,1,,,yes,
BI-097-04,BI,97,6610A-1,DASHBOARD SWITCHES (MANUAL OPERATING),66 251,"RING, ILLUMINATION",8182-66-251,1,,,yes,
BI-097-05,BI,97,6610A-1,DASHBOARD SWITCHES (MANUAL OPERATING),66 251A,"CORD, SHORT",FA01-66-251,1,,,yes,
BI-097-06,BI,97,6610A-1,DASHBOARD SWITCHES (MANUAL OPERATING),66 254,"BULB, CIGAR LIGHTER",0000-11-0293,1,(A12V 3.4W),,yes,
BI-097-07,BI,97,6610A-1,DASHBOARD SWITCHES (MANUAL OPERATING),66 340,"SWITCH, MAIN",FA03-66-340,1,(USE W/ A.C.C.) GSL MODEL,,no,GSL MODEL (cruise)
BI-097-08,BI,97,6610A-1,DASHBOARD SWITCHES (MANUAL OPERATING),66 422,"VALVE, MAIN SWITCH",B001-66-422,1,,,yes,
BI-097-09,BI,97,6610A-1,DASHBOARD SWITCHES (MANUAL OPERATING),66 460,"SWITCH, REAR DEFROSTER",B001-66-460,1,,,yes,
BI-097-10,BI,97,6610A-1,DASHBOARD SWITCHES (MANUAL OPERATING),66 630B,"SWITCH, REMOTE CONTROL",FA01-66-630,1,,,yes,
BI-097-11,BI,97,6610A-1,DASHBOARD SWITCHES (MANUAL OPERATING),66 670,"SWITCH, RETRACTOR",FA01-66-670,1,,,yes,
BI-097-12,BI,97,6610A-1,DASHBOARD SWITCHES (MANUAL OPERATING),66 700,"SWITCH, FUEL LID OPENER",FA01-66-700,1,,,yes,
BI-097-13,BI,97,6610A-1,DASHBOARD SWITCHES (MANUAL OPERATING),66 800,"SWITCH, MOTOR ANTENNA",FA07-66-890,1,'81 & '82 MODELS,,yes,'81 & '82 MODELS
BI-097-14,BI,97,6610A-1,DASHBOARD SWITCHES (MANUAL OPERATING),67 540A,"SWITCH, WIPER",FA02-67-540,1,,,yes,
BI-098-01,BI,98,6611A-1,COMBINATION SWITCH,60 253,"CAM, CANCEL",BA29-66-126,1,,,yes,
BI-098-02,BI,98,6611A-1,COMBINATION SWITCH,60 265,"HOLDER, BAND",BA29-66-129,1,,,yes,
BI-098-03,BI,98,6611A-1,COMBINATION SWITCH,60 267,"CONTACT, HORN",8182-66-127,1,,,yes,
BI-098-04,BI,98,6611A-1,COMBINATION SWITCH,66 110,"SWITCH, COMBINATION",FA01-66-120,1,(W/O A.C.C.) S & GS MODELS,,yes,S & GS MODELS
BI-098-05,BI,98,6611A-1,COMBINATION SWITCH,,,FA02-66-120,1,(USE W/ A.C.C.) GSL MODEL,,no,GSL MODEL
BI-098-06,BI,98,6611A-1,COMBINATION SWITCH,66 122B,"SWITCH, LIGHT & TURN",FA01-66-122,1,,,yes,
BI-098-07,BI,98,6611A-1,COMBINATION SWITCH,66 123B,"SWITCH, WIPER",BA30-66-123,1,,,yes,
BI-098-08,BI,98,6611A-1,COMBINATION SWITCH,66 124,"BOLT, BAND HOLDER",8182-66-124,1,,,yes,
BI-098-09,BI,98,6611A-1,COMBINATION SWITCH,66 128,"SWITCH, A.C.C.",FA02-66-128,1,,,yes,
BI-099-01,BI,99,6615A-1,POWER WINDOW SWITCH,66 350,"SWITCH, POWER WINDOW",FA03-66-350A,1,'81 MODEL,,no,'81 MODEL
BI-099-02,BI,99,6615A-1,POWER WINDOW SWITCH,,,,2,'82 & '83 MODELS,,yes,"'82 & '83 MODELS (same part, qty 2)"
BI-100-01,BI,100,6620A-1,"DOOR, PARKING LAMP & KICK DOWN SWITCH",18 660,"SWITCH, KICK DOWN",2691-18-660,1,A/T,,yes,A/T
BI-100-02,BI,100,6620A-1,"DOOR, PARKING LAMP & KICK DOWN SWITCH",66 820,"SWITCH, DOOR",B001-66-540,2,,,yes,
BI-100-03,BI,100,6620A-1,"DOOR, PARKING LAMP & KICK DOWN SWITCH",66 821,"WASHER, ADJUST",0209-66-821,2,,,yes,
BI-100-04,BI,100,6620A-1,"DOOR, PARKING LAMP & KICK DOWN SWITCH",66 840,"SWITCH, PARKING LAMP",8871-66-450,1,,,yes,
BI-101-01,BI,101,6630A-1,RELAY (BODY),55970,BRACKET,FA03-66-820B,1,,,yes,
BI-101-02,BI,101,6630A-1,RELAY (BODY),66438,"RELAY, HORN",1524-66-810B,1,(USE W/O ILLUM. KEY & WARNING LAMP) '81 & '82 MODELS,FB331 ..500001-634422,unclear,serial break 634422/634423 within '82; W/O illum. key option
BI-101-03,BI,101,6630A-1,RELAY (BODY),,,FA01-66-810A,1,'82 & '83 MODELS,FB331 ..634423-,unclear,serial break 634423- within '82
BI-101-04,BI,101,6630A-1,RELAY (BODY),67560B,"UNIT, CENTRAL PROCESSING",FA03-67-560,1,(USE W/O ILLUM. KEY & WARNING LAMP),,unclear,depends on illum. key & warning lamp option
BI-101-05,BI,101,6630A-1,RELAY (BODY),,,FA02-67-560,1,(USE W/ ILLUM. KEY & WARNING LAMP),,unclear,depends on illum. key & warning lamp option
BI-101-06,BI,101,6630A-1,RELAY (BODY),67561A,CIRCUIT,FA02-67-573,1,,,yes,
BI-101-07,BI,101,6630A-1,RELAY (BODY),67562A,PLATE,FA02-67-574,1,,,yes,
BI-101-08,BI,101,6630A-1,RELAY (BODY),67566,"COVER, CONTROL UNIT",FA02-67-572,1,,,yes,
BI-101-09,BI,101,6630A-1,RELAY (BODY),67568,"SCREW, TAPPING",8545-67-568,10,,,yes,
BI-101-10,BI,101,6630A-1,RELAY (BODY),67571,"CASE, CONTROL UNIT",FA02-67-571,1,,,yes,
BI-101-11,BI,101,6630A-1,RELAY (BODY),67577,"RELAY, FLASHER",FA02-67-577,1,'81 MODEL,FB331 ..500001-503735,no,'81 model
BI-101-12,BI,101,6630A-1,RELAY (BODY),,,,1,,FB331 ..503736-,unclear,serial break FB331 ..503736-; VIN serial unknown
BI-101-13,BI,101,6630A-1,RELAY (BODY),67660,"RELAY, LAMP CHECKER",BE32-67-680A,1,(USE W/O ILLUM. KEY & WARNING LAMP),,unclear,depends on illum. key & warning lamp option
BI-101-14,BI,101,6630A-1,RELAY (BODY),67690B,OSCILLATOR,FA30-67-690,1,'82 & '83 MODEL,,yes,'82 & '83 model
BI-101-15,BI,101,6630A-1,RELAY (BODY),,<AN>,FA30-67-690A,1,,,yes,alternative to FA30-67-690
BI-101-16,BI,101,6630A-1,RELAY (BODY),67717,BUSHING,0866-67-717,3,,,yes,
BI-101-17,BI,101,6630A-1,RELAY (BODY),67740C,"RELAY, CHOKE & CHECK",8173-67-740A,1,,,yes,
BI-101-18,BI,101,6630A-1,RELAY (BODY),67740D,"RELAY, AUTO ANTENNA",FA01-67-740,1,,,yes,
BI-101-19,BI,101,6630A-1,RELAY (BODY),67800,"RELAY, 3-POINT",1480-67-740,1,'81 & '82 MODELS,,yes,'81 & '82 models (A/T qty 1)
BI-101-20,BI,101,6630A-1,RELAY (BODY),,,,2,M/T '83 MODEL A/T,,no,M/T or '83 A/T
BI-102-01,BI,102,6635A-1,HORN,66771A,"GROMMET, SCREW",8572-66-771,2,'81 MODEL,,no,'81 model
BI-102-02,BI,102,6635A-1,HORN,66780A,"HORN, HIGH TONE",3874-66-780,1,,,yes,
BI-102-03,BI,102,6635A-1,HORN,66790,"HORN, LOW TONE",3874-66-790,1,,,yes,
BI-103-01,BI,103,6640A-1,AUTO CRUISE CONTROL,13087B,SPRING,8871-13-087A,1,,,unclear,optional cruise control; fitment unknown
BI-103-02,BI,103,6640A-1,AUTO CRUISE CONTROL,13945H,CONNECTOR,1700-13-945A,1,'81 & '82 MODELS,,unclear,optional cruise control; fitment unknown
BI-103-03,BI,103,6640A-1,AUTO CRUISE CONTROL,13945Q,PIPE,FA02-66-361,1,'81 & '82 MODELS,,unclear,optional cruise control; fitment unknown
BI-103-04,BI,103,6640A-1,AUTO CRUISE CONTROL,,,FA43-66-361A,1,'83 MODEL,,no,'83 model
BI-103-05,BI,103,6640A-1,AUTO CRUISE CONTROL,13945R,PIPE,9935-10-4095,1,'81 MODEL,FB331 ..500001-524457,no,'81 model
BI-103-06,BI,103,6640A-1,AUTO CRUISE CONTROL,,,,1,'81 & '82 MODELS,FB331 ..524458-,unclear,optional cruise control; fitment unknown
BI-103-07,BI,103,6640A-1,AUTO CRUISE CONTROL,41666A,CLIP,FA43-66-315,1,'83 MODEL,,no,'83 model
BI-103-08,BI,103,6640A-1,AUTO CRUISE CONTROL,66310B,"ACTUATOR, A.C.C.",FA43-66-310B,1,,,unclear,optional cruise control; fitment unknown
BI-103-09,BI,103,6640A-1,AUTO CRUISE CONTROL,66311,"WIRE, A.C.C.",FA03-66-311,1,'81 & '82 MODELS,,unclear,optional cruise control; fitment unknown
BI-103-10,BI,103,6640A-1,AUTO CRUISE CONTROL,,,FA43-66-311,1,'83 MODEL,,no,'83 model
BI-103-11,BI,103,6640A-1,AUTO CRUISE CONTROL,66312A,PROTECTOR,FA03-66-312,2,,,unclear,optional cruise control; fitment unknown
BI-103-12,BI,103,6640A-1,AUTO CRUISE CONTROL,66320,"BOX, A.C.C.",FA02-66-320B,1,'81 MODEL,,no,'81 model
BI-103-13,BI,103,6640A-1,AUTO CRUISE CONTROL,,,FA30-66-320B,1,'82 & '83 MODELS,,unclear,optional cruise control; fitment unknown
BI-103-14,BI,103,6640A-1,AUTO CRUISE CONTROL,66330A,"GENERATOR, A.C.C.",GA03-66-330A,1,(USE W/ A.C.C.) '81 MODEL,,no,'81 model
BI-103-15,BI,103,6640A-1,AUTO CRUISE CONTROL,66365A,CLIP,FA43-66-365,2,'83 MODEL,,no,'83 model
BI-103-16,BI,103,6640A-1,AUTO CRUISE CONTROL,99063,AUTO CRUISE CONTROL SET,FA30-99-063A,1,'83 MODEL,,no,'83 model
BI-104-01,BI,104,6680A-1,AUDIO SYSTEM,15312A,"RUBBER, INSULATION",1757-15-312,1,,,yes,
BI-104-02,BI,104,6680A-1,AUDIO SYSTEM,51051B,PROTECTOR,8572-51-051,1,,,yes,
BI-104-03,BI,104,6680A-1,AUDIO SYSTEM,55231,"ORNAMENT, STEREO",1363-55-231C,1,(W/O CASSETTE) '81 MODEL,,no,'81 model
BI-104-04,BI,104,6680A-1,AUDIO SYSTEM,,BLACK,00,,,,no,'81 model
BI-104-05,BI,104,6680A-1,AUDIO SYSTEM,55232,"TERMINAL, PLATE",8118-55-232,1,(W/O CASSETTE) '81 MODEL,,no,'81 model
BI-104-06,BI,104,6680A-1,AUDIO SYSTEM,55991,"ORNAMENT, TUNER",FA48-55-231,1,'83 MODEL,,no,'83 model
BI-104-07,BI,104,6680A-1,AUDIO SYSTEM,66535,"BRACKET, ANTENNA NO. 1",FA02-66-941,1,,,yes,
BI-104-08,BI,104,6680A-1,AUDIO SYSTEM,66536,"BRACKET, ANTENNA NO. 2",FA02-66-942,1,'81 - '82 MODEL,FB331 ..500001-717535,yes,'81-'82 model; serial break is the '83 changeover
BI-104-09,BI,104,6680A-1,AUDIO SYSTEM,,,FA43-66-942,1,'83 MODEL,FB331 ..717536-,no,'83 model
BI-104-10,BI,104,6680A-1,AUDIO SYSTEM,66860,"RADIO, AUTO",0000-81-456C,1,"AM/FM MPX (CLARION) '81 MODEL, S & GS '82 MODEL S",,no,'82 model S only
BI-104-11,BI,104,6680A-1,AUDIO SYSTEM,,,0000-81-481C,1,"AM/FM FULL CONTROL (CLARION) '81 MODEL, GSL '82 MODEL, GS & GSL",,yes,'82 model GS
BI-104-12,BI,104,6680A-1,AUDIO SYSTEM,,,0000-81-3001,1,"AM/FM FULL CONTROL (CLARION) '83 MODEL, S",,no,'83 model S
BI-104-13,BI,104,6680A-1,AUDIO SYSTEM,66860B,"PLAYER, TAPE-CASSETTE",0000-81-0790,1,"5-BUTTON COMBO (CLARION) '83 MODEL, GS",,no,'83 model GS
BI-104-14,BI,104,6680A-1,AUDIO SYSTEM,,,0000-81-0975-83,1,"ETR COMBO (CLARION) '82 & '83 MODELS, GSL",,no,GSL
BI-104-15,BI,104,6680A-1,AUDIO SYSTEM,66860D,"DECK, TAPE-CASSETTE",0000-81-880C,1,"DECK ONLY (CLARION) '81 & '82 MODELS, GSL '83 MODEL, S",,no,GSL / '83 S
BI-104-16,BI,104,6680A-1,AUDIO SYSTEM,,,0000-81-0211-83,1,"DECK ONLY (FUJITSU) '81 MODEL, S & GS",,no,'81 model
BI-104-17,BI,104,6680A-1,AUDIO SYSTEM,66865,SCREW,0222-66-865A,2,'81 & '82 MODELS,,yes,'81 & '82 models
BI-104-18,BI,104,6680A-1,AUDIO SYSTEM,,BLACK,00,,,,yes,'81 & '82 models
BI-104-19,BI,104,6680A-1,AUDIO SYSTEM,66906,"KNOB, PLAYER",0000-81-0790,2,FOR 5-BUTTON COMBO (CLARION),,no,5-button combo is '83 GS
BI-104-20,BI,104,6680A-1,AUDIO SYSTEM,,,0000-81-9700-83,2,FOR ETR COMBO (CLARION),,no,ETR combo is GSL
BI-104-21,BI,104,6680A-1,AUDIO SYSTEM,,,0000-81-0211-KB,2,FOR TAPE DECK (FUJITSU),,no,Fujitsu deck is '81
BI-104-22,BI,104,6680A-1,AUDIO SYSTEM,66908,"KNOB, PLAYER",0000-81-0423,2,FOR AM/FM MPX & AM/FM FULL CONTROL,,yes,AM/FM full control is '82 GS radio
BI-104-23,BI,104,6680A-1,AUDIO SYSTEM,66910A,"CORD, DIN",FA05-66-910A,1,'81 & '82 MODELS,,unclear,'82 split at FB331 ..633361-; VIN serial unknown
BI-104-24,BI,104,6680A-1,AUDIO SYSTEM,,,FA09-66-910A,1,'82 MODEL,FB331 ..633361-,unclear,serial break FB331 ..633361- within '82
BI-104-25,BI,104,6680A-1,AUDIO SYSTEM,,,FA45-66-910,1,'83 MODEL,,no,'83 model
BI-104-26,BI,104,6680A-1,AUDIO SYSTEM,66915,"PLATE, FACE",0000-81-9710-83,1,"FITS ETR COMBO (CLARION), 0000-81-0975-83",,no,ETR combo is GSL
BI-105-01,BI,105,6680A-2,AUDIO SYSTEM,66915 (CONT'D),,0000-81-7910-83,1,"FITS 5 BUTTON COMBO (CLARION), 0000-81-0790",,no,5-button combo is '83 GS
BI-105-02,BI,105,6680A-2,AUDIO SYSTEM,66915B,"ORNAMENT, TUNER",FA10-66-900,1,W/O RADIO '81 & '82 MODELS,,unclear,W/O radio only
BI-105-03,BI,105,6680A-2,AUDIO SYSTEM,66920A,"AMPLIFIER, MAIN",0000-81-142C,1,"(5W X 2) (CLARION) '81 & '82 MODELS, GS",,yes,"'81 & '82 models, GS"
BI-105-04,BI,105,6680A-2,AUDIO SYSTEM,,,0000-81-132C,1,"(20W X 2) (CLARION) '81 & '82 MODELS, GSL",,no,GSL
BI-105-05,BI,105,6680A-2,AUDIO SYSTEM,,,0000-81-0287,1,"(25W X 2) (CLARION) '82 MODEL, GSL FROM FEB. '82 PROD.",,no,GSL
BI-105-06,BI,105,6680A-2,AUDIO SYSTEM,,,0000-81-142C-83,1,"(5W X 2) (CLARION) '83 MODEL, S",,no,'83 model S
BI-105-07,BI,105,6680A-2,AUDIO SYSTEM,,,0000-81-0287-83,1,"(25W X 2) (CLARION) '83 MODEL, GS & GSL",,no,'83 model
BI-105-08,BI,105,6680A-2,AUDIO SYSTEM,66920D,"EQUALIZER, GRAPHIC",0000-81-0286-83,1,7 BAND (CLARION) GSL,,no,GSL
BI-105-09,BI,105,6680A-2,AUDIO SYSTEM,66920E,"AMPLIFIER, POWER-FRONT",0000-81-0287-83,1,(25W X 2) (CLARION) GS & GSL,,unclear,"GS & GSL, no year; -83 part suffix and 25W amp listed '83 GS"
BI-105-10,BI,105,6680A-2,AUDIO SYSTEM,66920F,"AMPLIFIER, POWER-REAR",0000-81-0287-83,1,"(25W X 2) (CLARION) '82 MODEL, GSL FROM FEB. '82 PROD.",,no,GSL
BI-105-11,BI,105,6680A-2,AUDIO SYSTEM,66920G,"BALANCER, STICK",0000-81-0093,1,"4-WAY BALANCER (CLARION) '82 & '83 MODELS, GSL",,no,GSL
BI-105-12,BI,105,6680A-2,AUDIO SYSTEM,66930,ANTENNA,FA01-66-930C,1,'81 - '82 MODEL,FB331 ..500001-717535,yes,'81-'82 model; serial break is the '83 changeover
BI-105-13,BI,105,6680A-2,AUDIO SYSTEM,,,FA42-66-930A,1,'83 MODEL,FB331 ..717536-,no,'83 model
BI-105-14,BI,105,6680A-2,AUDIO SYSTEM,66935,FEEDER-ANTENNA,8869-66-936A,1,,,yes,
BI-105-15,BI,105,6680A-2,AUDIO SYSTEM,66941,"POLE, ANTENNA",FA01-66-941A,1,'81 - '82 MODEL,FB331 ..500001-717535,yes,'81-'82 model; serial break is the '83 changeover
BI-105-16,BI,105,6680A-2,AUDIO SYSTEM,,,FA42-66-941A,1,'83 MODEL,FB331 ..717536-,no,'83 model
BI-105-17,BI,105,6680A-2,AUDIO SYSTEM,66944A,WIRE,FA01-66-944,1,'83 MODEL,FB331 ..717536-,no,'83 model
BI-105-18,BI,105,6680A-2,AUDIO SYSTEM,66945,PIPE,FA42-66-945,1,'83 MODEL,FB331 ..717536-,no,'83 model
BI-105-19,BI,105,6680A-2,AUDIO SYSTEM,66946,BAND,FA01-66-946,1,,,yes,
BI-105-20,BI,105,6680A-2,AUDIO SYSTEM,66947,"RELAY, ANTENNA",FA01-66-947,1,,,yes,
BI-105-21,BI,105,6680A-2,AUDIO SYSTEM,66948,"SWITCH, BI-METAL",FA01-66-948,1,,,yes,
BI-105-22,BI,105,6680A-2,AUDIO SYSTEM,66960C,"SPEAKER, LOUD-FRONT",0000-81-5210-01,2,4 DUAL CONE,,yes,
BI-105-23,BI,105,6680A-2,AUDIO SYSTEM,66970,"SPEAKER, LOUD-REAR",0000-81-0643,2,5 SINGLE CONE,,unclear,"two rear speaker alternatives, no model marking"
BI-105-24,BI,105,6680A-2,AUDIO SYSTEM,,,0000-81-5216-01,2,6 1/2 COAXIAL,,unclear,"two rear speaker alternatives, no model marking"
BI-105-25,BI,105,6680A-2,AUDIO SYSTEM,66970G,"CORD, SHORT",FA07-66-970,1,'82 & '83 MODELS,FB331 ..633361-,unclear,serial break FB331 ..633361- within '82
BI-105-26,BI,105,6680A-2,AUDIO SYSTEM,66975,"CORD, LOUD SPEAKER",FA05-66-970B,1,(USE W/FULL CONTROL),,yes,full control radio is the '82 GS radio
BI-105-27,BI,105,6680A-2,AUDIO SYSTEM,,,8980-66-961,1,(USE W/ AM/FM MPX) '81 & '82 MODELS,FB331 ..500001-633360,no,AM/FM MPX radio is '82 S only
BI-105-28,BI,105,6680A-2,AUDIO SYSTEM,,,FA09-66-970A,1,(USE W/ AM/FM MPX) '82 & '83 MODELS,FB331 ..633361-,no,AM/FM MPX radio is '82 S only
BI-105-29,BI,105,6680A-2,AUDIO SYSTEM,66980C,"GRILLE, SPEAKER",1247-66-980,2,'81 & '82 MODELS,,yes,'81 & '82 models
BI-105-30,BI,105,6680A-2,AUDIO SYSTEM,67242A,DIODE,FA01-67-242,2,'82 & '83 MODELS,,yes,'82 & '83 models
BI-106-01,BI,106,6680A-3,AUDIO SYSTEM,67861,"WIRE, RADIO-EARTH",0710-66-868A,1,,,yes,
BI-107-01,BI,107,6700A-1,WIRE HARNESS (FRONT & REAR),66495,FUSE (10A),9970-51-110,9,'81 MODEL,,no,'81 model
BI-107-02,BI,107,6700A-1,WIRE HARNESS (FRONT & REAR),,,,8,'82 & '83 MODELS,,yes,'82 & '83 models
BI-107-03,BI,107,6700A-1,WIRE HARNESS (FRONT & REAR),,<AN>,0000-11-001,8,,,yes,alternative number
BI-107-04,BI,107,6700A-1,WIRE HARNESS (FRONT & REAR),66496,FUSE (15A),9970-51-115,5,'81 MODEL,,no,'81 model
BI-107-05,BI,107,6700A-1,WIRE HARNESS (FRONT & REAR),,,,5,'82 & '83 MODELS,,yes,'82 & '83 models
BI-107-06,BI,107,6700A-1,WIRE HARNESS (FRONT & REAR),,<AN>,0000-11-0015,5,,,yes,alternative number
BI-107-07,BI,107,6700A-1,WIRE HARNESS (FRONT & REAR),66497,FUSE (20A),9970-51-120,2,'81 MODEL,,no,'81 model
BI-107-08,BI,107,6700A-1,WIRE HARNESS (FRONT & REAR),,,,4,'82 & '83 MODELS,,yes,'82 & '83 models
BI-107-09,BI,107,6700A-1,WIRE HARNESS (FRONT & REAR),,<AN>,0000-11-002,4,,,yes,alternative number
BI-107-10,BI,107,6700A-1,WIRE HARNESS (FRONT & REAR),66497B,FUSE (30A),9970-51-130,1,'81 MODEL,,no,'81 model
BI-107-11,BI,107,6700A-1,WIRE HARNESS (FRONT & REAR),,,,1,'82 & '83 MODELS,,yes,'82 & '83 models
BI-107-12,BI,107,6700A-1,WIRE HARNESS (FRONT & REAR),,<AN>,0000-11-003,1,,,yes,alternative number
BI-107-13,BI,107,6700A-1,WIRE HARNESS (FRONT & REAR),66730,"BLOCK, FUSE",FA01-66-730B,1,(INCLUDED IN FRONT HARNESS),,yes,
BI-107-14,BI,107,6700A-1,WIRE HARNESS (FRONT & REAR),66732,COVER,FA01-66-731,1,(FURUKAWA MAKE) '81 MODEL,FB331 ..500001-508072,no,'81 model
BI-107-15,BI,107,6700A-1,WIRE HARNESS (FRONT & REAR),,,FA01-66-731B,1,(FURUKAWA MAKE) '81 MODEL,FB331 ..508073-,no,'81 model
BI-107-16,BI,107,6700A-1,WIRE HARNESS (FRONT & REAR),,,FA01-66-732,1,(YAZAKI MAKE) '81 MODEL,FB331 ..500001-508072,no,'81 model
BI-107-17,BI,107,6700A-1,WIRE HARNESS (FRONT & REAR),,,FA01-66-732B,1,(YAZAKI MAKE) '81 MODEL,FB331 ..508073-,no,'81 model
BI-107-18,BI,107,6700A-1,WIRE HARNESS (FRONT & REAR),,,FA01-66-731B,1,(FURUKAWA MAKE) '82 & '83 MODELS,,unclear,depends on fuse block maker (Furukawa/Yazaki)
BI-107-19,BI,107,6700A-1,WIRE HARNESS (FRONT & REAR),,,FA01-66-732B,1,(YAZAKI MAKE) '82 & '83 MODELS,,unclear,depends on fuse block maker (Furukawa/Yazaki)
BI-107-20,BI,107,6700A-1,WIRE HARNESS (FRONT & REAR),66760A,"CASE, MAIN FUSE",8871-66-760,1,(INCLUDED IN FRONT HARNESS) '81 MODEL,,no,'81 model
BI-107-21,BI,107,6700A-1,WIRE HARNESS (FRONT & REAR),67010A,"HARNESS, FRONT",FA01-67-010E,1,'81 MODEL,FB331 ..500001-600000,no,'81 model
BI-107-22,BI,107,6700A-1,WIRE HARNESS (FRONT & REAR),,,FA30-67-010D,1,'82 MODEL,FB331 ..600001-622565,unclear,'82 serial range 600001-622565; VIN serial unknown
BI-107-23,BI,107,6700A-1,WIRE HARNESS (FRONT & REAR),,,FA42-67-010A,1,'83 MODEL,,no,'83 model
BI-107-24,BI,107,6700A-1,WIRE HARNESS (FRONT & REAR),67050,"HARNESS, REAR",FA01-67-050D,1,,,yes,
BI-107-25,BI,107,6700A-1,WIRE HARNESS (FRONT & REAR),67051C,"CORD, REAR DEFOGGER",8341-67-051A,1,,,yes,
BI-107-26,BI,107,6700A-1,WIRE HARNESS (FRONT & REAR),67051D,"CORD, REAR DEFOGGER",1480-67-051B,1,(USE W/ REAR WIPER),FB331 ..500001-503135,no,serial range 500001-503135 is early '81
BI-107-27,BI,107,6700A-1,WIRE HARNESS (FRONT & REAR),,,8341-67-051A,1,(W/O REAR WIPER),,unclear,depends on rear wiper option
BI-107-28,BI,107,6700A-1,WIRE HARNESS (FRONT & REAR),67099,"LINK, FUSIBLE",8871-67-099,2,(10M OHM) (BROWN),,yes,
BI-107-29,BI,107,6700A-1,WIRE HARNESS (FRONT & REAR),67099A,"LINK, FUSIBLE",3777-67-099,1,(7M OHM) (BLACK),,yes,
BI-107-30,BI,107,6700A-1,WIRE HARNESS (FRONT & REAR),67099C,"LINK, FUSIBLE",FA02-67-099,1,'81 MODEL,,no,'81 model
BI-107-31,BI,107,6700A-1,WIRE HARNESS (FRONT & REAR),67242,RECTIFIER,8871-67-242,1,'81 MODEL,,no,'81 model
BI-107-32,BI,107,6700A-1,WIRE HARNESS (FRONT & REAR),67371A,TERMINAL,8871-67-371,2,(USE W/ REAR WIPER),,unclear,depends on rear wiper option
BI-108-01,BI,108,6701A-1,WIRE HARNESS (ENGINE & TRANSMISSION),18050,"WIRING, ENGINE",N201-18-050A,1,'81 & '82 MODELS,,yes,'81 & '82 models
BI-108-02,BI,108,6701A-1,WIRE HARNESS (ENGINE & TRANSMISSION),,,N231-18-050B,1,'83 MODEL,,no,'83 model
BI-108-03,BI,108,6701A-1,WIRE HARNESS (ENGINE & TRANSMISSION),18055,"LINK, FUSIBLE",8341-18-055,1,,,yes,
BI-108-04,BI,108,6701A-1,WIRE HARNESS (ENGINE & TRANSMISSION),18056,"WASHER, LOCK",8872-18-056,1,A/T,,yes,A/T
BI-108-05,BI,108,6701A-1,WIRE HARNESS (ENGINE & TRANSMISSION),67090,"HARNESS, TRANSMISSION",FA01-67-090B,1,M/T,,no,M/T
BI-108-06,BI,108,6701A-1,WIRE HARNESS (ENGINE & TRANSMISSION),,,FA03-67-090C,1,A/T,,yes,A/T
BI-108-07,BI,108,6701A-1,WIRE HARNESS (ENGINE & TRANSMISSION),67985,"CONNECTOR, SHORT",8342-67-985,1,'81 & '82 MODELS,,yes,'81 & '82 models
BI-110-01,BI,110,6702A-1,WIRE HARNESS (DASHBOARD),67030,"HARNESS, INSTRUMENT",FA01-67-030C,1,,,yes,
BI-110-02,BI,110,6702A-1,WIRE HARNESS (DASHBOARD),67120,"HARNESS, PARKING BRAKE",FA03-67-120B,1,GSL MODEL,,no,GSL model
BI-111-01,BI,111,6703A-1,"WIRE HARNESS (DOOR, FLOOR & CEILING)",67 120A,"HARNESS, FLOOR",FA01-67-120B,1,S MODEL,,no,S model only
BI-111-02,BI,111,6703A-1,"WIRE HARNESS (DOOR, FLOOR & CEILING)",67 190G,"HARNESS, DOOR",FA02-67-190A,1,GSL MODEL '81 MODEL,,no,GSL '81 only
BI-111-03,BI,111,6703A-1,"WIRE HARNESS (DOOR, FLOOR & CEILING)",,,,2,'82 & '83 MODELS,,no,GSL model only
BI-112-01,BI,112,6704A-1,WIRE HARNESS CLAMPS,56 241F,"PLUG, DRAIN",0118-56-241,4,S MODEL,,no,S model only
BI-112-02,BI,112,6704A-1,WIRE HARNESS CLAMPS,58 558B,"PROTECTOR, WIRE",1243-58-558,2,GSL MODEL,,no,GSL model only
BI-112-03,BI,112,6704A-1,WIRE HARNESS CLAMPS,58 559B,"CLIP, WIRE",1243-58-559,4,GSL MODEL,,no,GSL model only
BI-112-04,BI,112,6704A-1,WIRE HARNESS CLAMPS,67 031B,CLIP,8871-67-031,1,,,yes,
BI-113-01,BI,113,6720A-1,WINDSHIELD WASHER,41 692B,PROTECTOR,0866-67-156,1,,,yes,
BI-113-02,BI,113,6720A-1,WINDSHIELD WASHER,67 480,"TANK, WASHER",2522-67-480B,1,,,yes,
BI-113-03,BI,113,6720A-1,WINDSHIELD WASHER,67 500,PIPE,8871-67-500,1,,,yes,
BI-113-04,BI,113,6720A-1,WINDSHIELD WASHER,67 510,"NOZZLE, WASHER",1011-67-510A,1,,,yes,
BI-113-05,BI,113,6720A-1,WINDSHIELD WASHER,67 511,PACKING,1011-67-511B,1,,,yes,
BI-113-06,BI,113,6720A-1,WINDSHIELD WASHER,67 515,CLIP,1011-67-515B,1,,,yes,
BI-113-07,BI,113,6720A-1,WINDSHIELD WASHER,67 521,"BRACKET, WASHER TANK",8545-53-225,1,,,yes,
BI-113-08,BI,113,6720A-1,WINDSHIELD WASHER,76 671,TANK,2522-76-671A,1,,,yes,
BI-113-09,BI,113,6720A-1,WINDSHIELD WASHER,76 673,"SWITCH, LEVEL",8173-76-673,1,'83 MODEL,,no,'83 model only
BI-113-10,BI,113,6720A-1,WINDSHIELD WASHER,87 992A,CAP TANK,BA02-76-673,1,,,yes,
BI-113-11,BI,113,6720A-1,WINDSHIELD WASHER,87 993,PUMP KIT,8532-76-672,1,,,yes,
BI-114-01,BI,114,6730A-1,WINDSHIELD WIPER,66 944,CLIP,0208-66-944A,1,,,yes,
BI-114-02,BI,114,6730A-1,WINDSHIELD WIPER,67 301,"WASHER, RUBBER",0866-67-301A,2,,,yes,
BI-114-03,BI,114,6730A-1,WINDSHIELD WIPER,67 302,SPACER,0866-67-302,2,,,yes,
BI-114-04,BI,114,6730A-1,WINDSHIELD WIPER,67 321,"ARM, WIPER",8872-67-321,2,,,yes,
BI-114-05,BI,114,6730A-1,WINDSHIELD WIPER,67 330,"BLADE, WIPER",8562-67-330A,2,'81 & '82 MODELS,,yes,'81 & '82 models
BI-114-06,BI,114,6730A-1,WINDSHIELD WIPER,,,FA42-67-330,2,'83 MODEL,,no,'83 model only
BI-114-07,BI,114,6730A-1,WINDSHIELD WIPER,67 350,"MOTOR, WIPER",8872-67-350A,1,,,yes,
BI-114-08,BI,114,6730A-1,WINDSHIELD WIPER,67 375,"WASHER, CAP",1011-67-375,2,,,yes,
BI-114-09,BI,114,6730A-1,WINDSHIELD WIPER,76 601,"LINK, WIPER",8871-76-601B,1,,,yes,
BI-114-10,BI,114,6730A-1,WINDSHIELD WIPER,76 602,FRAME,8871-76-602B,1,,,yes,
BI-114-11,BI,114,6730A-1,WINDSHIELD WIPER,76 603,"NUT, CAP",8871-76-657,2,,,yes,
BI-114-12,BI,114,6730A-1,WINDSHIELD WIPER,76 604,"CAP, SEAL",8871-76-655A,2,,,yes,
BI-114-13,BI,114,6730A-1,WINDSHIELD WIPER,76 604A,"BUSHING, OUTER",8871-76-604A,2,,,yes,
BI-114-14,BI,114,6730A-1,WINDSHIELD WIPER,76 605A,"BUSHING, INNER",8871-76-605A,1,,,yes,
BI-114-15,BI,114,6730A-1,WINDSHIELD WIPER,76 606,"WASHER, CUP",8871-76-656A,2,,,yes,
BI-114-16,BI,114,6730A-1,WINDSHIELD WIPER,76 607,"BUSHING, INNER",8871-76-603A,1,,,yes,
BI-114-17,BI,114,6730A-1,WINDSHIELD WIPER,76 609,COVER,1175-76-609,1,,,yes,
BI-114-18,BI,114,6730A-1,WINDSHIELD WIPER,76 631,BLADE,F023-76-631,1,'83 MODEL,,no,'83 model only
BI-114-19,BI,114,6730A-1,WINDSHIELD WIPER,,,8562-76-631A,2,'81 & '82 MODELS,,yes,'81 & '82 models
BI-114-20,BI,114,6730A-1,WINDSHIELD WIPER,76 641,"COVER, WIPER ARM",8871-76-641,2,,,yes,
BI-114-21,BI,114,6730A-1,WINDSHIELD WIPER,87 134,NUT,0727-87-844,4,,,yes,
BI-114-22,BI,114,6730A-1,WINDSHIELD WIPER,87 846,GROMMET,0824-87-846,2,,,yes,
BI-114-23,BI,114,6730A-1,WINDSHIELD WIPER,87 956,BAND,0305-87-956,1,,,yes,
BI-115-01,BI,115,6740A-1,WIPER MOTOR (COMPONENTS ONLY),76 612,"HOLDER ,BRUSH",8872-76-612,1,,,yes,
BI-115-02,BI,115,6740A-1,WIPER MOTOR (COMPONENTS ONLY),76 613,"BOX, GEAR",8872-76-610,1,'81 & '82 MODELS,,yes,'81 & '82 models
BI-115-03,BI,115,6740A-1,WIPER MOTOR (COMPONENTS ONLY),76 619,PARTS SET,8236-76-619A,1,,,yes,
BI-115-04,BI,115,6740A-1,WIPER MOTOR (COMPONENTS ONLY),87 922,"YOKE, STATOR",8236-76-614,1,'81 & '82 MODELS,,yes,'81 & '82 models
BI-115-05,BI,115,6740A-1,WIPER MOTOR (COMPONENTS ONLY),87 923,ROTOR,8236-76-618,1,'81 & '82 MODELS,,yes,'81 & '82 models
BI-115-06,BI,115,6740A-1,WIPER MOTOR (COMPONENTS ONLY),,,,,,"REFER TO SERV. BULL. NO. 109/83, CAT. 15 FOR NEW PARTS INFO.",yes,
BI-116-01,BI,116,6750A-1,REAR WINDOW WIPER & WASHER,62 635A,NUT,8871-62-635A,1,,,yes,no model marking; rear wiper may be optional equipment
BI-116-02,BI,116,6750A-1,REAR WINDOW WIPER & WASHER,62 636A,WASHER,8871-62-636A,1,,,yes,no model marking; rear wiper may be optional equipment
BI-116-03,BI,116,6750A-1,REAR WINDOW WIPER & WASHER,66 371,"CAP, SEAL",0212-66-371,1,,,yes,no model marking; rear wiper may be optional equipment
BI-116-04,BI,116,6750A-1,REAR WINDOW WIPER & WASHER,66 372B,NUT,0212-66-372A,1,,,yes,no model marking; rear wiper may be optional equipment
BI-116-05,BI,116,6750A-1,REAR WINDOW WIPER & WASHER,67 275,"HOSE, SCREW WASHER",1480-67-501A,1,,,yes,no model marking; rear wiper may be optional equipment
BI-116-06,BI,116,6750A-1,REAR WINDOW WIPER & WASHER,67 330,"BLADE, WIPER",8144-67-330A,1,,,yes,no model marking; rear wiper may be optional equipment
BI-116-07,BI,116,6750A-1,REAR WINDOW WIPER & WASHER,67 421A,"ARM, WIPER",1480-67-421A,1,,,yes,no model marking; rear wiper may be optional equipment
BI-116-08,BI,116,6750A-1,REAR WINDOW WIPER & WASHER,67 435A,"COVER, WIPER MOTOR",1480-67-435,1,,,yes,no model marking; rear wiper may be optional equipment
BI-116-09,BI,116,6750A-1,REAR WINDOW WIPER & WASHER,67 436,SPACER,1480-67-436,1,,,yes,no model marking; rear wiper may be optional equipment
BI-116-10,BI,116,6750A-1,REAR WINDOW WIPER & WASHER,67 450A,MOTOR,1480-67-450C,1,,,yes,no model marking; rear wiper may be optional equipment
BI-116-11,BI,116,6750A-1,REAR WINDOW WIPER & WASHER,67 480A,TANK,1410-67-480C,1,,,yes,no model marking; rear wiper may be optional equipment
BI-116-12,BI,116,6750A-1,REAR WINDOW WIPER & WASHER,67 490A,NOZZLE,1480-67-510,1,,,yes,no model marking; rear wiper may be optional equipment
BI-116-13,BI,116,6750A-1,REAR WINDOW WIPER & WASHER,76 606A,"BUSHING, OUTER",1480-67-606,1,,,yes,no model marking; rear wiper may be optional equipment
BI-116-14,BI,116,6750A-1,REAR WINDOW WIPER & WASHER,76 607A,"BUSHING, INNER",1480-76-607,1,,,yes,no model marking; rear wiper may be optional equipment
BI-116-15,BI,116,6750A-1,REAR WINDOW WIPER & WASHER,76 621A,WASHER,1029-76-621,1,,,yes,no model marking; rear wiper may be optional equipment
BI-116-16,BI,116,6750A-1,REAR WINDOW WIPER & WASHER,76 623,"BUSHING, INNER",1480-76-623,1,,,yes,no model marking; rear wiper may be optional equipment
BI-116-17,BI,116,6750A-1,REAR WINDOW WIPER & WASHER,76 624,"BRACKET, WIPER MOTOR",1480-76-624A,1,,,yes,no model marking; rear wiper may be optional equipment
BI-116-18,BI,116,6750A-1,REAR WINDOW WIPER & WASHER,76 626,"NUT, LOCK PLATE",1480-76-626,1,,,yes,no model marking; rear wiper may be optional equipment
BI-116-19,BI,116,6750A-1,REAR WINDOW WIPER & WASHER,76 631A,BLADE,8144-76-631,1,,,yes,no model marking; rear wiper may be optional equipment
BI-116-20,BI,116,6750A-1,REAR WINDOW WIPER & WASHER,76 641A,"COVER, WIPER, ARM",8134-76-641,1,,,yes,no model marking; rear wiper may be optional equipment
BI-116-21,BI,116,6750A-1,REAR WINDOW WIPER & WASHER,76 671A,"TANK, WASHER-REAR WIPER",1410-76-671,1,,,yes,no model marking; rear wiper may be optional equipment
BI-116-22,BI,116,6750A-1,REAR WINDOW WIPER & WASHER,76 672,"PUMP, WASHER",1410-67-530,1,,,yes,no model marking; rear wiper may be optional equipment
BI-116-23,BI,116,6750A-1,REAR WINDOW WIPER & WASHER,76 672A,"CAP, TANK",1410-76-672A,1,,,yes,no model marking; rear wiper may be optional equipment
BI-116-24,BI,116,6750A-1,REAR WINDOW WIPER & WASHER,87 132A,WASHER,0702-87-132,1,,,yes,no model marking; rear wiper may be optional equipment
BI-116-25,BI,116,6750A-1,REAR WINDOW WIPER & WASHER,87 134A,NUT,0259-87-134,1,,,yes,no model marking; rear wiper may be optional equipment
BI-117-01,BI,117,6760A-1,REAR WINDOW WIPER MOTOR (COMPONENTS ONLY),76 610,BOX GEAR,1480-76-610,1,,,yes,no model marking; rear wiper may be optional equipment
BI-117-02,BI,117,6760A-1,REAR WINDOW WIPER MOTOR (COMPONENTS ONLY),76 612A,"PLATE, HOLDER-BRUSH",1480-76-612,1,,,yes,no model marking; rear wiper may be optional equipment
BI-117-03,BI,117,6760A-1,REAR WINDOW WIPER MOTOR (COMPONENTS ONLY),76 614,"YOKE, STATER",8532-76-614,2,,,yes,no model marking; rear wiper may be optional equipment
BI-117-04,BI,117,6760A-1,REAR WINDOW WIPER MOTOR (COMPONENTS ONLY),76 617,BRUSH,8532-76-617,2,,,yes,no model marking; rear wiper may be optional equipment
BI-117-05,BI,117,6760A-1,REAR WINDOW WIPER MOTOR (COMPONENTS ONLY),76 618,ROTOR,8532-76-618,1,,,yes,no model marking; rear wiper may be optional equipment
BI-117-06,BI,117,6760A-1,REAR WINDOW WIPER MOTOR (COMPONENTS ONLY),76 619A,PARTS SET,1410-76-619,1,,,yes,no model marking; rear wiper may be optional equipment
BI-118-01,BI,118,6800A-1,CEILING TRIM,68 021F,"GARNISH, TOP-FRONT",FA01-68-021,1,,,yes,
BI-118-02,BI,118,6800A-1,CEILING TRIM,,BLACK,01,,,,unclear,trim colour not known
BI-118-03,BI,118,6800A-1,CEILING TRIM,,RED,10,,,,unclear,trim colour not known
BI-118-04,BI,118,6800A-1,CEILING TRIM,,TAN,29,,,,unclear,trim colour not known
BI-118-05,BI,118,6800A-1,CEILING TRIM,,BROWN,70,,,FB331 ..642606-,unclear,trim colour and serial break
BI-118-06,BI,118,6800A-1,CEILING TRIM,,BROWN,71,,,FB331 ..500001-642605,unclear,trim colour and serial break
BI-118-07,BI,118,6800A-1,CEILING TRIM,68 030,"CEILING, TOP",FA01-68-030C,1,'81 NORM. ROOF,,no,'81 model only
BI-118-08,BI,118,6800A-1,CEILING TRIM,,BLACK,02,,,,no,'81 model only
BI-118-09,BI,118,6800A-1,CEILING TRIM,,RED,10,,,,no,'81 model only
BI-118-10,BI,118,6800A-1,CEILING TRIM,,BROWN,70,,,,no,'81 model only
BI-118-11,BI,118,6800A-1,CEILING TRIM,,,FA04-68-030C,1,SUNROOF,,no,sunroof only
BI-118-12,BI,118,6800A-1,CEILING TRIM,68 050A,"GARNISH (R), TOP-SIDE",FA01-68-960C,1,,,yes,
BI-118-13,BI,118,6800A-1,CEILING TRIM,,BLACK,00,,,,unclear,trim colour not known
BI-118-14,BI,118,6800A-1,CEILING TRIM,,RED,11,,,,unclear,trim colour not known
BI-118-15,BI,118,6800A-1,CEILING TRIM,,TAN,29,,,,unclear,trim colour not known
BI-118-16,BI,118,6800A-1,CEILING TRIM,,BROWN,70,,,,unclear,trim colour not known
BI-118-17,BI,118,6800A-1,CEILING TRIM,68 051,"PLATE, CEILING-FRONT",8871-53-041,1,,,yes,
BI-118-18,BI,118,6800A-1,CEILING TRIM,68 060C,"GARNISH (L), TOP-SIDE",FA01-68-970B,1,,,yes,
BI-118-19,BI,118,6800A-1,CEILING TRIM,,BLACK,00,,,,unclear,trim colour not known
BI-118-20,BI,118,6800A-1,CEILING TRIM,,RED,11,,,,unclear,trim colour not known
BI-118-21,BI,118,6800A-1,CEILING TRIM,,TAN,29,,,,unclear,trim colour not known
BI-118-22,BI,118,6800A-1,CEILING TRIM,,BROWN,70,,,,unclear,trim colour not known
BI-118-23,BI,118,6800A-1,CEILING TRIM,68 080,"CEILING, TOP",FA04-68-070A,1,SUNROOF,,no,sunroof only
BI-118-24,BI,118,6800A-1,CEILING TRIM,,BLACK,02,,,,no,sunroof only
BI-118-25,BI,118,6800A-1,CEILING TRIM,,RED,10,,,,no,sunroof only
BI-118-26,BI,118,6800A-1,CEILING TRIM,,TAN,28,,,,no,sunroof only
BI-118-27,BI,118,6800A-1,CEILING TRIM,,BROWN,70,,,,no,sunroof only
BI-118-28,BI,118,6800A-1,CEILING TRIM,68 110A,"TRIM (R), CENTER PILLAR",FA01-68-110A,1,,,yes,
BI-118-29,BI,118,6800A-1,CEILING TRIM,,BLACK,00,,,,unclear,trim colour not known
BI-118-30,BI,118,6800A-1,CEILING TRIM,,RED,11,,,,unclear,trim colour not known
BI-118-31,BI,118,6800A-1,CEILING TRIM,,TAN,29,,,,unclear,trim colour not known
BI-118-32,BI,118,6800A-1,CEILING TRIM,,BROWN,70,,,,unclear,trim colour not known
BI-118-33,BI,118,6800A-1,CEILING TRIM,68 120C,"TRIM (L), CENTER PILLAR",FA01-68-120A,1,,,yes,
BI-118-34,BI,118,6800A-1,CEILING TRIM,,BLACK,00,,,,unclear,trim colour not known
BI-118-35,BI,118,6800A-1,CEILING TRIM,,RED,11,,,,unclear,trim colour not known
BI-118-36,BI,118,6800A-1,CEILING TRIM,,TAN,29,,,,unclear,trim colour not known
BI-118-37,BI,118,6800A-1,CEILING TRIM,,BROWN,70,,,,unclear,trim colour not known
BI-118-38,BI,118,6800A-1,CEILING TRIM,68 171,"TRIM (R), FRONT PILLAR",FA01-68-710,1,,,yes,
BI-118-39,BI,118,6800A-1,CEILING TRIM,,BLACK,00,,,,unclear,trim colour not known
BI-118-40,BI,118,6800A-1,CEILING TRIM,,RED,11,,,,unclear,trim colour not known
BI-119-01,BI,119,6800A-2,CEILING TRIM,68 171 (CONT'D),TAN,29,,,,unclear,trim colour not known
BI-119-02,BI,119,6800A-2,CEILING TRIM,,BROWN,70,,,,unclear,trim colour not known
BI-119-03,BI,119,6800A-2,CEILING TRIM,68 172B,"FASTENER, FRT. P/TRIM",G001-68-172,6,'81 MODEL,FB331 ..500001-533893,no,'81 model serial range
BI-119-04,BI,119,6800A-2,CEILING TRIM,,,,4,,FB331 ..533894-,unclear,"serial break, VIN serial unknown"
BI-119-05,BI,119,6800A-2,CEILING TRIM,68 172E,"FASTENER, FRT. P/TRIM",FA01-68-172,2,,FB331 ..533894-,unclear,"serial break, VIN serial unknown"
BI-119-06,BI,119,6800A-2,CEILING TRIM,68 173,"SEALER, UPPER",8871-68-175,2,,,yes,
BI-119-07,BI,119,6800A-2,CEILING TRIM,68 191,"TRIM (L), FRT. PILLAR",FA01-68-190,1,,,yes,
BI-119-08,BI,119,6800A-2,CEILING TRIM,,BLACK,00,,,,unclear,trim colour not known
BI-119-09,BI,119,6800A-2,CEILING TRIM,,RED,11,,,,unclear,trim colour not known
BI-119-10,BI,119,6800A-2,CEILING TRIM,,TAN,29,,,,unclear,trim colour not known
BI-119-11,BI,119,6800A-2,CEILING TRIM,,BROWN,70,,,,unclear,trim colour not known
BI-119-12,BI,119,6800A-2,CEILING TRIM,68 220,"GARNISH (R), CTR. TRIM",FA01-68-981,1,,,yes,
BI-119-13,BI,119,6800A-2,CEILING TRIM,,BLACK,00,,,,unclear,trim colour not known
BI-119-14,BI,119,6800A-2,CEILING TRIM,,RED,11,,,,unclear,trim colour not known
BI-119-15,BI,119,6800A-2,CEILING TRIM,,TAN,29,,,,unclear,trim colour not known
BI-119-16,BI,119,6800A-2,CEILING TRIM,,BROWN,70,,,,unclear,trim colour not known
BI-119-17,BI,119,6800A-2,CEILING TRIM,68 221,"TRIM (R), CTR. PILLAR",8871-68-221A,1,,,yes,
BI-119-18,BI,119,6800A-2,CEILING TRIM,,BLACK,00,,,,unclear,trim colour not known
BI-119-19,BI,119,6800A-2,CEILING TRIM,,RED,11,,,,unclear,trim colour not known
BI-119-20,BI,119,6800A-2,CEILING TRIM,,TAN,29,,,,unclear,trim colour not known
BI-119-21,BI,119,6800A-2,CEILING TRIM,,BROWN,70,,,,unclear,trim colour not known
BI-119-22,BI,119,6800A-2,CEILING TRIM,68 240A,"GARNISH (L), CTR. TRIM",FA01-68-991,1,,,yes,
BI-119-23,BI,119,6800A-2,CEILING TRIM,,BLACK,00,,,,unclear,trim colour not known
BI-119-24,BI,119,6800A-2,CEILING TRIM,,RED,11,,,,unclear,trim colour not known
BI-119-25,BI,119,6800A-2,CEILING TRIM,,TAN,29,,,,unclear,trim colour not known
BI-119-26,BI,119,6800A-2,CEILING TRIM,,BROWN,70,,,,unclear,trim colour not known
BI-119-27,BI,119,6800A-2,CEILING TRIM,68 241,"TRIM (L), CTR. PILLAR",8871-68-241A,1,,,yes,
BI-119-28,BI,119,6800A-2,CEILING TRIM,,BLACK,00,,,,unclear,trim colour not known
BI-119-29,BI,119,6800A-2,CEILING TRIM,,RED,11,,,,unclear,trim colour not known
BI-119-30,BI,119,6800A-2,CEILING TRIM,,TAN,29,,,,unclear,trim colour not known
BI-119-31,BI,119,6800A-2,CEILING TRIM,,BROWN,70,,,,unclear,trim colour not known
BI-119-32,BI,119,6800A-2,CEILING TRIM,68 320A,"TRIM (R), REAR PILLAR",8871-68-271A,1,,,yes,
BI-119-33,BI,119,6800A-2,CEILING TRIM,,BLACK,00,,,,unclear,trim colour not known
BI-119-34,BI,119,6800A-2,CEILING TRIM,,RED,11,,,,unclear,trim colour not known
BI-119-35,BI,119,6800A-2,CEILING TRIM,,TAN,29,,,,unclear,trim colour not known
BI-119-36,BI,119,6800A-2,CEILING TRIM,,BROWN,70,,,,unclear,trim colour not known
BI-119-37,BI,119,6800A-2,CEILING TRIM,68 330,"TRIM (L), REAR PILLAR",8871-68-291A,1,,,yes,
BI-119-38,BI,119,6800A-2,CEILING TRIM,,BLACK,00,,,,unclear,trim colour not known
BI-119-39,BI,119,6800A-2,CEILING TRIM,,RED,11,,,,unclear,trim colour not known
BI-119-40,BI,119,6800A-2,CEILING TRIM,,TAN,29,,,,unclear,trim colour not known
BI-120-01,BI,120,6800A-3,CEILING TRIM,68 330 (CONT'D),BROWN,70,,,,unclear,trim colour not known
BI-120-02,BI,120,6800A-3,CEILING TRIM,68 865C,FASTENER,8006-68-865,8,,,yes,
BI-120-03,BI,120,6800A-3,CEILING TRIM,68 911C,"WELT, SEAMING",FA01-68-029A,1,SUNROOF,,no,sunroof only
BI-120-04,BI,120,6800A-3,CEILING TRIM,68 965A,FASTENER,FA56-68-965,6,,,yes,
BI-120-05,BI,120,6800A-3,CEILING TRIM,70 335B,"CLIP, CEILING",0305-70-335,4,NORM. ROOF,,yes,normal roof
BI-120-06,BI,120,6800A-3,CEILING TRIM,,,,20,SUNROOF,,no,sunroof only
BI-122-01,BI,122,6840A-1,TRIM & SCUFF PLATE,58 921D,FASTENER,0208-58-921,10,,,yes,
BI-122-02,BI,122,6840A-1,TRIM & SCUFF PLATE,68 330A,"GRILLE, SPEAKER",FA07-66-980,2,'83 MODEL,,no,'83 MODEL
BI-122-03,BI,122,6840A-1,TRIM & SCUFF PLATE,68 371,"TRIM (R), FRONT SIDE",FA03-68-370,1,'81 & '82 MODELS,,yes,'81 & '82 MODELS
BI-122-04,BI,122,6840A-1,TRIM & SCUFF PLATE,,RED,12,,,,yes,colour of FA03-68-370
BI-122-05,BI,122,6840A-1,TRIM & SCUFF PLATE,,TAN,72,,,,yes,colour of FA03-68-370
BI-122-06,BI,122,6840A-1,TRIM & SCUFF PLATE,,BLACK,77,,,,yes,colour of FA03-68-370
BI-122-07,BI,122,6840A-1,TRIM & SCUFF PLATE,,BROWN,85,,,,yes,colour of FA03-68-370
BI-122-08,BI,122,6840A-1,TRIM & SCUFF PLATE,,,FA42-68-370,1,'83 MODEL,,no,'83 MODEL
BI-122-09,BI,122,6840A-1,TRIM & SCUFF PLATE,,RED,12,,,,no,colour of '83 FA42-68-370
BI-122-10,BI,122,6840A-1,TRIM & SCUFF PLATE,,TAN,72,,,,no,colour of '83 FA42-68-370
BI-122-11,BI,122,6840A-1,TRIM & SCUFF PLATE,,BLACK,77,,,,no,colour of '83 FA42-68-370
BI-122-12,BI,122,6840A-1,TRIM & SCUFF PLATE,,BROWN,85,,,,no,colour of '83 FA42-68-370
BI-122-13,BI,122,6840A-1,TRIM & SCUFF PLATE,68 391,"TRIM (L), FRONT SIDE",FA03-68-390,1,'81 & '82 MODELS,,yes,'81 & '82 MODELS
BI-122-14,BI,122,6840A-1,TRIM & SCUFF PLATE,,RED,12,,,,yes,colour of FA03-68-390
BI-122-15,BI,122,6840A-1,TRIM & SCUFF PLATE,,TAN,72,,,,yes,colour of FA03-68-390
BI-122-16,BI,122,6840A-1,TRIM & SCUFF PLATE,,BLACK,77,,,,yes,colour of FA03-68-390
BI-122-17,BI,122,6840A-1,TRIM & SCUFF PLATE,,BROWN,85,,,,yes,colour of FA03-68-390
BI-122-18,BI,122,6840A-1,TRIM & SCUFF PLATE,,,FA42-68-390,1,'83 MODEL,,no,'83 MODEL
BI-122-19,BI,122,6840A-1,TRIM & SCUFF PLATE,,RED,12,,,,no,colour of '83 FA42-68-390
BI-122-20,BI,122,6840A-1,TRIM & SCUFF PLATE,,TAN,72,,,,no,colour of '83 FA42-68-390
BI-122-21,BI,122,6840A-1,TRIM & SCUFF PLATE,,BLACK,77,,,,no,colour of '83 FA42-68-390
BI-122-22,BI,122,6840A-1,TRIM & SCUFF PLATE,,BROWN,85,,,,no,colour of '83 FA42-68-390
BI-122-23,BI,122,6840A-1,TRIM & SCUFF PLATE,68 520C,"TRIM (R), QUARTER",FA01-68-520D,1,(VINYL),,unclear,(VINYL) - trim material not recorded
BI-122-24,BI,122,6840A-1,TRIM & SCUFF PLATE,,BLACK,01,,,,unclear,colour of vinyl FA01-68-520D
BI-122-25,BI,122,6840A-1,TRIM & SCUFF PLATE,,RED,10,,,,unclear,colour of vinyl FA01-68-520D
BI-122-26,BI,122,6840A-1,TRIM & SCUFF PLATE,,BROWN,70,,,,unclear,colour of vinyl FA01-68-520D
BI-122-27,BI,122,6840A-1,TRIM & SCUFF PLATE,,,FA02-68-520E,1,(CLOTH),FB331 ..500001-600000,no,FB331 500001-600000 is the '81 serial range
BI-122-28,BI,122,6840A-1,TRIM & SCUFF PLATE,,,FA04-68-520D,1,(LEATHER),,unclear,(LEATHER) - trim material not recorded
BI-122-29,BI,122,6840A-1,TRIM & SCUFF PLATE,,RED,10,,,,unclear,colour of leather FA04-68-520D
BI-122-30,BI,122,6840A-1,TRIM & SCUFF PLATE,,TAN,29,,,,unclear,colour of leather FA04-68-520D
BI-122-31,BI,122,6840A-1,TRIM & SCUFF PLATE,,BROWN,70,,,,unclear,colour of leather FA04-68-520D
BI-122-32,BI,122,6840A-1,TRIM & SCUFF PLATE,68 550C,"TRIM (L), QUARTER",FA01-68-550D,1,(VINYL),,unclear,(VINYL) - trim material not recorded
BI-122-33,BI,122,6840A-1,TRIM & SCUFF PLATE,,BLACK,01,,,,unclear,colour of vinyl FA01-68-550D
BI-122-34,BI,122,6840A-1,TRIM & SCUFF PLATE,,RED,10,,,,unclear,colour of vinyl FA01-68-550D
BI-122-35,BI,122,6840A-1,TRIM & SCUFF PLATE,,BROWN,70,,,,unclear,colour of vinyl FA01-68-550D
BI-122-36,BI,122,6840A-1,TRIM & SCUFF PLATE,,,FA02-68-550E,1,(CLOTH),,unclear,(CLOTH) - trim material not recorded
BI-122-37,BI,122,6840A-1,TRIM & SCUFF PLATE,,BLACK,00,,,,unclear,colour of cloth FA02-68-550E
BI-122-38,BI,122,6840A-1,TRIM & SCUFF PLATE,,RED,10,,,,unclear,colour of cloth FA02-68-550E
BI-122-39,BI,122,6840A-1,TRIM & SCUFF PLATE,,BROWN,70,,,,unclear,colour of cloth FA02-68-550E
BI-122-40,BI,122,6840A-1,TRIM & SCUFF PLATE,,,FA04-68-550D,1,(LEATHER),,unclear,(LEATHER) - trim material not recorded
BI-123-01,BI,123,6840A-2,TRIM & SCUFF PLATE,68 550C (CONT'D),RED,10,,,,unclear,colour of leather FA04-68-550D
BI-123-02,BI,123,6840A-2,TRIM & SCUFF PLATE,,BROWN,70,,,,unclear,colour of leather FA04-68-550D
BI-123-03,BI,123,6840A-2,TRIM & SCUFF PLATE,68 711,"PLATE (R), FRONT SCUFF",8871-68-710,1,,,yes,
BI-123-04,BI,123,6840A-2,TRIM & SCUFF PLATE,,BLACK,00,,,,yes,colour of 8871-68-710
BI-123-05,BI,123,6840A-2,TRIM & SCUFF PLATE,,RED,10,,,,yes,colour of 8871-68-710
BI-123-06,BI,123,6840A-2,TRIM & SCUFF PLATE,,TAN,29,,,,yes,colour of 8871-68-710
BI-123-07,BI,123,6840A-2,TRIM & SCUFF PLATE,,BROWN,70,,,,yes,colour of 8871-68-710
BI-123-08,BI,123,6840A-2,TRIM & SCUFF PLATE,68 721,"PLATE (L), FRONT SCUFF",8871-68-720,1,,,yes,
BI-123-09,BI,123,6840A-2,TRIM & SCUFF PLATE,,BLACK,00,,,,yes,colour of 8871-68-720
BI-123-10,BI,123,6840A-2,TRIM & SCUFF PLATE,,RED,10,,,,yes,colour of 8871-68-720
BI-123-11,BI,123,6840A-2,TRIM & SCUFF PLATE,,TAN,29,,,,yes,colour of 8871-68-720
BI-123-12,BI,123,6840A-2,TRIM & SCUFF PLATE,,BROWN,70,,,,yes,colour of 8871-68-720
BI-123-13,BI,123,6840A-2,TRIM & SCUFF PLATE,68 761,"TRIM (R), TIRE HOUSE",8871-68-770,1,,,yes,
BI-123-14,BI,123,6840A-2,TRIM & SCUFF PLATE,,BLACK,00,,,,yes,colour of 8871-68-770
BI-123-15,BI,123,6840A-2,TRIM & SCUFF PLATE,,RED,11,,,,yes,colour of 8871-68-770
BI-123-16,BI,123,6840A-2,TRIM & SCUFF PLATE,,TAN,29,,,,yes,colour of 8871-68-770
BI-123-17,BI,123,6840A-2,TRIM & SCUFF PLATE,,BROWN,70,,,,yes,colour of 8871-68-770
BI-123-18,BI,123,6840A-2,TRIM & SCUFF PLATE,68 771,"TRIM (L), TIRE HOUSE",8871-68-790,1,,,yes,
BI-123-19,BI,123,6840A-2,TRIM & SCUFF PLATE,,BLACK,00,,,,yes,colour of 8871-68-790
BI-123-20,BI,123,6840A-2,TRIM & SCUFF PLATE,,RED,11,,,,yes,colour of 8871-68-790
BI-123-21,BI,123,6840A-2,TRIM & SCUFF PLATE,,TAN,29,,,,yes,colour of 8871-68-790
BI-123-22,BI,123,6840A-2,TRIM & SCUFF PLATE,,BROWN,70,,,,yes,colour of 8871-68-790
BI-123-23,BI,123,6840A-2,TRIM & SCUFF PLATE,68 851,"CAP, TRUNK SIDE TRIM",8871-68-851,4,,,yes,
BI-123-24,BI,123,6840A-2,TRIM & SCUFF PLATE,,BLACK,00,,,,yes,colour of 8871-68-851
BI-123-25,BI,123,6840A-2,TRIM & SCUFF PLATE,,RED,11,,,,yes,colour of 8871-68-851
BI-123-26,BI,123,6840A-2,TRIM & SCUFF PLATE,,BROWN,70,,,,yes,colour of 8871-68-851
BI-123-27,BI,123,6840A-2,TRIM & SCUFF PLATE,,TAN,71,,,,yes,colour of 8871-68-851
BI-123-28,BI,123,6840A-2,TRIM & SCUFF PLATE,68 860,"TRIM (R), TRUNK SIDE",8871-68-861A,1,,,yes,
BI-123-29,BI,123,6840A-2,TRIM & SCUFF PLATE,,BLACK,00,,,,yes,colour of 8871-68-861A
BI-123-30,BI,123,6840A-2,TRIM & SCUFF PLATE,,RED,11,,,,yes,colour of 8871-68-861A
BI-123-31,BI,123,6840A-2,TRIM & SCUFF PLATE,,TAN,29,,,,yes,colour of 8871-68-861A
BI-123-32,BI,123,6840A-2,TRIM & SCUFF PLATE,,BROWN,70,,,,yes,colour of 8871-68-861A
BI-123-33,BI,123,6840A-2,TRIM & SCUFF PLATE,68 870,"TRIM (L), TRUNK SIDE",8871-68-871A,1,,,yes,
BI-123-34,BI,123,6840A-2,TRIM & SCUFF PLATE,,BLACK,00,,,,yes,colour of 8871-68-871A
BI-123-35,BI,123,6840A-2,TRIM & SCUFF PLATE,,RED,11,,,,yes,colour of 8871-68-871A
BI-123-36,BI,123,6840A-2,TRIM & SCUFF PLATE,,TAN,29,,,,yes,colour of 8871-68-871A
BI-123-37,BI,123,6840A-2,TRIM & SCUFF PLATE,,BROWN,70,,,,yes,colour of 8871-68-871A
BI-123-38,BI,123,6840A-2,TRIM & SCUFF PLATE,68 890,"TRIM, TRUNK END",1480-68-890C,1,(USE W/ CARGO RR. LAMP),,unclear,USE W/ CARGO RR. LAMP - cargo lamp fitment not recorded
BI-123-39,BI,123,6840A-2,TRIM & SCUFF PLATE,,BLACK,00,,,,unclear,colour of 1480-68-890C
BI-124-01,BI,124,6840A-3,TRIM & SCUFF PLATE,68 890 (CONT'D),RED,11,,,,unclear,colour of 1480-68-890C
BI-124-02,BI,124,6840A-3,TRIM & SCUFF PLATE,,TAN,29,,,,unclear,colour of 1480-68-890C
BI-124-03,BI,124,6840A-3,TRIM & SCUFF PLATE,,BROWN,70,,,,unclear,colour of 1480-68-890C
BI-124-04,BI,124,6840A-3,TRIM & SCUFF PLATE,,,8341-68-890C,1,(USE W/O CARGO LAMP),,unclear,USE W/O CARGO LAMP - cargo lamp fitment not recorded
BI-124-05,BI,124,6840A-3,TRIM & SCUFF PLATE,,BLACK,00,,,,unclear,colour of 8341-68-890C
BI-124-06,BI,124,6840A-3,TRIM & SCUFF PLATE,,RED,11,,,,unclear,colour of 8341-68-890C
BI-124-07,BI,124,6840A-3,TRIM & SCUFF PLATE,,TAN,29,,,,unclear,colour of 8341-68-890C
BI-124-08,BI,124,6840A-3,TRIM & SCUFF PLATE,,BROWN,70,,,,unclear,colour of 8341-68-890C
BI-124-09,BI,124,6840A-3,TRIM & SCUFF PLATE,69 605C,"HOOK, TRIM",8871-68-855,2,,,yes,
BI-125-01,BI,125,6860A-1,FLOOR MATS & PADS,68 620,"INSULATOR, DASHBOARD",FA01-68-620B,1,,,yes,
BI-125-02,BI,125,6860A-1,FLOOR MATS & PADS,68 651,"PAD (C), FLOOR-FRONT",FA01-68-651A,1,,,yes,
BI-125-03,BI,125,6860A-1,FLOOR MATS & PADS,68 654,"PAD (C), FLOOR-REAR",1480-68-654A,1,,,yes,
BI-125-04,BI,125,6860A-1,FLOOR MATS & PADS,68 658A,"PAD, STORAGE BOX",FA01-68-658,1,,,yes,
BI-125-05,BI,125,6860A-1,FLOOR MATS & PADS,68 664E,"INSULATOR, DASH-UPPER",8871-68-664B,1,,,yes,
BI-125-06,BI,125,6860A-1,FLOOR MATS & PADS,68 666,"PAD (L), FLOOR-TRUNK",FA01-68-666,1,,,yes,
BI-125-07,BI,125,6860A-1,FLOOR MATS & PADS,68 667D,"PAD, TRUNK SIDE",8871-68-667A,2,,,yes,
BI-125-08,BI,125,6860A-1,FLOOR MATS & PADS,68 674,"MAT, FRONT FLOOR",FA01-68-671B,1,,,yes,
BI-125-09,BI,125,6860A-1,FLOOR MATS & PADS,,BLACK,00,,,,yes,colour of FA01-68-671B
BI-125-10,BI,125,6860A-1,FLOOR MATS & PADS,,RED,11,,,,yes,colour of FA01-68-671B
BI-125-11,BI,125,6860A-1,FLOOR MATS & PADS,,BROWN,70,,,,yes,colour of FA01-68-671B
BI-125-12,BI,125,6860A-1,FLOOR MATS & PADS,68 677A,"MAT, REAR FLOOR",FA02-68-677,1,(USE SMALL TYPE REAR CONSOLE) '81 MODEL,FB331 ..500001-600000,no,'81 MODEL
BI-125-13,BI,125,6860A-1,FLOOR MATS & PADS,,BLACK,00,,,,no,colour of '81 FA02-68-677
BI-125-14,BI,125,6860A-1,FLOOR MATS & PADS,,RED,11,,,,no,colour of '81 FA02-68-677
BI-125-15,BI,125,6860A-1,FLOOR MATS & PADS,,BROWN,70,,,,no,colour of '81 FA02-68-677
BI-125-16,BI,125,6860A-1,FLOOR MATS & PADS,,,FA02-68-677A,1,(USE SMALL TYPE REAR CONSOLE) '82 & '83 MODELS,,unclear,'82 & '83 but rear console type (small/large) not recorded
BI-125-17,BI,125,6860A-1,FLOOR MATS & PADS,,BLACK,00,,,,unclear,colour of FA02-68-677A
BI-125-18,BI,125,6860A-1,FLOOR MATS & PADS,,RED,11,,,,unclear,colour of FA02-68-677A
BI-125-19,BI,125,6860A-1,FLOOR MATS & PADS,,BROWN,70,,,,unclear,colour of FA02-68-677A
BI-125-20,BI,125,6860A-1,FLOOR MATS & PADS,,TAN,72,,,,unclear,colour of FA02-68-677A
BI-125-21,BI,125,6860A-1,FLOOR MATS & PADS,,,FA01-68-677,1,(USE LARGE TYPE REAR CONSOLE) '81 MODEL,FB331 ..500001-600000,no,'81 MODEL
BI-125-22,BI,125,6860A-1,FLOOR MATS & PADS,,BLACK,00,,,,no,colour of '81 FA01-68-677
BI-125-23,BI,125,6860A-1,FLOOR MATS & PADS,,RED,11,,,,no,colour of '81 FA01-68-677
BI-125-24,BI,125,6860A-1,FLOOR MATS & PADS,,BROWN,70,,,,no,colour of '81 FA01-68-677
BI-125-25,BI,125,6860A-1,FLOOR MATS & PADS,,,FA03-68-677,1,(USE LARGE TYPE REAR CONSOLE) '82 & '83 MODELS,,unclear,'82 & '83 but rear console type (small/large) not recorded
BI-125-26,BI,125,6860A-1,FLOOR MATS & PADS,,BLACK,00,,,,unclear,colour of FA03-68-677
BI-125-27,BI,125,6860A-1,FLOOR MATS & PADS,,RED,11,,,,unclear,colour of FA03-68-677
BI-125-28,BI,125,6860A-1,FLOOR MATS & PADS,,BROWN,70,,,,unclear,colour of FA03-68-677
BI-125-29,BI,125,6860A-1,FLOOR MATS & PADS,,TAN,72,,,,unclear,colour of FA03-68-677
BI-125-30,BI,125,6860A-1,FLOOR MATS & PADS,68 695,"MAT, TRUNK ROOM",FA01-68-695C,1,,,yes,
BI-125-31,BI,125,6860A-1,FLOOR MATS & PADS,,RED,11,,,,yes,colour of FA01-68-695C
BI-125-32,BI,125,6860A-1,FLOOR MATS & PADS,,BLACK,77,,,,yes,colour of FA01-68-695C
BI-125-33,BI,125,6860A-1,FLOOR MATS & PADS,,BROWN,85,,,,yes,colour of FA01-68-695C
BI-125-34,BI,125,6860A-1,FLOOR MATS & PADS,68 696,"PLATE, MAT SET",8871-68-696B,1,,,yes,
BI-125-35,BI,125,6860A-1,FLOOR MATS & PADS,,OFF BLACK,65,,,,yes,colour of 8871-68-696B
BI-126-01,BI,126,6860A-2,FLOOR MATS & PADS,69 885A,FASTENER,0866-69-885A,7,,,yes,
BI-126-02,BI,126,6860A-2,FLOOR MATS & PADS,,BLACK,00,,,,yes,colour of 0866-69-885A
BI-126-03,BI,126,6860A-2,FLOOR MATS & PADS,76 071,"SILENCER, FLOOR",0208-76-071,1,(30CM X 30CM),,yes,
BI-127-01,BI,127,6870A-1,SERVICE TOOLS,68 070,"WRENCH, HUB NUT",0810-68-070E,1,,,yes,
BI-127-02,BI,127,6870A-1,SERVICE TOOLS,68 660A,TOOL SET,3781-69-650,1,,,yes,
BI-127-03,BI,127,6870A-1,SERVICE TOOLS,68 670,"BAG, TOOL",8173-69-670,1,,,yes,
BI-128-01,BI,128,6900A-1,"VISOR, ASSIST HANDLE & MIRRORS",51 354,SOCKET & HOLDER,FA01-51-354,1,(FOR MAP LAMP) GS & GSL MODELS,,yes,GS & GSL MODELS
BI-128-02,BI,128,6900A-1,"VISOR, ASSIST HANDLE & MIRRORS",51 355A,"LAMP, SPOT",FA01-51-355A,1,(FOR MAP LAMP) GS & GSL MODELS,,yes,GS & GSL MODELS
BI-128-03,BI,128,6900A-1,"VISOR, ASSIST HANDLE & MIRRORS",51 356A,PLATE,FA01-51-356,1,(FOR MAP LAMP) GS & GSL MODELS,,yes,GS & GSL MODELS
BI-128-04,BI,128,6900A-1,"VISOR, ASSIST HANDLE & MIRRORS",51 357,BRACKET 'A',FA01-51-357,1,(FOR MAP LAMP) GS & GSL MODELS,,yes,GS & GSL MODELS
BI-128-05,BI,128,6900A-1,"VISOR, ASSIST HANDLE & MIRRORS",51 358,BRACKET 'B',FA01-51-358,1,(FOR MAP LAMP) GS & GSL MODELS,,yes,GS & GSL MODELS
BI-128-06,BI,128,6900A-1,"VISOR, ASSIST HANDLE & MIRRORS",64 461A,"STRIKER, STORAGE BOX",1011-64-461A,2,'82 & '83 MODELS,FB331 ..629395-,unclear,FB331 ..629395- serial break mid-'82; VIN serial unknown
BI-128-07,BI,128,6900A-1,"VISOR, ASSIST HANDLE & MIRRORS",,BLACK,00,,,,unclear,colour of 1011-64-461A
BI-128-08,BI,128,6900A-1,"VISOR, ASSIST HANDLE & MIRRORS",68 032C,FASTENER,FA24-68-032,1,(USE W/ COAT HANGER),,yes,
BI-128-09,BI,128,6900A-1,"VISOR, ASSIST HANDLE & MIRRORS",,BLACK,00,,,,yes,colour of FA24-68-032
BI-128-10,BI,128,6900A-1,"VISOR, ASSIST HANDLE & MIRRORS",,RED,11,,,,yes,colour of FA24-68-032
BI-128-11,BI,128,6900A-1,"VISOR, ASSIST HANDLE & MIRRORS",,BROWN,70,,,,yes,colour of FA24-68-032
BI-128-12,BI,128,6900A-1,"VISOR, ASSIST HANDLE & MIRRORS",,TAN,71,,,FB331 ..600001-,yes,FB331 ..600001- is from the '82 serial start
BI-128-13,BI,128,6900A-1,"VISOR, ASSIST HANDLE & MIRRORS",68 090,"BAG, SUNROOF",8973-68-090C,1,SUNROOF,,no,SUNROOF
BI-128-14,BI,128,6900A-1,"VISOR, ASSIST HANDLE & MIRRORS",69 110,"MIRROR (R), REAR VIEW",8341-69-110A,1,(REMOTE CONTROL TYPE) '81 MODEL GS & GSL MODELS,FB331 ..500001-503735,no,'81 MODEL; FB331 ..500001-503735
BI-128-15,BI,128,6900A-1,"VISOR, ASSIST HANDLE & MIRRORS",,,,1,,FB331 ..503736-,yes,same part from FB331 ..503736- (covers all '82)
BI-128-16,BI,128,6900A-1,"VISOR, ASSIST HANDLE & MIRRORS",,,8871-69-110B,1,(MANUAL TYPE) S MODEL,,no,S MODEL
BI-128-17,BI,128,6900A-1,"VISOR, ASSIST HANDLE & MIRRORS",69 112B,"SCREW, MIRROR",8218-69-118,4,(USE W/ REM. CONTROL MIRROR) '83 MODEL GS & GSL MODELS,,no,'83 MODEL
BI-128-18,BI,128,6900A-1,"VISOR, ASSIST HANDLE & MIRRORS",,,8341-69-178,4,(USE W/ REM. CONTROL MIRROR) GS & GSL MODELS,FB331 ..503736,unclear,FB331 ..503736 printed without trailing dash; range direction ambiguous
BI-128-19,BI,128,6900A-1,"VISOR, ASSIST HANDLE & MIRRORS",,,8871-69-178,4,(USE W/ MANUAL MIRROR) S MODEL,,no,S MODEL
BI-128-20,BI,128,6900A-1,"VISOR, ASSIST HANDLE & MIRRORS",69 116,"BASE (R), MIRROR",8341-69-131,1,(USE W/ REM. CONTROL MIRROR) GS & GSL MODELS,FB331 ..503736-,yes,GS; FB331 ..503736- covers all '82
BI-128-21,BI,128,6900A-1,"VISOR, ASSIST HANDLE & MIRRORS",,,8871-69-117A,1,(USE W/ MANUAL MIRROR) S MODEL,,no,S MODEL
BI-128-22,BI,128,6900A-1,"VISOR, ASSIST HANDLE & MIRRORS",69 120A,"STAY (R), MIRROR",8341-69-122,1,'83 MODEL,,no,'83 MODEL
BI-128-23,BI,128,6900A-1,"VISOR, ASSIST HANDLE & MIRRORS",,"STAY (L), MIRROR",8341-69-182,1,'83 MODEL,,no,'83 MODEL
BI-128-24,BI,128,6900A-1,"VISOR, ASSIST HANDLE & MIRRORS",69 123,"SCREW, MIRROR",8341-69-123,4,'83 MODEL,,no,'83 MODEL
BI-128-25,BI,128,6900A-1,"VISOR, ASSIST HANDLE & MIRRORS",69 130,"MIRROR (L), REAR VIEW",8341-69-170A,1,(REMOTE CONTROL TYPE) '81 MODEL GS & GSL MODELS,FB331 ..500001-503735,no,'81 MODEL; FB331 ..500001-503735
BI-128-26,BI,128,6900A-1,"VISOR, ASSIST HANDLE & MIRRORS",,,,1,,FB331 ..503736-,yes,same part from FB331 ..503736- (covers all '82)
BI-129-01,BI,129,6900A-2,"VISOR, ASSIST HANDLE & MIRRORS",69 130 (CONT'D),,8871-69-170B,1,(MANUAL TYPE) S MODEL,,no,S MODEL
BI-129-02,BI,129,6900A-2,"VISOR, ASSIST HANDLE & MIRRORS",69 136,"GASKET (R), MIRROR",8341-69-115,1,(USE W/ REM. CONTROL GS & GSL MODELS,FB331 ..503736-,yes,GS; FB331 ..503736- covers all '82
BI-129-03,BI,129,6900A-2,"VISOR, ASSIST HANDLE & MIRRORS",69 140,"SWITCH, MIRROR",FA02-66-600A,1,,,yes,
BI-129-04,BI,129,6900A-2,"VISOR, ASSIST HANDLE & MIRRORS",69 170,"MIRROR, INTERIOR",FA01-69-220A,1,(W/ MAP LAMP) GS & GSL MODELS,,yes,GS & GSL MODELS
BI-129-05,BI,129,6900A-2,"VISOR, ASSIST HANDLE & MIRRORS",,,FA03-69-220A,1,(W/O MAP LAMP) S MODEL,,no,S MODEL
BI-129-06,BI,129,6900A-2,"VISOR, ASSIST HANDLE & MIRRORS",69 170J,BULB,0000-11-3175,1,(A12V 10W),,yes,
BI-129-07,BI,129,6900A-2,"VISOR, ASSIST HANDLE & MIRRORS",69 170K,BULB,0000-11-0194,1,(A12V 5W),,yes,
BI-129-08,BI,129,6900A-2,"VISOR, ASSIST HANDLE & MIRRORS",69 176,"BASE (L), MIRROR",8341-69-191,1,(USE W/ REM. CONTROL MIRROR),FB331 ..503736-,yes,FB331 ..503736- covers all '82
BI-129-09,BI,129,6900A-2,"VISOR, ASSIST HANDLE & MIRRORS",,,8871-69-177,1,(USE W/ MANUAL MIRROR) '81 MODEL S MODEL,FB331 ..500001-507335,no,'81 MODEL S MODEL
BI-129-10,BI,129,6900A-2,"VISOR, ASSIST HANDLE & MIRRORS",,<A>,8871-69-177A,1,(USE W/ MANUAL MIRROR) S MODEL,FB331 ..507336-,no,S MODEL
BI-129-11,BI,129,6900A-2,"VISOR, ASSIST HANDLE & MIRRORS",69 196,"GASKET (L), MIRROR",8341-69-116,1,(USE W/ REM. CONTROL MIRROR) GS & GSL MIRRORS,FB331 ..503736-,yes,GS; FB331 ..503736- covers all '82
BI-129-12,BI,129,6900A-2,"VISOR, ASSIST HANDLE & MIRRORS",69 210,SUN VISOR (R),8341-69-270,1,,,yes,
BI-129-13,BI,129,6900A-2,"VISOR, ASSIST HANDLE & MIRRORS",,BLACK,02,,,,yes,colour of 8341-69-270
BI-129-14,BI,129,6900A-2,"VISOR, ASSIST HANDLE & MIRRORS",,RED,10,,,,yes,colour of 8341-69-270
BI-129-15,BI,129,6900A-2,"VISOR, ASSIST HANDLE & MIRRORS",,TAN,28,,,FB331 ..600001-,yes,FB331 ..600001- is from the '82 serial start
BI-129-16,BI,129,6900A-2,"VISOR, ASSIST HANDLE & MIRRORS",,BROWN,70,,,,yes,colour of 8341-69-270
BI-129-17,BI,129,6900A-2,"VISOR, ASSIST HANDLE & MIRRORS",69 223,"LENS, INTERIOR MIRROR",FA01-51-351A,1,,,yes,
BI-129-18,BI,129,6900A-2,"VISOR, ASSIST HANDLE & MIRRORS",69 232,"STOPPER, RUBBER",FA01-69-232,1,,,yes,
BI-129-19,BI,129,6900A-2,"VISOR, ASSIST HANDLE & MIRRORS",69 240,SUN VISOR (L),FA04-69-320,1,SUNROOF,,no,SUNROOF
BI-129-20,BI,129,6900A-2,"VISOR, ASSIST HANDLE & MIRRORS",,BLACK,02,,,,no,colour of sunroof FA04-69-320
BI-129-21,BI,129,6900A-2,"VISOR, ASSIST HANDLE & MIRRORS",,RED,10,,,,no,colour of sunroof FA04-69-320
BI-129-22,BI,129,6900A-2,"VISOR, ASSIST HANDLE & MIRRORS",,TAN,28,,,FB331 ..600001-,no,colour of sunroof FA04-69-320
BI-129-23,BI,129,6900A-2,"VISOR, ASSIST HANDLE & MIRRORS",,BROWN,70,,,,no,colour of sunroof FA04-69-320
BI-129-24,BI,129,6900A-2,"VISOR, ASSIST HANDLE & MIRRORS",,,8341-69-320,1,NORM. ROOF,,yes,NORM. ROOF
BI-129-25,BI,129,6900A-2,"VISOR, ASSIST HANDLE & MIRRORS",,BLACK,02,,,,yes,colour of 8341-69-320
BI-129-26,BI,129,6900A-2,"VISOR, ASSIST HANDLE & MIRRORS",,RED,10,,,,yes,colour of 8341-69-320
BI-129-27,BI,129,6900A-2,"VISOR, ASSIST HANDLE & MIRRORS",,TAN,28,,,FB331 ..600001-,yes,FB331 ..600001- is from the '82 serial start
BI-129-28,BI,129,6900A-2,"VISOR, ASSIST HANDLE & MIRRORS",,BROWN,70,,,,yes,colour of 8341-69-320
BI-129-29,BI,129,6900A-2,"VISOR, ASSIST HANDLE & MIRRORS",69 570A,"STRAP 'A', CARGO ROOM",8341-69-570,1,,,yes,
BI-129-30,BI,129,6900A-2,"VISOR, ASSIST HANDLE & MIRRORS",,BLACK,00,,,,yes,colour of 8341-69-570
BI-129-31,BI,129,6900A-2,"VISOR, ASSIST HANDLE & MIRRORS",,WINE,10,,,,yes,colour of 8341-69-570
BI-129-32,BI,129,6900A-2,"VISOR, ASSIST HANDLE & MIRRORS",,BROWN,20,,,,yes,colour of 8341-69-570
BI-130-01,BI,130,6900A-3,"VISOR, ASSIST HANDLE & MIRRORS",69 570A (CONT'D),TAN,29,,,FB331 ..600001-,yes,FB331 ..600001- is from the '82 serial start
BI-130-02,BI,130,6900A-3,"VISOR, ASSIST HANDLE & MIRRORS",69 580,"STRAP 'B', CARGO ROOM",8341-69-580,1,,,yes,
BI-130-03,BI,130,6900A-3,"VISOR, ASSIST HANDLE & MIRRORS",,BLACK,00,,,,yes,colour of 8341-69-580
BI-130-04,BI,130,6900A-3,"VISOR, ASSIST HANDLE & MIRRORS",,WINE,10,,,,yes,colour of 8341-69-580
BI-130-05,BI,130,6900A-3,"VISOR, ASSIST HANDLE & MIRRORS",,BROWN,20,,,,yes,colour of 8341-69-580
BI-130-06,BI,130,6900A-3,"VISOR, ASSIST HANDLE & MIRRORS",,TAN,29,,,FB331 ..600001-,yes,FB331 ..600001- is from the '82 serial start
BI-130-07,BI,130,6900A-3,"VISOR, ASSIST HANDLE & MIRRORS",69 760A,"BOX, STORAGE",FA01-69-760,2,'81 & '82 MODELS,,yes,'81 & '82 MODELS
BI-130-08,BI,130,6900A-3,"VISOR, ASSIST HANDLE & MIRRORS",,BLACK,00,,,,yes,colour of FA01-69-760
BI-130-09,BI,130,6900A-3,"VISOR, ASSIST HANDLE & MIRRORS",,RED,11,,,,yes,colour of FA01-69-760
BI-130-10,BI,130,6900A-3,"VISOR, ASSIST HANDLE & MIRRORS",,TAN,29,,,FB331 ..600001-,yes,FB331 ..600001- is from the '82 serial start
BI-130-11,BI,130,6900A-3,"VISOR, ASSIST HANDLE & MIRRORS",,BROWN,70,,,,yes,colour of FA01-69-760
BI-130-12,BI,130,6900A-3,"VISOR, ASSIST HANDLE & MIRRORS",,,FA42-69-760A,2,'83 MODEL,,no,'83 MODEL
BI-130-13,BI,130,6900A-3,"VISOR, ASSIST HANDLE & MIRRORS",,BLACK,00,,,,no,colour of '83 FA42-69-760A
BI-130-14,BI,130,6900A-3,"VISOR, ASSIST HANDLE & MIRRORS",,RED,11,,,,no,colour of '83 FA42-69-760A
BI-130-15,BI,130,6900A-3,"VISOR, ASSIST HANDLE & MIRRORS",,TAN,29,,,,no,colour of '83 FA42-69-760A
BI-130-16,BI,130,6900A-3,"VISOR, ASSIST HANDLE & MIRRORS",,BROWN,70,,,,no,colour of '83 FA42-69-760A
BI-130-17,BI,130,6900A-3,"VISOR, ASSIST HANDLE & MIRRORS",69 762,"PLATE, LOCK",FA42-69-752,2,,,yes,
BI-130-18,BI,130,6900A-3,"VISOR, ASSIST HANDLE & MIRRORS",69 941,"HANGER, COAT",0376-69-941,1,,,yes,
BI-130-19,BI,130,6900A-3,"VISOR, ASSIST HANDLE & MIRRORS",,BLACK,01,,,,yes,colour of 0376-69-941
BI-130-20,BI,130,6900A-3,"VISOR, ASSIST HANDLE & MIRRORS",,<AN>,0376-69-941B,1,,,yes,
BI-130-21,BI,130,6900A-3,"VISOR, ASSIST HANDLE & MIRRORS",,BLACK,01,,,,yes,colour of 0376-69-941B
BI-131-01,BI,131,6930A-1,CAUTION PLATES,69 011,PLATE MODEL,8595-69-011B,1,,,yes,
BI-131-02,BI,131,6930A-1,CAUTION PLATES,69 013,"LABEL, OIL",FA42-69-013,1,'83 MODEL,,no,'83 MODEL
BI-131-03,BI,131,6930A-1,CAUTION PLATES,69 014,"LABEL, TIRE",8871-69-014C,1,'81 & '82 MODELS,,yes,'81 & '82 MODELS
BI-131-04,BI,131,6930A-1,CAUTION PLATES,,,FA42-69-014B,1,'83 MODEL,,no,'83 MODEL
BI-131-05,BI,131,6930A-1,CAUTION PLATES,69 014A,"LABEL, TEMPORARY TIRE",FA02-69-073A,1,,,yes,
BI-131-06,BI,131,6930A-1,CAUTION PLATES,69 034A,"LABEL, CAUTION-MVSS",8374-69-034A,1,,,yes,
BI-131-07,BI,131,6930A-1,CAUTION PLATES,69 038A,"LABEL, GASOLINE",FA01-69-065,1,,,yes,
BI-131-08,BI,131,6930A-1,CAUTION PLATES,,BLACK,00,,,colour suffix to FA01-69-065,unclear,colour not known
BI-131-09,BI,131,6930A-1,CAUTION PLATES,,WHITE,01,,,colour suffix to FA01-69-065,unclear,colour not known
BI-131-10,BI,131,6930A-1,CAUTION PLATES,69 041,"LABEL, EMISSION",N201-69-036,1,CAL. '81 MODEL,,no,'81 MODEL
BI-131-11,BI,131,6930A-1,CAUTION PLATES,,,N203-69-036,1,FED. '81 MODEL,,no,'81 MODEL
BI-131-12,BI,131,6930A-1,CAUTION PLATES,,,N223-69-036,1,CAL. '82 MODEL,,unclear,CAL. '82 - California vs federal spec not known
BI-131-13,BI,131,6930A-1,CAUTION PLATES,,,N221-69-036,1,FED. '82 MODEL,,unclear,FED. '82 - California vs federal spec not known
BI-131-14,BI,131,6930A-1,CAUTION PLATES,,,N231-69-036,1,FED. '83 MODEL,,no,'83 MODEL
BI-131-15,BI,131,6930A-1,CAUTION PLATES,,,N233-69-036,1,CAL.,,unclear,CAL. with no year (N23x prefix suggests '83)
BI-131-16,BI,131,6930A-1,CAUTION PLATES,69 044A,"LABEL, VACUUM DIAPHRAGM",N201-69-044A,1,'81 MODEL,,no,'81 MODEL
BI-131-17,BI,131,6930A-1,CAUTION PLATES,,,N221-69-044,1,'82 MODEL,,yes,'82 MODEL
BI-131-18,BI,131,6930A-1,CAUTION PLATES,,,N231-69-044A,1,'83 MODEL,,no,'83 MODEL
