id,title,kind,covers,url,format,credibility,obtained,local_path,note
S-001,Mazda RX-7 1982 Wiring Diagram (Toyo Kogyo Co. Ltd. 1981),wiring-diagram,"1982 FB (US), all trims, 12A, M/T and A/T",http://www.foxed.ca/rx7manual/manuals/1982RX7WiringDiagram.pdf,pdf-scan,primary,yes,01-REFERENCE/factory-circuits/1982RX7WiringDiagram.pdf,"Owner-held 31-page scan (about 28 MB; Kevin Wright scan of factory fold-out, (c)1981 Toyo Kogyo). Page 9 = whole-car ELECTRICAL WIRING SCHEMATIC with every fuse rating and fusible-link size and what each feeds; p.10 sect A charging/starting; p.12-14 sect B emission/ignition/cruise/kick-down/fuel pump; p.16 sect C meters & warning lights; p.18 D wipers; p.20 E headlights & illumination (bulb wattages); p.22 F turn/hazard/back-up/stop/license/horn/side-marker/park/tail (bulb wattages); p.24 G stereo/antenna/heater-AC/defroster; p.26 H interior lights, lighter, clock, hatch/fuel-door release; p.28 I mirrors/power window; p.30 X common connectors. Alternate hosting: ManualsLib manual/944918. Mazda copyright - private use."
S-002,Mazda 1985 RX-7 Workshop Manual (US) - section scans,workshop-manual,"1985 FB (US), 12A and 13B; 12A data largely carries back to 1981-84",http://www.foxed.ca/rx7manual/85_manual.html,pdf-scan,primary,yes,01-REFERENCE/manuals/1985_RX-7_Workshop_Manual_*.pdf,"17 section PDFs kept on disk (of 19 on the server - Sections 12 and 30 are corrupt and were not kept; see below) scanned by Mazda Sports Car Club of NC, hosted at foxed.ca. Downloaded: Index (2 pp), G General Info (9), 0 Scheduled Maintenance (25; plug gap, idle, fluids), 1 Engine (56; specs p.1-3, compression p.1-12, torques p.1-47..56), 2 Lubrication (11; capacities and oil pressure p.2-3/2-5), 3 Cooling (10; p.3-2), 4A Fuel & Emissions 12A (66; specs p.4A-16), 5 Engine Electrical (38; spec table p.5-3 alternator/starter/battery/ignition, timing p.5-36, pick-up coil p.5-34, coil p.5-37), 7B Automatic Transmission (79; NOTE 1985 = L4N71B 4-speed OD, not the 1982 3N71B), 8 Propeller Shaft (3), 9 Front/Rear Axles (25; diff ratio and oil p.9-2), 10A Manual Steering (15; alignment p.10A-3), 11 Braking (26; specs p.11-2), 13 Suspension (17), 14 Body (24), 15 Body Electrical (95; fuse block and fusible links p.15-13), 50 Wiring Diagrams (37). Server copies of Section 30 Technical Data and Section 12 Wheels & Tires are corrupt (bad sectors) and were NOT kept. No text layer - scans only. Mazda copyright - private use."
S-003,Mazda 1980 RX-7 Workshop Manual - Section T Technical Data,workshop-manual,1979-80 SA22C (US); 12A engine/driveline data shared with 1981-83 where noted,http://www.foxed.ca/rx7manual/manuals/1980_RX7_FSM/large/80RX7(T)Technical_Data.pdf,pdf-scan,primary,yes,01-REFERENCE/manuals/1980_RX-7_Workshop_Manual_Section_T_Technical_Data.pdf,"3.9 MB, 10 pages (8 data pages T:1-T:8). Complete factory spec tables: engine, lubrication, cooling, fuel, ignition (1980 values), battery, alternator, starter, clutch, manual and 3N71B automatic (ratios, Type F, 6.2 L), rear axle 3.909, steering, brakes, wheels/tires, suspension, dimensions, and a full TIGHTENING TORQUE table incl. wheel bolts. Pre-facelift car: electrical/ignition values differ from 1981-85 (points-free but 2-electrode plugs, thermal reactor). Full 1980 FSM (29 MB single file or 20 sections) available at same site. Mazda copyright - private use."
S-004,1982 Mazda RX-7 US sales brochure (Mazda Motors of America),spec-sheet,1982 FB (US) S / GS / GSL,https://xr793.com/wp-content/uploads/2022/01/1982-Mazda-RX-7.pdf,pdf-scan,primary,yes,01-REFERENCE/manuals/1982_Mazda_RX-7_US_Sales_Brochure.pdf,"4.7 MB, 16 pages, colour scan. Page 14 = engine/electrical/transmission/suspension/steering/brakes/wheels spec panel (100 hp, 105 lb-ft, battery 45 Ah / 55 Ah with A/T, gear ratios incl. 3-speed auto, final 3.909, wheelbase 95.3, track 55.9/55.1, steering 17-20:1, 3.7 turns, 31.5 ft turning circle). Page 15 = dimensions, curb weight 2290 lb (+35 lb auto Federal, +25 CA, +55 A/C), fuel 16.6 gal, standard equipment by trim (GS = halogen headlamps, 185/70HR13, 4-speaker stereo, digital clock, electric mirrors), exterior colours. Right-hand edge of p.14 cropped in scan. Mazda copyright - private use."
S-005,Mazda RX-7 1981-83 Parts Catalog (US microfiche scans),parts-catalog,"1981-1983 FB (US), all trims",http://www.foxed.ca/rx7manual/manuals/parts_manuals/81-83/,pdf-scan,primary,yes,01-REFERENCE/manuals/1981-83_RX-7_Parts_Catalog_*.pdf,"Two high-resolution PDFs: Engine-Chassis groups 1000A-4600A (5.9 MB, 115 pp) and Body-Index groups 0900A-6930A (10.3 MB, 163 pp). Exploded illustrations with Mazda part numbers; electrical group 18xx (alternator, starter, distributor, coils), 33xx/34xx lighting and instruments, 67xx harnesses/relays. Fiche quality; some part-number columns marginal. Low-res set (4 files, about 8.8 MB) also on the server. Mazda copyright - private use."
S-006,Mazda 1981 Training Manual - RX-7 and 626 (US dealer technical training),technical-bulletin,1981 model year (RX-7 pages only); 1981 changes carried into 1982,http://www.foxed.ca/rx7manual/manuals/1981_training_manual.pdf,pdf-scan,primary,yes,01-REFERENCE/manuals/1981_RX-7_626_Mazda_Training_Manual.pdf,"5.9 MB, 76 pages (RX-7 pages only). 'Major changes for 1981' (catalyst, GSL, oil-pressure gauge, LSD, rear discs, power windows, cruise), 17-digit VIN decode (JM1FB..., year code B=1981 C=1982), fuel tank 55->63 L, CPU warning module, power antenna, rear wiper, halogen headlamp note, cruise-control test, page 47 = 1981 ENGINE TUNE-UP SPECIFICATIONS table for 12A (hp/torque, compression pressure, pick-up coil 1050 ohm, plugs, gap 1.4 mm, timing 0/20 deg, idle 750). Page is landscape - rotate to read. Mazda copyright - private use."
S-007,Mazda 1981 Emissions Check Guide (RX-7),technical-bulletin,1981 12A emission system (carried into 1982),http://www.foxed.ca/rx7manual/manuals/1981_emissions_check_guide.pdf,pdf-scan,primary,yes,01-REFERENCE/manuals/1981_RX-7_Emissions_Check_Guide.pdf,"2.8 MB, 18 pages. Dealer emissions-inspection checklist and vacuum/solenoid test values for the 1981 catalyst-equipped 12A. Useful for the emission-control unit wiring and solenoid list. Mazda copyright - private use."
S-008,Mazda 1984 Service Bulletin Book (RX-7 pages),technical-bulletin,1984-85 RX-7 mostly; some items apply to all rotary vehicles,http://www.foxed.ca/rx7manual/manuals/1984MazdaServiceBulletin.pdf,pdf-scan,primary,yes,01-REFERENCE/manuals/1984_Mazda_RX-7_Service_Bulletin.pdf,"7.7 MB, 48 pages (RX-7 pages only). Contents index on p.3-4: RX-7 eccentric-shaft pulley (007/84, 008/84), oil-level warning system check procedure for rotary vehicles (015-001/84), electric mirror install (015-002/84), aluminium wheel centre caps, A/C condenser. Little that is 1982-specific. Mazda copyright - private use."
S-009,Mazda RX-7 1985 Service Bulletin (ManualsLib 1024543),technical-bulletin,1985 RX-7,https://www.manualslib.com/manual/1024543/Mazda-Rx-7-1985.html,web-viewer,primary,no,,57 pages. Online viewer; PDF download behind ManualsLib captcha so not fetched. 1985-only content - low relevance to a 1982 car.
S-010,Mazda 1979-1984 RX-7 Technical Service Bulletins (Mitchell compilation; ManualsLib 914253),technical-bulletin,"1979-1984 RX-7 TSBs (Mitchell Repair Information, 1998 reprint)",https://www.manualslib.com/manual/914253/Mazda-1979-1984-Rx7.html,web-viewer,secondary,no,,"182 pages. Mitchell reprint of Mazda TSBs originally distributed via iluvmyrx7.com. Includes electrical items (blown fuse no-start, battery drain diagnosis, alternator), brakes, A/C, throttle sensor. Not downloaded (captcha). Worth reading online for 1981-83 electrical TSBs."
S-011,Mazda 1983 RX7 Service Manual (aftermarket 1983-91 manual; ManualsLib 847472),workshop-manual,1983-1991 RX-7 (aftermarket Chilton/Haynes-style coverage),https://www.manualslib.com/manual/847472/Mazda-1983-Rx7.html,web-viewer,secondary,no,,"459 pages, sections for 1983-85 / 1986-90 / 1991. NOT a Mazda publication despite the title. Page 183 = 'Fuse Panel Identification (1983-85)'. Use only as a cross-check; 1983+ fuse block differs slightly from 1982."
S-012,foxed.ca Mazda RX-7 factory manual archive (index),reference-site,"1979-1995 RX-7 factory manuals, wiring diagrams, parts fiche",http://www.foxed.ca/rx7manual/oldindex.html,html,secondary,no,,"Kevin Wright / SA22C-list archive; HTTP only (HTTPS redirects loop). Hosts S-001 through S-003 and S-005 to S-008 plus the 1979/80/81/83/84 wiring diagrams (13-35 MB each), 1980 FSM, 1985 FSM, 1988/89 FSM and parts fiche 1979-2004. Several 1985-FSM files on the server are byte-damaged (Sections 12 and 30)."
S-013,rx7.org - 1982 Mazda RX-7 Specifications and Standard Equipment,spec-sheet,1982 FB (US) S/GS/GSL (transcribed from 1982 sales brochure),https://www.rx7.org/public/82-Rx7-equipment.html,html,secondary,no,,"Text transcription of S-004 pages 14-15 (dimensions, weight, fuel, tires per trim, standard equipment). Agrees with brochure scan."
S-014,rx7.org - RX-7 Alternator Cross Reference and Swap Chart,reference-site,1981-1995 RX-7 alternators,https://www.rx7.org/public/altxref.html,html,tertiary,no,,"Bolt-in compatibility chart by amperage (50/60/70/80/100 A) and chassis year; states 50 A stock for base 1981-85, 60 A for SE, 80 A+ needs circuit rewire, 100 A needs pulley change. Notes LR-to-LS regulator wiring conversion. No part numbers."
S-015,rx7.org - RX-7 Specifications Compared (John Schubert),spec-sheet,1979-1995 RX-7 comparison table,https://www.rx7.org/public/rx7specs.html,html,tertiary,no,,"Enthusiast comparison table (updated 2004). 1981-83 12A column: 101 hp/107 lb-ft (1983 figures), 9.4:1, 5.5 qt oil dry, 16.4 gal, 3.909, 5x13/165HR13 std and 5.5x13/185/70HR13 opt, 55.9/55.1 track, 2350 lb. Mixed years - cross-check only."
S-016,rx7.org - 1st Gen RX-7 Yearly Model Differences,reference-site,"1979-1985 model-year changes (cites John Ball 'Mazda RX-7: The First Generation', 1984 owner's/shop manuals)",https://www.rx7.org/public/1st-gen.html,html,tertiary,no,,"Year-by-year change list: 1981 catalyst replaces thermal reactor, 4-electrode plugs both fired always, 16.5 gal tank, oil-pressure gauge, voltmeter; 1982 wider tires/economy changes; 1983 oil cooler moved to top of engine (12A). Good for identifying what is 1982-specific."
S-017,Racing Beat - Spark Plug NGK BR8EQ14 (stock 12A and 13B 1974-85),vendor-catalog,1974-85 12A/13B stock plug,https://www.racingbeat.com/RX7-1975-1985/Ignition/11530.html,html,secondary,no,,"Vendor page reproducing factory plug spec: NGK BR8EQ14 (resistor, 4-electrode, heat range 8), gap 1.4 mm (0.055 in). Matches S-002 p.0-16 and S-006 p.47."
S-018,Racing Beat - Rotary Tech Tips: Ignition Systems,reference-site,1974-85 rotary ignition history and tuning,https://www.racingbeat.com/mazda/performance/rotary-tech-tips/ignition-systems.html,html,tertiary,no,,"Notes 1980 breakerless distributor with separate igniter box; 1981-85 igniters mounted on the distributor housing; tuning starting points (24 deg L / 14 deg T at 5000 rpm, vacuum off) for the 1981-85 distributor. Not factory numbers."
S-019,ModifiedLife - 1982 Mazda RX7 Light Bulb Sizes Chart,reference-site,1982 RX-7 lamp trade numbers,https://www.modifiedlife.com/1982-mazda-rx7-light-bulb-sizes-chart/,html,tertiary,no,,"Aftermarket trade-number chart: headlamp H6024/6014 low, H6054 high (listed as both low and high options - inconsistent), 1157 park/turn/stop/tail, 1156 rear turn and reverse, 194 side markers and panel, 89 licence, DE3021 dome. Site disclaims accuracy; wattages in S-001 are authoritative - use this only to pick a modern trade number."
S-020,Wheel-Size.com - 1982 Mazda RX-7 wheel and tyre fitment,reference-site,1982 RX-7 (USA and Europe),https://www.wheel-size.com/size/mazda/rx-7/1982/,html,tertiary,no,,"Lists stock 5Jx13 ET20 and 5.5Jx13 ET20 with 165HR13 / 185/70HR13. PCD, bore, thread and torque fields empty on the page."
S-021,CarsAndCollectibles - Mazda RX-7 bolt pattern table,reference-site,1979-1996 RX-7,https://www.carsandcollectibles.com/bolt-patterns/vehicles/mazda-rx-7.html,html,tertiary,no,,4x110 mm (4x4.33 in) for 1979-85. No bore/offset/torque.
S-022,O'Reilly Auto Parts - battery fitment 1985 Mazda RX-7,vendor-catalog,1985 RX-7 (12A/13B) battery group sizes,https://www.oreillyauto.com/shop/b/battery---accessories/batteries/31624da3221a/v/a/8600/automotive-car-1985-mazda-rx-7,html,tertiary,no,,"Retail fitment: BCI Group 35 predominant (500-720 CCA offerings), also 26R and others listed. Factory JIS sizes are 50D20L / 65D23L per S-002 p.5-3; the 1982 brochure gives 45 Ah / 55 Ah. Verify physical tray size on the car."
S-023,Mazdatrix - Lug nut 12 mm x 1.50 open-top 19 mm head,vendor-catalog,all RX-7 wheel studs,https://mazdatrix.com/product/lug-nut-12mmx1-50-open-top-19mm-head/,html,secondary,no,,Confirms M12x1.5 wheel-stud thread for all RX-7 (rotary specialist vendor). No torque given.
S-024,Wikipedia - Mazda RX-7 (first generation section),reference-site,1978-1985 SA22C/FB general history,https://en.wikipedia.org/wiki/Mazda_RX-7,html,tertiary,no,,"SA22C vs FB chassis-code explanation (FB from 1981 with 17-digit VIN), 12A 1146 cc, 100 hp US, 3-speed JATCO 3N71B automatic, Series 2 (1981-83) 135 lb lighter, live-axle 4-link with Watt linkage, 471,018 total production. Background only."
S-025,Mazda RX-7 1982 Owner's Manual (OnlyManuals listing),owners-manual,1982 RX-7 (US),https://www.onlymanuals.com/mazda/2/mazda_rx_7_owners_manual_1982_1982,web-viewer,primary,no,,"Listing for the factory 1982 owner's manual; preview only, PDF is paywalled (GBP 9.99) - not downloaded per rules. No free public scan of the 1982 owner's manual was found; the 1984 owner's manual is quoted second-hand by S-016."
S-026,MAZDA 1982 RX-7 Wiring Diagram (ManualsLib 944918 - alternate copy of S-001),wiring-diagram,1982 FB (US),https://www.manualslib.com/manual/944918/Mazda-1982-Rx-7.html,web-viewer,primary,no,,Same Kevin Wright scan as S-001 (33 pages in the viewer incl. cover). Useful online page-by-page viewer if the local PDF is not to hand.
S-027,ECUMaster PMU-24 DL Pinout v1.0,spec-sheet,ECUMaster PMU-24 DL power management unit,https://www.ecumaster.com/files/PMU/PMU-24_Pinout_v1.0.pdf,pdf,primary,yes,01-REFERENCE/PMU_info/PMU-24_Pinout_v1.0.pdf,"Owner-held. Connector pinout, connector part numbers and output/input channel map for the PMU-24. Newer revisions v1.1 and v1.3 exist at the same path pattern (PMU-24_Pinout_v1.1.pdf / _v1.3.pdf) - check for pin changes before final harness build."
S-028,ECUMaster PMU user manual (PMU-16 / PMU-16DL / PMU-16AS / PMU-24DL),spec-sheet,ECUMaster PMU family firmware/config manual,https://www.ecumaster.com/downloads/,pdf,primary,yes,01-REFERENCE/PMU_info/PMU_Manual.pdf,"Owner-held. Configuration software, output current limits, PWM, CAN, logic functions, wiring recommendations. Mirror copy: northamptonmotorsport.com/wp-content/uploads/2023/10/ecumaster_pmu_user_manual.pdf."
S-029,ECUMaster PMU-24 CAD package (2D drawing PDF + STEP + 3D PDF),spec-sheet,PMU-24 enclosure dimensions and mounting,https://www.ecumaster.com/products/pmu24/,pdf+step,primary,yes,01-REFERENCE/PMU_info/PMU CAD info/PMU-24.pdf,Owner-held; folder also contains PMU-24.STEP and PMU-24_3D.pdf. Use for bracket/mount design.
S-030,TE Connectivity - Terminals and Connectors for Industrial and Commercial Transportation (TS-ICT-T-C-CAT-2018),vendor-catalog,"TE ICT connector families (AMPSEAL, AMPSEAL 16, Deutsch DT/DTM/DTP, HDSCS, MCP, JPT, etc.)",https://www.te.com/content/dam/te-com/custom/documents/ts-ict-t-c-cat-2018/docs/TS-ICT-T-C-CAT-2018.pdf,pdf,primary,yes,01-REFERENCE/Connector_info.pdf,"Owner-held 2018 catalogue, stored as Connector_info.pdf (renamed from TS-ICT-T-C-CAT-2018.pdf). Connector/terminal/seal part numbers, wire ranges, current ratings and crimp tooling for the rebuild harness."
S-031,RX7Club 1st-Generation forum - alternator amp difference thread,forum-thread,1979-85 alternator swaps,https://www.rx7club.com/1st-generation-specific-1979-1985-18/alternator-amp-difference-857474/,html,tertiary,no,,Not fetched (site returns 403 to automated tools) - content unverified. Listed as a lead for stock-alternator amperage discussion by year.
S-032,RX7Club 1st-Generation forum - PIC/Diagram of fuse box thread,forum-thread,1979-85 fuse box photos,https://www.rx7club.com/1st-generation-specific-1979-1985-18/pic-diagram-fuse-box-386644/,html,tertiary,no,,Not fetched (403) - content unverified. Lead for photos of the FB fuse block lid legend; S-001 page 9 is the authoritative 1982 fuse map.
S-033,mazdabg.com - '1983 Mazda RX-7 Complete Maintenance Information' PDF,workshop-manual,1983 RX-7 (claimed),https://www.mazdabg.com/ftp-uploads/Mazda/RX7/1983%20Full%20Manual.pdf,pdf,secondary,no,,"Host unreachable (connection reset / robots timeout) during research; title from search index only, content unverified. Retry later - may be a 1983 workshop manual scan which would be the closest full manual to a 1982 car."
S-034,AndysAutoSport - RX-7 First Generation Specification,reference-site,1979-85 RX-7 summary specs,https://www.andysautosport.com/learning_center/vehicle_specs/rx7_first_generation_specification/,html,tertiary,no,,"Restates S-016 figures: 12A 1146 cc, 101 hp/107 lb-ft (1983), 170.1 x 65.7 x 49.6 in, 95.3 in wheelbase, 55.9/55.1 track, 5x13 and 5.5x13 wheels, engine oil 5.5 qt, coolant 10 qt, fuel 16.4 gal."
S-035,AEM 30-0300 X-Series UEGO wideband gauge - installation manual,spec-sheet,"AEM 30-0300 wideband AFR gauge/controller: wiring, supply, AEMnet CAN frame",,pdf,primary,yes,01-REFERENCE/AEM_AFR_manual.pdf,Owner-held (5.2 MB); PDF title '30-0300 X-Series UEGO Gauge'. Source of the AEMnet frame definition and supply figures used by the electrical build.
S-036,Ionic IC-12V40-S9H 12 V 40 Ah heated LiFePO4 battery - published specification,spec-sheet,"Ionic / LithiumHub S9 family: charge voltage, float, discharge cut-off, operating range",,,secondary,no,,No datasheet file on disk and no URL in the record - figures were taken from Ionic / LithiumHub's published product specification. Download the datasheet into 01-REFERENCE and set local_path/url. The battery belongs to 02-PROJECTS/01-electrical and is not fitted.
S-037,Mazda RX-7 (Mk1) (SA) 1978 - 3D model (Hum3D),3d-model,"1978 SA22C body: exterior shell, glass, lamps, wheels and tyres, a simple interior. No engine bay, chassis or underbody. Not the FB: bumpers, tail lamps, front lip and dash differ",https://hum3d.com,obj,tertiary,yes,01-REFERENCE/model/1978-mazda-rx-7-mk1-sa.zip,"An artist's model (3ds Max, 2018), 790k faces, centimetres. Checked against factory figures: length 430 cm (factory 428.5), wheelbase 244 (242), tyre 59.9 (58.9). Bought model: the zip, the OBJ and everything built from it stay on this PC and out of git, because the repository is public (.gitignore). model/build.py builds the app's renders and 3D view; model/estimate.py the rough route lengths (D-415, D-416). Nothing about the car is measured from it (R11)."
S-038,Mazda 1982 RX-7 Workshop Manual - Section T Technical Data (US),workshop-manual,"1982 US RX-7 (FB, 12A carb) - every service spec and torque in the 1982 FSM, 8 printed pages T:1-T:8",http://www.foxed.ca/rx7manual/manuals/tech/1982%20RX7%20TECHNICAL%20DATA.pdf,pdf-scan,primary,yes,01-REFERENCE/model/library/docs/fsm-technical-data-81-83/1982_RX7_Technical_Data.pdf,"Pages are clean scans (no text layer). A few ft-lb conversions on T:7 are misprinted in the original (A/T oil pan 5-7 N-m shown as 36-51 ft-lb, i.e. in-lb; companion flange 13-18 shown as N-m, i.e. m-kg). The 1981 and 1983 Section T are in the same folder. Facts it gives: Oil pressure at idle: 70-180 kPa (10-26 psi) [record SP-019 has 90-270 kPa from 1985/1980 FSM]; Oil pressure at 3000 rpm: 450-550 kPa (64-78 psi); Pressure regulator valve (rear housing) 500 kPa (71.1 psi) at 3000 rpm; pressure control valve (front cover) 1100 kPa (156 psi) [record SP-021 has 900 kPa, 1985]; Oil cooler by-pass valve starts to close 50-55 C, fully closed 60-65 C; Oil filter relief valve opens 80-120 kPa (11-17 psi); Oil metering pump: 2.0-2.4 cc per 6 min at 2000 rpm [record SP-024 has 2.0-2.5 cc from 1980]; Engine oil API SD or SE; SAE 20W-40/20W-50 above -10 C, 10W-30 -25..30 C, 10W-40/10W-50 above -25 C, 5W-20 below -20 C, 5W-30 below 0 C; Oil capacity 5.2 L (5.5 US qt) full; oil pan 4.2 L (4.4 US qt); Oil pump chain slack limit 12 mm; rotor end float 0.03-0.13 mm (limit 0.15); Compression limit 600 kPa (85 psi) at 250 rpm; max difference 150 kPa (21 psi); Port timing: intake opens 32 ATDC closes 40 ABDC; exhaust opens 75 BBDC closes 38 ATDC; Alternator belt deflection 15 +/-2 mm; air pump belt 12 +/-1 mm; Coolant 9.5 L (10 US qt) with heater, 8.5 L without; Fan 410 mm, 7 blades, fan drive <800 rpm at 4200 engine rpm [record SP-054 has 390 mm x 8 blades, 1985]; Thermostat wax pellet starts 82 +/-1.5 C, full open 95 C, lift 8-10 mm; Radiator cap opens 90 +/-15 kPa (13 +/-2 psi); Fuel tank 63 L (16.4 US gal); electric plunger fuel pump 26-33 kPa (3.70-4.79 psi), >1100 cc/min; Carburettor down-draft 2-stage 4-barrel, throat 28/34 mm; A/T jets: main pri #91 sec #160, main air bleed pri #60 sec #140, slow jet pri #46 sec #110, slow air bleed pri 70/160 sec 160/60; vacuum jet 1.8 mm; Float level 16.0 +/-0.5 mm, float drop 51 +/-0.5 mm; fast idle gap 0.8-1.0 mm; Idle speed A/T 750 rpm in D; sub-zero starting assist fluid 90% antifreeze 10% water; Battery A/T except California: NS70S 55 Ah; California G60-5/Y60-5 45 Ah; SG full 1.280 (NS70S); Distributor air gap 0.5-0.9 mm [record SP-045 has 0.2-0.6 mm, 1980]; Centrifugal advance L and T: 0 deg at 500 rpm, 10 deg at 1750 rpm; vacuum advance L 0 at -100 to 7.5 deg at -250 mmHg; T 0 at -100 to 15 deg at -400 mmHg; Condenser 0.24-0.30 uF; ignition timing L 0 ATDC, T 20 ATDC; marks on eccentric shaft pulley; Spark plugs NGK BR7EQ14/BR8EQ14/BR9EQ14 or ND W22/W25/W27EDR14, gap 1.4 +/-0.05 mm; Ignition coils (L and T) LB-84 or FTC-3, primary 0.9 +/-0.09 ohm at 20 C [record SP-043 has 1.35 ohm, 1985]; Alternator 12 V 50 A, 12 poles, load test 36 A at 13.5 V under 2500 rpm; brush 18 mm, limit 8 mm; pulley ratio 1:2.08 [record SP-026 has 1:1.82 from 1980; SP-079 55 A 1980]; Starter A/T 2.0 kW; lock test 4.0 V <1100 A 31 N-m; free run 11.5 V <100 A >3500 rpm; 4 brushes 17 mm, limit 11.5 mm; A/T gear ratios 2.458/1.458/1.000, rev"
S-039,Mazda 1981 RX-7 Workshop Manual - Section T Technical Data (US),workshop-manual,"1981 US RX-7 (FB, 12A) service specs",http://www.foxed.ca/rx7manual/manuals/tech/1981%20RX7%20TECHNICAL%20DATA.pdf,pdf-scan,primary,yes,01-REFERENCE/model/library/docs/fsm-technical-data-81-83/1981_RX7_Technical_Data.pdf,Same format as 1982; for year-to-year comparison. Not read page by page.
S-040,Mazda 1983 RX-7 Workshop Manual - Section T Technical Data (US),workshop-manual,"1983 US RX-7 (FB, 12A) service specs",http://www.foxed.ca/rx7manual/manuals/tech/1983%20RX7%20TECHNICAL%20DATA.pdf,pdf-scan,primary,yes,01-REFERENCE/model/library/docs/fsm-technical-data-81-83/1983_RX7_Technical_Data.pdf,Same format as 1982; for year-to-year comparison. Not read page by page.
S-041,Mazda 1983 RX-7 Wiring Diagram,wiring-diagram,1983 US RX-7 12A full wiring diagram (adjacent year to the car),http://www.foxed.ca/rx7manual/manuals/1983RX7WiringDiagram.pdf,pdf-scan,primary,yes,01-REFERENCE/model/library/docs/wiring-1983/1983RX7WiringDiagram.pdf,For cross-checking 1982 (S-001) circuits against the running change year. 33 MB.
S-042,Mazda RX-7 1982 sales brochure (foxed.ca scan),spec-sheet,"1982 US RX-7 S/GS/GSL brochure, second scan",http://www.foxed.ca/rx7manual/manuals/82%20RX-7%20Brochure.pdf,pdf-scan,primary,yes,01-REFERENCE/model/library/docs/brochure-1982-foxed/82_RX-7_Brochure_foxed.pdf,Alternate scan of the same 16-page brochure as S-004; keep as a second copy.
S-043,"Mazda Carburetor Manual 1979-1985 (Nikki 4-barrel, 12A)",workshop-manual,"Nikki 2-stage 4-barrel carburettor on 1979-85 12A RX-7: construction, adjustment, overhaul",http://www.foxed.ca/rx7manual/manuals/mazda%20carburetor%20manual%201979-1985.pdf,pdf-scan,primary,yes,01-REFERENCE/model/library/docs/carburetor-manuals/Mazda_Carburetor_Manual_1979-1985.pdf,Carburettor is marked replaced in the record (SP-031); useful as history/reference only.
S-044,Mazda Carburetor Training Manual (1980),technical-bulletin,"Mazda dealer training on the RX-7 Nikki carburettor and its sub-systems, 1980",http://www.foxed.ca/rx7manual/manuals/Carburetor%20Training%20Manual.pdf,pdf-scan,primary,yes,01-REFERENCE/model/library/docs/carburetor-manuals/Carburetor_Training_Manual_1980.pdf,Dealer training material.
S-045,"Mazda 1980 RX-7 Workshop Manual - sections 1A Emissions, 4 Fuel/Inlet/Exhaust, 5 Engine Electrical, 7A Automatic Transmission, 15 Body Electrical",workshop-manual,1980 SA22C FSM sections; 7A covers the JATCO 3N71B also fitted to the 1982 car,http://www.foxed.ca/rx7manual/80_manual.html,pdf-scan,primary,yes,01-REFERENCE/model/library/docs/fsm-1980-sections/,No 1981-83 FB workshop manual body sections are free online; these 1980 sections plus the 1985 sections on disk bracket the 1982 car. 7A is the only full factory 3N71B overhaul text found.
S-046,Mazda RX-7 1985 Service Bulletins,technical-bulletin,"1985 Mazda service bulletin book (RX-7 pages), many apply back to 1981",http://www.foxed.ca/rx7manual/manuals/1985_service_bulletins.pdf,pdf-scan,primary,yes,01-REFERENCE/model/library/docs/service-bulletins-1985/1985_service_bulletins.pdf,Free copy of what S-009 lists as ManualsLib-only.
S-047,Mazda RX-7 1985 Body Shop Manual,workshop-manual,"FB body dimensions, panel replacement, sealing",http://www.foxed.ca/rx7manual/manuals/85%20Body%20Shop%20Manual%20Small.pdf,pdf-scan,primary,yes,01-REFERENCE/model/library/docs/body-shop-manual-1985/85_Body_Shop_Manual_Small.pdf,Body shell unchanged 1981-85; body dimensions apply.
S-048,Mazda Dealer A/C Installation Instructions (RX-7),technical-bulletin,Dealer-installed air conditioning kit for first-gen RX-7,http://www.foxed.ca/rx7manual/manuals/Dealer%20AC%20Install.pdf,pdf-scan,primary,yes,01-REFERENCE/model/library/docs/ac-dealer-install/Dealer_AC_Install.pdf,Relevant only if the car has A/C (not recorded).
S-049,Mazda 1980 A/C Compressor Repair Manual,workshop-manual,"RX-7 A/C compressor overhaul, 1980",http://www.foxed.ca/rx7manual/manuals/1980_ac_comp_repair.pdf,pdf-scan,primary,yes,01-REFERENCE/model/library/docs/ac-dealer-install/1980_ac_comp_repair.pdf,
S-050,Mazda Rotary Engine Overhaul Criteria (1979),technical-bulletin,"12A rotary overhaul limits and inspection criteria, 1979",http://www.foxed.ca/rx7manual/manuals/Rotary%20Engine%20Overhaul%20Criteria%201979.pdf,pdf-scan,primary,yes,01-REFERENCE/model/library/docs/rotary-overhaul-criteria-1979/Rotary_Engine_Overhaul_Criteria_1979.pdf,Mazda dealer document.
S-051,Mazda 1981 Fog Light Brochure,spec-sheet,Dealer accessory fog light for 1981+ RX-7,http://www.foxed.ca/rx7manual/manuals/1981%20Mazda%20Fog%20Light%20Brochure.pdf,pdf-scan,primary,yes,01-REFERENCE/model/library/docs/brochure-1981-fog-light/1981_Mazda_Fog_Light_Brochure.pdf,Accessory literature.
S-052,"Rotary Engine - Kenichi Yamamoto (Toyo Kogyo, 1981 edition)",book,"Mazda's own technical book on the rotary engine, 1981",http://www.foxed.ca/rx7manual/manuals/REbyKenichiYamamoto-1981.pdf,pdf-scan,primary,yes,01-REFERENCE/model/library/docs/book-yamamoto-rotary-1981/Rotary_Engine_Yamamoto_1981.pdf,Published by Toyo Kogyo; hosted free by foxed.ca.
S-053,Setup and Tuning of the Early RX-7 from A to Z,reference-site,Enthusiast tuning guide for 1979-85 12A RX-7s,http://www.foxed.ca/rx7manual/manuals/Setup%20and%20Tuning%20of%20the%20Early%20Rx7%20from%20A%20to%20Z.pdf,pdf,tertiary,yes,01-REFERENCE/model/library/docs/setup-tuning-early-rx7/Setup_and_Tuning_Early_RX7_A_to_Z.pdf,Enthusiast document; use only as a pointer.
S-054,foxed.ca mobile index (rx7.foxed.ca) - full list of hosted FB documents,reference-site,"Index of every foxed.ca RX-7 PDF incl. 1979-85 technical data, brochures, training, bulletins",http://rx7.foxed.ca/,html,secondary,no,,"The Google Drive mirrors it links (1981/82/83 Technical Data, 1983 Mitchell) are now sign-in walled; the local foxed.ca paths work. Also lists 84 Training Manual, 85 catalog, 84 GSL-SE docs, homologation papers not downloaded."
S-055,NHTSA recalls API - 1981/1982/1983 Mazda RX7,data-service,US safety recalls for 1981-83 RX7,https://api.nhtsa.gov/recalls/recallsByVehicle?make=mazda&model=RX7&modelYear=1982,json,primary,yes,01-REFERENCE/model/library/docs/nhtsa/,"Files: recalls_1981_RX7.json, recalls_1982_RX7.json, recalls_1983_RX7.json. Whether this car had the remedy is unknown - a car fact to check. Facts it gives: One recall: NHTSA 85V108000 (reported 1985-04-09), STEERING - idler arm pin corrodes in salt areas after dust seal fails, can freeze and break -> loss of steering; remedy: replace pin with improved corrosion-resistant pin; Recall 85V108000 covers 1981, 1982 and 1983 RX7 (and GLC); Mitchell copy: 136,526 vehicles, built Dec 1976 - Feb 1983; NHTSA model name is 'RX7' (model=rx-7 returns 0 results)"
S-056,NHTSA complaints API - 1982 Mazda RX7,data-service,Owner complaints to NHTSA ODI for 1982 RX7,https://api.nhtsa.gov/complaints/complaintsByVehicle?make=mazda&model=RX7&modelYear=1982,json,primary,yes,01-REFERENCE/model/library/docs/nhtsa/complaints_1982_RX7.json,"NHTSA SafetyRatings has no 1982 RX7 entry. Facts it gives: 2 complaints: ODI 10283678 (steering loss at 40 mph, VIN JM1FB331XC0..., owner told VIN excluded from recall 85V108000) and ODI 516664 (wheel fell off, 1997)"
S-057,NHTSA vPIC VIN decoder,data-service,Decodes 17-digit VINs incl. partial 1981-85 RX-7 VINs,https://vpic.nhtsa.dot.gov/api/vehicles/DecodeVinValuesExtended/{VIN}?format=json&modelyear=1982,json,primary,yes,01-REFERENCE/model/library/docs/nhtsa/vpic_JM1FB3310C0.json,"Pattern: DecodeVinValuesExtended/<VIN>?format=json&modelyear=1982. Run it on the real VIN once read off the plate. Facts it gives: JM1FB331 + C (pos 10) decodes to: MAZDA RX-7, Coupe, 2 doors, engine model N2 (12A), 91-111 hp, plant Hiroshima Japan, manual seat belts, GVWR class 1; Position 8 = 1 -> N2 (12A); position 8 = 2 -> N3 (13B, 1.31 L, 122 hp - the 1984-85 GSL-SE); vPIC does not return trim or transmission; vPIC model id 5497 (RX-7), make id 473"
S-058,EPA fueleconomy.gov web services - RX-7 1984-85,data-service,"EPA MPG for RX-7; the database starts at MY1984, so no 1982 record exists",https://www.fueleconomy.gov/ws/rest/vehicle/menu/options?year=1985&make=Mazda&model=RX-7,json,primary,yes,01-REFERENCE/model/library/docs/epa/,Other-car data (1984-85; auto listed as 4-spd); the 1982 original EPA figure must come from the 1982 Gas Mileage Guide (not online at fueleconomy.gov) or the brochure. Summary CSV epa_rx7_1984-85_summary.csv. Facts it gives: fueleconomy.gov has no 1978-1983 vehicles (year menu starts 1984); 1984-85 RX-7 12A (1.1 L) automatic: 15 city / 20-21 hwy / 17 comb mpg on the current (post-2008) method; EPA lists the 1984-85 auto as 4-speed
S-059,PaintScratch - Mazda Sunbeam Silver Metallic K3,vendor-catalog,"Touch-up paint and colour code for Sunbeam Silver, Mazda 1979-89",https://www.paintscratch.com/colors/mazda/sunbeam-silver-metallic-k3/,html,secondary,no,,"Confirm K3 on the car's colour plate before buying paint. Facts it gives: Sunbeam Silver Metallic = Mazda paint code K3 (swatch hex AFB4B9); RX-7 years listed 1979, 1980, 1981, 1983 (1982 missing from vendor list, but the 1982 brochure lists the colour); 1982 RX7 colours on PaintScratch: PZ Brilliant Black, RH Sunrise Red, WN Aurora White, K8 Tornado Silver, M5 Maya Gold, R3 Renaissance Red, U2 Stardust Blue, WT Formula White"
S-060,AutomotiveTouchup - 1982 Mazda RX7 colours,vendor-catalog,1982 RX7 touch-up paint list,https://www.automotivetouchup.com/touch-up-paint/mazda/1982/rx7/,html,secondary,no,,"Incomplete for 1982; do not use to conclude the colour. Facts it gives: Lists K8 Tornado Silver, M5, PZ, R3, RH, U2, V3, WT, YW for 1982 - no Sunbeam Silver K3; Paint code plate: driver door jamb or firewall"
S-061,Rotary Wiki - RX-7 VIN Number Explanation / Banzai Racing VIN ID,reference-site,1979-85 RX-7 VIN character meanings and serial ranges by year,http://www.rotarywiki.com/index.php?title=RX-7_VIN_Number_Explanation,html,tertiary,no,,"Wiki returned HTTP 500 at time of search; facts from search index snippet and banzai-racing.com/how_to_vin.htm. Tertiary; Mitchell (primary-derived) reads pos 4-5 'FB' as model together. Facts it gives: FB VIN JM1FB3314C0xxxxxx: J Japan, M Mazda, 1 passenger car, F car line RX-7, B generation 81-85, 3 USA, 3 coupe, 1 engine 12A, pos 9 check digit, pos 10 year, 0 Hiroshima, serial; 1982 serial range 600001-699999, built May 1981 - Jun 1982; 1981 500001-599999 (Jul 1980 - May 1981); 1983 700132-770000"
S-062,First-gen RX-7 production by year (enthusiast compilation),reference-site,1978-85 production totals,https://www.rx7club.com/general-rotary-tech-support-11/total-world-wide-rx7-production-162883/,html,tertiary,no,,"No official Mazda production records published; treat as approximate. Facts it gives: Production 1982: 59,686 (1978 72,683; 1979 71,617; 1980 56,317; 1981 55,321; 1983 57,864; 1984 63,959; 1985 33,562); First gen total 474,565, of which 377,878 sold in the US"
S-063,"Wikidata - Mazda RX-7 (Q861634), Mazda Wankel engine (Q10578860)",reference-site,Structured data on the RX-7 model family,https://www.wikidata.org/wiki/Q861634,json,tertiary,yes,01-REFERENCE/model/library/docs/wikidata/wikidata_rx7_12A_claims.json,Nothing car-specific to import; noted to stop re-searching. Facts it gives: Q861634 Mazda RX-7: instance of car model; subclass of sports car; manufacturer/brand Mazda; powered by Wankel engine; follows RX-3; followed by RX-8; Commons category 'Mazda RX-7'; No Wikidata item exists for the first generation (SA/FB) or for the 12A engine; only FC has its own item (Q90925161)
S-064,Wikimedia Commons - Category:Mazda RX-7 (FB/SA) and related,photo-collection,"Freely licensed photos of 1978-85 RX-7 exteriors, interiors, 12A",https://commons.wikimedia.org/wiki/Category:Mazda_RX-7_(FB/SA),jpg,tertiary,yes,01-REFERENCE/model/library/docs/commons/,"37 photos downloaded (1600 px) with licence/author per file in commons/MANIFEST.csv: 1981-83 FB exteriors, FB dashboards/interiors, a 12A engine bay, NARA public-domain disassembled rotary. None is this car. Facts it gives: Category:Mazda RX-7 (FB/SA) 185 files (+ in competition 76, Savanna SA22C 27); Category:Mazda RX-7 dashboards 10; Category:Mazda 12A engine 7; Category:Mazda rotary engines 13"
S-065,"Mazda RX-7 owner's workshop manual (Haynes, Scott Mauck, 1980/later eds, ISBN 0856964603)",workshop-manual,Haynes manual 1979-85 RX-7,https://archive.org/details/mazdarx7ownerswo0000mauc,pdf-scan,secondary,no,,Internet Archive controlled lending (login + borrow) - not downloaded.
S-066,RX7Club - owner manual thread,forum-thread,Where to find 1st-gen owner's manuals,https://www.rx7club.com/1st-generation-specific-1979-1985-18/owner-manual-368210/,html,tertiary,no,,Confirms no free online owner's manual; reprints from mazdaformance.com / eBay.
S-067,Atkins Rotary - 79-85 12A Nikki carburettor rebuild kit (8341-99-131) and 81-85 12A master rebuild kit (ARE150),vendor-catalog,Nikki carb and 12A engine rebuild kits,https://www.atkinsrotary.com/79-85-12a-rx7-carburetor-rebuild-kit-8341-99-131-.html,html,secondary,no,,Carb is replaced on this car; engine kit relevant only to a rebuild. Facts it gives: Nikki carb rebuild kit Mazda-referenced 8341-99-131 fits 1979-85 12A
S-068,Mazda 1984 Training Manual / 84-85 Parts Manual / 1985 catalog (foxed.ca),technical-bulletin,Adjacent-year FB dealer documents,http://www.foxed.ca/rx7manual/manuals/1984Training,pdf-scan,primary,no,,Not downloaded; adjacent years. Available free on foxed.ca if needed.
S-069,"RX-7: Mazda's Rotary Engine Sports Car - Brian Long (Veloce; ISBN 9781901295931, 9781904788034, 9781845840471, 9781787111332)",book,History of all RX-7 generations incl. FB,https://www.amazon.com/RX-7-Mazdas-Rotary-Engine-Sports/dp/1787111334,html,secondary,no,,"Book, list only. The title in the brief is by Brian Long, not Jack Yamaguchi."
S-070,"The Mazda RX-7 - Jack K. Yamaguchi (ISBN 9784947659019, 1985/1991 eds)",book,Factory-sourced history of the RX-7 and Mazda rotary sports cars,https://www.amazon.com/RX-7-Mazdas-Legendary-Winning-Championship/dp/4947659017,html,secondary,no,,"Book, list only."
S-071,"YouTube - FB RX-7 repair/restoration videos (Kiat Motor FB restoration; 12A Nikki carb rebuild 'The Carb Master'; FB 'Good, Bad and Ugly')",video,First-gen RX-7 restoration and carb rebuild,https://www.youtube.com/watch?v=v6C-dTLx_xQ,html,tertiary,no,,List only; also https://www.youtube.com/watch?v=PvOoa_RstAM and https://www.youtube.com/watch?v=MoJ42Azqpd4.
S-072,Wright-Here.net Mazda RX-7 factory manual index,reference-site,Mirror/index of foxed-type manuals (RX-2 to FD),https://www.wright-here.net/cars/rx7/manuals.html,html,secondary,no,,Same collection as foxed.ca; no additional 1981-83 FB documents.
S-073,"RockAuto - 1982 Mazda RX-7 1.1L R2 electrical listings (alternator, brush, end bearing, voltage regulator, starter motor, starter solenoid)",web,"replacement part numbers and OE interchanges for PT025, PT026, PT266, PT267, PT269, PT270, PT275","https://www.rockauto.com/en/catalog/mazda,1982,rx-7,1.1l+r2,1192250,electrical",html,secondary,no,,Read 2026-09-25; prices change.
S-074,RC Auto Electric - aftermarket Mitsubishi voltage regulator IM204,web,PT269 replacement spec and interchange (N221-24-520),https://rcautoelectric.com/products/aftermarket-alternator-voltage-regulator-im204,html,secondary,no,,
S-075,Automotive Supplies Group NZ - AS-PL ARC5017 alternator rectifier,web,PT268 replacement spec and interchange (N221-24-510),https://www.as-parts.nz/product/1742844,html,secondary,no,,
S-076,Timken 6201-2RS deep groove ball bearing product page,datasheet,PT267 replacement bearing dimensions and ratings; CAD,https://cad.timken.com/item/deep-groove-ball-bearings/deep-groove-ball-bearings--6000--6200--6300--64/6201-2rs,html,primary,no,,"Maker data for the replacement, not the Mazda part."
S-077,Timken 6202-2RS deep groove ball bearing product page,datasheet,PT266 replacement bearing dimensions and ratings; CAD,https://cad.timken.com/item/deep-groove-ball-bearings/deep-groove-ball-bearings--6000--6200--6300--64/6202-2rs,html,primary,no,,"Maker data for the replacement, not the Mazda part."
S-078,"Supercharge Batteries - NS70 Automotive Battery Datasheet (Classic), rev 23-001",datasheet,"JIS NS70 sealed battery: dimensions, CCA, Ah, RC, SAE terminal data, charging voltages",https://www.supercharge.com.au/wp-content/uploads/2023/09/NS70-Datasheet-Classic.pdf,pdf,secondary,yes,01-REFERENCE/model/library/datasheets/PT024/Supercharge_NS70_Classic_Datasheet.pdf,"Same sheet is published by Archer Batteries (archerbatteries.com.au NS70-Product-Datasheet.pdf). Modern replacement, not the 1982 NS70S."
S-079,Atkins Rotary - 79-83 RX7 Battery Hold Down Bracket 8871-56-030A,web,battery clamp availability and price,https://www.atkinsrotary.com/79-83-Rx7-Battery-Hold-Down-Bracket-8871-56-030A.html,html,secondary,no,,"New, USD 52, out of stock 2026-09-25; says Mazda has retired the part."
S-080,RX7Club 1st-gen forum - Battery cables thread,forum,1985 GS battery cable colours and routing,https://www.rx7club.com/1st-generation-specific-1979-1985-18/battery-cables-1141426/,html,tertiary,no,,Owner reports only.
S-081,Atkins Rotary - 79-85 RX-7 brown (8871-67-099) and black (3777-67-099) fusible links,web,"PT316 PT317: genuine Mazda links in stock, $5.50 / $7.10",https://www.atkinsrotary.com/Electrical-Systems/Fuses-and-Boxes/Mazda-Electrical-Fusible-Links/79-85-Rx7-Brown-Fusible-Link-8871-67-099.html,html,secondary,no,,black link page: .../79-85-Rx7-Black-Fusible-Link-3777-67-099.html; repeats the catalogue's 10M/7M OHM wording
S-082,Atkins Rotary - 82-83 RX-7 horn relay FA01-66-810A,web,"PT300: genuine relay, $30.50, in stock; located in the panel near the driver's left knee",https://www.atkinsrotary.com/82-83-rx7-horn-relay-fa01-66-810a-,html,secondary,no,,
S-083,Mazda Warehouse - Hot Start Relay 1480-67-740 ('3 Point Relay'),web,"PT308 identity; fits 79-85 RX-7; $15, out of stock",https://www.mazdawarehouse.com/hot-start-relay-1480-67-740-.html,html,secondary,no,,
S-084,"Carmarka - Mazda relay, auto antenna FA01-67-740",web,PT307 genuine part listing,https://carmarka.com/en/mazda-relay-auto-antenna-fa01-67-740,html,tertiary,no,,"listing only, no specifications"
S-085,RX7Club - Wiring harness identification thread (1st gen),forum,white part-number tags on FB harnesses; 81-82 FA01/FA02 prefixes,https://www.rx7club.com/1st-gen-general-discussion-207/wiring-harness-identification-1160492/,html,tertiary,no,,forum; used only for the tag note
S-086,"eBay - Wiring harnesses, cables and connectors for Mazda RX-7",web,"used FB harnesses (engine, dash, rear) for sale",https://www.ebay.com/b/Wiring-Harnesses-Cables-Connectors-for-Mazda-RX-7/179847/bn_19630693,html,tertiary,no,,listings change; used parts only
S-087,Atkins Rotary - 81-85 RX7 Oscillator (FA30-67-690A),web,"PT305 fitment, location, failure symptom, availability",https://www.atkinsrotary.com/81-85-Rx7-Oscillator-FA30-67-690A.html,html,secondary,yes,,NLA
S-088,Atkins Rotary - 81-85 RX7 Flasher Relay (FA02-67-577),web,PT303 fitment and availability,https://www.atkinsrotary.com/81-85-Rx7-Flasher-Relay-FA02-67-577.html,html,secondary,yes,,out of stock
S-089,Atkins Rotary - Mazda defroster switches (81-83 RX7 B001-66-460),web,PT036 availability,https://www.atkinsrotary.com/Electrical-Systems/Electrical-Switches/Mazda-Defroster-Switches/,html,secondary,yes,,NLA
S-090,"RX7Club 1st gen - CPU, Flasher thread",forum,"PT301 location, solder-joint failure and repair",https://www.rx7club.com/1st-generation-specific-1979-1985-18/cpu-flasher-809893/,html,tertiary,yes,,
S-091,RX7Club 1st gen - Horn not working thread,forum,PT473 horn ground path through the column,https://www.rx7club.com/1st-generation-specific-1979-1985-18/horn-not-working-790607/,html,tertiary,yes,,
S-092,RX7Club 1st gen - Rear defroster relay location thread,forum,PT036 no relay after 1979,https://www.rx7club.com/1st-generation-specific-1979-1985-18/rear-defroster-relay-location-1121236/,html,tertiary,yes,,"1979 FSM shows a relay, 1980 does not"
S-093,"EiKO 194 miniature lamp specification sheet (14V .27A T3-1/4 wedge, ordering code 40427)",datasheet,"194 bulb: volts, amps, base, dimensions, lumens, life",https://assets.alliedelec.com/v1565776891/Datasheets/ad6daa1e20cc28a3a7dd1656811eb665.pdf,pdf,primary,yes,01-REFERENCE/model/library/datasheets/PT626/194_datasheet_eiko.pdf,"maker sheet for the replacement trade number, hosted by Allied Electronics"
S-094,"EiKO 74 miniature lamp specification sheet (14V .1A T1-3/4 sub-miniature wedge, ordering code 40928)",datasheet,"74 bulb: volts, amps, base, dimensions, lumens, life",https://premisens.s3.us-east-2.amazonaws.com/1726152826059_Item74.pdf,pdf,primary,yes,01-REFERENCE/model/library/datasheets/PT627/74_datasheet_eiko.pdf,linked from lightingandsupplies.com product page
S-095,"Wiring Depot - #194 incandescent bulb, T-3 1/4 wedge, 14 V 0.27 A",web,Trade 194 bulb ratings and base,https://www.wiringdepot.com/194-bulb.aspx,html,tertiary,no,,"Read from the search result summary only. The page gives the base as W2.1x9.2d, where other sellers give W2.1x9.5d."
S-096,Mazda USA parts - SOCKET 1316-55-261 (1986 323 tachometer),catalogue,Current Mazda listing of the 1316-55-261 socket,https://parts.mazdausa.com/p/Mazda_1986_323/SOCKET/105321227/1316-55-261.html,html,secondary,no,,HTTP 403 to an automated fetch; the listing exists according to the search index.
S-097,Atkins Rotary - 81-83 Rx7 Combination Switch (FA01-66-120),web,"PT638 listing, price, no-cruise fitment",https://www.atkinsrotary.com/81-83-Rx7-Combination-Switch-FA01-66-120.html,html,secondary,yes,,"358.95 USD in stock, 2026-09-25"
S-098,Atkins Rotary - 81-83 Rx7 Turn Signal Switch (FA01-66-122),web,PT638 turn-signal sub-switch,https://www.atkinsrotary.com/81-83-Rx7-Turn-Signal-Switch-FA01-66-122.html,html,secondary,yes,,99.75 USD; left side behind the combination switch
S-099,Atkins Rotary - 81-83 Rx7 Windshield Wiper Switch (BA30-66-135),web,PT640,https://www.atkinsrotary.com/81-83-Rx7-Windshield-Wiper-Switch-BA30-66-135.html,html,secondary,yes,,"95.00 USD; also 84-85 GLC, B2000, B2200, 626; number differs from catalogue BA30-66-123"
S-100,Atkins Rotary - 81-85 Rx7 Turn Signal Switch Cancel Cam (BA29-66-126),web,PT641,https://www.atkinsrotary.com/81-85-Rx7-Turn-Signal-Switch-Cancel-Cam-BA29-66-126.html,html,secondary,yes,,5.99 USD
S-101,eBay - Mazda B00166540 Genuine OEM Door Jamb Switch,web,PT644,https://www.ebay.com/p/1522105390,html,tertiary,yes,,"new, from about 7.48 USD, made in Japan"
S-102,"Mazda USA parts - Switch, parking lamp (GJ6G-66-450, park brake warning switch)",catalogue,PT645 naming: -66-450 'parking lamp switch' is the park-brake warning switch,https://parts.mazdausa.com/p/Mazda_2014_Mazda6/SWITCH--PARKING-LAMP/105446398/GJ6G-66-450.html,html,secondary,no,,"parts.mazdausa.com returns 403 (Cloudflare) to fetches; search-result titles read ""Switch, parking lamp. Brake, system"", and mazdapartsconnect.com lists GJ6G-66-450 as ""Park Brake Warning Switch"" (checked 2026-09-25); a modern part, used only to read the catalogue name"
S-103,Atkins Rotary - 81-83 Rx7 Power Window Switch (FA03-66-350A),web,"PT646 fitment (1981-83, either side, two per car), price 102 USD",https://www.atkinsrotary.com/81-83-Rx7-Power-Window-Switch-FA03-66-350A.html,html,secondary,yes,,read 2026-09-25
S-104,RX7Club 1st-Generation forum - RX7 OEM amps thread,forum,"first-gen factory Clarion amps (25 W units, '84-'85) and OEM speaker rating 5 W nominal / 25 W max, 4 in front replacements",https://www.rx7club.com/1st-generation-specific-1979-1985-18/rx7-oem-amps-970085/,html,tertiary,no,,mostly '84-'85 cars
S-105,Wright-Here.net - First Gen RX-7 Stereo Upgrades,web,"factory 4 in front speakers, shafted radio plus smaller-than-DIN deck opening",http://wright-here.net/cars/rx7/mods/RX7stereo.html,html,tertiary,no,,written about a '79
S-106,Atkins Rotary - 79-94 RX7 Windshield Washer Pump (8532-76-672),web,"PT038 current supply, price, fitment and cross-fit",https://www.atkinsrotary.com/79-94-Rx7-Windshield-Washer-Pump-8532-76-672.html,html,secondary,no,,"99 USD, in stock, 2026-09"
S-107,"Mazdatrix - Washer bottle pump, 79-85 washer motor (8532-76-672)",web,PT038 supply,https://mazdatrix.com/product/bottle-washer-pump-79-85-washer-motor/,html,secondary,no,,"48.39 USD, in stock, 2026-09"
S-108,Atkins Rotary - 79-83 RX7 Windshield Washer Bottle (0317-67-511A),web,PT673/PT674 replacement bottle,https://www.atkinsrotary.com/79-83-Rx7-Windshield-Washer-Bottle-0317-67-511A.html,html,secondary,no,,"35 USD, no cap; its number differs from the catalogue's tank number"
S-109,Atkins Rotary - 79-83 RX7 Front Windshield Washer Nozzle (1011-67-510A),web,PT677 supply,https://www.atkinsrotary.com/79-83-Rx7-Front-Windshield-Washer-Nozzle-1011-67-510A.html,html,secondary,no,,"21 USD, in stock"
S-110,RX7Club - Antenna help needed (1st gen power antenna),forum,"PT668/PT669: mast FA42-66-941A, nylon drive cord failure, SA/FB masts not interchangeable",https://www.rx7club.com/1st-generation-specific-1979-1985-18/antenna-help-needed-979587/,html,tertiary,no,,
S-111,RX7Club - Windshield washer pump circuit problem,forum,PT038 diagnosis: pump runs on direct 12 V; broken combination-switch contact tab,https://www.rx7club.com/1st-generation-specific-1979-1985-18/windshield-washer-pump-circuit-problem-200802/,html,tertiary,no,,
S-112,Known Motors - 1981-1983 Mazda RX7 FB power antenna relay FA0167740 (used),web,PT671 used-part listing and the number it carries,https://knownmotors.com/products/1981-1983-mazda-rx7-fb-power-antenna-relay-fa0167740,html,tertiary,no,,"sold out, untested"
S-113,MyWiperSize - Mazda RX-7 wiper blade size chart,web,"Aftermarket wiper blade lengths by year for the RX-7, 1982 row",https://www.mywipersize.com/make/mazda/rx-7.php,html,tertiary,no,,"aftermarket fitment table, not a Mazda figure"
S-114,Atkins Rotary - 81-84 RX-7 rear windshield wiper arm motor (1480-67-450C) - NLA,web,"PT688 availability, fitment 1981-85, weight",https://www.atkinsrotary.com/81-84-rx7-rear-windshield-wiper-arm-motor-1480-67-450c-.html,html,secondary,yes,,"Out of stock, no longer available, listed $400"
S-115,"Mazdatrix - Wiper arm, 79-85 RX-7 rear (1480-67-421A)",web,PT695 availability,https://mazdatrix.com/product/wiper-arm-79-85-rear/,html,secondary,yes,,Discontinued by Mazda; last price $62.57
S-116,Atkins Rotary - 81-85 RX-7 rear windshield wiper arm bolt cover (8134-76-641),web,"PT695 arm cover, in stock new",https://www.atkinsrotary.com/81-85-Rx7-Rear-Windshield-Wiper-Arm-Bolt-Cover-8134-76-641.html,html,secondary,yes,,"$4.50, in stock 2026-09; rear only, does not fit front"
S-117,Atkins Rotary - 81-83 RX7 Ignition Switch BA24-66-155A (NLA),web,PT708 availability and substitute,https://www.atkinsrotary.com/81-83-Rx7-Ignition-Switch-BA24-66-155A.html,html,secondary,yes,,"225 USD, out of stock"
S-118,RX7Club - Ignition switch wiring help (1st gen),forum,PT708 84-85 switch interchange,https://www.rx7club.com/1st-generation-specific-1979-1985-18/ignition-switch-wiring-help-1139329/,html,tertiary,yes,,
S-119,Amazon - Mazda 1410-67-530 washer pump,web,PT701 listing,https://www.amazon.com/Mazda-1410-67-530-Windshield-Washer-Pump/dp/B00KWEZZRW,html,tertiary,no,,page blocked (captcha); listing title confirmed in search results 2026-09-25
S-120,Amazon - Mazda RX-7 1981-1985 rear window washer nozzle 1480-67-510,web,PT703 listing,https://www.amazon.com/Mazda-1981-1985-window-washer-1480-67-510/dp/B017N3PWSQ,html,tertiary,no,,page blocked (captcha); listing title confirmed in search results 2026-09-25
S-121,Atkins Rotary - 80-85 RX-7 Ignition Coil (8245-18-100),web,"PT013 replacement coil, fitment, price",https://www.atkinsrotary.com/81-85-Rx7-Ignition-Coil-8245-18-100.html,html,secondary,no,,
S-122,Atkins Rotary - 81-85 RX-7 Distributor Pickup Coil & Breaker Plate (N236-24-314),web,"PT256 fitment, price",https://www.atkinsrotary.com/81-85-Rx7-Distributor-Pickup-Coil-and-Breaker-Plate-N236-24-314.html,html,secondary,no,,
S-123,Atkins Rotary - 80-85 RX-7 Distributor Cap (8245-24-310B),web,"PT015 fitment, price; links rotor 8245-24-303A",https://www.atkinsrotary.com/80-85-Rx7-Distributor-Cap-8245-24-310B-9U.html,html,secondary,no,,
S-124,"Atkins Rotary - 81-85 RX-7 Rebuilt Distributor (N249-18-200A, NLA)",web,"PT014 rebuilt unit, fitment",https://www.atkinsrotary.com/81-85-Rx7-Distributor-N249-18-200A-NLA.html,html,secondary,no,,
S-125,"Mazdatrix - Coils, Igniters, Distributor Parts",web,PT013/PT015/PT256/PT258 listings and prices,https://mazdatrix.com/product-category/ignition-2/coils-igniters-distributor-parts/,html,secondary,no,,
S-126,"Mazdatrix - Ignition Rotor, all rotary 80-85 (8245-24-303A)",web,"PT016 genuine rotor, price",https://mazdatrix.com/product/ign-rotor-all-rotary-80-85/,html,secondary,no,,
S-127,"Mazdatrix - Ignition Igniter used, RX-7 81-85 style",web,PT258 used tested igniter,https://mazdatrix.com/product/ign-igniter-used-rx7-81-85-style/,html,secondary,no,,
S-128,The Wrench Monkey - Standard Motor Products LX-642 Ignition Control Module,web,PT258 replacement ratings and interchange,https://www.thewrenchmonkey.ca/brands/standard-motor-products/lx642,html,secondary,no,,
S-129,RockAuto - Standard Motor Products JR87 distributor rotor,web,PT016 replacement construction and interchange,https://www.rockauto.com/en/moreinfo.php?pk=46521&cc=1192250&pt=7136,html,secondary,no,,
S-130,eBay product - YEC YD306 distributor cap for Mazda 824524310B,web,PT015 replacement,https://www.ebay.com/p/1129563398,html,tertiary,no,,
S-131,The Wrench Monkey - NGK BR8EQ-14 spark plug,web,PT019 NGK stock number,https://www.thewrenchmonkey.ca/brands/ngk/br8eq14,html,secondary,no,,
S-132,Norman Lamps - H6024 halogen sealed beam,datasheet,H6024 ratings and size,https://normanlamps.com/sealed-beam-lamps/halogen-sealed-beam/h6024.html,html,secondary,no,,
S-133,TripleR Truck Parts - Wagner H6024 (2D1) 7 in halogen sealed beam,web,"H6024 per-beam watts, amps, life",https://triplertruckparts.com/h6024-2d1-7-round-halogen-sealed-beam-headlamp-h-l-12v-35-65w-par56-wagner-lighting/,html,tertiary,no,,"title says 35/65 W, table says 60/35 W"
S-134,Mazdatrix - Brake light switch 82-88 with cruise (H003-66-490A),web,stop switch replacement,https://mazdatrix.com/product/switch-brake-light-82-88-w-cruise/,html,secondary,no,,
S-135,Atkins Rotary - 81-83 RX7 Headlight Switch FA01-66-670 (NLA),web,retractor switch availability,https://www.atkinsrotary.com/81-83-Rx7-Headlight-Switch-FA01-66-670.html,html,secondary,no,,
S-136,Atkins Rotary - 79-85 RX7 Left Headlight Cover 8871-51-621A,web,headlamp lid availability,https://www.atkinsrotary.com/79-85-Rx7-Left-Headlight-Cover-8871-51-621A.html,html,secondary,no,,
S-137,Atkins Rotary - 79-85 RX7 Short Headlight Retractor Rod 8871-51-936,web,retractor rod B,https://www.atkinsrotary.com/79-85-Rx7-Short-Headlight-Retractor-Rod-8871-51-936.html,html,secondary,no,,
S-138,"Atkins Rotary - 79-85 RX7 Long Headlight Retractor Rod 8871-51-934 (NLA, NOS)",web,retractor rod A,https://www.atkinsrotary.com/79-85-Rx7-Long-Headlight-Retractor-Rod-8871-51-934.html,html,secondary,no,,
S-139,Atkins Rotary - 83-85 RX7 Head Light Retractor Relay FA01-51-939,web,83-85 relay (not this car),https://www.atkinsrotary.com/83-85-rx7-head-light-retractor-relay-fa01-51-939-,html,secondary,no,,
S-140,Autopartone - 81-83 Mazda RX7 OEM Headlight Motor Right (used),web,"used motor with relay, boot, bolts",https://www.autopartone.com/products/81-83-mazda-rx7-oem-headlight-motor-right,html,tertiary,no,,
S-141,Candela Corporation - Miniature Lamp and Sealed Beam Catalog,catalogue,"trade bulbs 89, 1156, 1157, 194: volts, amps, MSCP, base, MOL, LCL, life",https://www.candelacorp.com/products/lighting/pdf/catalog_min.pdf,pdf,secondary,yes,01-REFERENCE/model/library/datasheets/PT596/Candela_Miniature_Lamp_Catalog.pdf,"89 on PDF p16, 1156/1157 on p18, 194 on p24"
S-142,"Norman Lamps - product pages for 1157, 1156, 194, 89",web,"bulb shape, base designation, diameter, life",https://normanlamps.com/1157.html,html,secondary,no,,"also /1156.html, /194.html, /89.html"
S-143,"Mazdatrix - Lights and Lenses (81-85 RX-7 lamp sets and lenses, stock status)",web,"availability of FA01-51-071, FA01-89-667/668/669, FA01-51-131, FA01-51-151D",https://mazdatrix.com/product-category/exterior/lights_lenses/,html,secondary,no,,checked 2026-09-25
S-144,Atkins Rotary - 81-85 RX-7 License Plate Lamp Lens 3874-66-371,web,"license lamp lens fitment, qty, NLA",https://www.atkinsrotary.com/81-85-Rx7-License-Plate-Lamp-Lens-3874-66-371.html,html,secondary,no,,
S-145,"1000Bulbs - EiKO 194 mini indicator lamp, 14 V T3.25",web,"194 base W2.1x9.5d, 25 lm, C-2F, 2500 h",https://www.1000bulbs.com/product/1127/IND-0194-10PK.html,html,tertiary,no,,
S-146,Atkins Rotary - 81-85 RX7 Rear Right Side Marker Lens (FA01-51-551) - NLA,web,"replica rear marker lenses R and L (FA01-51-561), 20 USD, out of stock",https://www.atkinsrotary.com/81-85-rx7-rear-right-side-marker-lens-fa01-51-551-.html,html,secondary,no,,
S-147,"Autopart3 - 81-85 Mazda RX7 OEM rear side marker lens, right (used)",web,"used OEM red lens, code 232-41786R, 87 USD, sold out",https://www.autopart3.com/products/81-82-83-84-85-mazda-rx7-oem-rear-side-marker-light-lamp-lens-right,html,tertiary,no,,
S-148,MazdaStuff - Mazda cargo lamp bulb 0000-11-3022,web,"current Mazda number 0000-11-3022 still sold, 2.29 USD",https://www.mazdastuff.com/Mazda-3-Cargo-lamp-bulb-p/0000-11-3022-32473.htm,html,tertiary,no,,listed for a 2005 Mazda3; no dimensions given
S-149,VCC (Visual Communications Company / CML) T-3 1/4 Wedge Base lamp datasheet,datasheet,"T-3 1/4 wedge lamps incl. CM194: volts, amps, MSCP, life, filament, outline",https://mm.digikey.com/Volume0/opasdata/d220001/medias/docus/8456/T-3%201_4%20Wedge%20Base.pdf,pdf,secondary,yes,01-REFERENCE/model/library/datasheets/PT833/VCC_T-3-1-4_Wedge_Base.pdf,
S-150,EiKO 194 (40427) 14V .27A T3-1/4 wedge base - specification sheet,datasheet,"Trade 194 miniature wedge bulb: volts, amps, base, filament, dimensions, life",https://hdsupplysolutions.com/wcsstore/ExtendedSitesCatalogAssetStore/product/fm/additional/37/370008_Specification-PDF.pdf,pdf,secondary,yes,01-REFERENCE/model/library/datasheets/PT962/eiko-194-40427-spec.pdf,Maker sheet hosted by HD Supply; replacement for Mazda 0000-11-0194
S-151,ReplacementLightBulbs.com - DE-3175 12V 10W 10x31mm festoon,web,"Trade DE3175 festoon: volts, amps, length, diameter, base, life, lumens",https://www.replacementlightbulbs.com/lampde3175.html,html,tertiary,no,,Seller page; 45 cents each on 2026-09-25
S-152,Atkins Rotary - 81-85 RX-7 Dome Light Lens FA01-51-351A,web,"Interior/map lamp lens: new Mazda part, price, fitment",https://www.atkinsrotary.com/81-85-Rx7-Dome-Light-Lens-FA01-51-351A.html,html,secondary,no,,USD 41.50 on 2026-09-25
S-153,"C.R.S. 42-4-227 Windows unobstructed - certain materials prohibited (Justia, 2016 text; current)",web,"Colorado window tint law: 70% light through the windshield, 27% every other window, the 4 in windshield strip, no metallic or mirrored film, rear windows darker only if the windshield and front sides pass 70%",https://law.justia.com/codes/colorado/2016/title-42/regulation-of-vehicles-and-traffic/article-4/part-2/section-42-4-227,html,primary,no,,Read 2026-09-26 for 04-beauty C01
S-154,C.R.S. 42-3-202 Number plates furnished to be attached,web,"Rear plate horizontal, bottom edge at least 12 in from the ground, mounted on or within 18 in of the rear bumper",https://colorado.public.law/statutes/crs_42-3-202,html,primary,no,,Read 2026-09-26 for 04-beauty C06
S-155,C.R.S. 42-4-206 Tail lamps and reflectors,web,Tail lamps 20 to 72 in high; reflectors 20 to 60 in; the plate lamp lit whenever the head lamps are,https://colorado.public.law/statutes/crs_42-4-206,html,primary,no,,Read 2026-09-26 for 04-beauty C06
S-156,Kaminari Aerodynamics - Mazda RX-7 (1978-1985) FRP body parts,web,"Series 2/3 SA/FB 1981-85: 4-piece lip kit USD 1,034; air dam spoiler 384; rear valance skirt 384; side skirts pair 514; wing 384",https://kaminari.com/collections/mazda-rx7,html,tertiary,no,,"Prices on 2026-09-26; add-on FRP pieces over the factory panels, not bumper replacements"
S-157,"Carbon Creations - 1979-1985 Mazda RX-7 GP-1 front bumper (FRP, 1 piece)",web,"A full front bumper replacement in hand-laid fiberglass, USD 308 (list 454), primer finish, test-fit, trim, fill and paint required, no hardware, custom brackets likely",https://carboncreations.com/1979-1985-mazda-rx-7-gp-1-front-bumper-1-piece-ed_103638/,html,tertiary,no,,Price on 2026-09-26
S-158,"PartsHawk - Four Seasons 35483 HVAC blower motor (1979-83, 1985 RX-7)",web,"replacement blower motor dimensions, voltage, leads, interchange",https://partshawk.com/four-seasons-35483-hvac-blower-motor.html,html,secondary,yes,,"Interchange: Mazda 887176453/887176453A, ACDelco 1581234/158896, UAC BM3733, Siemens PM3733, Cardone 441064. RockAuto lists the same OE numbers."
S-159,RockAuto - Four Seasons 35483 blower motor,web,"interchange numbers 887176453, 887176453A, 19189160; price","https://www.rockauto.com/en/parts/four+seasons,35483,blower+motor,6916",html,secondary,yes,,
S-160,"Atkins Rotary - 79-85 RX7 Heater Core (8871-76-402), NLA",web,heater core availability and fitment,https://atkinsrotary.com/store/79-85-rx7-heater-core-8871-76-402-.html,html,secondary,yes,,
S-161,"The Brassworks - Mazda RX-7 FB 1979-1985 Gen I heater core (copper, made to order)",web,replacement heater core for 8871-76-402,https://www.thebrassworks.net/collections/heater-cores/products/mazda-rx-7-1979-1985-gen-i-heater-core,html,secondary,yes,,"USD 329, lead time about 11 to 14 weeks (July 2026). No dimensions published."
S-162,Atkins Rotary - 79-85 RX7 Heater Core Valve (8871-76-409),web,heater water valve availability and fitment,https://www.atkinsrotary.com/79-85-Rx7-Heater-Core-Valve-8871-76-409.html,html,secondary,yes,,"USD 115.75, out of stock when read."
S-163,"Atkins Rotary - 79-83 RX7 Heater Blower Motor Resistor (8871-76-457), NLA",web,blower resistor availability and location,https://www.atkinsrotary.com/79-83-Rx7-Heater-Blower-Motor-Resistor-8871-76-457.html,html,secondary,yes,,Location: under the passenger side of the dash.
S-164,Atkins Rotary - 79-82 12A and 84-85 13B RX7 Firewall to Engine Heater Hose (8871-61-230),web,heater hose no. 1,https://atkinsrotary.com/store/79-85-Rx7-Engine-Heater-Hose-8871-61-230.html,html,secondary,yes,,"USD 87.50, in stock when read."
S-165,Atkins Rotary - 79-85 RX7 Heater at Firewall to Pipe Hose (8871-61-212),web,heater hose no. 2,https://www.atkinsrotary.com/79-85-Rx7-Heater-at-Firewall-to-Pipe-Hose-8871-61-212.html,html,secondary,yes,,"USD 21.50, in stock when read."
S-166,Atkins Rotary - 79-82 RX7 Heater Pipe To Radiator Hose (8871-61-213),web,"heater hose no. 3, clamp 9928-22-600",https://www.atkinsrotary.com/79-85-Rx7-Heater-Pipe-To-Radiator-Hose-8871-61-213.html,html,secondary,yes,,Discontinued.
S-167,Mazdatrix - Hoses and Pumps (79-85 RX-7 heater hoses),web,"heater hoses 8871-61-230, 8871-61-212, 8871-61-213 (discontinued), FA42-61-213A",https://mazdatrix.com/product-category/cooling-system/water-cooling-systems/hoses-and-pumps/,html,secondary,yes,,
S-168,RX7Club 1st-gen forum - Blower motor resistor idea,forum,failure of the 79-85 blower resistor pack; donor packs suggested,https://www.rx7club.com/1st-generation-specific-1979-1985-18/blower-motor-resistor-idea-1146490/,html,tertiary,yes,,No measured ohm values; suggests the 1986 626 or 323 pack as a substitute.
S-169,Atkins Rotary - 81-83 RX7 dash (defroster) vent 8341-60-713-01 black / -10 red,web,"PT825 reproduction defroster grille, price and availability",https://www.atkinsrotary.com/81-83-rx7-black-dash-vent-8341-60-713-01-.html,html,secondary,no,,Red version: https://www.atkinsrotary.com/81-83-rx7-red-dash-vent-8341-60-713-10-.html (NLA). Mazda part discontinued; Atkins has them made.
S-170,RX7Club - how do you remove the dash center vents (1st gen),forum,PT875/PT876 centre vent assembly fixing and removal,https://www.rx7club.com/1st-generation-specific-1979-1985-18/how-you-remove-dash-center-vents-986953/,html,tertiary,no,,Owner reports on 1st-gen (1979-85) cars; posters do not state model year.
S-171,"Atkins Rotary - FB RX-7 cooling parts (water pump, pulley, thermostat, housing, cap, hoses, fan clutch, overflow tank, level and temperature sensors)",web,PT020 PT022 PT023 PT181 PT182 PT183 PT188 PT190 PT193 PT194 PT195 PT292,https://www.atkinsrotary.com/Coolant-System/Mazda-Radiators-and-Parts/79-85-Rx7-Radiators-and-Caps/,html,secondary,no,,Retail listings read 2026-09-25; item URLs are in the spec page fields.
S-172,"RockAuto - 1982 Mazda RX-7 1.1L R2 cooling system listings (water pump, radiator cap)",web,PT021 PT181,"https://www.rockauto.com/en/catalog/mazda,1982,rx-7,1.1l+r2,1192250,cooling+system",html,secondary,no,,Read 2026-09-25; the radiator and thermostat pages returned no parts.
S-173,Racing Beat - silicone radiator hose kit 11480 for 79-82 RX-7 12A,web,PT182 PT183,https://www.racingbeat.com/RX7-1975-1985/Cooling-System/11480.html,html,secondary,no,,"4-ply, 5-layer silicone, tested to 300 F; upper and lower hoses plus 4 clamps."
S-174,"RockAuto - FRAM PH3593A oil filter, more-info page (1982 RX-7)",web,PT003 replacement filter dimensions,https://www.rockauto.com/en/moreinfo.php?pk=56457&cc=1192250&pt=5340,html,secondary,no,,"Thread M20x1.5, gasket, height, OD."
S-175,RX7Club - Oil pressure sending unit thread size (1st gen),forum,PT004 thread,https://www.rx7club.com/1st-generation-specific-1979-1985-18/oil-pressure-sending-unit-thread-size-596768/,html,tertiary,no,,
S-176,Atkins Rotary - 81-91 RX-7 Oil Pressure Sensor N201-14-820,web,PT004 availability,https://www.atkinsrotary.com/81-92-Rx7-Oil-Pressure-Sensor-N201-14-820.html,html,secondary,no,,"124.50 USD, in stock (2026-09)."
S-177,Atkins Rotary - 74-85 12A & 13B 3mm O-Ring Kit (ARE115),web,PT060 contents and cross-reference,https://www.atkinsrotary.com/74-85-12A-13B-Rx7-O-Ring-Kit-ARE115.html,html,secondary,no,,219.95 USD (2026-09).
S-178,Atkins Rotary - 79-85 12A engine gasket kits,web,"PT059, tension bolt washers, install gasket kit",https://www.atkinsrotary.com/Rotary-Engine-Parts/Gasket-Kits/79-85-12A-Mazda-Engine-Gasket-Kits/,html,secondary,no,,N201-89-100B at 372.57 USD; tension bolt washer kit 0839-10-455 at 40.50 USD (2026-09).
S-179,Atkins Rotary - Mazda rotary front and rear main seals,web,"PT070, PT072",https://www.atkinsrotary.com/Rotary-Engine-Parts/Mazda-Rotary-Engine-O-Rings-and-Seals/Mazda-Rotary-Engine-Front-and-Rear-Main-Seals/,html,secondary,no,,1668-10-556A 14.25 USD; N3R1-10-507 8.00 USD (2026-09).
S-180,Mazdatrix - engine bearings,web,"PT068, PT069",https://mazdatrix.com/product-category/engine/engine-bearings/,html,secondary,no,,0820-10-502B 43.25 USD (2026-09).
S-181,"Mazdatrix - Stationary gear 12A, front, stock (3743-10-500)",web,PT066,https://mazdatrix.com/product/gear-12a-stationary-front-stock/,html,secondary,no,,178.69 USD (2026-09).
S-182,Atkins Rotary - Oil pan drain plug HE03-10-404,web,PT078,https://www.atkinsrotary.com/Oil-Pan-Drain-Plug-HE03-10-404.html,html,secondary,no,,4.75 USD; replaces 9951-11-400.
S-183,"Atkins Rotary product pages - 12A rotor seals, rotor bearing, oil pump, oil pump drive gear and chain, rear oil pressure regulator",web,"PT085 PT089 PT090 PT091 PT092 PT093 PT095 PT104 PT107 PT109: prices, supersessions, fitment, fitting notes",https://www.atkinsrotary.com/,html,secondary,yes,,"Pages read 2026-09-25: N201-11-300B, 1011-11-304B, 1011-23-151A, 1011-11-321, 1011-11-111, 0839-11-551A, 0839-14-142, 8553-14-100, 3648-14-250. Atkins Rotary, Eatonville WA, 360-832-1990"
S-184,Mazdatrix - Rotor kit 12A 74-85 (MZTX-12-ROTOR) and oil pump 74-85 12A/13B 17 mm (8553-14-100),web,"current Mazda numbers for the 12A apex, side, corner and oil seals and their springs; 15 mm vs 17 mm oil pump",https://mazdatrix.com/product/rotor-kit-12a-74-85/,html,secondary,yes,,Oil pump page https://mazdatrix.com/product/pump-oil-74-85-13b-17mm/ ; read 2026-09-25
S-185,Atkins Rotary - 79-85 Rx7 Front Left Side Engine Mount (1668-39-040D),web,"PT115 price, stock, superseded numbers",https://www.atkinsrotary.com/79-85-Rx7-Front-Left-Side-Engine-Mount-1668-39-040D.html,html,secondary,yes,,"USD 49.99 in stock 2026-09-25; calls it the left mount, the catalogue says R."
S-186,Atkins Rotary - 79-85 Rx7 Right Side Engine Mount (8545-39-040),web,"PT116 price, stock",https://atkinsrotary.com/store/79-85-Rx7-Right-Side-Engine-Mount-8545-39-040.html,html,secondary,yes,,"USD 48.99 in stock 2026-09-25; calls it the right mount, the catalogue says L."
S-187,Atkins Rotary - 74-85 12A Rx7 Air Pump Belt (1757-13-715),web,PT151 replacement belt,https://www.atkinsrotary.com/74-85-12A-Rx7-Air-Pump-Belt-1757-13-715.html,html,secondary,yes,,"OEM-quality aftermarket, USD 17.50 in stock 2026-09-25."
S-188,"Mazdatrix - Oil Level Sensor, 81-85 RX7 (N201-10-730)",web,PT291 availability,https://mazdatrix.com/product/sensor-oil-level-81-85/,html,secondary,yes,,Discontinued by Mazda as of 2026-09-25.
S-189,Atkins Rotary - 79-85 Rx7 Fan Switch Sensor (8341-18-880) - NLA,web,PT294 availability,https://atkinsrotary.com/store/79-85-rx7-fan-switch-sensor-8341-18-880-.html,html,tertiary,yes,,No longer available; its 'fan switch / choke sensor' description does not match the 1982 wiring and is not used for identification.
S-190,"Atkins Rotary - 79-82 12A RX-7 oil cooler 8871-14-700A (NLA), oil cooler thermostat 8871-14-810, short and long oil cooler lines 1011-14-720 / 8871-14-730",web,PT198 PT199 PT200 PT201,https://www.atkinsrotary.com/79-92-Rx7-Oil-Cooler-Thermostat-8871-14-810.html,html,secondary,yes,,"Other pages: https://www.atkinsrotary.com/79-82-12A-Rx7-Oil-Cooler-8871-14-700A.html , https://www.atkinsrotary.com/79-82-12A-Rx7-Short-Oil-Cooler-Line-1011-14-720.html , https://www.atkinsrotary.com/79-82-12A-Rx7-Long-Oil-Cooler-Line-8871-14-730.html"
S-191,"Atkins Rotary - Air control valves and block-off plates (81-91 N/A plate 16325, gasket N304-13-724B)",web,PT152,https://www.atkinsrotary.com/Emission-Control/Air-Control-Valves/,html,secondary,yes,,No 81-82 12A ACV (N201/N203-13-720) is listed
S-192,Atkins Rotary - 79-91 RX-7 exhaust hanger 1114-40-160,web,PT543,https://www.atkinsrotary.com/79-92-Rx7-Exhaust-Hanger-1114-40-160.html,html,secondary,yes,,
S-193,Mazdatrix - Exhaust category (Racing Beat connecting pipes 16204/16203; OEM 1480-40-200 discontinued),web,PT540,https://mazdatrix.com/product-category/exhaust/,html,secondary,yes,,
S-194,Mazdatrix - Racing Beat Power Pulse muffler 81-82 (16433),web,PT541,https://mazdatrix.com/product/muffler-power-pulse-81-82/,html,secondary,yes,,
S-195,"RX7Club 1st-gen forum - emissions labels, under hood labels etc",forum,Where to buy reproduction under-hood and emission labels for the first-gen RX-7 (Black Dragon Automotive),https://www.rx7club.com/1st-gen-general-discussion-207/emissions-labels-under-hood-labels-etc-1067702/,html,tertiary,yes,,No part numbers or label contents given
S-196,eBay - 1982 Mazda RX7 engine emissions vacuum hose routing decal sticker (reproduction),web,"Reproduction 1982 vacuum hose routing decal, said to be made from an NOS original",https://www.ebay.com/itm/144712889309,html,tertiary,no,,Page returned 403; description is from the search result only
S-197,RX7Club 1st-Generation forum - 12A fuel line size thread,forum,Stock 12A carburettor feed 8 mm (5/16 in) and return 6 mm (1/4 in); GSL-SE EFI 5/16 in both,https://www.rx7club.com/1st-generation-specific-1979-1985-18/12a-fuel-line-size-1028547/,html,tertiary,no,,"Enthusiast statements, not factory figures."
S-198,"Mazda USA parts - Valve, fuel cut 3919-45-170A",catalogue,Current Mazda listing of the fuel cut valve (also B-series trucks and 626),https://parts.mazdausa.com/p/Mazda_1992_626/VALVE--FUEL-CUT/105324575/3919-45-170A.html,html,secondary,no,,"Found in search; the page refused an automated fetch (403), so price and availability were not read."
S-199,Inline Tube MRF8401 - 1984-85 RX-7 GSL-SE main fuel line 5/16 in OE steel,web,"Pre-bent steel main fuel line for the 1984-85 EFI car only; 118 USD, made to order",https://www.inlinetube.com/products/mrf8401,html,secondary,no,,Not for this 1982 car; recorded because no 1981-82 reproduction line was found.
S-200,Atkins Rotary - Mazda automatic transmission flex plates (79-83 RX-7 1758-19-020B),web,"PT326 drive plate: 1758-19-020B 79-83 RX-7 automatic, 150 USD, in stock; counterweight-to-flexplate bolt 9978-41-016",https://www.atkinsrotary.com/Transmission/Flex-Plates/,html,secondary,no,,Read 2026-09-25; no dimensions or tooth count given.
S-201,Cobra Transmission - 3N71B/L3N71B/L3N71A overhaul kit without bonded pistons (53002F),web,PT382 aftermarket overhaul kit for the 1979-85 RX-7 3N71B,https://cobratransmission.com/overhaul-kit-nissan-l3n71b-3-speed-1971-1987-1100000-1,html,secondary,yes,,Retail listing; price 109.99 USD.
S-202,Raybestos Powertrain - L3N71B transmission rebuild parts,catalogue,Low/reverse friction plate R560160 and steel module STMMAZDA01 for the 3N71B family,https://www.raybestospowertrain.com/transmission/l3n71b,html,secondary,yes,,"Maker catalogue page; no governor, one-way clutch or thrust washer parts listed."
S-203,"Sanden SD Compressor Service Guide, Rev. 2 (Sept 2008)",manual,"Sanden SD5/SD7 compressors incl. SD-508/SD5H14: specs, torques, oil charge, clutch air gap and coil resistance, diagnosis, clutch and head replacement",https://www.sanden.com/productlibrary/manuals/SD_Service_Guide_Rev_2.pdf,pdf,secondary,yes,01-REFERENCE/model/library/datasheets/PT230/Sanden_SD_Service_Guide_Rev2.pdf,"Maker document for the current Sanden line; the car's Sankyo is the R-12 ancestor, so figures are replacement specs."
S-204,Ross Air Works - Sanden compressors catalogue section (SD 508 / SD5H14 specifications and fitting styles),catalogue,"SD 508 displacement, weight, refrigerant, oil type and factory oil charge, rotation; head fitting styles",https://www.rossairworks.com/images/stories/pdf/ross/sanden-compressors.pdf,pdf,secondary,yes,01-REFERENCE/model/library/datasheets/PT230/RossAirWorks_Sanden_Compressors_catalog.pdf,Distributor catalogue reproducing Sanden's spec table; p.1 is the table.
S-205,"PartsGeek - 1979-1983 Mazda RX7 A/C Compressor, Four Seasons 58033",web,"Replacement compressor: new SD508 with clutch, dealer-installed A/C, 5-1/4 in pulley",https://www.partsgeek.com/sbpjn1x-mazda-rx7-ac-compressor.html,html,secondary,no,,Live listing.
S-206,"Auto AC Solutions - 1979-1985 Mazda RX7 AC condenser, replaces OE 67128508 / 67126557",web,"Reproduction condenser on OE tooling, 3/8 in tubing, price",https://autoacsolutions.com/products/condensers/1979-1980-1981-1982-1983-1984-1985-mazda-rx7-ac-condenser-high-performance-replaces-oe-67128508-67126557/,html,secondary,no,,OE 67128508 = the catalogue's 0000-67-1285-08.
S-207,PartCatalog - Four Seasons 33234 A/C receiver drier (1981-1982 Mazda RX-7),web,"Replacement receiver-drier dimensions, fittings, switch port, price",https://www.partcatalog.com/products/four-seasons-33234-a-c-receiver-drier,html,secondary,no,,
S-208,A-Premium - AC expansion valve APAEV208 for 1982-1985 Mazda RX-7 (replaces Mazda 67-0336-81),web,"Expansion valve cross-references: Four Seasons 38611, ACDelco 15-5768",https://a-premium.com/product/AC-Expansion-Valve-for-1982-1985-Mazda-RX-7-Mi37dh9qiU,html,secondary,no,,"Interchange list names Mazda 67033681, the catalogue number of PT249."
S-209,V-Belt Guys - 17385 Dayco cogged replacement V-belt,web,Belt dimensions for the catalogue's (17385) belt,https://www.vbeltguys.com/products/17385-dayco-oem-equivalent-cogged-automotive-v-belt,html,secondary,no,,"0.53 in top width, 38.77 in outside length, section AW-17."
S-210,NoPistons forum - 83 Rx-7 Freon Capacity?,forum,Owner estimates of first-gen R-12 charge (22-25 oz) and R-134a substitute (17-20 oz),https://www.nopistons.com/1st-generation-specific-16/83-rx-7-freon-capacity-51867/,html,tertiary,no,,No label or manual cited.
S-211,RX7Club 1st-gen forum - Old question revisited: A/C Capacity?,forum,Owner charge figures (2 lb R-12 on an 85 GSL-SE; 20-32 oz R-134a experiments); notes the 85 FSM has no capacity,https://www.rx7club.com/1st-generation-specific-1979-1985-18/old-question-revisited-c-capacity-694239/,html,tertiary,no,,
S-212,RX7Club 1st-gen forum - air conditioning relay?,forum,"How the first-gen clutch circuit is interlocked (low-pressure switch on the drier/accumulator, frost switch on the blower box, relay grounded by the A/C switch); warns against jumping the clutch",https://www.rx7club.com/1st-generation-specific-1979-1985-18/air-conditioning-relay-1029845/,html,tertiary,no,,No part numbers or pin functions given.
S-213,Pierce Manifolds - Mazda 12A Weber 45 DCOE conversion kit K678,web,PT006 kit contents and as-shipped jetting,https://www.piercemanifolds.com/Mazada_2A_Weber_Conversion_K678_p/k678.htm,html,secondary,yes,,No instructions or PDF offered.
S-214,carbparts.eu - Weber 45 DCOE (early) exploded view and parts list,catalogue,"PT006 exploded drawing, 100 numbered parts with Weber numbers",https://www.carbparts.eu/exploded_view/WEBER_45_DCOE_early,pdf,secondary,yes,01-REFERENCE/model/library/datasheets/PT006/Weber_45_DCOE_early_exploded_view_carbparts.pdf,"Free, no login; 2 pages."
S-215,D V Andrews - Selection and tuning of Weber DCOE carburettors,manual,"PT006 choke/venturi sizes, jet selection rules, circuits",https://classicrallyclub.com.au/images/rallying_docs/Tips_tuning_Weber_carburettors_DVAndrews.pdf,pdf,tertiary,yes,01-REFERENCE/model/library/datasheets/PT006/DVAndrews_Selection_and_tuning_of_Weber_DCOE.pdf,"9 pages, enthusiast guide."
S-216,Carter Engineered - Electric fuel pump P4070 product page,datasheet,PT007 replacement pump specifications,https://carterengineered.com/electric-fuel-pump-p4070,html,secondary,yes,,RockAuto more-info (pk=297054) lists the same figures.
S-217,Carter P4070 universal electric fuel pump installation instructions,datasheet,"PT007 fuse, wire, mounting, filter",https://www.manualslib.com/manual/4010164/Carter-P4070.html,pdf-scan,secondary,yes,01-REFERENCE/model/library/datasheets/PT007/Carter_P4070_Installation_Instructions.pdf,"PDF copy from static.summitracing.com/global/images/instructions/crt-p4070.pdf (image-only, 2 pages). manualslib copy is 4 pages, 173-1019R2; the fuse line is on its p.1."
S-218,Pegasus Auto Racing - Facet cylindrical 12 V fuel pump FAC-476459 (RecId 8118),web,the page PT007's recorded link points to,https://www.pegasusautoracing.com/productdetails.asp?RecId=8118,html,secondary,yes,,"Facet 6-8 psi, 32 GPH, 1/8 NPT, 1 A - not a Carter P4070."
S-219,Pegasus Auto Racing - Holley 1-4 psi fuel pressure regulator (product 1135),web,"PT008 range, ports, preset, max inlet pressure",https://www.pegasusautoracing.com/productselection.asp?Product=1135,html,secondary,yes,,
S-220,"Holley - Electric fuel pumps and fuel pressure regulators 12-803, 12-803BP, 12-804 installation instructions 199R7914-3",datasheet,"PT008 regulator range, ports, adjustment, plumbing",https://documents.holley.com/71e9ed944779077670da018c6829e1c49fe60c2a.pdf,pdf,primary,yes,01-REFERENCE/model/library/datasheets/PT008/Holley_12-803_12-804_Installation_Instructions_199R7914.pdf,6 pages.
S-221,fuelfilter-crossreference.com - Duralast FF3429DL,web,PT009 cross-reference numbers,https://www.fuelfilter-crossreference.com/convert/DURALAST/FF3429DL,html,tertiary,yes,,AutoZone's own page returns 403 to automated reads.
S-222,"Amazon B0C2QJ1518 - ERYUE First Inertia Switch vehicle crash sensor, electric fuel pump",web,PT010 identity,https://www.amazon.com/dp/B0C2QJ1518,html,tertiary,yes,,Only the title was readable; no ratings.
S-223,"Amazon B0CNCN5P1N - HOUSUN fuel line hose 3/8 in ID, 300 psi, 10 ft with clamps",web,PT011 hose rating,https://www.amazon.com/dp/B0CNCN5P1N,html,tertiary,yes,,
S-224,"Moss Motors - Weber 45 DCOE air filter by K&N, 3 in deep (222-240)",web,PT058 candidate filter,https://mossmotors.com/222-240-weber-45-dcoe-air-filter-by-k-n-3-deep,html,secondary,yes,,K&N's own site and Summit block automated reads.
S-225,RX7Club 1st-gen - return fuel line check valve thread,forum,"PT120 function, direction, symptoms",https://www.rx7club.com/1st-generation-specific-1979-1985-18/return-fuel-line-check-valve-757380/,html,tertiary,yes,,
S-226,eBay 296187183992 - 1979-1983 Mazda FB RX7 charcoal vapor canister (used),web,PT124 used availability,https://www.ebay.com/itm/296187183992,html,tertiary,no,,"autopart3 also lists a used 81-83 canister, 55 USD, sold out. eBay returns 403 to automated reads (2026-09-26); listing not verified."
S-227,Atkins Rotary - 79-91 RX7 oil purge valve 1480-20-950A,web,"PT163 price, location, availability",https://www.atkinsrotary.com/79-92-Rx7-Oil-Purge-Valve-1480-20-950A.html,html,secondary,yes,,"79.95 USD, no longer available."
S-228,Mazdatrix - Pedals (79-83 gas pedal pad 8871-41-711B),web,PT165 availability,https://mazdatrix.com/product-category/interior/pedals/,html,secondary,yes,,"16.68 USD, in stock."
S-229,Atkins Rotary - 79-85 12A RX7 throttle cable FA01-41-660,web,PT166 availability,https://www.atkinsrotary.com/79-85-12A-Rx7-Throttle-Cable-FA01-41-660.html,html,secondary,yes,,"75 USD, out of stock."
S-230,Autopartone - 81-83 Mazda RX7 OEM gas tank (used),web,PT167 used availability,https://www.autopartone.com/products/81-83-mazda-rx7-oem-gas-tank,html,tertiary,yes,,"349 USD, sold out."
S-231,Atkins Rotary - 81-83 RX7 fuel level sensor FA01-60-960A,web,PT169 availability,https://www.atkinsrotary.com/Electrical-Systems/Electrical-Sensors/Electrical-Fuel-Level-Sensors/Mazda-Rx7-Fuel-Level-Sensors/81-83-Rx7-Fuel-Level-Sensor-FA01-60-960A.html,html,secondary,yes,,129.99 USD with gasket.
S-232,Atkins Rotary - 79-83 RX7 fuel tank filler neck 8871-42-210C,web,PT170 availability,https://www.atkinsrotary.com/79-83-rx7-fuel-tank-filler-neck-8871-42-210c.html,html,secondary,yes,,"75 USD, NLA with a few left."
S-233,Atkins Rotary - 79-85 RX7 gas cap 8871-42-250B,web,PT172 availability,https://www.atkinsrotary.com/79-85-Rx7-Gas-Cap-8871-42-250B.html,html,secondary,yes,,"21.11 USD, in stock."
S-234,RX7Club 1st-gen - are stock gas caps vented thread,forum,"PT172 venting, brands",https://www.rx7club.com/1st-generation-specific-1979-1985-18/stock-gas-caps-vented-1163299/,html,tertiary,yes,,
S-235,Transmission Parts USA - 3N71B/4N71B transmission front pump seal 820-000082401,web,front pump seal dimensions and price,https://www.transmissionpartsusa.com/3N71B_4N71B_Transmission_front_pump_seal_p/820-000082401.htm,html,secondary,no,,"metal clad, OD 2.368 in ID 1.630 in, $3.96"
S-236,Alltranz (AU) - Jatco 3N71B / 4N71B / N4A-EL parts list with seal dimensions,catalogue,"front pump seal, extension housing seals (Nissan and Mazda sizes), filters, bands, overhaul kits, bushings for the 3N71B family",https://www.alltranz.com.au/shop/drivetrain/automatic-transmission/Jatco/4N71B/,html,secondary,no,,Mazda extension seal 35x48x15; front pump seal 42x60x9
S-237,Atkins Rotary - 74-85 Rear Transmission Mount (1011-39-340A),web,"rear transmission mount rubber price, stock, fitment",https://www.atkinsrotary.com/74-85-Rear-Transmission-Mount-1011-39-340A.html,html,secondary,no,,"$62, in stock; Atkins' transmission-mount category also lists FA55-39-340B for 84-85 A/T"
S-238,"Atkins Rotary - 79-85 Rx7 Transmission Cross Member Insulator (0884-39-385A) NLA, and Transmission Mounts category",web,"crossmember insulators upper 0884-39-385A (NLA $9.75) and lower 0884-39-384A ($5.75, out of stock)",https://www.atkinsrotary.com/store/79-85-Rx7-Transmission-Cross-Member-Insulator-0884-39-385A.html,html,secondary,no,,category: https://www.atkinsrotary.com/Transmission/Transmission-Mounts/
S-239,Atkins Rotary - 81-91 N/A Rx7 Speedometer Cable Mount (1011-17-442A),web,speedometer driven gear sleeve price and stock,https://www.atkinsrotary.com/86-92-n-a-rx7-speedometer-cable-mount-1011-17-442a-.html,html,secondary,no,,"$28, in stock"
S-240,"Mazdatrix - Seal transmission rear, 71-85 all automatic + manual (0437-17-335A)",web,"extension housing rear oil seal, genuine, price",https://mazdatrix.com/product/seal-trans-rear-71-85-all-auto-man/,html,secondary,no,,"$11.63, in stock"
S-241,Sun Transmissions - L3N71B / L4N71B / E4N71B / N4A-EL parts collection,web,"Transtec 3N71B overhaul kits, band, filter, pump seal, modulator for the JATCO family",https://suntransmissions.com/collections/l3n71b-l4n71b-e4n71b-n4a-el,html,secondary,no,,Transtec 3N71B kit $76.78-82.97; filter and pump seal sold out at fetch
S-242,"Nissan Datsun 280Z (S30) 1976 Service Manual - Section AT, model 3N71B automatic transmission",manual,"full 3N71B description, hydraulic control, removal/installation, major repair, trouble diagnosis, service data and torques - Nissan version of the same JATCO unit",http://pdf.textfiles.com/manuals/AUTOMOBILE/NISSAN/280z/1976/AT.pdf,pdf-scan,secondary,yes,01-REFERENCE/model/library/datasheets/PT054/Nissan_280Z_1976_Section_AT_3N71B.pdf,"66 pages, 3 MB, text layer; another car's calibration - use for structure and procedure, not for this car's numbers"
S-243,JDMjunkies - All about the 240Z/S30 automatic transmission 3N71A / 3N71B,web,"3N71B nomenclature (3 speeds, N design, 71 mm gear spacing), type plate on the right side of the case, serial number coding, A vs B differences",https://www.jdmjunkies.ch/wordpress/2025-12-20/knowledge-all-about-the-240z-s30-automatic-transmission-3n71a-3n71b/,html,tertiary,no,,Nissan units; no Mazda interchange data
S-244,Atkins Rotary - 79-88 Rx7 Automatic Vacuum Modulator Diaphragm (BT07-19-823),web,"PT354 replacement listing, superseded numbers",https://www.atkinsrotary.com/79-88-Rx7-Automatic-Vacuum-Modulator-Diaphragm-BT07-19-823.html,html,secondary,no,,USD 63.00 in stock 2026-09-26
S-245,"Mazdatrix - Transmission Vacuum Modulator, 79-85 RX7 Automatic (BT07-19-823)",web,PT354 replacement listing,https://mazdatrix.com/product/trans-vac-modulator-79-88-automatic/,html,secondary,no,,"USD 74.50, genuine Mazda"
S-246,Atkins Rotary - 79-83 Rx7 Automatic Transmission Pan Gasket (1758-19-835),web,PT356 replacement listing,https://www.atkinsrotary.com/79-83-Rx7-Automatic-Transmission-Pan-Gasket-1758-19-835.html,html,secondary,no,,USD 20.25
S-247,Raybestos Powertrain - L3N71B 1974-1983 Nitrile Gasket Transmission Filter Kit 357418,web,"PT353, PT356 aftermarket filter and gasket, OE cross-reference 1758-19-815",https://www.raybestospowertrain.com/transmission-filter-kits/357418,html,secondary,no,,"filter 515418 + gasket 22G418, 'with external servo'"
S-248,PartCatalog - ATP Parts B-416 Transmission Filter Kit,web,"PT353, PT356 aftermarket filter kit fitment 1979-83 RX-7",https://www.partcatalog.com/products/atp-parts-b-416-transmission-filter-kit,html,secondary,no,,USD 35.55; 14 bolt hole pan gasket
S-249,Transmission Parts USA - Jatco 3N71B / L3N71B transmission bushings,web,PT349 extension housing bushing dimensions; pump bushing,https://www.transmissionpartsusa.com/3N71B_L3N71B_transmission_bushings_s/18505.htm,html,secondary,no,,"82635 extension bushing, 82626 pump bushing, 82601 bushing kit"
S-250,RX7Club 1st-gen forum - ATF being sucked into engine,forum,PT354 failure symptoms and inline-filter diagnostic,https://www.rx7club.com/1st-generation-specific-1979-1985-18/atf-being-sucked-into-engine-1153000/,html,tertiary,no,,one owner's report; vacuum line to carburettor base
S-251,"Mazda USA parts - Switch, kick down 2691-18-660",web,PT643,https://parts.mazdausa.com/p/Mazda__/SWITCH--KICK-DOWN/105324524/2691-18-660.html,html,secondary,no,,"Genuine-parts listing still live 2026-09-26; the page blocks scripted fetches (Cloudflare 403), so only the search listing was read: 'Switch, kick down' catalogued for the 626, price shown 60.28 USD. Open in a browser to confirm price and fitment before buying. Checked 2026-09-26: the page and the site search both return Cloudflare 403 to scripts; a search-engine listing of this URL gives its title '2691-18-660 - Switch, kick down' and the dealer mirror (parts.jimellismazdamarietta.com, same catalogue id 105324524) shows it for the Mazda 626 at 60.28 USD MSRP."
S-252,Atkins Rotary - 81-85 RX-7 shifter boots and interior shifter cover panels,web,PT854 PT415,https://www.atkinsrotary.com/Transmission/Shifters-and-Parts/Transmission-Shifter-Boots/81-85-Shifter-Boots/,html,secondary,no,,"Read 2026-09-26: every item is for the manual car (inner/middle/outer boots, 81-83 interior shifter cover panel and boot FA01-64-350A-01 at 94.25 USD in stock); nothing for the automatic's boot 1481-46-081A or indicator FA03-64-350."
S-253,Atkins Rotary - Mazda transmission shifter knobs,web,PT412,https://www.atkinsrotary.com/Transmission/Shifters-and-Parts/Transmission-Shifter-Knobs/,html,secondary,no,,"Read 2026-09-26: no 79-85 automatic knob listed; the nearest automatic knobs are the 89-91 FC (FC08-46-030A, NLA) and 93-95 FD (FD02-46-030, NLA)."
S-254,RX7Club 1st-gen forum - Floor Pan Replacement Help,forum,"first-gen floor pan repair thread: the owner fabricates flat-sheet patches; replies advise thicker than 20 gauge, bead rolling, never galvanised",https://www.rx7club.com/1st-generation-specific-1979-1985-18/floor-pan-replacement-help-425090/,html,tertiary,yes,,"The poster planned 20-gauge cold-rolled or galvanised sheet; one reply says go thicker than 20 gauge, another says have beads rolled for stiffness; two warn never to use galvanised"
S-255,Techno Toy Tuning - Front Tow Hook (SA22C / FB RX-7),web,"aftermarket bolt-on front tow hook, US$45, factory mounting points",https://technotoytuning.com/mazda/sa/front-tow-hook-sa-fb-rx7,html,secondary,yes,,Material and thickness not stated
S-256,eBay 186701052328 - 79-85 Mazda RX7 Rear Tow Hook SA FB (used),web,used rear tow hook from an '82 GSL,https://www.ebay.com/itm/186701052328,html,tertiary,no,,Page returned 403; title and origin from the search listing
S-257,Rotary Response - Mazda RX-7 SA/FB used parts page,web,"used 79-85 doors, fenders, hood, interior quarter trim; prices by email",https://rotaryresponse.com/RX7%20SA%20FB.htm,html,tertiary,yes,,
S-258,Pac Performance Racing (AU) - Mazda RX reproduction body panels,web,"Gen1 FB bonnet AU$1100, series 2/3 rear beaver tail light panel AU$825",https://www.pacperformance.com.au/replacement-panels,html,secondary,yes,,"No floor, sill, quarter or door panels for the FB"
S-259,eBay UK product 1813799923 - Mazda RX7 FB SA22C LH quarter panel 8871-71-400K (genuine),web,"genuine LH rear fender/quarter panel, SA-series number, sold out",https://www.ebay.co.uk/p/1813799923,html,tertiary,yes,,
S-260,Mazda OEM Parts Online - 1985 RX-7 rear body panel FA54-70-750,web,rear body panel number listed for 1985,https://mazda.oempartsonline.com/oem-parts/mazda-rear-body-panel-fa5470750,html,secondary,no,,Page returned 403; supersession of FA01-70-750C unverified
S-261,"PartSouq - Mazda EPC, RX-7 1982 (PQFA02), group 5370A Floor Attachments",web-viewer,"genuine catalogue rows for 1982 floor attachments (hole covers, hooks, insulators, tank protector)",https://partsouq.com/en/catalog/genuine/unit?c=Mazda&cid=483+&q=&ssd=%24HAxLcgAHS0FWV1gEJUwBBAR0TFBbUg4lSQFNXVlUX3QFWVxJBk1SR3JGSmkrSA52e0UDXAVGXCpE%24&uid=26594&vid=981011074,web-viewer,primary,no,,Page returned 403 to the fetcher; opens in a browser
S-262,"Mazda USA parts - Cover, hole 1011-56-051 (RX-7 floor attachments)",web,genuine hole cover still listed,https://parts.mazdausa.com/p/Mazda__RX-7/COVER--HOLE/105321178/1011-56-051.html,html,secondary,no,,Page returned 403; price and stock not read
S-263,"Atkins Rotary - 79-85 Mazda Rx7 Weather Strips & Seals (door seals 8871-58-760 / 8871-59-760, hatch seal, channel seal)",web,PT799 PT797,https://www.atkinsrotary.com/Chassis-and-Body/Weather-Strips-Seals/79-85-Mazda-Rx7-Weather-Strips-and-Seals/,html,secondary,no,,Prices and stock read 2026-09-26
S-264,Atkins Rotary - 79-85 Rx7 Black Door Handle (8871-59-410C),web,PT805,https://www.atkinsrotary.com/79-85-Rx7-Black-Door-Handle-8871-59-410C.html,html,secondary,no,,"USD 97, genuine Mazda; page says fits either side"
S-265,Atkins Rotary - 79-85 Rx7 Manual Window Regulator (8871-58-560 / 8871-59-560),web,PT807,https://www.atkinsrotary.com/79-85-Rx7-Window-Regulator.html,html,secondary,no,,"USD 210 each; manufacturer field reads Mazda, page does not say genuine or reproduction"
S-266,Atkins Rotary - Mazda Window Crank Handles (8038-58-580A colour variants),web,PT808,https://www.atkinsrotary.com/Chassis-and-Body/Doors-and-Parts/Mazda-Window-Crank-Handles/,html,secondary,no,,"red and brown NLA, grey 84-85 out of stock"
S-267,"Atkins Rotary - 79-85 Rx7 Window Channel Seal (8871-58-605C), reproduction",web,PT797,https://www.atkinsrotary.com/79-85-Rx7-Window-Channel-Seal-8871-58-605C.html,html,secondary,no,,
S-268,Atkins Rotary - 79-85 Rx7 Inner Door Handle Cup Trim (8116-58-303),web,PT804,https://www.atkinsrotary.com/79-85-Rx7-Inner-Door-Handle-Cup-Trim-8116-58-303.html,html,secondary,no,,"USD 18; black and tan available, red and grey NLA"
S-269,"Atkins Rotary - Rear Hatch Hinges (8871-62-210B right, 8871-63-210B left, 79-85)",web,PT811,https://www.atkinsrotary.com/Chassis-and-Body/Rear-Hatch-Parts/rear-hatch-hinges/,html,secondary,no,,"USD 65 each, out of stock 2026-09-26"
S-270,Atkins Rotary - Rear Hatch Parts (79-85 Rx7 Rear Hatch Strut 1482-89-621),web,PT815 PT812 PT814,https://www.atkinsrotary.com/Chassis-and-Body/Rear-Hatch-Parts/,html,secondary,no,,"strut USD 30, in stock; product page URL returned 404"
S-271,RX7Club 1st-gen forum - Hatch latch differences,forum,PT812 PT814,https://www.rx7club.com/1st-generation-specific-1979-1985-18/hatch-latch-differences-1093370/,html,tertiary,no,,"latch numbers by year, striker 8871-62-361 same 79-85, bolt spacing measured different 79 vs 80"
S-272,RX7Club 1st-gen forum - Gas hatch shock replacements / factory hatch struts,forum,PT815,https://www.rx7club.com/1st-generation-specific-1979-1985-18/gas-hatch-shock-replacements-factory-hatch-struts-247536/,html,tertiary,no,,passenger-side strut carries the rear wiper/defogger wiring; mismatched forces twist the hatch
S-273,"Lift Supports Depot - Strong Arm 4709 gas-charged hatch lift support, 1979-85 Mazda RX-7",web,PT815,https://www.liftsupportsdepot.com/strong-arm-4709-gas-charged-hatchback-lift-support/,html,secondary,no,,dimensions and force of the replacement; out of stock 2026-09-26
S-274,"TRW Aftermarket - Trunk lid lift support TSG127001, Mazda RX-7 1979-85 and GLC 1981-85",web,PT815,https://trwaftermarket.us/products/trunk-lid-lift-support-trw-tsg127001,html,secondary,no,,USD 12.40; no dimensions given
S-275,"Autopart3 - 79-85 Mazda RX7 OEM door hinge, lower right (used)",web,PT800,https://www.autopart3.com/products/79-80-81-82-83-84-85-mazda-rx7-oem-door-hinge-lower-right,html,tertiary,no,,USD 95
S-276,Plastics4Performance - Mazda RX7 FB Lexan polycarbonate right rear quarter window,web,PT819,https://www.plastics4performance.com/mazda-rx7-fb-lexan-polycarbonate-right-rear-quarter-window,html,tertiary,no,,"3/4/5 mm polycarbonate, made to order, not glass"
S-277,Known Motors - 1979-1985 Mazda RX7 FB interior door handle (used),web,PT803,https://knownmotors.com/products/79-85-interior-door-handle,html,tertiary,no,,"USD 15, sold out"
S-278,"Mazdatrix - Door and Window Parts (79-85 inner handle covers, aluminium 8116-58-303-AL)",web,PT804,https://mazdatrix.com/product-category/interior/door-and-window-parts/,html,secondary,no,,Mazda colours discontinued; aluminium pair USD 45
S-279,Atkins Rotary - 79-85 Rx7 Right Rear Quarter Window Trim (FA01-51-881A) - NLA,web,PT821,https://www.atkinsrotary.com/79-85-Rx7-Right-Rear-Quarter-Window-Trim-FA01-51-881A.html,html,secondary,no,,"left FA01-51-891A also NLA (own page, USD 50); Atkins SKU field prints 8871-51-881A / 8871-51-891"
S-280,Atkins Rotary - 79-85 Rx7 Rear Hatch Seal (8871-62-761D),web,"PT817 new OEM rear hatch weatherstrip, price, superseded numbers",https://www.atkinsrotary.com/79-85-Rx7-Rear-Hatch-Seal-8871-62-761D.html,html,secondary,no,,"142.78 USD, listed for sale (add to cart) 2026-09-27; page does not state stock; replaces 8871-62-761, -761B, -761C"
S-281,"Mazdatrix - Hatch seal rear, 79-85 RX7 (reproduction 8871-62-761D-MZ)",web,PT817 reproduction rear hatch seal,https://mazdatrix.com/product/hatch-seal-rear-79-85-mazdatrix/,html,secondary,no,,"53.75 USD, listed for sale 2026-09-27, page does not state stock; part number printed 62-761D-8871-MZ; made for Mazdatrix, not OEM"
S-282,Atkins Rotary - 81-85 Rx7 Dead Pedal Pad (FA01-43-042),web,"PT559 foot rest pad, new OEM",https://www.atkinsrotary.com/81-85-Rx7-Dead-Pedal-Pad-FA01-43-042.html,html,secondary,no,,"6.75 USD, listed for sale (add to cart) 2026-09-27; page does not state stock"
S-283,RX7Club 1st-gen forum - Hatch release solenoid,forum,"PT030 failure mode (crumbled rubber bumpers jam the pinion), removal, cleaning, 1981-85 interchange",https://www.rx7club.com/1st-generation-specific-1979-1985-18/hatch-release-solenoid-1084551/,html,tertiary,no,,
S-284,RX7Club 1st-gen forum - manually opening gas lid?,forum,"PT031 location behind the left rear speaker cover, manual release slide/tab, dirty switch contacts",https://www.rx7club.com/1st-generation-specific-1979-1985-18/manually-opening-gas-lid-625353/,html,tertiary,no,,
S-285,"Hollander Parts - used 1983 Mazda RX7 side view mirror, right, power",web,"PT032 used power mirror heads, recyclers' listings and price","https://www.hollanderparts.com/used-auto-parts/1983/mazda/rx7/glass-and-mirrors/128-side-view-mirror/128-56249r-right-power,-r",html,tertiary,no,,"45-50 USD where priced, 10 listings 2026-09-27 (most call for price); site average about 45 USD"
S-286,"Garden City Mazda parts - Plug, service cover 0559-58-868",web,"PT552 dealer availability (listed as a 626 part, same number)",https://parts.gcmazda.com/p/Mazda__626/PLUG--SERVICE-COVER/105320985/0559-58-868.html,html,secondary,no,,"page refuses automated fetch (403); title confirmed from search index only (626 part, list 4.35 USD per snippet, unverified)"
S-287,PartRequest - used Mazda RX-7 mouldings and trim,web,PT818 used rear hatch trim lookups,https://www.partrequest.com/catalog/mouldings-and-trim/mazda/mazda-rx-7,html,tertiary,no,,"recycler request page, no fixed listing; refuses automated fetch (403), title confirmed from search index"
S-288,Atkins Rotary - 81-85 Rx7 Front Bumper Skin (FA01-50-030A),web,PT714,https://www.atkinsrotary.com/81-85-Rx7-Front-Bumper-Skin-FA01-50-030A.html,html,secondary,no,,"$875, in stock 2026-09-27; primed, with hardware; 11.99 lb, 15x15x60 in box"
S-289,"Mazdatrix - BUMPER SKIN FRONT, 81-85 NLA (FA01-50-030A)",web,PT714,https://mazdatrix.com/product/bumper-skin-front-81-85/,html,secondary,no,,"$814.77, discontinued by Mazda"
S-290,Bumper Megastore - 1981-1985 Mazda RX7 Rear Bumper Cover FA0150220 (reconditioned genuine),web,PT722,http://www.bumpermegastore.com/1981-1985-mazda-rx7-rear-bumper-cover-fa0150220,html,secondary,no,,"$473.92 (list $523.92), 2026-09-27"
S-291,"Mazdatrix - GRILLE FRONT, 81-85 NLA (FA01-50-711A)",web,PT720,https://mazdatrix.com/product/grille-front-81-85/,html,secondary,no,,"$94.50, discontinued by Mazda"
S-292,Autopartone - 81-83 Mazda RX7 OEM Front Bumper Grille (used),web,PT720,https://www.autopartone.com/products/81-85-mazda-rx7-oem-front-bumper-grille,html,tertiary,no,,"$75 used with screws, sold out 2026-09-27"
S-293,"Mazdatrix - LICENSE PLATE HOLDER, 81-85 FRONT NLA (FA01-50-180)",web,PT719,https://mazdatrix.com/product/license-plate-holder-81-85-front/,html,secondary,no,,discontinued by Mazda
S-294,Autopartone - 79-85 Mazda RX7 Front License Plate Holder (used),web,PT719,https://www.autopartone.com/products/79-80-81-82-83-84-85-mazda-rx7-front-license-plate-holder,html,tertiary,no,,"$25 used, sold out 2026-09-27"
S-295,Kool Katz Auto Glass - 1979-1985 Mazda RX-7 Windshield (FYG FW 462 GGN),web,PT729,https://koolkatzautoglass.com/products/1979-1985-mazda-rx-7-windshield-oem-brand-new,html,secondary,no,,"$279; green tint, green shade band; ships to commercial address"
S-296,RX7Club 1st-gen - Have you heard the rumor that 1st gen glass is NLA? (page 2),forum,PT729,https://www.rx7club.com/1st-generation-specific-1979-1985-18/have-you-heard-rumor-1st-gen-glass-nla-1114742/page2/,html,tertiary,no,,FW00462 GGN XYG; wholesale tiers economy $85.62 / mid XYG-PPG-Pilkington $136 / OE $206.55; one number for 79-85
S-297,Atkins Rotary - 79-85 Rx7 Top Center Windshield Trim (8871-50-950C),web,PT730,https://www.atkinsrotary.com/79-85-rx7-top-center-windshield-trim-8871-50-950c-.html,html,secondary,no,,"$35, NLA with some left, out of stock 2026-09-27; joins the L and R upper trims"
S-298,Atkins Rotary - 79-85 Rx7 Front Windshield Trim Clip (1243-50-609),web,PT730 PT732,https://www.atkinsrotary.com/79-85-Rx7-Front-Windshield-Trim-Clip-1243-50-609.html,html,secondary,no,,"$4.75 each, in stock; 14 per car (7 top, 7 bottom)"
S-299,Atkins Rotary - 79-85 Rx7 Front Windshield Trim Clip (8871-50-608),web,PT731,https://www.atkinsrotary.com/79-85-Rx7-Front-Windshield-Trim-Clip-8871-50-608.html,html,secondary,no,,"$5.12 each, in stock; 6 per car, on the A pillar"
S-300,"Mazdatrix - CLIP WINDSHIELD TRIM, 79-85 RX7 TOP & BOTTOM (USES 16) 1243-50-609",web,PT730 PT732,https://mazdatrix.com/product/clip-windshield-trim-79-85-topbotuse16/,html,secondary,no,,"$5.50, in stock; says 16 per car (catalogue and Atkins: 14)"
S-301,"Mazdatrix - CLIP WINDSHIELD TRIM, 79-85 RX7 SIDE (USE 6) 8871-50-608",web,PT731,https://mazdatrix.com/product/clip-windshield-trim-79-85-side-use-6/,html,secondary,no,,"$6.10, in stock"
S-302,"Mazdatrix - WINDSHIELD TRIM, 79-85 RIGHT NLA (8871-50-680F)",web,PT731,https://mazdatrix.com/product/windshield-trim-nla-79-85-rght/,html,secondary,no,,discontinued by Mazda; number differs from catalogue 8871-99-743B
S-303,Mazdatrix - Side Rubber Protector Strips (81-85 RX7 side mouldings),web,PT734,https://mazdatrix.com/product-category/exterior/side-rubber-protector-strips/,html,secondary,no,,"in stock 2026-09-27: door R FA02-50-683 $259.88, door L FA02-50-693 $256.35, front fender front R FA01-50-681 $89.64; seven others discontinued (ten 81-85 pieces listed)"
S-304,Atkins Rotary - 79-82 Rx7 Two Pin Rx7 Emblem (8871-51-721),web,PT736,https://www.atkinsrotary.com/79-82-Rx7-Two-Pin-Rx7-Badge-8871-51-721.html,html,secondary,no,,"$35.95, in stock; chrome; uses emblem nuts 0187-69-049A"
S-305,RX7Club 1st-gen - Mazda Emblems thread (81-83 vs 84-85 ornament numbers),forum,PT737 PT736,https://www.rx7club.com/1st-generation-specific-1979-1985-18/mazda-emblems-990189/,html,tertiary,no,,"81-83 front F001-51-771 / rear F001-51-781 (fronts 2 pins, rears metal clips); 84-85 F023-51-770A / F023-51-780 (fronts 3 pins, rears plastic clips); a chrome 626 badge fits; thread found most still in Mazda inventory, only F001-51-781 unavailable"
S-306,Mazdatrix - Badges & Emblems category,web,PT737 PT736,https://mazdatrix.com/product-category/exterior/badges-emblems/,html,secondary,no,,no 79-85 MAZDA ornament or RX-7 side badge listed; 'Mazda has discontinued many of the badges and emblems'
S-307,Atkins Rotary - 81-83 Rx7 Complete Lock Set (FA01-09-010B) - NLA,web,PT710 PT712 PT713,https://www.atkinsrotary.com/81-83-rx7-complete-lock-set-fa01-09-010b-.html,html,secondary,no,,"was $600; out of stock, no longer available"
S-308,Atkins Rotary - Mazda Door Lock Sets category (79-85 Rx7 Door & Rear Hatch Lock Grommet 0223-58-962),web,PT710 PT712,https://www.atkinsrotary.com/Chassis-and-Body/Keys-and-Lock-Sets/Door-Locks/,html,secondary,no,,"grommet (catalogue: gasket, key cylinder) $2.40, in stock; no 79-85 cylinders listed"
S-309,"Mazdatrix - KEY BLANK 70-82, ROTOR TYPE A",web,PT710 PT712,https://mazdatrix.com/product/key-blank-70-82-rotor-type-a/,html,secondary,no,,"$21, in stock; two blank types for 70-82, match the groove of the original key"
S-310,"Ilco - Classic Auto & Truck Key Blank Reference, model years 1940-1985 (Key Craze copy)",datasheet,PT710 PT712 PT713,https://www.keycraze.com/ilco/classic-auto-truck-cross-reference.pdf,pdf,secondary,yes,01-REFERENCE/model/library/datasheets/PT710/ilco-classic-auto-truck-key-blank-cross-reference.pdf,"p.11: Mazda RX7 1981-82, all applications, code series 2500-2999, Ilco X26 / MZ9 (-P plastic head)"
S-311,Atkins Rotary - 79-80 Rx7 Rear Bumper Shock Absorber (8871-50-290),web,PT725 PT717,https://www.atkinsrotary.com/79-80-rx7-rear-bumper-shock-absorber-8871-50-290-.html,html,secondary,no,,"$270; fits L or R, two per car; listed for 79-80 only, page says ""there was a year split with this part"", check the picture"
S-312,RX7Club 1st-gen - Drip Rail Trim Removal,forum,PT733,https://www.rx7club.com/1st-generation-specific-1979-1985-18/drip-rail-trim-removal-720542/,html,tertiary,no,,hand removal and mallet refit; clips break; replacement clips via Black Dragon Auto
S-313,Advan Carbon - AC769HC OEM Design 1979-1985 Mazda RX-7 FB Carbon Fiber Hood,web,"aftermarket carbon-fibre hood: price, weight, construction",https://advancarbon.com/1979-1985-mazda-rx-7-carbon-fiber-hood/,html,secondary,yes,,"US$1,299, approx 15 lb, made in USA"
S-314,Kaminari Aerodynamics - K070520 Mazda RX7 Series 2&3 SA/FB 1981-1985 Air Dam Spoiler FRP,web,"aftermarket FRP front air dam for the 81-85 FB: price, material",https://kaminari.com/products/k070520-mazda-rx7-sereis-2-3-sa-fb-1981-1985-air-dam-spoiler-frp,html,secondary,yes,,US$384; the page does not say whether it copies the factory air dam
S-315,RX7Club 1st-gen forum - Hood Weatherstripping,forum,"hood weatherstrip 8871-56-787A availability (NLA), owner alternatives",https://www.rx7club.com/1st-generation-specific-1979-1985-18/hood-weatherstripping-832058/,html,tertiary,yes,,
S-316,RX7Club 1st-gen forum - Where does the hatch drain?,forum,"rear drain hose routing and exits, rust consequences, clearing",https://www.rx7club.com/1st-generation-specific-1979-1985-18/where-does-hatch-drain-799723/,html,tertiary,yes,,
S-317,RX7Club 1st-gen forum - 1983 Hood Material?,forum,"first-gen hood is steel, not aluminium",https://www.rx7club.com/1st-generation-specific-1979-1985-18/1983-hood-material-1044798/,html,tertiary,yes,,no weight given
S-318,Atkins Rotary - 81-85 Rx7 Tail Light Finisher (FA07-50-840C),web,genuine rear finisher price and stock,https://www.atkinsrotary.com/81-85-Rx7-Tail-Light-Finisher-FA07-50-840C.html,html,secondary,yes,,"US$283.50, out of stock 2026-09-27; shipping box 21x4x8 in, 2 lb"
S-319,Mazdatrix - Rear lens finisher 81-85 between lights (FA07-50-840C) NLA,web,"genuine rear finisher, discontinued by Mazda",https://mazdatrix.com/product/lens-rear-finisher-81-85-between-lites/,html,secondary,yes,,"US$286.47 listed, discontinued"
S-320,Autopartone - 81-83 Mazda RX7 OEM Hood Hinges (used pair),web,used hood hinge pair with bolts,https://www.autopartone.com/products/81-83-mazda-rx7-oem-hood-hinges,html,secondary,yes,,"US$45, used"
S-321,Known Motors - 1981-1985 Mazda RX7 FB parts collection,web,used FB parts; 1979-1991 hood hinges US$15,https://knownmotors.com/collections/1979-1985-rx7-parts,html,secondary,yes,,the FB hood latch page linked from search is gone (404)
S-322,Atkins Rotary - 79-85 Rx7 Front Hood Bump Stop (8545-56-801B) NLA,web,"hood cushion rubbers front 8545-56-801B and rear 8871-56-785, both NLA",https://atkinsrotary.com/store/79-85-Rx7-Front-Hood-Bump-Stop-8545-56-801B.html,html,secondary,yes,,"US$10, no longer available"
S-323,RealMazdaParts - 1985 Mazda RX-7 Fender FA01-52-111D,web,"genuine RH front fender listing, supersession from FA01-52-111/-111B/-111C",https://www.realmazdaparts.com/oem-parts/mazda-fender-fa0152111d,html,secondary,no,,"page refused fetch (403); details from the search snippet only, price and stock unverified"
S-324,Kustom Cuts (AU) - Mazda RX7 Generation 1 radiator shroud panels,web,"aftermarket aluminium/stainless radiator cooling panels for the SA/FB, AU$225-299",https://www.kustomcuts.com.au/product-category/mazda-rx7-generation-1-parts/radiator-shroud-panels/,html,secondary,yes,,the listings do not say how the panels mount or whether the factory panel stays
S-325,Patrick Mazda parts - RX-7 Cowl & Extractor Grilles diagram (fig 5180),web,"dealer parts diagram for cowl grille, rear finisher, extractors and extractor grilles",https://parts.patrickmazda.com/a/Mazda__RX-7/105411650__9376905/COWL--EXTRACTOR-GRILLES/AUFA04-5180.html,html,secondary,no,,page refused fetch (403); availability not read
S-326,eBay 126881236175 - 79-85 Mazda RX7 Front Hood Latch Catch FB (used),web,used first-gen hood latch listing,https://www.ebay.com/itm/126881236175,html,tertiary,no,,listing seen in search results only; page refused fetch
S-327,"Mazdatrix - Key blank 70-82, rotor type A (KB-70-82-TYPEA) and type B (KB-70-82-TYPEB)",web,PT706,https://mazdatrix.com/product/key-blank-70-82-rotor-type-b/,html,secondary,no,,"US$21 each, in stock 2026-09-27; type B relief groove on the bottom"
S-328,"RX7Club 1st-gen forum - RX-7 1982 key blanks, my DIY",forum,PT706,https://www.rx7club.com/1st-generation-specific-1979-1985-18/rx-7-1982-key-blanks-my-diy-1148343/,html,tertiary,no,,Owner found rotor-head blanks online only for 83-85; pointed to Mazdatrix 70-82 type B and Rotary13B1; scanned and 3D-printed his own
S-329,Atkins Rotary - 81-11 Rx7 & Rx8 Steering Lock Bolt (H043-66-154),web,PT707,https://www.atkinsrotary.com/81-11-Rx7-and-Rx8-Steering-Lock-Bolt-H043-66-154.html,html,secondary,no,,"US$9, two per vehicle, in stock 2026-09-27; fits RX-7 1981-95"
S-330,Autopartone - 81-83 Mazda RX7 OEM Ignition Lock Cylinder & Switch (used),web,PT707 PT705,https://www.autopartone.com/products/81-83-mazda-rx7-oem-ignition-lock-cylinder-switch,html,tertiary,no,,"Used, key included, US$140, sold out 2026-09-27"
S-331,RX7Club 1st-gen forum - Question re: FB factory original spoilers (page 3),forum,PT743,https://www.rx7club.com/1st-generation-specific-1979-1985-18/question-re-fb-factory-original-spoilers-477790/page3/,html,tertiary,no,,"FA16-51-960B one-piece unpainted rubber; 7 studs with 10 mm nuts, 5 slots, self-tapping screws at the tips"
S-332,"Atkins Rotary - Mazda Rear Spoilers & Parts (79-85 Rx7 rear wing, NLA)",web,PT743,https://www.atkinsrotary.com/Chassis-and-Body/Mazda-Rear-Spoilers-and-Parts/,html,secondary,no,,"79-85 rear wing US$350 out of stock, NLA, 2026-09-27"
S-333,Just Dashes - 1980-82 Mazda RX-7 dash pad restoration,web,PT823,https://www.justdashes.com/mazda/rx7/1980-82-mazda-rx-7-dash-pad-restoration/,html,secondary,no,,"Restoration service, quote on request; 5941 Lemona Ave, Van Nuys CA 91411, 818-780-9005"
S-334,"Mazdatrix - Dash cover, RX7 79-83 black (MZTX-24-707B) and burgundy (MZTX-24-707BURG)",web,PT823,https://mazdatrix.com/product/dash-cover-rx7-79-83-black/,html,secondary,no,,"US$157.30 black, US$236.25 burgundy, in stock 2026-09-27; glued-on cap"
S-335,"Auto Obsession - Accuform Dash-Cap, 1978-83 Mazda RX7 (ACCU-400)",web,PT823,https://autoobsession.com/dash-cap-1978-83-mazda-rx7,html,secondary,no,,"High-temperature ABS overlay, US$183.59, silicone adhesive, lifetime warranty against cracking; 2026-09-27"
S-336,"Mazdatrix - Dash Parts category (ash tray 81-83 64-6300-FA01-00 discontinued, dash covers 79-83)",web,PT846 PT847 PT823,https://mazdatrix.com/product-category/interior/dash-parts/,html,secondary,no,,Read 2026-09-27; most 79-85 interior parts discontinued
S-337,"Mazdatrix - Column Covers category (81-83 upper FA01-60-220A and lower FA01-60-230, NLA)",web,PT850 PT851,https://mazdatrix.com/product-category/interior/column-covers/,html,secondary,no,,"Both discontinued by Mazda, 2026-09-27"
S-338,"Autopart3 - 81 82 83 Mazda RX7 OEM dash radio climate control bezel trim cover panel (used, grey)",web,PT837,https://www.autopart3.com/products/81-82-83-mazda-rx7-oem-dash-radio-climate-control-bezel-trim-cover-panel,html,tertiary,no,,"US$287, sold out 2026-09-27"
S-339,"Autopart3 - search results, 81-83 Mazda RX7 dash (used ash trays, holder bracket, clocks, bezels)",web,PT846 PT847,https://www.autopart3.com/search?q=81-83+mazda+rx7+dash,html,tertiary,no,,"Ash tray US$75 and US$125, ash tray holder bracket US$58, 2026-09-27"
S-340,"RX7Club 1st-gen forum - 3D printed parts update (UnregisteredSA22C: scanned FB column bezels, radio surround, switch surrounds, defroster vents)",forum,PT837 PT850 PT851 PT838,https://www.rx7club.com/1st-generation-specific-1979-1985-18/3d-printed-parts-update-1160054/,html,tertiary,no,,"Professional scans of FB dash trim; files not shared, possible future sale (last post March 2023)"
S-341,Known Motors - 1981-1983 Mazda RX7 FB Power Mirror Switch (used),web,"PT864 used listing, USD 30, sold out 2026-09-27",https://knownmotors.com/products/1981-1983-mazda-rx7-fb-power-mirror-switch,html,tertiary,no,,"visually inspected, switch clicks, sold as is"
S-342,"Octoclassic - Mazda RX7 S2 center console switch panel, black FA01-64-451 (new)",web,"PT859 new listing EUR 75.60, 2026-09-27",https://octoclassic.com/es/producto/mazda-rx7-s2-center-console-switch-panel-ashtray-black-fa01-64-451,html,tertiary,no,,Spanish reseller; title says 'ashtray' but the part number is the console switch panel
S-343,Racing Beat Europe - RX7 81-83 Lo-Back Seat Covers (kit 4461),web,"PT880, PT883 reproduction vinyl covers, pair, black/burgundy/briar brown, GBP 431.52 ex VAT, 8-10 weeks",https://www.racingbeateurope.com/rx7-81-83-lo-back-seat-covers-4461-p.asp,html,secondary,no,,US page https://www.racingbeat.com/RX7-1975-1985/Upholstery-Kits.html refused the fetch (403)
S-344,RX7Club 1st-gen forum - Seats on Good Shape? Check the Foam!,forum,"PT881, PT884 bolster foam failure, hog-ring cover attachment, DIY foam repair",https://www.rx7club.com/1st-generation-specific-1979-1985-18/seats-good-shape-check-foam-1143144/,html,tertiary,no,,
S-345,RX7Club 1st-gen forum - Remote mirrors stopped working,forum,PT864 fault finding: both mirrors dead at once was the shared fuse; check the switch plug and mirror plugs,https://www.rx7club.com/1st-generation-specific-1979-1985-18/remote-mirrors-stopped-working-1066180/,html,tertiary,no,,1980 SA car
S-346,"Seatbelt Planet - 1978-1985 Mazda RX-7, Driver or Passenger Seat Belt",web,"New retractable 3-point belt with end-release buckle for 1978-85 RX-7, either side, USD 170.95, no mounting hardware",https://www.seatbeltplanet.com/i-30499062-1978-1985-mazda-rx-7-driver-or-passenger-seat-belt.html,html,secondary,no,,"Replacement, not the factory belt; webbing colour chosen at order"
S-347,LRB Speed - FB Aluminum Door Panels (RX-7 FB3S/SA22C 79-85),web,"Laser-cut 1.5 mm brushed aluminium door panel pair using factory mounting points, pull straps and hardware included, LHD/RHD, power or crank windows",https://lrbspeed.com/product/fb-aluminum-door-panel/,html,secondary,no,,"From USD 166 per pair, about 3 weeks build, 2026-09-27"
S-348,Atkins Rotary - 79-85 Rx7 Door Panel Clip (0208-58-921),web,"Atkins-made door trim clip replacing the discontinued Mazda part, USD 3.50; companion grommet 0187-58-922 USD 4.00",https://www.atkinsrotary.com/79-85-Rx7-Door-Panel-Clip-0208-58-921.html,html,secondary,no,,
S-349,Atkins Rotary - 81-83 Rx7 Right Black Inside Door Pull Handle (FA01-69-371A-00) - NLA,web,"Right black door pull handle listed at USD 29.25, no longer available",https://www.atkinsrotary.com/81-83-Rx7-Right-Black-Inside-Door-Pull-Handle-FA01-69-371A-00.html,html,secondary,no,,Mazdatrix lists the same handle as discontinued by Mazda: https://mazdatrix.com/product/door-pull-handle-81-83-rt-black/
S-350,Atkins Rotary - 79-85 Rx7 Outer Door Window Seal (8871-58-781),web,"Atkins reproduction of the discontinued outer door glass belt weatherstrip, USD 25 each, fits either side, two per car",https://www.atkinsrotary.com/Chassis-and-Body/Weather-Strips-Seals/79-85-Mazda-Rx7-Weather-Strips-and-Seals/79-85-Rx7-Outer-Door-Window-Seal-8871-58-781.html,html,secondary,no,,Number printed 8871-58-781 here; the catalogue print is ambiguous between -53- and -58-
S-351,Atkins Rotary - 79-85 Rx7 Inner Window Weatherstrip (8871-58-791),web,"Atkins reproduction of the discontinued inner door glass belt weatherstrip, USD 25 each, fits either side, two per car",https://www.atkinsrotary.com/Chassis-and-Body/Weather-Strips-Seals/79-85-Mazda-Rx7-Weather-Strips-and-Seals/79-85-Rx7-Inner-Window-Weatherstrip-8871-58-791.html,html,secondary,no,,
S-352,RX7Club 1st-gen forum - Headliner thread,forum,"Owner reports on the first-gen headliner: vacuum-formed fibreboard, recovered with foam-backed cloth or vinyl and 3M Super 77 spray adhesive; board hung on wires, fabric glued at the roof edges",https://www.rx7club.com/1st-generation-specific-1979-1985-18/headliner-1037962/,html,tertiary,no,,no part numbers or vendors beyond a fabric store
S-353,Newstalgia Parts - 1978-1985 Mazda RX7 Headliner,web,"Headliner fabric kit with bow sleeves, no sewing, 3 in excess all round; F526 solid roof (front-to-back bows), F561 factory sunroof (no bows); USD 269.95; bows reused, windlace separate",https://www.newstalgiaparts.com/p/48630/1980-1985-mazda-rx7-headliner,html,secondary,no,,"material and colours chosen on the page, not listed in the text"
S-354,LRB Speed - FB Rear Interior Kit,web,"Aluminium 1.5 mm rear interior set for 1979-85 RX-7: rear seat/storage bin delete, quarter trim panels, upper B-pillar trims; stock holes; from USD 388; raw brushed or black powder coat",https://lrbspeed.com/product/fb-rear-interior-kit/,html,secondary,no,,"made to order, 15 business days"
S-355,LRB Speed - FB Quarter Trim and Upper B-Pillar Trim,web,"Aluminium 1.5 mm replacement for the stock quarter trim and upper B-pillar trim, 1979-85, factory mounting points, from USD 179, stock or harness seat-belt options",https://lrbspeed.com/product/fb-quarter-trim-and-upper-b-pillar-trim/,html,secondary,no,,
S-356,LRB Speed - FB Front Interior Kick Panels,web,"Aluminium 1.5 mm kick panels, '79-80 and '81-85 variants, OEM speaker opening, factory mounting points, from USD 55",https://lrbspeed.com/product/fb-front-interior-kick-panels/,html,secondary,no,,
S-357,LRB Speed - FB Rear Quarter Trim and Hatch Bulkhead Panels,web,"Aluminium 1.5 mm cargo side trims (all 1979-85) and hatch bulkhead panel ('81-85 only, stock hatch light or blank), speaker or no-speaker, factory mounting points, from USD 104",https://lrbspeed.com/product/fb-rear-quarter-trim-and-hatch-bulkhead-panels/,html,secondary,no,,spare tyre cover not included
S-358,"Stock Interiors - 1979-1985 Mazda RX7 Carpet, Complete Kit (item 8162)",web,"Heat-and-pressure molded carpet, passenger and cargo areas, jute padding heat-bonded (passenger area only), mass backing +USD 112, plush / ultra-plush / neon cut pile, USD 278.95",https://www.stockinteriors.com/autocarpet/8162,html,secondary,no,,
S-359,Raybuck - 1979-1985 Mazda RX-7 2 Seater Coupe Cargo Area Flooring (ACC cutpile),web,"Auto Custom Carpets molded cargo-area carpet, cutpile, 100+ colours, mass backing optional (+45%), from USD 146.76",https://raybuck.com/product/1979-1985-mazda-rx-7-2-seater-coupe-cargo-area-flooring/,html,secondary,no,,
S-360,eBay - Interior Trims for Mazda RX-7 (category browse),web,"Live used-parts listing page for RX-7 interior trim, all generations; the only source found for used 81-83 pillar, garnish, scuff-plate and wheel-arch trims",https://www.ebay.com/b/Interior-Trims-for-Mazda-RX-7/33705/bn_1435876,html,tertiary,no,,"category page, contents change; automated fetch refused (403), title from the search index"
S-361,RX7Club 1st-gen general - Interest in 3D Printed Replacement Parts?,forum,"Thread on 3D-printed first-gen interior pieces (console facade, handle cups, screw covers); A-pillar caps and wheel-well covers requested; no files shared",https://www.rx7club.com/1st-gen-general-discussion-207/interest-3d-printed-replacement-parts-1150161/,html,tertiary,no,,evidence that no free CAD exists for the 81-83 trim panels
S-362,"Stock Interiors - 1979-1985 Mazda RX7 Carpet, Complete Kit",web,"Molded replacement carpet kit (passenger area and rear cargo) for the 79-85 RX-7; materials, padding, price",https://www.stockinteriors.com/AutoCarpet.asp?Itemid=8162,html,tertiary,no,,USD 278.95 plush cut pile on 2026-09-27; rear deck piece sold separately at /autocarpet/2850 (USD 124.95)
S-363,Autopartone - 81-83 Mazda RX7 OEM Sun Visor (used pair),web,Used black OEM visor pair for the 1981-83 RX-7,https://www.autopartone.com/products/81-85-mazda-rx7-oem-sun-visor,html,tertiary,no,,"USD 68, sold out on 2026-09-27"
S-364,Atkins Rotary - 81-85 Rx7 Dome Light Lens (FA01-51-351A),web,New lens for the FB interior mirror lamp,https://www.atkinsrotary.com/Chassis-and-Body/Light-Lenses-and-Assemblies/Dome-Lights/81-85-Rx7-Dome-Light-Lens-FA01-51-351A.html,html,tertiary,no,,"USD 41.50, in stock 2026-09-27"
S-365,RX7Club 1st-gen archive - (ELECTRICAL) Need help on interior lights,forum,"Taking the FB mirror lamp apart, its ground screw contact, DE3175 dome bulb",https://www.rx7club.com/1st-gen-archive-71/electrical-need-help-interior-lights-590482/,html,tertiary,no,,Poster's car is a 1985 GS
S-366,RX7Club 1st-gen - cargo straps thread,forum,What the FB cargo-room straps are for (the lift-off sunroof panel) and how they buckle,https://www.rx7club.com/1st-generation-specific-1979-1985-18/these-cargo-straps-retarded-just-me-1135290/,html,tertiary,no,,
S-367,RX7Club 1st-gen - 1st gen rx7 VIN number locations,forum,"Where the 1979-85 RX-7 carries its VIN: under-hood screw-on plate, firewall stamping, door-post sticker, dash tag",https://www.rx7club.com/1st-generation-specific-1979-1985-18/1st-gen-rx7-vin-number-locations-908604/,html,tertiary,no,,
S-368,Atkins Rotary - 81-85 12A Rx7 Brake Master Cylinder (FA07-43-400),web,"PT051: OEM-quality master cylinder, 134 USD, in stock, fits 12A with drum brakes; OEM Mazda still available on request",https://www.atkinsrotary.com/81-85-12A-Rx7-Brake-Master-Cylinder-FA07-43-400.html,html,secondary,no,,Read 2026-09-27.
S-369,Atkins Rotary - 79-85 Rx7 Brake Master Cylinders category,web,"PT051 FA07-43-400 134 USD, FA18-43-400 102.75 USD; PT561 cap B093-49-580 15.25 USD; PT560 reservoir seal 0305-49-686B 4.50 USD; all in stock",https://www.atkinsrotary.com/Brake-System/Brake-Master-Cylinders/79-85-Rx7-Brake-Master-Cylinders/,html,secondary,no,,Read 2026-09-27.
S-370,Atkins Rotary - 79-91 Rx7 Brake Master to Reservoir Seal (0305-49-686B),web,"PT560: the rubber seal between master cylinder and reservoir, 4.50 USD, in stock, fits all 79-91 RX-7",https://www.atkinsrotary.com/79-92-Rx7-Brake-Master-to-Reservoir-Seal-0305-49-686B.html,html,secondary,no,,
S-371,Atkins Rotary - 81-83 Rx7 Brake Booster (FA16-43-800) - NLA,web,"PT052: 145 USD, out of stock, no longer available, 'getting very hard to obtain'",https://www.atkinsrotary.com/81-83-rx7-brake-booster-fa16-43-800-.html,html,secondary,no,,
S-372,Atkins Rotary - Mazda Brake Boosters & Parts category,web,PT052: booster-to-firewall gasket H001-43-443 1.88 USD in stock; FA16-43-800 out of stock,https://www.atkinsrotary.com/Brake-System/Mazda-Brake-Booster-Parts/,html,secondary,no,,
S-373,Atkins Rotary - 81-85 12A Rx7 Rear Brake Drum (FA01-26-251),web,"PT047: one drum, OEM-quality, 59.50 USD, in stock, 'hard to get', 8 lb",https://www.atkinsrotary.com/81-85-12A-Rx7-Rear-Brake-Drum-FA01-26-251.html,html,secondary,no,,
S-374,Atkins Rotary - 71-83 12A Rx7 Rear Wheel Bearing (8871-26-151A),web,"PT048: 27.25 USD, in stock, fits all 71-83 12A rotary cars; bought with collar 8531-26-152, seal 0187-26-154, spacer 0259-26-155",https://www.atkinsrotary.com/71-83-12A-Rx7-Rear-Wheel-Bearing-8871-26-151A.html,html,secondary,no,,
S-375,Atkins Rotary - 79-85 Mazda Rx7 Wheel Bearings & Seals category,web,"PT048: bearing 8871-26-151A 27.25, collar 8531-26-152 27.50, 79-83 seal 0187-26-154 7.50, spacer 0259-26-155 8.75 USD, all in stock",https://www.atkinsrotary.com/Suspension-and-Steering/Wheels-and-Parts/Wheel-Bearings-and-Seals/79-85-Mazda-Rx7-Wheel-Bearings-and-Seals/,html,secondary,no,,
S-376,Atkins Rotary - Mazda Drum Brake Wheel Cylinders category,web,"PT049: 81-85 12A rear right FA01-26-610A and rear left FA01-26-710A, 25.75 USD each, in stock",https://www.atkinsrotary.com/Brake-System/Wheel-Cylinder/,html,secondary,no,,
S-377,Atkins Rotary - 81-85 Rx7 Rear Right Drum Parking Brake Shoe Lever (FA01-26-810),web,"PT455: right lever, 25 USD, NLA from Mazda but Atkins has stock; parking brake cable attaches directly to it",https://www.atkinsrotary.com/81-85-rx7-rear-right-drum-parking-brake-shoe-lever-fa01-26-810-.html,html,secondary,no,,
S-378,Atkins Rotary - 81-85 Rx7 Right Brake Shoe Adjuster (FA01-26-630) - NLA,web,"PT453: right adjuster 75 USD, no longer available; left FA01-26-640 likewise",https://www.atkinsrotary.com/81-85-Rx7-Right-Brake-Shoe-Adjuster-FA01-26-630.html,html,secondary,no,,
S-379,"Mazdatrix - BRAKE SHOES, RX7 81-85 (FA01-26-38Z)",web,"PT046: set of four shoes for 81-85 rear drum cars, 36.38 USD",https://mazdatrix.com/product/brake-shoes-rx7-81-85/,html,secondary,no,,
S-380,Mazdatrix - Brake Hardware category,web,PT452: 79-85 rear drum bleeder 0259-33-691 6.58 USD in stock; PT453: adjusters FA01-26-630/640 discontinued by Mazda,https://mazdatrix.com/product-category/brakes/brake-hardware/,html,secondary,no,,
S-381,"Mazdatrix - Brake fluid cap, 79-85 (GA02-49-580B) NLA",web,"PT561: Mazdatrix lists the 79-85 cap as GA02-49-580B, discontinued by Mazda",https://mazdatrix.com/product/brake-fluid-cap-79-85/,html,secondary,no,,
S-382,JDM Car Parts - Brake master cylinder assembly for Mazda RX7 FB3S by Nisshinbo (NSB-102),web,"PT051: Nisshinbo limited reproduction, 398 USD, outlet port thread M10 x 1.25, fits RX-7 SA/FB 1978-85, special order 3-4 weeks",https://jdm-car-parts.com/products/brake-master-cylinder-assembly-for-mazda-rx7-fb3s-by-nisshinbo,html,secondary,no,,Seller states Nisshinbo is Mazda's OEM brake supplier; not confirmed from a factory source.
S-383,JDM Car Parts - Rear brake cylinder assembly set for Mazda RX7 SA22C with drum brake by Nisshinbo (NSB-105),web,"PT049: RH+LH reproduction set, 169 USD, outlet thread M10 x 1.25 JASO, special order",https://jdm-car-parts.com/products/rear-brake-cylinder-assembly-set-for-mazda-rx7-sa22c-with-drum-brake-by-nisshinbo,html,secondary,no,,
S-384,RX7Club 1st-gen forum - Brake master cylinder rebuild kit thread,forum,"PT051/PT564: 81-83 numbers FA01-43-400 (S, GS) and FA18-43-400 (GSL); kits G001-49-610 (S, GS) and FA18-49-610 (GSL); aftermarket cross-refs Cardone 111962, AC-Delco 18M266, Beck/Arnley 072-8108",https://www.rx7club.com/1st-generation-specific-1979-1985-18/brake-master-cylinder-rebuild-kit-848110/,html,tertiary,no,,
S-385,RX7Club 1st-gen forum - Brake booster replacement / rebuild thread,forum,"PT052: local shop rebuild about 80 USD, Cardone reman used for 10 years, NA Miata booster suggested as a swap; failure signs hiss on shutdown and rust from leaking master cylinder",https://www.rx7club.com/1st-generation-specific-1979-1985-18/brake-booster-replacement-rebuild-1165897/,html,tertiary,no,,
S-386,RX7Club 1st-gen forum - Replacement brake drums thread,forum,"PT047: Atkins about 60 USD, Duralast 103.99 USD; Centric drums reported with oversized centre bore and bolt holes; 81-85 drums do not fit 79-80",https://www.rx7club.com/1st-generation-specific-1979-1985-18/replacement-brake-drums-1124290/,html,tertiary,no,,
S-387,RX7Club 1st-gen archive - How To: rear axle bearing / seal replacement,forum,"PT048: procedure write-up; collar cut off with grinder and chisel, machine shop 60 USD; seal driven with a hardwood block; no part numbers or torques",https://www.rx7club.com/1st-gen-archive-71/how-rear-axle-bearing-seal-replacement-966704/,html,tertiary,no,,
S-388,Spareto - Mazda OE G00149610 repair kit cross-reference,web,"PT564: Autofren Seinsa D1485 4.52 EUR, ERT 200334 5.46 EUR, Frenkit 120058 4.86 EUR",https://spareto.com/oe/g00149610,html,secondary,no,,
S-389,Spareto - Frenkit 120058 brake master cylinder repair kit,web,"PT564/PT565: piston diameter 20.6 mm; OE numbers include G001-49-610, G001-49-640, FA18-49-610, FA18-49-640, B001-49-610",https://spareto.com/products/frenkit-repair-kit-brake-master-cylinder/120058,html,secondary,no,,
S-390,RockAuto - 1983 Mazda RX-7 1.1L R2 power brake booster listing,web,"PT052: PRIOR 9700158 remanufactured, without master cylinder, 8 lb, out of stock","https://www.rockauto.com/en/catalog/mazda,1983,rx-7,1.1l+r2,1192261,brake+&+wheel+hub,power+brake+booster,1884",html,secondary,no,,
S-391,Autopartone - 81-83 Mazda RX7 OEM brake booster vacuum hose (used),web,"PT567: two-piece used OEM hose with clamps, 30 USD, fits 81-83 12A; check valve not stated",https://www.autopartone.com/products/81-83-mazda-rx7-oem-brake-booster-vacuum-hose,html,secondary,no,,
S-392,"Vivid Racing - Raybestos R-Line drum brake hardware kit, Mazda RX-7 rear 1981-1985 (H17275)",web,PT446/PT447/PT448/PT449/PT450: rear drum hardware kit listed for 81-85; contents not readable (page refused),https://www.vividracing.com/-p-153924953.html,html,tertiary,no,,"Seen in search results and title only. Checked 2026-09-27: the page returns HTTP 403 (Cloudflare), so neither fitment nor contents could be read; Centric 118.45003 as the RockAuto equivalent is likewise unverified (RockAuto listing does not render)."
S-393,"Mitchell Repair Information - 1983 Mazda RX7 Brake System article (GLC Wagon, Pickups, RX7), rotaryheads.com copy",manual,"PT553 pedal height, PT042 disc, PT499 guide pin torque, front caliper overhaul, proportioning valve description",https://www.rotaryheads.com/PDF/1st_gen/Mitchell_Service_Manuals/1983/1983%20Brake%20System.pdf,pdf,secondary,yes,01-REFERENCE/model/library/datasheets/PT050/1983_Mazda_RX7_Brake_System_Mitchell.pdf,"13 pages, 121 kB, text PDF dated 2001 from iluvmyrx7.com; 1983 model year, aftermarket compilation of the Mazda manual - other-car for this record"
S-394,Atkins Rotary - 79-85 Rx7 Front Inner Wheel Bearing (8545-33-047-MV),web,PT043 inner bearing price and fitment,https://www.atkinsrotary.com/79-85-Rx7-Front-Inner-Wheel-Bearing-8545-33-047-MV.html,html,secondary,no,,"32.95 USD, in stock 2026-09-27, OEM-quality, no cross numbers"
S-395,Atkins Rotary - 79-83 Rx7 Front Outer Wheel Bearing (B002-33-075),web,"PT043 outer bearing price, fitment, superseded number",https://www.atkinsrotary.com/79-83-Rx7-Front-Outer-Wheel-Bearing-B002-33-075.html,html,secondary,no,,"17.75 USD, in stock 2026-09-27; replaces 8531-33-075; also 84-85 GLC"
S-396,Atkins Rotary - 79-85 12A & 13B Rx7 Front Wheel Bearing Seal (1312-33-065),web,"PT044 seal price, fitment, cross numbers",https://www.atkinsrotary.com/79-85-Rx7-Front-Wheel-Bearing-Seal-1312-33-065.html,html,secondary,no,,"8.50 USD, in stock 2026-09-27; crosses 0398-33-065, FA54-33-065"
S-397,Atkins Rotary - 79-85 12A Rx7 Front Brake Pad Set (FA57-49-280),web,"PT045 replacement pad set, OEM set no longer available",https://www.atkinsrotary.com/79-85-12A-Rx7-Front-Brake-Pad-Set-FA57-49-280.html,html,secondary,no,,"45.00 USD 2026-09-27, 'no longer available as an OEM option', OEM-quality aftermarket set"
S-398,Atkins Rotary - 79-85 12A Rx7 Front Brake Pad Hardware Kit (8341-49-290A),web,PT502 hardware kit price and fitment,https://www.atkinsrotary.com/store/79-85-12A-Rx7-Front-Brake-Pad-Hardware-Kit-8341-49-290A.html,html,secondary,no,,"69.99 USD, in stock 2026-09-27"
S-399,Atkins Rotary - 80-91 Rx7 Single Piston Front Brake Caliper Kit (8341-49-240),web,"PT500 seal kit price, contents (seals and grease, both calipers)",https://www.atkinsrotary.com/80-92-Rx7-Single-Piston-Front-Brake-Caliper-Kit-8341-49-240.html,html,secondary,no,,"49.95 USD, in stock 2026-09-27; page recommends a companion boot kit"
S-400,Atkins Rotary - 81-83 12A Rx7 Front Brake Caliper Flex Hose (GA02-43-980),web,PT569 front hose price and fitment,https://www.atkinsrotary.com/81-83-12A-Rx7-Front-Brake-Caliper-Flex-Hose-GA02-43-980.html,html,secondary,no,,"49.95 USD, in stock 2026-09-27, one hose fits both sides, two per car; no length given"
S-401,Atkins Rotary - 79-85 Mazda Rx7 Brake Calipers category,web,PT050 availability of new calipers,https://www.atkinsrotary.com/Brake-System/Calipers-and-Parts/Mazda-Brake-Calipers/79-85-Mazda-Rx7-Brake-Calipers/,html,secondary,no,,2026-09-27 the category holds only a 1979 mounting support 8871-33-280A (85.00 USD); no 81-83 caliper listed
S-402,"Mazdatrix - Brakes category (79-83 front bleeder, caliper kit, boot kits)",web,"PT498 bleeder 0233-33-691, PT500 seal kit, PT501 boot kit discontinued",https://mazdatrix.com/product-category/brakes/,html,secondary,no,,2026-09-27: 8341-49-240 45.71 USD 'serves two calipers'; 0233-33-691 10.11 USD; 81-85 boot kits shown at 0.00 USD discontinued by Mazda
S-403,"Mazdatrix - Brake Lines category (DOT stainless kits, 79-83 Mazda lines discontinued)",web,"PT569, PT570 replacement stainless hose kits; Mazda 81-83 front flex hose GA02-43-980 discontinued",https://mazdatrix.com/product-category/brakes/brake-lines/,html,secondary,no,,"2026-09-27: 81-85 drum kit 14524-DOT 68.64 USD, 81-85 disc kit 14523-DOT 107.25 USD; clip 43-635A-W023 5.59 USD; GA02-43-980 shown discontinued by Mazda (no other 79-83 front line listed; 79-80 kit 14520-DOT 68.64 USD)"
S-404,"Cardone - Brake Caliper 19-644 (remanufactured, Mazda RX-7 1981-85)",web,PT050 remanufactured replacement caliper,https://www.cardone.com/product/unloaded-caliper-19-644,html,secondary,no,,"side, piston size and price not shown without a login; new bleeder, hardware clips and mounting pins, bracket where applicable"
S-405,"RX7Club 1st-gen forum - Brake proportioning valve thread (part numbers by year, ports)",forum,"PT568 part numbers 1979-85 by model, port markings F and arrow",https://www.rx7club.com/1st-generation-specific-1979-1985-18/brake-proportioning-valve-963266/,html,tertiary,no,,"lists FA07-43-900 for 81-82 S/GS and GSL and 83-85 S/GS, FA48-43-900 83 GSL, FA66-43-900 84-85 GSL/GSL-SE; matches S-005 p.111-112 for 81-83"
S-406,"RX7Club 1st-gen forum - Brake Proportioning Valve thread (drum vs disc valves, internals)",forum,"PT568 construction (aluminium piston, rubber seals under a large hex cap with copper washer), drum vs disc valve difference",https://www.rx7club.com/1st-generation-specific-1979-1985-18/brake-proportioning-valve-1159310/,html,tertiary,no,,owner reports; no pressures given
S-407,RX7Club 1st-gen forum - Factory part number for wheel bearing wanted,forum,"PT043 84-85 bearing numbers (8545-33-047 inner, 1391-33-075 outer) said to be bigger than 79-83",https://www.rx7club.com/1st-generation-specific-1979-1985-18/help-factory-part-number-wheel-bearing-wanted-402030/,html,tertiary,no,,seal 1312-33-065 common to both ranges
S-408,Jim Ellis Mazda Parts - Pedal pad 022543028A (B2200 listing),web,PT555 same pad number still sold as a dealer part,https://www.jimellismazdaparts.com/products/Mazda/B2200/PEDAL-PAD/1808973/022543028A.html,html,secondary,no,,page returned 403 on fetch 2026-09-27; fitment and price from the search index only
S-409,"Atkins Rotary - 79-85 Mazda Rx7 Parking Brake Cables (category: FA54-44-410A, FA54-44-420A, FA16-44-410B, FA16-44-420A, 1480-44-150A, 0118-44-375)",web,"PT584 PT585 PT586 parking brake cables, price and availability",https://www.atkinsrotary.com/Brake-System/E-Brake-Cables/79-85-Mazda-Rx7-Parking-Brake-Cables/,html,secondary,no,,"read 2026-09-27: FA54-44-410A USD 80 out of stock, FA54-44-420A USD 100 NLA, 1480-44-150A USD 95.50 in stock"
S-410,Atkins Rotary - 81-85 Rx7 Front Parking Brake Cable (1480-44-150A),web,PT584 front parking brake cable listing,https://www.atkinsrotary.com/81-85-Rx7-Front-Parking-Brake-Cable-1480-44-150A.html,html,secondary,no,,fits 81-85 all trims; USD 95.50 in stock 2026-09-27
S-411,Atkins Rotary - 79-85 Rx7 Rear Parking Brake Cable Clip (0118-44-375),web,PT584 PT585 PT586 cable clip 0118-44-375,https://www.atkinsrotary.com/79-85-Rx7-Rear-Parking-Brake-Cable-Clip-0118-44-375.html,html,secondary,no,,one clip on each rear cable; USD 4.65 in stock 2026-09-27
S-412,Atkins Rotary - 79-82 Rx7 Rear Differential Pinion Seal (0223-27-018),web,PT436,https://www.atkinsrotary.com/79-82-Rx7-Rear-Differential-Pinion-Seal-0223-27-018.html,html,secondary,no,,"$19.75, in stock 2026-09; NLA from Mazda, aftermarket; 83-85 is M005-27-165"
S-413,Atkins Rotary - 72-85 Rx7 Rear Differential Rear Pinion Bearing (0221-27-210),web,PT439,https://www.atkinsrotary.com/72-85-Rx7-Rear-Differential-Rear-Pinion-Bearing-0221-27-210.html,html,secondary,no,,"$50.25 with race, replaces 0221-27-141"
S-414,Atkins Rotary - 79-91 N/A Rx7 Rear Differential Pinion Bearing (0755-27-210),web,PT438,https://www.atkinsrotary.com/86-92-N-A-Rx7-Rear-Differential-Middle-Pinion-Bearing-0755-27-210.html,html,secondary,no,,"$56.50; front bearing on 79-85, replaces 0755-27-141 and 8051-27-142"
S-415,Atkins Rotary - 79-91 N/A Rx7 Rear Differential Side Carrier Bearing (0221-27-350),web,PT444,https://www.atkinsrotary.com/79-92-N-A-Rx7-Rear-Differential-Side-Carrier-Bearing-0221-27-350.html,html,secondary,no,,"$76.40 each; replaces 0221-27-305, 0221-27-305A, G0A0-27-350"
S-416,Atkins Rotary - 79-85 Mazda Rx7 Rear Differential Hardware (category),web,PT055 PT434 PT435 PT437,https://www.atkinsrotary.com/Rear-Differential/Rear-Differential-Hardware/79-85-Mazda-Rx7-Rear-Differential-Hardware/,html,secondary,no,,"pinion lock nut 0223-27-030 $11.00, washer 0223-27-012 $9.25, driveline bolt 1456-25-123 $5.00 and nut 1456-25-125 $3.99 (81-85), ring gear bolt 8051-27-235/236 $6.25"
S-417,"Mazdatrix - RING & PINION, 3.909 SHORT NOSE 74-85 RX7 (M037-27-110B)",web,PT437,https://mazdatrix.com/product/ring-pinion-3-909-short-nose/,html,secondary,no,,"new Mazda OEM set, $823.44 listed 2026-09 (stock not stated); not for RX3 SP, RX4, Cosmo"
S-418,"Mazdatrix - Driveshafts category (79-82 RX7 aftermarket 2691-700, flange 1502-29, OEM 8871-25-100 NLA)",web,PT422 PT425,https://mazdatrix.com/product-category/differential/driveshafts/,html,secondary,no,,"aftermarket shaft $432.06 for manual and automatic, factory-size rear joint and Dodge 7260 front joint; rear flange $68.70"
S-419,RockAuto - 1982 Mazda RX-7 1.1L R2 universal joint listings,web,PT423,"https://www.rockauto.com/en/catalog/mazda,1982,rx-7,1.1l+r2,1192250,drivetrain,universal+joint,2392",html,secondary,no,,"FVP/GMB 220-0007 greasable, SKF UJ397, Moog 397, Dana Spicer 5-3229X; 2026-09 prices $6.58-$40.79"
S-420,RX7Club 1st-gen archive - Timken seal and bearing cross-reference (from Timken catalogue pp.379-382),forum,PT430 PT432 PT436 PT439,https://rx7club.com/1st-gen-archive-71/[mechanical]-timken-seal-cross-refence-lots-good-data-984425,html,tertiary,no,,"1979-83 axle seal 1214N, wheel bearing RW102R; 1979-86 pinion seal 710326, pinion bearings 32207M inner and 32206M outer"
S-421,RX7Club 1st-gen - U-joint 1984 rx7 (snap-ring 79-82 vs staked 83-85 shafts),forum,PT422 PT423,https://www.rx7club.com/1st-generation-specific-1979-1985-18/u-joint-1984-rx7-896012/,html,tertiary,no,,also names Rockford Driveline 430-10A as a joint used on 79-85 shafts
S-422,"RX7Club 1st-gen archive - (REFERENCE) Differential interchange, drive shaft and ring & pinion info",forum,PT055 PT426 PT430 PT435,https://www.rx7club.com/1st-gen-archive-71/reference-differential-interchange-information-drive-shaft-ring-pinion-info-871075/,html,tertiary,no,,"79-82 small threaded-hole pinion flange, 83-85 large through-hole flange; 84-85 big-bearing axle with different housing, shafts and diff; GSL-SE 4.076 to Nov 1984 then 3.909"
S-423,Atkins Rotary - 79-85 Rx7 Rebuilt Steering Gear Box & Column (ARE850),web,"PT053 rebuilt exchange box, price, core, fluid",https://www.atkinsrotary.com/79-85-Rx7-Rebuilt-Steering-Gear-Box-and-Column-ARE850.html,html,secondary,no,,"750 USD + 150 core, out of stock 2026-09-27; fits 79-85 without power steering; page states fluid 0.31 US qt (290 cc), 75W-90"
S-424,Atkins Rotary - 82-85 Rx7 Steering Gear Box Housing (FA24-32-120) - NLA,web,PT475,https://www.atkinsrotary.com/82-85-rx7-steering-gear-box-housing-fa24-32-120-.html,html,secondary,no,,"350 USD, out of stock, NLA"
S-425,Atkins Rotary - 79-85 Rx7 Rebuilt Pitman Arm (1757-32-220),web,PT484,https://www.atkinsrotary.com/79-85-Rx7-Rebuilt-Pitman-Arm-1757-32-220.html,html,secondary,no,,"199.95 USD, out of stock, NLA from Mazda; fits 79-85 with and without power steering"
S-426,Atkins Rotary - 79-85 Rx7 OEM Idler Arm (8871-32-320A) - NLA,web,PT489,https://www.atkinsrotary.com/79-85-rx7-idler-arm-8871-32-320a-.html,html,secondary,no,,"475 USD, out of stock, NLA; replaces 887132320, 8BS132350Y. The aftermarket arm 8871-32-320A-A (99 USD) is listed as NLA/out of stock on the Idler-Arms category page (atkinsrotary.com/Suspension-and-Steering/Idler-Arms/)"
S-427,Atkins Rotary - 79-85 Rx7 Idler Arm Bushing (1524-32-329B),web,PT490,https://www.atkinsrotary.com/79-85-Rx7-Idler-Arm-Bushing-1524-32-329B.html,html,secondary,no,,"10.75 USD each, two per car, in stock; replaces 086632329C, 152432329A"
S-428,Atkins Rotary - 79-85 Mazda Rx7 Tie Rods & Ends (category),web,PT491 PT492 PT493 PT494,https://www.atkinsrotary.com/Suspension-and-Steering/Tie-Rods-and-Ends/79-85-Mazda-Rx7-Tie-Rods-and-Ends/,html,secondary,no,,inner tie rod end 8531-32-240A (replaces 8531-99-322A) 95 USD; outer 8021-32-280 59.25 USD; stud 2113-32-365 19.95; nuts 9992-21-400 / 9994-41-400; boot 8021-32-279 15.95 out of stock
S-429,Atkins Rotary - 79-85 Rx7 Tie Rod Threaded Adjuster Stud (2113-32-365),web,PT491,https://www.atkinsrotary.com/79-85-Rx7-Tie-Rod-Threaded-Adjuster-Stud-2113-32-365.html,html,secondary,no,,"M14x1.5, 113.5 mm long; maker Mazda"
S-430,"Mazdatrix - Tie Rod End, 79-85 RX7 Inner (8531-32-240A)",web,PT492 PT491,https://mazdatrix.com/product/tie-rod-end-79-85-inner/,html,secondary,no,,"84.28 USD; related listed: tie rod 79-85 22.37, outer tie rod end 61.12, polyurethane boots 6.92"
S-431,"Mazdatrix - Bushing Idler Arm, 79-85 RX7 All (1524-32-329B)",web,PT490,https://mazdatrix.com/product/bushing-idler-arm-79-85-all-2/,html,secondary,no,,"12.14 USD, two per car"
S-432,"Mazdatrix - Steering Box, 84-85 Manual (FA54-32-110) - NLA",web,PT053,https://mazdatrix.com/product/steering-box-nla-84-85-man/,html,secondary,no,,'Mazda has discontinued all 79-85 steering boxes'
S-433,"Advantage Steering - Mazda RX-7 Manual Steering Gear Box 1980-1985, OE USA Remanufactured (SKU 70409)",web,PT053,https://advantagesteering.com/mazda-rx-7-manual-steering-gear-box-1980-1985-oe-usa-remanufactured/,html,secondary,no,,"1145 USD + 500 core, 5 business days, 3-year warranty on core return"
S-434,Jim Rothe - Mazda RX-7 Steering Box Replacement Tips,web,PT053 PT477 PT490,http://www.jimrothe.com/mazda/steering.html,html,tertiary,no,,"owner write-up: box fits all manual-steering 1982-85; new box 565 USD in 2005; sector shaft ~200 USD, no longer sold separately; Mazda labour 4 h; quotes the factory 150-180 N·m pitman and 0.6-1.2 kg preload"
S-435,RX7Club - Tip of the week: Tie rods / pitman arm / idler arm,forum,PT053 PT489 PT491,https://www.rx7club.com/1st-generation-specific-1979-1985-18/tip-week-tie-rods-pitman-arm-idler-arm-890819/,html,tertiary,no,,1981.5+ box has two adjustments on top: large gland nut and a flathead screw; over-tightening the screw stops return-to-centre
S-436,RX7Club - Oil Pan Gasket / Idler Arm maintenance,forum,PT489 PT490,https://www.rx7club.com/1st-generation-specific-1979-1985-18/oil-pan-gasket-idler-arm-maintenance-1152649/,html,tertiary,no,,factory 8871-32-320A NLA; Moog K9369 listed but not available for over a year; RockAuto has neither arm nor bushing; rebuild with Atkins bushings
S-437,RX7Club - 82 Steering Box rebuild,forum,PT053,https://www.rx7club.com/1st-generation-specific-1979-1985-18/82-steering-box-rebuild-994414/,html,tertiary,no,,"5-post thread, options quoted: Cardone reman via RockAuto ~350 USD + 150 core, Mazdatrix new 1100 USD (both dated). Says nothing about sector shaft or ball nut availability"
S-438,RX7Club - FB steering box,forum,PT053,https://www.rx7club.com/1st-generation-specific-1979-1985-18/fb-steering-box-1029299/,html,tertiary,no,,"recirculating-ball box keeps a dead spot after adjustment; alternatives Re-Speed conversion, FC subframe swap, CP Racing rack (gone)"
S-439,"Mazda Recall Campaign 17510 (1986-02-01) - Idler Arm Pin Corrosion, '79-'83 RX-7 and others",web,PT489,https://workshop-manuals.com/mazda/626/l4-2000_1970cc/steering_and_suspension/steering/idler_arm/component_information/technical_service_bulletins/all_technical_service_bulletins_for_idler_arm/17510/feb/86/recall_idler_arm_pin_corrosion/,html,secondary,no,,"salt-state campaign (IA KY IL IN MI OH WI MN; CT DE ME MD MA NH NJ NY PA RI VT DC WV); free idler arm replacement on '79-'80 and '81-'83 RX-7 among others; modified arm in production from March 1983. The page links a separate August-1985 recall 85V108000 (idler arm breakage), which is not this campaign's number"
S-440,RX7Club - Broken sector shaft adjustment screw (1982),forum,PT477,https://www.rx7club.com/1st-generation-specific-1979-1985-18/broken-sector-shaft-adjustment-screw-1071795/,html,tertiary,no,,"owner Oaky8, two 1982 cars: the January-1982 sector shaft has a removable bearing set that slides off, the December-1982 shaft has a lip that makes the bearing set a one-way fit; the bearing housing ring differs too"
S-441,eBay product page - Steering Tie Rod End Moog ES2355 fits 79-85 Mazda RX-7,web,PT493,https://www.ebay.com/p/76586511,html,tertiary,no,,"Moog ES2355, 1979-85 RX-7, listed as the OUTER end; Moog's own site (moog-suspension-parts.com) refuses automated fetch (403)"
S-442,XRF Chassis - Mazda RX-7 Inner R/L Tie Rod End (1979-1985) ES2192R,web,PT492,https://xrfchassisonline.com/mazda-rx-7-inner-tie-rod-end-1979-1985-es2192r/,html,tertiary,no,,"inner end sold under the industry number ES2192R for 1979-85, 27.20 USD; Moog's own page for the number refuses automated fetch (403)"
S-443,Mazdatrix - KYB front strut insert 81-85 except GSL-SE (363010),web,PT503: KYB 363010 70.41 USD; OEM FA24-49-790 137.78 USD,https://mazdatrix.com/product/strut-kyb-insert-81-85-front-xgslse/,html,secondary,no,,
S-444,"ShockWarehouse - KYB 363010 front Excel-G strut cartridge, Mazda RX-7",web,"PT503: extended 22.01 in, compressed 15 in, upper 14x1.50, gas twin-tube, 53 USD",https://www.shockwarehouse.com/products/kyb-363010-front-excel-g-strut-cartridge-mazda-rx-7,html,secondary,no,,
S-445,ShockWarehouse - KYB 343140 rear Excel-G shock,web,"PT457: extended 20.75 in, compressed 13.39 in, stroke 7.36 in, upper S1, lower E2 12x32, 47.93 USD",https://www.shockwarehouse.com/products/kyb-343140-rear-excel-g-shock-absorber-mazda-rx-7-nissan-toyota-corolla-van,html,secondary,no,,
S-446,Atkins Rotary - 79-85 Rx7 Rear Shock Absorber (8871-99-281),web,"PT457: OEM NLA, KYB 343140 supplied, 65 USD",https://www.atkinsrotary.com/79-85-Rx7-Rear-Shock-Absorber-8871-99-281.html,html,secondary,no,,
S-447,"Mazdatrix - Shock OEM rear, 79-85 RX7 all incl. GSL-SE (FA24-28-700)",web,PT457: OEM FA24-28-700 144.97 USD; KYB GR-2 343140 54.65 USD,https://mazdatrix.com/product/shock-oem-rear-79-85-all-inc-gslse/,html,secondary,no,,
S-448,Atkins Rotary - 79-85 Rx7 Watts Link Pivot Bracket (8871-28-180),web,"PT463: genuine Mazda, 139 USD, in stock; link nuts B037-28-091",https://www.atkinsrotary.com/79-85-Rx7-Watts-Link-Pivot-Bracket-8871-28-180.html,html,secondary,no,,
S-449,Atkins Rotary - 79-85 Rx7 Energy Suspension Watts Link Bushing Kit (11.7102G),web,"PT462: urethane bushings and sleeves, 40.36 USD",https://www.atkinsrotary.com/79-85-rx7-energy-suspension-watts-link-bushing-kit-11-7102g-.html,html,secondary,no,,
S-450,Atkins Rotary - 79-85 Rx7 Energy Suspension Rear 4 Links Bushing Kit (11.3104G),web,"PT460, PT461: urethane bushings for all four links, 94 USD",https://atkinsrotary.com/store/79-85-rx7-energy-suspension-rear-4-links-bushing-kit-11-3104g-.html,html,secondary,no,,
S-451,Atkins Rotary - 81-85 Rx7 Front Top Strut Mount (FA01-34-390A),web,"PT508: 108 USD in stock, bearing ID 16.8 mm, replaces FA01-34-390",https://www.atkinsrotary.com/store/79-85-Rx7-Front-Top-Strut-Mount-FA01-34-390A.html,html,secondary,no,,
S-452,"Mazdatrix - Strut top mount, 81-85 RX7 (FA01-34-390A)",web,"PT508: genuine Mazda, 128.85 USD",https://mazdatrix.com/product/strut-top-mount-81-85/,html,secondary,no,,
S-453,"Mazdatrix - Strut top plate 5 mm, 79-85 height adjust",web,"PT508: adjusting plate 5 mm, 28.90 USD; listed as 1011-34-013; seller says 2-3 can stack per side",https://mazdatrix.com/product/strut-top-plate-5mm-79-85-height-adjust/,html,secondary,no,,
S-454,Atkins Rotary - 79-85 Rx7 Rear Upper Suspension Spring Seat (8871-28-013C),web,"PT456: 23.50 USD, replaces -013, -013A, -013B",https://www.atkinsrotary.com/79-85-Rx7-Rear-Suspension-Spring-Isolator-8871-28-013.html,html,secondary,no,,
S-455,Atkins Rotary - 79-85 Mazda Rx7 Suspension Bump Stops category,web,PT510: FA01-34-015 33 USD in stock; PT511: 8871-34-111A NLA,https://www.atkinsrotary.com/Suspension-and-Steering/Mazda-Shocks-and-Struts-and-Parts/Mazda-Suspension-Bump-Stops-and-Dust-Boots/79-85-Mazda-Rx7-Suspension-Bump-Stops/,html,secondary,no,,
S-456,"Mazdatrix - Strut boot, 81-85 RX7 front (FA01-34-015)",web,"PT510: genuine Mazda, 38.16 USD",https://mazdatrix.com/product/strut-boot-81-85-front/,html,secondary,no,,
S-457,Atkins Rotary - 79-85 Rx7 Rear End Link Bushing (0710-28-775),web,"PT468: 4.50 USD, eight per car",https://www.atkinsrotary.com/79-85-Rx7-Rear-End-Link-Bushing-0710-28-775.html,html,secondary,no,,
S-458,Atkins Rotary - 79-85 Rx7 End Link Bushing Washer (0223-28-776),web,"PT458: retainer 0223-28-776, 5.25 USD",https://www.atkinsrotary.com/79-85-Rx7-Front-End-Link-Bushing-Washer-0223-28-776.html,html,secondary,no,,
S-459,Atkins Rotary - 79-85 Rx7 Rear Suspension Lower Lateral Link (8871-28-300A),web,PT461: 187 USD in stock,https://www.atkinsrotary.com/79-85-Rx7-Rear-Lower-Suspension-Lateral-End-Link-8871-28-300A.html,html,secondary,no,,
S-460,Atkins Rotary - 79-85 Rx7 Racing Beat Spring Set (14080),web,"PT505, PT057: front 145 lb/in, rear 112 lb/in, 20% over stock, 1 in lower, 299.95 USD",https://www.atkinsrotary.com/79-85-Rx7-Racing-Beat-Spring-Set-14080.html,html,secondary,no,,
S-461,Mazdatrix - Sway Bar Parts category (79-85 RX-7 rows),web,"PT465: rear bushings 15 mm FA01-28-156 9.06 USD, 17 mm 8871-28-156 and 16 mm 8980-28-156 discontinued; PT468: 0710-28-775 5.15 USD, urethane 9.8123 31.79 USD",https://mazdatrix.com/product-category/suspension/anti-sway-bars/sway-bar-parts/,html,secondary,no,,
S-462,Mazdatrix - Front lower control arm ball joint 79-85 RX7 (8871-49-300),web,"PT514: press-in ball joint 8871-49-300, 49.74 USD, in stock; sold because the complete arms are discontinued; pairs with OEM bushing 8173-34-460B (27.55 USD) or urethane pair 11.3101 (21.67 USD)",https://mazdatrix.com/product/front-lower-control-arm-ball-joint-79-85/,html,secondary,no,,Read 2026-09-27.
S-463,Atkins Rotary - 79-85 Rx7 Front Right Control Arm (8871-49-310),web,"PT514: right arm 8871-49-310, 260 USD, out of stock, NLA from Mazda; also numbered FA54-49-310; shipping weight 4 lb, 18 x 8 x 8 in",https://www.atkinsrotary.com/79-85-Rx7-Right-Front-Control-Arm-8871-49-310.html,html,secondary,no,,Read 2026-09-27.
S-464,Atkins Rotary - 79-85 Rx7 Control Arms & Bushings category,web,"PT514: left arm 8871-49-320 250 USD out of stock, right 8871-49-310 260 USD out of stock, adjustable aftermarket arms 14006 995 USD out of stock; PT515: Energy Suspension bushing kit 11.3101G 12.50 USD in stock",https://www.atkinsrotary.com/Suspension-and-Steering/Mazda-Control-Arms/79-85-Rx7-Control-Arms-and-Bushings/,html,secondary,no,,Read 2026-09-27.
S-465,"Mazdatrix - Control arm bushing stock, 79-85 RX7 (8173-34-460B)",web,"PT515: OEM inner arm bushing 8173-34-460B, 27.55 USD, in stock; urethane pair 11.3101 offered beside it",https://mazdatrix.com/product/susp-bush-stock-79-85-control-arm/,html,secondary,no,,Read 2026-09-27.
S-466,"Mazdatrix - Boot ball joint, 79-85 RX7 control arm (8531-34-565)",web,"PT516: OEM ball joint boot 8531-34-565, 15.28 USD, in stock",https://mazdatrix.com/product/boot-ball-joint-79-85-control-arm/,html,secondary,no,,Read 2026-09-27.
S-467,Atkins Rotary - 79-85 Rx7 Front Suspension Tension Rod Bushing (8871-34-136B),web,"PT519: OEM tension rod bushing 8871-34-136B, 12.50 USD each, out of stock; two per side, four per car",https://www.atkinsrotary.com/79-85-rx7-front-suspension-tension-rod-bushing-8871-34-136b-.html,html,secondary,no,,Read 2026-09-27.
S-468,Atkins Rotary - 79-85 Rx7 Energy Suspension Front Tension/Strut Rod Bushing Kit (11.7101G),web,"PT519: polyurethane tension rod bushing kit ES-11.7101G, 23 USD, in stock, replaces the OEM rubber set",https://www.atkinsrotary.com/79-85-rx7-energy-suspension-front-tension-strut-rod-bushing-kit-11-7101g-.html,html,secondary,no,,Read 2026-09-27. URL corrected 2026-09-27 by the checker: the researched path (without energy-suspension-) returns 404.
S-469,Atkins Rotary - 79-85 Rx7 Racing Beat Front Sway Bar (14100),web,"PT521: Racing Beat replacement front bar RB-14100, 1.125 in OD, 229.95 USD, ships with urethane mounting bushings and lubricant, uses the stock sway bar links",https://www.atkinsrotary.com/79-85-Rx7-Racing-Beat-Front-Sway-Bar-14100.html,html,secondary,no,,Read 2026-09-27.
S-470,OverDosed Performance - Energy Suspension 79-85 Mazda RX7 23 mm front sway bar bushings (11.5101G),web,"PT523: Energy Suspension 11.5101G front bar bushing pair sized for a 23 mm bar, fits 1979-85 S/GS, 81-85 GSL, 84-85 GSL-SE; 21.77 CAD",https://odparts.ca/products/energy-suspension-79-85-mazda-rx7-black-23mm-front-sway-bar-bushings,html,secondary,no,,Read 2026-09-27.
S-471,RX7Club 1st-gen - Stock Swaybar Questions thread,forum,"PT521: front bar 23 mm per Energy Suspension, one member measured 24 mm; rear bar 8871-28-151A 18 mm on 81-82 per parts manual, FA01-28-151 15 mm on 83-85",https://www.rx7club.com/1st-generation-specific-1979-1985-18/stock-swaybar-questions-959237/,html,tertiary,no,,Read 2026-09-27.
S-472,Atkins Rotary - 79-85 Rx7 Front Sway Bar End Link Bolt (0603-34-157A),web,"PT524: end link bolt 0603-34-157A, 6.25 USD, in stock, Mazda; fits all 79-85 12A and 13B",https://www.atkinsrotary.com/79-85-Rx7-Front-Sway-Bar-End-Link-Bolt-0603-34-157A.html,html,secondary,no,,Read 2026-09-27.
S-473,Atkins Rotary - 79-85 Rx7 Front Sway Bar End Link Spacer (0603-34-158),web,"PT524: end link spacer 0603-34-158, 5.00 USD, in stock, Mazda",https://www.atkinsrotary.com/79-85-Rx7-Front-Sway-Bar-End-Link-Spacer-0603-34-158.html,html,secondary,no,,Read 2026-09-27.
S-474,Atkins Rotary - 79-85 Rx7 Energy Suspension Front/Rear Suspension End Link Set (9.8123G),web,"PT522/PT524: polyurethane end link set ES-9.8123G, 23.99 USD, two links for one bar with hardware; works with the stock bar and the Racing Beat front bar, not the Racing Beat rear bar 14102",https://www.atkinsrotary.com/79-85-rx7-front-rear-suspension-end-link-set-9-8123g-.html,html,secondary,no,,Read 2026-09-27.
S-475,Slime - Tubeless Tire Valves TR413 product page,web,"TR413 rim hole size, length, core type",https://slime.com/products/tire-valves-tr413-tubeless,html,secondary,no,,
S-476,SpeedyTire - Bridgestone Tempa Spare Tracompa T135/70D15 99M (138673),web,"T135/70D15 temporary spare load index/speed rating, availability",https://www.speedytire.com/tires/bridgestone/tempa-spare-tracompa/t135-70d15-138673,html,tertiary,no,,Out of stock when checked 2026-09-27
S-477,Atkins Rotary - 81-85 12A RX7 Lug Bolt 1029-33-165,web,Availability of wheel nut 1029-33-165,https://www.atkinsrotary.com/81-85-12A-Rx7-Lug-Bolt-1029-33-165.html,html,secondary,no,,"No longer available from Mazda; Atkins stocks from another source, USD 12.95 each"
S-478,American Wire Gauge table - resistance per 1000 ft and maximum amps for chassis wiring and power transmission,reference-site,"copper wire ampacity and resistance by AWG, the electrical checks' awg table",https://www.powerstream.com/Wire_Size.htm,html,secondary,yes,,"Read 2026-10-09. The chassis-wiring column is the page's own conservative figure for one wire in air, not in a bundle; the awg table derates it by 0.6 for a leg's bundle."
S-479,LMR36015-Q1 datasheet SNVSB49D,datasheet,"the ICU and DCU logic buck: pins, UVLO, input range, typical application",https://www.ti.com/lit/ds/symlink/lmr36015.pdf,pdf,primary,no,,"Registered 2026-10-09 (Y3): its pin table is in the electrical project's KiCad folder, pin_tables.csv, which the sheet check reads"
S-480,TPS54560B-Q1 datasheet SLVSDP8,datasheet,"the DCU servo-rail buck: DDA pinout, compensation",https://www.ti.com/lit/ds/symlink/tps54560b-q1.pdf,pdf,primary,no,,"Registered 2026-10-09 (Y3): its pin table is in the electrical project's KiCad folder, pin_tables.csv, which the sheet check reads"
S-481,INA180 datasheet SBOS741H,datasheet,"the DCU comfort-current shunt amplifier, pinout A",https://www.ti.com/lit/ds/symlink/ina180.pdf,pdf,primary,no,,"Registered 2026-10-09 (Y3): its pin table is in the electrical project's KiCad folder, pin_tables.csv, which the sheet check reads"
S-482,TCAN1042-Q1 datasheet SLLSES9D,datasheet,"both carriers' CAN transceiver, D package",https://www.ti.com/lit/ds/symlink/tcan1042-q1.pdf,pdf,primary,no,,"Registered 2026-10-09 (Y3): its pin table is in the electrical project's KiCad folder, pin_tables.csv, which the sheet check reads"
S-483,LM393 datasheet SLCS005AH,datasheet,the ICU tach comparator and the wake stages' LM2903 family,https://www.ti.com/lit/ds/symlink/lm393.pdf,pdf,primary,no,,"Registered 2026-10-09 (Y3): its pin table is in the electrical project's KiCad folder, pin_tables.csv, which the sheet check reads"
S-484,SN74LVC1G17 datasheet SCES351Y,datasheet,"the ICU road-speed Schmitt buffer, DBV",https://www.ti.com/lit/ds/symlink/sn74lvc1g17.pdf,pdf,primary,no,,"Registered 2026-10-09 (Y3): its pin table is in the electrical project's KiCad folder, pin_tables.csv, which the sheet check reads"
S-485,TCA9539-Q1 datasheet SCPS254D,datasheet,"the DCU I2C expander, PW package",https://www.ti.com/lit/ds/symlink/tca9539-q1.pdf,pdf,primary,no,,"Registered 2026-10-09 (Y3): its pin table is in the electrical project's KiCad folder, pin_tables.csv, which the sheet check reads"
S-486,DRV8962-Q1 datasheet SLVSHN2A,datasheet,"the DCU mirror driver: 44-pin HTSSOP pinout, VCC / MODE / OCPM / IPROPI",https://www.ti.com/lit/ds/symlink/drv8962-q1.pdf,pdf,primary,no,,"Registered 2026-10-09 (Y3): its pin table is in the electrical project's KiCad folder, pin_tables.csv, which the sheet check reads"
S-487,BTS3011TE datasheet Rev 1.0,datasheet,"the DCU low-side seat switches: TO-252-5 pins (3 OUT, 4 STATUS, 5 GND, tab OUT)",https://www.infineon.com/assets/row/public/documents/10/49/infineon-bts3011te-datasheet-en.pdf,pdf,primary,no,,"Registered 2026-10-09 (Y3): its pin table is in the electrical project's KiCad folder, pin_tables.csv, which the sheet check reads"
S-488,BTT6200-4ESA datasheet,datasheet,the DCU window command high-side quad: PG-TSDSO-24 pinout,https://www.infineon.com/assets/row/public/documents/10/49/infineon-btt6200-4esa-datasheet-en.pdf,pdf,primary,no,,"Registered 2026-10-09 (Y3): its pin table is in the electrical project's KiCad folder, pin_tables.csv, which the sheet check reads"
S-489,BTT6050-1ERA datasheet Rev 1.00,datasheet,the DCU mirror-heat high-side switch: PG-TSDSO-14 pinout,https://www.farnell.com/datasheets/2873425.pdf,pdf,primary,no,,"Registered 2026-10-09 (Y3): its pin table is in the electrical project's KiCad folder, pin_tables.csv, which the sheet check reads"
S-490,Seeed XIAO ESP32C3 schematic v1.3 and KiCad symbol,datasheet,"the ICU radio module: castellations 1-14, CHIP_EN only on back pad 17 (TP6), BOOT = GPIO9 = castellation 10",https://files.seeedstudio.com/wiki/XIAO_WiFi/Resources/XIAO_ESP32C3_v1.3_SCH_260116.pdf,pdf,primary,no,,"Registered 2026-10-09 (Y3): its pin table is in the electrical project's KiCad folder, pin_tables.csv, which the sheet check reads"
