id,stage,stage_title,item,owner,state,gate,note,reply,choices,unit,result,settles
V1,V,V What the Manual holds back,"Turn the Manual's held-back list (rx7.py export, manual) into one work row per fact: what to measure, read off the car or look up in a source, owner camden for anything on the car",agent,done,D-427,"D-427. The held-back list stays computed; each row here only says how the fact gets backed (R11: a measurement beats a document). Done 2026-09-25: stages A-K (is it on the car), M (measure), W (wiring), L (look up, agent).",,,,,
A1,A,A First look: optional equipment,"Is cruise control fitted? Look for a CRUISE switch on the dash or a SET/RESUME switch on the steering column, and an actuator with a cable to the throttle in the engine bay.",camden,done,,Whether the car has its cruise control is not recorded (K-009). Your answer settles 0 held parts: ,choice,fitted|not fitted,,,
A2,A,A First look: optional equipment,"Is there a wiper on the hatch glass, with a washer nozzle and a rear wiper switch on the dash?",camden,done,,"Whether the car has its rear wiper and washer is not recorded (K-010). Your answer settles 18 held parts: PT320 Rear wiper terminals, PT637 Rear wiper switch, PT688 Rear wiper motor, PT689 Rear wiper motor gear box, PT690 Rear wiper motor brush holder plate, PT691 Rear wiper motor brush, PT692 Rear wiper motor stator yoke, PT693 Rear wiper motor rotor (armature), PT694 Rear wiper motor parts set, PT695 Rear wiper arm, PT696 Rear wiper blade, PT697 Rear wiper blade refill, PT698 Rear washer tank assembly, PT699 Rear washer tank, PT700 Rear washer tank cap, PT701 Rear washer pump, PT702 Rear washer hose, PT703 Rear washer nozzle",choice,fitted|not fitted,,,
A3,A,A First look: optional equipment,"Is the radio antenna a motorised mast that goes up and down by itself (power antenna), or a fixed or manual mast?",camden,done,,"Whether the car has its power antenna is not recorded (K-011). Your answer settles 6 held parts: PT307 Power antenna relay, PT668 Power antenna, PT669 Antenna pole (mast), PT670 Antenna feeder cable, PT671 Antenna relay, PT672 Antenna bi-metal switch",choice,fitted|not fitted,,,
A4,A,A First look: optional equipment,"Are there headlamp washer jets or wipers at the headlamps, with a switch for them?",camden,done,,Whether the car has its headlamp cleaner is not recorded (K-012). Your answer settles 0 held parts: ,choice,fitted|not fitted,,,
B1,B,B In the engine bay,Is the Oil pan (PT077) on the car as described?,camden,open,,"What is uncertain: confirm: N201-10-700A is California, N203-10-700 Federal; Mazda number N201-10-700A N203-10-700; catalogue 1040A-1 EC-027-19 EC-027-20.",choice,"yes, as described|not on the car|different part",,,
B2,B,B In the engine bay,Is the Eccentric shaft (PT079) on the car as described?,camden,open,K9,"What is uncertain: End plug: confirm which is fitted, O-ring EC-029-05 (to Dec '81, serial to 629394) or blind plug EC-029-08 ('82, from 629394); Mazda number 1883-11-400A; catalogue 1100A-1 EC-029-04. Answering covers 2 held part(s) inside it: PT082, PT083",choice,"yes, as described|not on the car|different part",,,
B3,B,B In the engine bay,Is the Hot air duct (PT103) on the car as described?,camden,open,,What is uncertain: confirm whether it is still on the manifold Qty on the car: 1. Mazda number 1480-13-330; catalogue 1310A-1 EC-032-03.,choice,"yes, as described|not on the car|different part",,,
B4,B,B In the engine bay,Is the Fuel return check valve (PT120) on the car as described?,camden,open,,What is uncertain: confirm it survived the Weber conversion Mazda number 3648-13-270A; catalogue 1320A-1 EC-033-03.,choice,"yes, as described|not on the car|different part",,,
B5,B,B In the engine bay,"Is the Fuel hoses, engine bay (main and return) (PT121) on the car as described?",camden,open,,What is uncertain: confirm which sections the 3/8 in line (PT011) replaced. Mazda number 9935-80-8999 9935-80-69?? 9935-80-6999; catalogue 1320A-1 EC-033-09 EC-033-10 EC-033-04.,choice,"yes, as described|not on the car|different part",,,
B6,B,B In the engine bay,Is the Charcoal canister (PT124) on the car as described?,camden,open,,"What is uncertain: Recall campaign 21605 may apply - confirm whether it was done. Mazda number N201-20-610A; catalogue 1320A-1 EC-033-21. Answering covers 2 held part(s) inside it: PT125, PT163",choice,"yes, as described|not on the car|different part",,,
B7,B,B In the engine bay,Is the Air pump (PT149) on the car as described?,camden,open,,What is uncertain: Confirm it is still fitted: the Weber manifold may have dropped the air injection. Mazda number 1757-13-710B; catalogue 1371A-1 EC-040-12. Answering covers 1 held part(s) inside it: PT151,choice,"yes, as described|not on the car|different part",,,
B8,B,B In the engine bay,Is the Air control valve (PT152) on the car as described?,camden,open,,"What is uncertain: confirm which, and confirm it is still fitted: the Weber manifold may have dropped the air injection. Mazda number N201-13-720 N203-13-720; catalogue 1371A-1 EC-040-05 EC-040-06.",choice,"yes, as described|not on the car|different part",,,
B9,B,B In the engine bay,Is the Shutter valve actuator (diaphragm) (PT155) on the car as described?,camden,open,,What is uncertain: confirm it is still fitted: the Weber manifold may have dropped the air injection. Mazda number 1480-13-130A; catalogue 1380A-1 EC-041-04.,choice,"yes, as described|not on the car|different part",,,
B10,B,B In the engine bay,Is the Three-way solenoid valves (vacuum switching) (PT156) on the car as described?,camden,open,,What is uncertain: confirm fitted and which are still wired. Mazda number 1481-13-240A 1482-13-240A; catalogue 1380A-1 EC-041-11 EC-041-12.,choice,"yes, as described|not on the car|different part",,,
B11,B,B In the engine bay,Is the Emission vacuum pipe assembly (PT157) on the car as described?,camden,open,,What is uncertain: Confirm fitted Mazda number N201-13-650A; catalogue 1380A-1 EC-041-19. Answering covers 1 held part(s) inside it: PT158,choice,"yes, as described|not on the car|different part",,,
B12,B,B In the engine bay,Is the Vacuum actuator (PT159) on the car as described?,camden,open,,What is uncertain: Confirm fitted and what it drives on this car. Mazda number 3648-13-290 8871-13-296B; catalogue 1380A-1 EC-041-17 EC-041-18.,choice,"yes, as described|not on the car|different part",,,
B13,B,B In the engine bay,Is the Anti-afterburn valve (PT160) on the car as described?,camden,open,,What is uncertain: confirm fitted. Mazda number N201-13-750 N201-13-755 N201-13-756; catalogue 1380A-1 EC-041-22 EC-041-24 EC-041-25.,choice,"yes, as described|not on the car|different part",,,
B14,B,B In the engine bay,Is the Vacuum delay valve (PT161) on the car as described?,camden,open,,What is uncertain: Confirm fitted Mazda number N201-13-980A; catalogue 1380A-1 EC-041-28.,choice,"yes, as described|not on the car|different part",,,
B15,B,B In the engine bay,Is the Altitude compensator (PT162) on the car as described?,camden,open,,What is uncertain: it sat on the factory air cleaner - confirm whether it is still fitted. Mazda number N201-20-770A N249-20-770; catalogue 1380A-1 EC-041-29 EC-041-30.,choice,"yes, as described|not on the car|different part",,,
B16,B,B In the engine bay,Is the Accelerator cable (PT166) on the car as described?,camden,open,,What is uncertain: confirm it still works the Weber linkage or was replaced with the kit Mazda number FA01-41-660; catalogue 4160A-1 EC-106-05.,choice,"yes, as described|not on the car|different part",,,
B17,B,B In the engine bay,Is the Water pump baffle plate (PT187) on the car as described?,camden,open,K9,"What is uncertain: confirm: 0118-15-125 up to serial FB331 618134, N201-15-125A from 618135; Mazda number 0118-15-125 N201-15-125A; catalogue 1500A-1 EC-046-24 EC-046-25.",choice,"yes, as described|not on the car|different part",,,
B18,B,B In the engine bay,Is the A/C compressor bracket and strap (factory listing) (PT228) on the car as described?,camden,open,,What is uncertain: confirm: the '82 A/C package lists its own compressor mounting 0000-67-C10A-4A; Mazda number 8562-15-921 8562-15-908; catalogue 1580A-1 EC-049-03 EC-049-02.,choice,"yes, as described|not on the car|different part",,,
B19,B,B In the engine bay,Is the A/C compressor mounting and adjusting arms (PT229) on the car as described?,camden,open,,What is uncertain: Confirm against the factory bracket 8562-15-921 Mazda number 0000-67-C10A-4A 0000-67-C21A-4A 0000-67-C22A-4A 0000-67-C00A-4A; catalogue 6142AB-1 BI-087-02 BI-087-03 BI-087-04 BI-087-01 BI-087-06 BI-087-07 BI-087-08 BI-087-09 BI-087-10 BI-087-11 BI-087-12 BI-087-13 BI-087-14 BI-087-15 BI-087-16 BI-087-17 BI-087-18 BI-087-19.,choice,"yes, as described|not on the car|different part",,,
B20,B,B In the engine bay,Is the A/C receiver-drier (PT240) on the car as described?,camden,open,,What is uncertain: confirm where it is mounted Mazda number 0000-67-0440-53; catalogue 6132AB-1 BI-081-02 BI-081-09 BI-081-10 BI-081-11.,choice,"yes, as described|not on the car|different part",,,
B21,B,B In the engine bay,Is the Resistor on bracket (engine bay) (PT255) on the car as described?,camden,open,,What is uncertain: which circuit it serves is not stated on the figure - confirm on the car Qty on the car: 1. Mazda number 8871-18-195A; catalogue 1800A-1 EC-056-29.,choice,"yes, as described|not on the car|different part",,,
B22,B,B In the engine bay,Is the Distributor pick-up coil set (PT256) on the car as described?,camden,open,,What is uncertain: which is fitted is unknown - confirm Qty on the car: 1. Mazda number 8248-24-314 (alternative N236-24-314); catalogue 1820A-1 EC-057-10 EC-057-11.,choice,"yes, as described|not on the car|different part",,,
B23,B,B In the engine bay,Is the Distributor vacuum units (PT260) on the car as described?,camden,open,,"What is uncertain: With the Weber fitted, whether the vacuum units are still connected is unknown - confirm Qty on the car: 2. Mazda number 1480-24-350 (alternative 1480-24-350A) N201-24-351; catalogue 1820A-1 EC-057-16 EC-057-17 EC-057-18 1800A-1 EC-056-20.",choice,"yes, as described|not on the car|different part",,,
B24,B,B In the engine bay,Is the Distributor contact (PT263) on the car as described?,camden,open,,What is uncertain: confirm on the car. Mazda number 1757-24-302; catalogue 1820A-1 EC-057-22.,choice,"yes, as described|not on the car|different part",,,
B25,B,B In the engine bay,Is the Alternator rectifier (PT268) on the car as described?,camden,open,,What is uncertain: N221-24-510 by its D-code 24 510 - confirm the digit before ordering Qty on the car: 1. Mazda number N221-24-510; catalogue 1830A-1 EC-058-07.,choice,"yes, as described|not on the car|different part",,,
B26,B,B In the engine bay,Is the Coolant level sensor (PT292) on the car as described?,camden,open,,What is uncertain: Parent taken as the radiator (filler neck/top tank) - confirm where it sits Qty on the car: 1. Mazda number 8553-15-610B; catalogue 6600A-1 BI-095-03 BI-095-04.,choice,"yes, as described|not on the car|different part",,,
B27,B,B In the engine bay,Is the Temperature switch (PT294) on the car as described?,camden,open,,What is uncertain: whether it still does anything with the Weber is unknown - confirm Qty on the car: 1. Mazda number 8341-18-880; catalogue 6600A-1 BI-095-09.,choice,"yes, as described|not on the car|different part",,,
B28,B,B In the engine bay,Is the Thermo switch (18 890) (PT295) on the car as described?,camden,open,,What is uncertain: Where each sits and whether still wired with the Weber - confirm Mazda number N201-18-890 ?182-18-970A; catalogue 6600A-1 BI-095-10 BI-095-11.,choice,"yes, as described|not on the car|different part",,,
B29,B,B In the engine bay,Is the Engine harness fusible link (PT322) on the car as described?,camden,open,,What is uncertain: confirm on the car. Mazda number 8341-18-055; catalogue 6701A-1 BI-108-03.,choice,"yes, as described|not on the car|different part",,,
B30,B,B In the engine bay,Is the Short connector (PT324) on the car as described?,camden,open,,What is uncertain: which circuit it bridges - confirm Qty on the car: 1. Mazda number 8342-67-985; catalogue 6701A-1 BI-108-07.,choice,"yes, as described|not on the car|different part",,,
B31,B,B In the engine bay,Is the Steering gear fixing bracket (PT483) on the car as described?,camden,open,,"What is uncertain: Part number partly illegible in the catalogue (FA24-32-?20, likely FA24-32-420) - confirm before ordering Qty on the car: 1. Mazda number FA24-32-?20; catalogue 3210A-1 EC-094-27.",choice,"yes, as described|not on the car|different part",,,
B32,B,B In the engine bay,Is the Air injection check valve (PT544) on the car as described?,camden,open,,"What is uncertain: The Weber conversion may have removed or blocked the factory air injection - confirm what is on the car Qty on the car: 1. Mazda number N201-20-730; catalogue 4000A-1 EC-103-05. Answering covers 2 held part(s) inside it: PT545, PT546",choice,"yes, as described|not on the car|different part",,,
B33,B,B In the engine bay,Is the Pre-air pipe (PT547) on the car as described?,camden,open,,What is uncertain: The Weber conversion may have removed or blocked the factory air injection - confirm what is on the car Qty on the car: 1. Mazda number 1480-40-750; catalogue 4000A-2 EC-104-06.,choice,"yes, as described|not on the car|different part",,,
B34,B,B In the engine bay,Is the Brake booster vacuum hoses and pipes (PT567) on the car as described?,camden,open,,What is uncertain: PT012 records the vacuum lines as renewed - confirm whether any factory hose remains Qty on the car: 4. Mazda number G001-43-640 1480-43-830A 8871-43-836 FA01-43-840; catalogue 4340A-1 EC-110-06 EC-110-09 EC-110-10 EC-110-11.,choice,"yes, as described|not on the car|different part",,,
B35,B,B In the engine bay,"Is the Front splash shields, R and L (PT758) on the car as described?",camden,open,K10,"What is uncertain: fasteners B001-68-032 (colour variants 00 black, 08 white) and rivets (W023-67-056 from FB331 605980-, confirm by VIN serial): fastener B001-68-032 x2 (BI-042-36); Mazda number FA01-56-130 FA01-56-140; catalogue 5310A-1 BI-042-25 BI-042-26.",choice,"yes, as described|not on the car|different part",,,
B36,B,B In the engine bay,Is the Emission control label (PT973) on the car as described?,camden,open,,"What is uncertain: N223-69-036 California '82, N221-69-036 Federal '82 (N233-69-036 California, year not stated) - confirm which. Mazda number N223-69-036 or N221-69-036 or N233-69-036; catalogue 6930A-1 BI-131-12 BI-131-13 BI-131-15.",choice,"yes, as described|not on the car|different part",,,
B37,B,B In the engine bay,Is the Vacuum hose routing label (PT974) on the car as described?,camden,open,,What is uncertain: it may no longer match the car - confirm Qty on the car: 1. Mazda number N221-69-044; catalogue 6930A-1 BI-131-17.,choice,"yes, as described|not on the car|different part",,,
C1,C,C At the front end,Is the Engine oil cooler (PT198) on the car as described?,camden,open,,"What is uncertain: clip 3565-14-662A (oil group, where it holds is not stated - confirm) Mazda number 8871-14-700A; catalogue 1500A-1 EC-046-02 EC-046-01. Answering covers 1 held part(s) inside it: PT199",choice,"yes, as described|not on the car|different part",,,
C2,C,C At the front end,Is the Oscillator unit (PT305) on the car as described?,camden,open,,What is uncertain: function not stated on the figure - confirm Qty on the car: 1. Mazda number FA30-67-690 (alternative FA30-67-690A); catalogue 6630A-1 BI-101-14 BI-101-15.,choice,"yes, as described|not on the car|different part",,,
C3,C,C At the front end,Is the Front harness (PT309) on the car as described?,camden,open,K9,What is uncertain: VIN serial unknown - confirm Qty on the car: 1. Mazda number FA30-67-010D; catalogue 6700A-1 BI-107-22. Answering covers 1 held part(s) inside it: PT311,choice,"yes, as described|not on the car|different part",,,
C4,C,C At the front end,"Is the Headlamp assembly (halogen), R and L (PT589) on the car as described?",camden,open,,What is uncertain: confirm: whether the LED units sit in the factory buckets or replaced them Qty on the car: 2. Mazda number FA02-89-661 (R) FA02-89-666 (L); catalogue 5100A-1 BI-032-03 BI-032-04 BI-032-10 BI-032-06 BI-032-07 BI-032-01. Answering covers 1 held part(s) inside it: PT035,choice,"yes, as described|not on the car|different part",,,
C5,C,C At the front end,Is the Headlamp retractor relay (PT594) on the car as described?,camden,open,,What is uncertain: confirm: where the two relays are mounted Qty on the car: 2. Mazda number 8871-51-939; catalogue 5103A-1 BI-033-29.,choice,"yes, as described|not on the car|different part",,,
D1,D,D At the dash and console,Is the Heater control panel (PT215) on the car as described?,camden,open,K9,"What is uncertain: confirm: FA01-61-190 up to serial FB331 633360 (thru Jan 82), FA01-61-190A from 633361; Mazda number FA01-61-190 FA01-61-190A; catalogue 6100A-1 BI-075-10 BI-075-11; 6115A-1 BI-077-01 BI-077-02 BI-077-05 BI-077-06 BI-077-07 BI-077-09 BI-077-12 BI-077-13 BI-077-14 BI-077-15 BI-077-16 BI-077-17 BI-077-18 BI-077-19 BI-077-20. Answering covers 4 held part(s) inside it: PT216, PT218, PT219, PT220",choice,"yes, as described|not on the car|different part",,,
D2,D,D At the dash and console,Is the Blower fan wheel (PT223) on the car as described?,camden,open,01-electrical:S1 K9,"What is uncertain: read here as the fan wheel on the motor shaft - confirm. held by nut 3794-76-426 and washers 0866-76-475, 0866-76-476, listed up to serial FB331 618727 - confirm Mazda number 8871-76-456; catalogue 6120A-1 BI-078-09 BI-078-22 BI-078-25 BI-078-26.",choice,"yes, as described|not on the car|different part",,,
D3,D,D At the dash and console,Is the Central processing unit (warning and flasher control unit) (PT301) on the car as described?,camden,open,01-electrical:S1,What is uncertain: which the car has - confirm. Mazda number FA03-67-560 FA02-67-560; catalogue 6630A-1 BI-101-04 BI-101-05 BI-101-10 BI-101-08 BI-101-07 BI-101-09 BI-101-16. Answering covers 1 held part(s) inside it: PT303,choice,"yes, as described|not on the car|different part",,,
D4,D,D At the dash and console,Is the Lamp checker relay (PT304) on the car as described?,camden,open,01-electrical:S1,What is uncertain: Listed only for cars without the illuminated key and warning lamp option - confirm it is fitted Qty on the car: 1. Mazda number BE32-67-680A; catalogue 6630A-1 BI-101-13.,choice,"yes, as described|not on the car|different part",,,
D5,D,D At the dash and console,Is the Fuse block cover (PT311) on the car as described?,camden,open,,What is uncertain: read the maker off the block - confirm Qty on the car: 1. Mazda number FA01-66-731B FA01-66-732B; catalogue 6700A-1 BI-107-18 BI-107-19.,choice,"yes, as described|not on the car|different part",,,
D6,D,D At the dash and console,"Is the Steering wheel, 4-spoke (PT469) on the car as described?",camden,open,K10,What is uncertain: a leather wheel 8344-32-980B (00) was a GS option - confirm which is on the car. Mazda number 8180-32-980B (colour variant 00); catalogue 3200A-1 EC-093-16 EC-093-17 EC-093-18 EC-093-19.,choice,"yes, as described|not on the car|different part",,,
D7,D,D At the dash and console,Is the Steering column bushing (PT487) on the car as described?,camden,open,01-electrical:S1 K9,What is uncertain: 652106 on = 1244-32-071A - confirm the VIN serial. Mazda number 8182-32-071 8182-32-071A 1244-32-071A; catalogue 3210A-1 EC-094-01 EC-094-02 EC-094-03.,choice,"yes, as described|not on the car|different part",,,
D8,D,D At the dash and console,Is the Meter bulb socket (1316) (PT628) on the car as described?,camden,open,01-electrical:S1,What is uncertain: confirm: which socket takes which bulb Qty on the car: 9. Mazda number 1316-55-261; catalogue 5540A-1 BI-049-02.,choice,"yes, as described|not on the car|different part",,,
D9,D,D At the dash and console,Is the Meter bulb socket (3625) (PT629) on the car as described?,camden,open,01-electrical:S1,What is uncertain: confirm: which socket takes which bulb Qty on the car: 6. Mazda number 3625-55-261; catalogue 5540A-1 BI-049-03.,choice,"yes, as described|not on the car|different part",,,
D10,D,D At the dash and console,"Is the Radio, Clarion AM/FM full control (PT655) on the car as described?",camden,open,,"What is uncertain: confirm: whether the head unit fitted now is this factory radio S-001 p24 (G-04): switched feed LgW comes through the stereo/deck position G-03 from LR (X-04 20 A, ACC), illumination RG 3.4 W, LG to the power antenna relay; Mazda number 0000-81-481C; catalogue 6680A-1 BI-104-11 BI-104-17 BI-104-18. Answering covers 2 held part(s) inside it: PT657, PT666",choice,"yes, as described|not on the car|different part",,,
D11,D,D At the dash and console,"Is the Main amplifier, Clarion 5 W x 2 (PT660) on the car as described?",camden,open,01-electrical:S1,"What is uncertain: confirm: the factory amplifier behind the head unit is this one S-001 p24 (G-08): power L from connector G-07 (LR, X-04 20 A), outputs LR/LO to rear LH (G-09) and LW/LB to rear RH (G-10); Mazda number 0000-81-142C; catalogue 6680A-2 BI-105-03.",choice,"yes, as described|not on the car|different part",,,
D12,D,D At the dash and console,"Is the Front power amplifier, Clarion 25 W x 2 (PT661) on the car as described?",camden,open,01-electrical:S1,What is uncertain: confirm: the catalogue lists it for GS and GSL with no year and an -83 number; Mazda number 0000-81-0287-83; catalogue 6680A-2 BI-105-09.,choice,"yes, as described|not on the car|different part",,,
D13,D,D At the dash and console,Is the Ignition switch (PT708) on the car as described?,camden,open,K9,"What is uncertain: BA14-66-151A up to serial FB331 642149, BA24-66-155A from 642150: confirm which by the VIN serial Qty on the car: 1. Mazda number BA14-66-151A BA24-66-155A; catalogue 0900A-1 BI-025-11 BI-025-12.",choice,"yes, as described|not on the car|different part",,,
D14,D,D At the dash and console,Is the Dashboard crash pad (padded dash top) (PT823) on the car as described?,camden,open,K10,"What is uncertain: Colour not recorded - confirm on the car Qty on the car: 1. Mazda number FA01-60-350B (colour variants 00, 10, 29, 70, 81); catalogue 5560A-1 BI-051-08 BI-051-09 BI-051-10 BI-051-11 BI-051-12 BI-051-13.",choice,"yes, as described|not on the car|different part",,,
D15,D,D At the dash and console,Is the Dash upper garnish (windscreen base) (PT824) on the car as described?,camden,open,K10,"What is uncertain: Colour not recorded - confirm on the car Qty on the car: 1. Mazda number 8341-60-710A (colour variants 00, 01, 10, 28, 29, 81); catalogue 5560A-1 BI-051-22 BI-051-23 BI-051-24 BI-051-25 BI-051-26 BI-051-27 BI-051-28 BI-051-29 BI-051-30 BI-051-31 BI-051-32 BI-051-33 BI-051-34 BI-051-35 BI-051-36. Answering covers 1 held part(s) inside it: PT825",choice,"yes, as described|not on the car|different part",,,
D16,D,D At the dash and console,"Is the Dash side garnish, right (PT826) on the car as described?",camden,open,K10,"What is uncertain: Colour not recorded - confirm on the car Qty on the car: 1. Mazda number FA01-55-330A (colour variants 00, 10, 29, 70, 81); catalogue 5560A-1 BI-051-37 BI-051-38 BI-051-39 BI-051-40; 5560A-2 BI-052-01 BI-052-02.",choice,"yes, as described|not on the car|different part",,,
D17,D,D At the dash and console,"Is the Dash side garnish, left (PT827) on the car as described?",camden,open,K10,"What is uncertain: Colour not recorded - confirm on the car Qty on the car: 1. Mazda number FA01-55-340A (colour variants 00, 10, 29, 70, 81); catalogue 5560A-2 BI-052-03 BI-052-04 BI-052-05 BI-052-06 BI-052-07 BI-052-08.",choice,"yes, as described|not on the car|different part",,,
D18,D,D At the dash and console,Is the Glove box tray (PT830) on the car as described?,camden,open,K9,"What is uncertain: Also: stay 8871-64-162A, striker 8871-64-101, cushion rubbers x2 (0633-62-879 up to serial 608442, 0259-58-612 from 608443 - confirm by VIN serial) (BI-052-21, BI-052-19, BI-052-09, BI-052-10) Qty on the car: 1. Mazda number 8871-64-161B; catalogue 5560A-2 BI-052-09 BI-052-10 BI-052-19 BI-052-20 BI-052-21. Answering covers 1 held part(s) inside it: PT831",choice,"yes, as described|not on the car|different part",,,
D19,D,D At the dash and console,"Is the Glove side panel (lower dash, right) (PT834) on the car as described?",camden,open,K10,"What is uncertain: Colour not recorded - confirm on the car Qty on the car: 1. Mazda number FA01-55-310 (colour variants 00, 10, 29, 70, 81); catalogue 5500A-1 BI-047-23 BI-047-24 BI-047-25 BI-047-26 BI-047-27 BI-047-28.",choice,"yes, as described|not on the car|different part",,,
D20,D,D At the dash and console,Is the Lower dash switch panel (driver side) (PT835) on the car as described?,camden,open,K10,"What is uncertain: reads as 320A or 340A) - confirm from the part or a dealer lookup Qty on the car: 1. Mazda number FA01-55-3?0A (colour variants 00, 10, 29, 70, 81); catalogue 5500A-1 BI-047-29 BI-047-30 BI-047-31 BI-047-32 BI-047-33; 5500A-2 BI-048-01.",choice,"yes, as described|not on the car|different part",,,
D21,D,D At the dash and console,Is the Dash center panel (radio and heater control surround) (PT837) on the car as described?,camden,open,K10,"What is uncertain: FA01-55-210 is for cars without full control (to serial 633360), FA02-55-210 for cars with full control - confirm which is fitted (what the full-control option is is not stated in the catalogue) and the VIN serial Qty on the car: 1. Mazda number FA01-55-210 (colour variants 01) or FA02-55-210 (colour variants 01); catalogue 5500A-1 BI-047-05 BI-047-06 BI-047-07 BI-047-08.",choice,"yes, as described|not on the car|different part",,,
D22,D,D At the dash and console,Is the Front console (PT853) on the car as described?,camden,open,K10,"What is uncertain: Colour not recorded - confirm on the car Qty on the car: 1. Mazda number FA01-64-320B (colour variants 00, 10, 29, 70, 81); catalogue 5570A-1 BI-053-19 BI-053-20 BI-053-21 BI-053-22 BI-053-23 BI-053-24 BI-053-36 BI-053-37; 5570A-2 BI-054-24 BI-054-25 BI-054-26 BI-054-27 BI-054-28 BI-054-29. Answering covers 5 held part(s) inside it: PT857, PT858, PT859, PT860, PT864",choice,"yes, as described|not on the car|different part",,,
E1,E,E In the cabin,Is the Brake pedal (PT553) on the car as described?,camden,open,,What is uncertain: no 82 A/T GS entry - confirm the pedal on the car. Mazda number FA05-43-030; catalogue 4300A-1 EC-108-18 EC-108-20 EC-108-22 EC-108-25 EC-108-27 EC-108-04. Answering covers 1 held part(s) inside it: PT557,choice,"yes, as described|not on the car|different part",,,
E2,E,E In the cabin,Is the Parking lamp switch (PT645) on the car as described?,camden,open,,What is uncertain: confirm: what this switch senses and where it sits (it may be the parking-brake warning switch at the lever); Mazda number 8871-66-450; catalogue 6620A-1 BI-100-04.,choice,"yes, as described|not on the car|different part",,,
E3,E,E In the cabin,Is the Rear console (large type) (PT861) on the car as described?,camden,open,K10,"What is uncertain: Colour not recorded - confirm on the car Qty on the car: 1. Mazda number FA01-64-410C (colour variants 00, 10, 29, 70, 81); catalogue 5570A-2 BI-054-01 BI-054-02 BI-054-03 BI-054-04 BI-054-05 BI-054-06 BI-054-14; 5570A-1 BI-053-38. Answering covers 2 held part(s) inside it: PT862, PT863",choice,"yes, as described|not on the car|different part",,,
E4,E,E In the cabin,"Is the Seat cushion, right (PT879) on the car as described?",camden,open,K10,"What is uncertain: S & GS: cloth-velour FA07 or vinyl FA08 - confirm cloth-velour or vinyl, and the colour, on the car Qty on the car: 1. Mazda number FA07-88-110 (colour variants 00, 10, 70) or FA08-88-110 (colour variants 00, 70); catalogue 5700A-1 BI-056-15 BI-056-16 BI-056-17 BI-056-18 BI-056-19 BI-056-20 BI-056-21. Answering covers 2 held part(s) inside it: PT880, PT881",choice,"yes, as described|not on the car|different part",,,
E5,E,E In the cabin,"Is the Seat back, right (PT882) on the car as described?",camden,open,K10,"What is uncertain: S & GS: cloth-velour FA07 or vinyl FA08 - confirm cloth-velour or vinyl, and the colour, on the car Qty on the car: 1. Mazda number FA07-88-130 (colour variants 00, 10, 70) or FA08-88-130 (colour variants 00, 70); catalogue 5700A-2 BI-057-14 BI-057-15 BI-057-16 BI-057-17 BI-057-18 BI-057-19 BI-057-20. Answering covers 2 held part(s) inside it: PT883, PT884",choice,"yes, as described|not on the car|different part",,,
E6,E,E In the cabin,"Is the Seat recliner knuckle, right (PT885) on the car as described?",camden,open,,"What is uncertain: First number is used with a knuckle cover, second without - confirm. Mazda number 8183-88-101 or 8531-88-101; catalogue 5700A-1 BI-056-01 BI-056-04 BI-056-05 BI-056-12 BI-056-13; 5700A-2 BI-057-11. Answering covers 2 held part(s) inside it: PT886, PT887",choice,"yes, as described|not on the car|different part",,,
E7,E,E In the cabin,"Is the Seat cushion, left (PT892) on the car as described?",camden,open,K10,"What is uncertain: S & GS: cloth-velour FA07 or vinyl FA08 - confirm cloth-velour or vinyl, and the colour, on the car Qty on the car: 1. Mazda number FA07-88-160 (colour variants 00, 10, 70) or FA08-88-160 (colour variants 00, 70); catalogue 5700A-3 BI-058-10 BI-058-11 BI-058-12 BI-058-13 BI-058-14 BI-058-15 BI-058-16. Answering covers 2 held part(s) inside it: PT893, PT894",choice,"yes, as described|not on the car|different part",,,
E8,E,E In the cabin,"Is the Seat back, left (PT895) on the car as described?",camden,open,K10,"What is uncertain: S & GS: cloth-velour FA07 or vinyl FA08 - confirm cloth-velour or vinyl, and the colour, on the car Qty on the car: 1. Mazda number FA07-88-180 (colour variants 00, 10, 70) or FA08-88-180 (colour variants 00, 70); catalogue 5700A-4 BI-059-09 BI-059-10 BI-059-11 BI-059-12 BI-059-13 BI-059-14 BI-059-15. Answering covers 2 held part(s) inside it: PT896, PT897",choice,"yes, as described|not on the car|different part",,,
E9,E,E In the cabin,"Is the Seat recliner knuckle, left (PT898) on the car as described?",camden,open,,"What is uncertain: First number is used with a knuckle cover, second without - confirm Qty on the car: 1. Mazda number FA09-88-151 or 8532-88-151; catalogue 5700A-3 BI-058-06 BI-058-07. Answering covers 2 held part(s) inside it: PT899, PT900",choice,"yes, as described|not on the car|different part",,,
E10,E,E In the cabin,"Is the Front seat belt assembly, right (PT904) on the car as described?",camden,open,K10,"What is uncertain: colour black, wine/red, brown or tan/black - confirm the colour and VIN serial Qty on the car: 1. Mazda number FA30-57-610 (colour variants 00, 12, 24, 29); catalogue 5790A-1 BI-066-15 BI-066-16 BI-066-17 BI-066-18 BI-066-19. Answering covers 2 held part(s) inside it: PT905, PT906",choice,"yes, as described|not on the car|different part",,,
E11,E,E In the cabin,"Is the Front seat belt assembly, left (PT907) on the car as described?",camden,open,K10,"What is uncertain: confirm the colour and VIN serial Qty on the car: 1. Mazda number FA30-57-670 (colour variants 0?, 12, 24, 29); catalogue 5790A-1 BI-066-38 BI-066-39 BI-066-40; 5790A-2 BI-067-01 BI-067-02. Answering covers 2 held part(s) inside it: PT908, PT909",choice,"yes, as described|not on the car|different part",,,
E12,E,E In the cabin,Is the Headliner (ceiling top) (PT916) on the car as described?,camden,open,,"What is uncertain: The catalogue lists only the '81 normal-roof headliner (FA01-68-030C) and the sunroof one - confirm the roof type and the headliner fitted. Mazda number -; catalogue 6800A-3 BI-120-02 BI-120-04 BI-120-05. Answering covers 3 held part(s) inside it: PT917, PT918, PT919",choice,"yes, as described|not on the car|different part",,,
E13,E,E In the cabin,"Is the Front pillar trim, right (PT920) on the car as described?",camden,open,K10,"What is uncertain: Colour not recorded - confirm on the car Qty on the car: 1. Mazda number FA01-68-710 (colour variants 00, 11, 29, 70); catalogue 6800A-1 BI-118-38 BI-118-39 BI-118-40; 6800A-2 BI-119-01 BI-119-02 BI-119-04 BI-119-05 BI-119-06.",choice,"yes, as described|not on the car|different part",,,
E14,E,E In the cabin,"Is the Front pillar trim, left (PT921) on the car as described?",camden,open,K10,"What is uncertain: Colour not recorded - confirm on the car Qty on the car: 1. Mazda number FA01-68-190 (colour variants 00, 11, 29, 70); catalogue 6800A-2 BI-119-07 BI-119-08 BI-119-09 BI-119-10 BI-119-11.",choice,"yes, as described|not on the car|different part",,,
E15,E,E In the cabin,"Is the Center pillar trim, right (68 110A) (PT922) on the car as described?",camden,open,K10,"What is uncertain: Colour not recorded - confirm on the car Qty on the car: 1. Mazda number FA01-68-110A (colour variants 00, 11, 29, 70); catalogue 6800A-1 BI-118-28 BI-118-29 BI-118-30 BI-118-31 BI-118-32.",choice,"yes, as described|not on the car|different part",,,
E16,E,E In the cabin,"Is the Center pillar trim, left (68 120C) (PT923) on the car as described?",camden,open,K10,"What is uncertain: Colour not recorded - confirm on the car Qty on the car: 1. Mazda number FA01-68-120A (colour variants 00, 11, 29, 70); catalogue 6800A-1 BI-118-33 BI-118-34 BI-118-35 BI-118-36 BI-118-37.",choice,"yes, as described|not on the car|different part",,,
E17,E,E In the cabin,"Is the Center pillar trim, right (68 221) (PT924) on the car as described?",camden,open,K10,"What is uncertain: Colour not recorded - confirm on the car Qty on the car: 1. Mazda number 8871-68-221A (colour variants 00, 11, 29, 70); catalogue 6800A-2 BI-119-17 BI-119-18 BI-119-19 BI-119-20 BI-119-21.",choice,"yes, as described|not on the car|different part",,,
E18,E,E In the cabin,"Is the Center pillar trim, left (68 241) (PT925) on the car as described?",camden,open,K10,"What is uncertain: Colour not recorded - confirm on the car Qty on the car: 1. Mazda number 8871-68-241A (colour variants 00, 11, 29, 70); catalogue 6800A-2 BI-119-27 BI-119-28 BI-119-29 BI-119-30 BI-119-31.",choice,"yes, as described|not on the car|different part",,,
E19,E,E In the cabin,"Is the Center trim garnish, right (PT926) on the car as described?",camden,open,K10,"What is uncertain: Colour not recorded - confirm on the car Qty on the car: 1. Mazda number FA01-68-981 (colour variants 00, 11, 29, 70); catalogue 6800A-2 BI-119-12 BI-119-13 BI-119-14 BI-119-15 BI-119-16.",choice,"yes, as described|not on the car|different part",,,
E20,E,E In the cabin,"Is the Center trim garnish, left (PT927) on the car as described?",camden,open,K10,"What is uncertain: Colour not recorded - confirm on the car Qty on the car: 1. Mazda number FA01-68-991 (colour variants 00, 11, 29, 70); catalogue 6800A-2 BI-119-22 BI-119-23 BI-119-24 BI-119-25 BI-119-26.",choice,"yes, as described|not on the car|different part",,,
E21,E,E In the cabin,"Is the Front side trim (kick panel), right (PT930) on the car as described?",camden,open,K10,"What is uncertain: Colour not recorded - confirm on the car Qty on the car: 1. Mazda number FA03-68-370 (colour variants 12, 72, 77, 85); catalogue 6840A-1 BI-122-01 BI-122-03 BI-122-04 BI-122-05 BI-122-06 BI-122-07.",choice,"yes, as described|not on the car|different part",,,
E22,E,E In the cabin,"Is the Front side trim (kick panel), left (PT931) on the car as described?",camden,open,K10,"What is uncertain: Colour not recorded - confirm on the car Qty on the car: 1. Mazda number FA03-68-390 (colour variants 12, 72, 77, 85); catalogue 6840A-1 BI-122-13 BI-122-14 BI-122-15 BI-122-16 BI-122-17.",choice,"yes, as described|not on the car|different part",,,
E23,E,E In the cabin,"Is the Quarter trim, right (PT932) on the car as described?",camden,open,K10,"What is uncertain: Vinyl FA01-68-520D or leather FA04-68-520D - confirm the material and colour Qty on the car: 1. Mazda number FA01-68-520D (colour variants 01, 10, 70) or FA04-68-520D (colour variants 10, 29, 70); catalogue 6840A-1 BI-122-23 BI-122-24 BI-122-25 BI-122-26 BI-122-28 BI-122-29 BI-122-30 BI-122-31.",choice,"yes, as described|not on the car|different part",,,
E24,E,E In the cabin,"Is the Quarter trim, left (PT933) on the car as described?",camden,open,K10,"What is uncertain: Vinyl FA01-68-550D, cloth FA02-68-550E or leather FA04-68-550D - confirm the material and colour Qty on the car: 1. Mazda number FA01-68-550D (colour variants 01, 10, 70) or FA02-68-550E (colour variants 00, 10, 70) or FA04-68-550D (colour variants 10, 70); catalogue 6840A-1 BI-122-32 BI-122-33 BI-122-34 BI-122-35 BI-122-36 BI-122-37 BI-122-38 BI-122-39 BI-122-40; 6840A-2 BI-123-01 BI-123-02.",choice,"yes, as described|not on the car|different part",,,
E25,E,E In the cabin,"Is the Front scuff plate, right (PT934) on the car as described?",camden,open,K10,"What is uncertain: Colour not recorded - confirm on the car Qty on the car: 1. Mazda number 8871-68-710 (colour variants 00, 10, 29, 70); catalogue 6840A-2 BI-123-03 BI-123-04 BI-123-05 BI-123-06 BI-123-07.",choice,"yes, as described|not on the car|different part",,,
E26,E,E In the cabin,"Is the Front scuff plate, left (PT935) on the car as described?",camden,open,K10,"What is uncertain: Colour not recorded - confirm on the car Qty on the car: 1. Mazda number 8871-68-720 (colour variants 00, 10, 29, 70); catalogue 6840A-2 BI-123-08 BI-123-09 BI-123-10 BI-123-11 BI-123-12.",choice,"yes, as described|not on the car|different part",,,
E27,E,E In the cabin,Is the Front floor carpet (PT944) on the car as described?,camden,open,K10,"What is uncertain: Confirm the colour Qty on the car: 1. Mazda number FA01-68-671B (colour variants 00, 11, 70); catalogue 6860A-1 BI-125-08 BI-125-09 BI-125-10 BI-125-11; 6860A-2 BI-126-01 BI-126-02.",choice,"yes, as described|not on the car|different part",,,
E28,E,E In the cabin,Is the Rear floor carpet (PT945) on the car as described?,camden,open,K10,"What is uncertain: FA02-68-677A with the small rear console, FA03-68-677 with the large one - confirm the console and colour Qty on the car: 1. Mazda number FA02-68-677A (colour variants 00, 11, 70, 72) or FA03-68-677 (colour variants 00, 11, 70, 72); catalogue 6860A-1 BI-125-16 BI-125-17 BI-125-18 BI-125-19 BI-125-20 BI-125-25 BI-125-26 BI-125-27 BI-125-28 BI-125-29.",choice,"yes, as described|not on the car|different part",,,
E29,E,E In the cabin,Is the Coat hanger (PT952) on the car as described?,camden,open,K10,What is uncertain: Two numbers listed (0376-69-941 and 0376-69-941B) - confirm which is fitted Qty on the car: 1. Mazda number 0376-69-941 (colour variants 01) or 0376-69-941B (colour variants 01); catalogue 6900A-3 BI-130-18 BI-130-19 BI-130-20 BI-130-21; 6900A-1 BI-128-08 BI-128-09 BI-128-10 BI-128-11 BI-128-12.,choice,"yes, as described|not on the car|different part",,,
E30,E,E In the cabin,"Is the Sun visor, right (PT955) on the car as described?",camden,open,K10,"What is uncertain: Colour not recorded - confirm on the car Qty on the car: 1. Mazda number 8341-69-270 (colour variants 02, 10, 28, 70); catalogue 6900A-2 BI-129-12 BI-129-13 BI-129-14 BI-129-15 BI-129-16.",choice,"yes, as described|not on the car|different part",,,
E31,E,E In the cabin,"Is the Sun visor, left (PT956) on the car as described?",camden,open,K10,"What is uncertain: Colour not recorded - confirm on the car Qty on the car: 1. Mazda number 8341-69-320 (colour variants 02, 10, 28, 70); catalogue 6900A-2 BI-129-24 BI-129-25 BI-129-26 BI-129-27 BI-129-28.",choice,"yes, as described|not on the car|different part",,,
E32,E,E In the cabin,Is the Interior mirror lamp bulb (12V 5W per catalogue) (PT962) on the car as described?,camden,open,,What is uncertain: which lamp takes it is not stated - confirm Qty on the car: 1. Mazda number 0000-11-0194; catalogue 6900A-2 BI-129-07.,choice,"yes, as described|not on the car|different part",,,
F1,F,F At the doors,Is the Door reflector (PT735) on the car as described?,camden,open,,What is uncertain: which door or both: confirm on the car Qty on the car: 1. Mazda number 1243-51-545; catalogue 5170A-1 BI-039-01.,choice,"yes, as described|not on the car|different part",,,
F2,F,F At the doors,"Is the Door outer panels, R and L (PT795) on the car as described?",camden,open,,"What is uncertain: R 8981-58-020E as printed (8871-58-020E by pattern: confirm), L 8871-59-020E Qty on the car: 2. Mazda number 8981-58-020E 8871-59-020E; catalogue 5800A-1 BI-068-04 BI-068-05.",choice,"yes, as described|not on the car|different part",,,
F3,F,F At the doors,Is the Door seaming welt (PT798) on the car as described?,camden,open,K10,"What is uncertain: Colour variant (01 black, 12 red, 29 tan, 34 brown) follows the trim colour: confirm on the car. Mazda number FA02-68-911 (colour variants 01, 12, 29, 34); catalogue 5800A-1 BI-068-11.",choice,"yes, as described|not on the car|different part",,,
F4,F,F At the doors,Is the Door inner handle covers (PT804) on the car as described?,camden,open,K10,"What is uncertain: Colour variant (00 black, 12 red, 27 brown, 29 tan) follows the trim colour: confirm on the car. Mazda number 8116-58-303 (colour variants 00, 12, 27, 29); catalogue 5830A-1 BI-069-07.",choice,"yes, as described|not on the car|different part",,,
F5,F,F At the doors,Is the Window crank handles (PT808) on the car as described?,camden,open,K10,"What is uncertain: Colour variant (02 black, 12 red, 27 brown, 29 tan) follows the trim colour: confirm on the car. Mazda number 8038-58-580A (colour variants 02, 12, 27, 29); catalogue 5830A-1 BI-069-19. Answering covers 2 held part(s) inside it: PT809, PT810",choice,"yes, as described|not on the car|different part",,,
F6,F,F At the doors,"Is the Door trim panel, right (PT910) on the car as described?",camden,open,K10,"What is uncertain: Vinyl FA01-68-420D or cloth FA02-68-420D (FA01-68-420A also listed) - confirm the material and colour. Mazda number FA01-68-420A (colour variants 10) or FA01-68-420D (colour variants 00, 10, 70) or FA02-68-420D (colour variants 00, 10, 70); catalogue 5840A-1 BI-072-03 BI-072-04 BI-072-05 BI-072-06 BI-072-07 BI-072-08 BI-072-09 BI-072-10 BI-072-11 BI-072-12 BI-072-13 BI-072-14. Answering covers 1 held part(s) inside it: PT912",choice,"yes, as described|not on the car|different part",,,
F7,F,F At the doors,"Is the Door trim panel, left (PT911) on the car as described?",camden,open,K10,"What is uncertain: Vinyl FA01-68-450D or cloth FA02-68-450D - confirm the material and colour Qty on the car: 1. Mazda number FA01-68-450D (colour variants 00, 10, 70) or FA02-68-450D (colour variants 00, 10, 70); catalogue 5840A-1 BI-072-32 BI-072-33 BI-072-34 BI-072-35; 5840A-2 BI-073-01 BI-073-02 BI-073-03 BI-073-04. Answering covers 1 held part(s) inside it: PT913",choice,"yes, as described|not on the car|different part",,,
G1,G,G In the hatch and cargo area,Is the Rear defogger cord (PT319) on the car as described?,camden,open,,What is uncertain: whether the car has a rear wiper - confirm Qty on the car: 1. Mazda number 8341-67-051A; catalogue 6700A-1 BI-107-25 BI-107-27.,choice,"yes, as described|not on the car|different part",,,
G2,G,G In the hatch and cargo area,Is the Rear spoiler (PT743) on the car as described?,camden,open,K9,"What is uncertain: Protectors FA16-51-966 x6 listed from FB331 507335-: fitted or not by VIN serial, confirm. Mazda number FA16-51-960B; catalogue 5180A-1 BI-040-12.",choice,"yes, as described|not on the car|different part",,,
G3,G,G In the hatch and cargo area,"Is the Back door (hatch) hinges, R and L (PT811) on the car as described?",camden,open,K11,"What is uncertain: L number partly blank in the scan (887?-??-210B, likely 8871-63-210B): confirm before ordering. Mazda number 8871-62-210B 887?-??-210B; catalogue 6230A-1 BI-092-03 BI-092-22.",choice,"yes, as described|not on the car|different part",,,
G4,G,G In the hatch and cargo area,Is the Back door remote control opener (PT813) on the car as described?,camden,open,,What is uncertain: whether this is the same unit as the hatch release solenoid PT030 or the cable opener it drives: confirm Qty on the car: 1. Mazda number 8341-62-315; catalogue 6230A-1 BI-092-10.,choice,"yes, as described|not on the car|different part",,,
G5,G,G In the hatch and cargo area,"Is the Rear pillar trim, right (PT928) on the car as described?",camden,open,K10,"What is uncertain: Colour not recorded - confirm on the car Qty on the car: 1. Mazda number 8871-68-271A (colour variants 00, 11, 29, 70); catalogue 6800A-2 BI-119-32 BI-119-33 BI-119-34 BI-119-35 BI-119-36.",choice,"yes, as described|not on the car|different part",,,
G6,G,G In the hatch and cargo area,"Is the Rear pillar trim, left (PT929) on the car as described?",camden,open,K10,"What is uncertain: Colour not recorded - confirm on the car Qty on the car: 1. Mazda number 8871-68-291A (colour variants 00, 11, 29, 70); catalogue 6800A-2 BI-119-37 BI-119-38 BI-119-39 BI-119-40; 6800A-3 BI-120-01.",choice,"yes, as described|not on the car|different part",,,
G7,G,G In the hatch and cargo area,"Is the Wheel-arch trim (tire house), right (PT936) on the car as described?",camden,open,K10,"What is uncertain: Colour not recorded - confirm on the car Qty on the car: 1. Mazda number 8871-68-770 (colour variants 00, 11, 29, 70); catalogue 6840A-2 BI-123-13 BI-123-14 BI-123-15 BI-123-16 BI-123-17.",choice,"yes, as described|not on the car|different part",,,
G8,G,G In the hatch and cargo area,"Is the Wheel-arch trim (tire house), left (PT937) on the car as described?",camden,open,K10,"What is uncertain: Colour not recorded - confirm on the car Qty on the car: 1. Mazda number 8871-68-790 (colour variants 00, 11, 29, 70); catalogue 6840A-2 BI-123-18 BI-123-19 BI-123-20 BI-123-21 BI-123-22.",choice,"yes, as described|not on the car|different part",,,
G9,G,G In the hatch and cargo area,"Is the Cargo side trim, right (PT938) on the car as described?",camden,open,K10,"What is uncertain: Colour not recorded - confirm on the car Qty on the car: 1. Mazda number 8871-68-861A (colour variants 00, 11, 29, 70); catalogue 6840A-2 BI-123-23 BI-123-24 BI-123-25 BI-123-26 BI-123-27 BI-123-28 BI-123-29 BI-123-30 BI-123-31 BI-123-32; 6840A-3 BI-124-09.",choice,"yes, as described|not on the car|different part",,,
G10,G,G In the hatch and cargo area,"Is the Cargo side trim, left (PT939) on the car as described?",camden,open,K10,"What is uncertain: Colour not recorded - confirm on the car Qty on the car: 1. Mazda number 8871-68-871A (colour variants 00, 11, 29, 70); catalogue 6840A-2 BI-123-33 BI-123-34 BI-123-35 BI-123-36 BI-123-37.",choice,"yes, as described|not on the car|different part",,,
G11,G,G In the hatch and cargo area,Is the Cargo end trim (PT940) on the car as described?,camden,open,K10,"What is uncertain: 1480-68-890C with the cargo lamp, 8341-68-890C without - confirm whether a cargo lamp is fitted Qty on the car: 1. Mazda number 1480-68-890C (colour variants 00, 11, 29, 70) or 8341-68-890C (colour variants 00, 11, 29, 70); catalogue 6840A-2 BI-123-38 BI-123-39; 6840A-3 BI-124-01 BI-124-02 BI-124-03 BI-124-04 BI-124-05 BI-124-06 BI-124-07 BI-124-08.",choice,"yes, as described|not on the car|different part",,,
G12,G,G In the hatch and cargo area,Is the Cargo floor mat (PT946) on the car as described?,camden,open,K10,"What is uncertain: Colour not recorded - confirm on the car Qty on the car: 1. Mazda number FA01-68-695C (colour variants 11, 77, 85); catalogue 6860A-1 BI-125-30 BI-125-31 BI-125-32 BI-125-33 BI-125-34 BI-125-35.",choice,"yes, as described|not on the car|different part",,,
G13,G,G In the hatch and cargo area,Is the Storage boxes (behind the seats) (PT949) on the car as described?,camden,open,K10,"What is uncertain: Colour not recorded - confirm on the car Qty on the car: 2. Mazda number FA01-69-760 (colour variants 00, 11, 29, 70); catalogue 6900A-3 BI-130-07 BI-130-08 BI-130-09 BI-130-10 BI-130-11 BI-130-17. Answering covers 1 held part(s) inside it: PT951",choice,"yes, as described|not on the car|different part",,,
G14,G,G In the hatch and cargo area,Is the Cargo room strap A (PT953) on the car as described?,camden,open,K10,"What is uncertain: Colour not recorded - confirm on the car Qty on the car: 1. Mazda number 8341-69-570 (colour variants 00, 10, 20, 29); catalogue 6900A-2 BI-129-29 BI-129-30 BI-129-31 BI-129-32; 6900A-3 BI-130-01.",choice,"yes, as described|not on the car|different part",,,
G15,G,G In the hatch and cargo area,Is the Cargo room strap B (PT954) on the car as described?,camden,open,K10,"What is uncertain: Colour not recorded - confirm on the car Qty on the car: 1. Mazda number 8341-69-580 (colour variants 00, 10, 20, 29); catalogue 6900A-3 BI-130-02 BI-130-03 BI-130-04 BI-130-05 BI-130-06.",choice,"yes, as described|not on the car|different part",,,
H1,H,H At the rear end,"Is the Quarter panels, R and L (PT768) on the car as described?",camden,open,K11,"What is uncertain: Suffix letter unreadable in the scan (FA01-70-100?, FA01-71-100?): confirm the current number before ordering Qty on the car: 2. Mazda number FA01-70-100 FA01-71-100; catalogue 5340A-1 BI-044-05 BI-044-19.",choice,"yes, as described|not on the car|different part",,,
H2,H,H At the rear end,Is the Fuel label (PT972) on the car as described?,camden,open,K10,"What is uncertain: Colour black or white - confirm Qty on the car: 1. Mazda number FA01-69-065 (colour variants 00, 01); catalogue 6930A-1 BI-131-07 BI-131-08 BI-131-09.",choice,"yes, as described|not on the car|different part",,,
I1,I,I Under the car (on stands),Is the Transmission mount member (PT117) on the car as described?,camden,open,I0,What is uncertain: the catalogue row carries no description - confirm what it is on the car Qty on the car: 1. Mazda number 1481-39-380B; catalogue 3900A-1 EC-102-08. Answering covers 1 held part(s) inside it: PT119,choice,"yes, as described|not on the car|different part",,,
I2,I,I Under the car (on stands),Is the Fuel cut valve (factory) (PT180) on the car as described?,camden,open,I0,What is uncertain: confirm whether the fuel cut-off PT010 is this valve or a separate part. Mazda number 3919-45-170A; catalogue 4500A-1 EC-114-15.,choice,"yes, as described|not on the car|different part",,,
I3,I,I Under the car (on stands),Is the Inhibitor switch (neutral safety and reverse lamp) (PT298) on the car as described?,camden,open,I0 K11,What is uncertain: First digit unreadable in the scan (likely 8872-19-444B) - confirm before ordering Qty on the car: 1. Mazda number ?872-19-444B; catalogue 6600A-1 BI-095-20.,choice,"yes, as described|not on the car|different part",,,
I4,I,I Under the car (on stands),Is the Band anchor-end bolt (band adjuster) (PT342) on the car as described?,camden,open,I0,"What is uncertain: lock washer 0338-19-388A and nut 0338-19-389 (confirm these two belong to the anchor bolt, not the servo stem) Mazda number 1758-19-341; catalogue 1920A-1 EC-064-08 EC-064-16 EC-064-17.",choice,"yes, as described|not on the car|different part",,,
I5,I,I Under the car (on stands),Is the Speedometer driven gear (PT346) on the car as described?,camden,open,I0 K9,"What is uncertain: confirm the transmission serial on its plate is 500076 or later, else the earlier gear is fitted Mazda number 8057-17-441C; catalogue 1920A-1 EC-064-26.",choice,"yes, as described|not on the car|different part",,,
I6,I,I Under the car (on stands),Is the Vacuum diaphragm rod (selective length) (PT355) on the car as described?,camden,open,I0,What is uncertain: confirm the fitted length by measuring when the diaphragm is out Mazda number 0338-19-828 0338-19-829 0338-19-825 0338-19-827 0338-19-826 FT01-19-824; catalogue 1920A-1 1920A-2 EC-064-39 EC-064-40 EC-065-01 EC-065-02 EC-065-03 EC-065-04.,choice,"yes, as described|not on the car|different part",,,
I7,I,I Under the car (on stands),Is the Front clutch retaining plate (selective) (PT369) on the car as described?,camden,open,I0,What is uncertain: confirm fitted thickness at teardown. Mazda number 3959-19-503 3959-19-504 3959-19-505 3959-19-506 3959-19-507 3959-19-508 3959-19-509; catalogue 1930A-1 EC-066-14 EC-066-15 EC-066-16 EC-066-17 EC-066-18 EC-066-19 EC-066-20 EC-066-21.,choice,"yes, as described|not on the car|different part",,,
I8,I,I Under the car (on stands),"Is the Pump cover thrust race (selective, end play) (PT380) on the car as described?",camden,open,I0,What is uncertain: confirm fitted thickness at teardown Mazda number 0338-19-631 0338-19-632 0338-19-633 0338-19-634 0338-19-635 0338-19-636; catalogue 1930A-1 1930A-2 EC-066-40 EC-067-01 EC-067-02 EC-067-03 EC-067-04 EC-067-05.,choice,"yes, as described|not on the car|different part",,,
I9,I,I Under the car (on stands),Is the Front clutch thrust washer (selective) (PT381) on the car as described?,camden,open,I0,What is uncertain: confirm fitted thickness at teardown Mazda number 0338-19-648 0338-19-646 0338-19-647 0338-19-641 0338-19-642 0338-19-643 0338-19-644 0338-19-645; catalogue 1930A-2 EC-067-08 EC-067-09 EC-067-10 EC-067-11 EC-067-12 EC-067-13 EC-067-14 EC-067-15.,choice,"yes, as described|not on the car|different part",,,
I10,I,I Under the car (on stands),Is the Low and reverse retaining plate (selective) (PT397) on the car as described?,camden,open,I0,What is uncertain: confirm fitted thickness at teardown Mazda number 1758-19-613 1758-19-614 1758-19-615 1758-19-616 1758-19-617 1758-19-618; catalogue 1940A-1 EC-068-22 EC-068-23 EC-068-24 EC-068-25 EC-068-26 EC-068-27.,choice,"yes, as described|not on the car|different part",,,
I11,I,I Under the car (on stands),Is the Differential companion flange (PT435) on the car as described?,camden,open,I0,"What is uncertain: confirm: catalogue prints ""'81 & '83"", likely a misprint for '82; Mazda number 0223-27-020C; catalogue 2700A-1 EC-089-04 EC-089-01 EC-089-06.",choice,"yes, as described|not on the car|different part",,,
I12,I,I Under the car (on stands),Is the Final drive gear set (ring gear and drive pinion) (PT437) on the car as described?,camden,open,I0,What is uncertain: confirm the tag or count teeth. Mazda number 8051-27-110D; catalogue 2700A-1 EC-089-11 EC-089-15 EC-089-19 EC-089-20; 2700A-2 EC-090-12 EC-090-13 EC-090-14 EC-090-15 EC-090-16 EC-090-17 EC-090-18 EC-090-19 EC-090-20 EC-090-21 EC-090-22 EC-090-23 EC-090-24 EC-090-25.,choice,"yes, as described|not on the car|different part",,,
I13,I,I Under the car (on stands),Is the Rear stabilizer control link brackets (PT466) on the car as described?,camden,open,I0 K9,What is uncertain: confirm: fitted from serial FB331 510973 (Oct 1980); Mazda number FA01-28-120B; catalogue 2810A-1 EC-092-09.,choice,"yes, as described|not on the car|different part",,,
I14,I,I Under the car (on stands),Is the Rear stabilizer support brackets (PT467) on the car as described?,camden,open,I0 K9,What is uncertain: confirm: fitted from serial FB331 501693; Mazda number FA01-28-155; catalogue 2810A-1 EC-092-11.,choice,"yes, as described|not on the car|different part",,,
I15,I,I Under the car (on stands),Is the Steering idler arm (PT489) on the car as described?,camden,dropped,,"Dropped 2026-09-26: it asks the same question as block CAR.03 (the idler-arm recall), which is where the answer goes (plan P29).",choice,"yes, as described|not on the car|different part",,,
I16,I,I Under the car (on stands),Is the Steering linkage ball joint sets (PT493) on the car as described?,camden,open,I0,What is uncertain: First digit illegible in the catalogue - confirm the number before ordering Qty on the car: 2. Mazda number ?021-99-324; catalogue 3230A-1 EC-095-05.,choice,"yes, as described|not on the car|different part",,,
I17,I,I Under the car (on stands),Is the Steering linkage ball joint dust seals (PT494) on the car as described?,camden,open,I0,What is uncertain: 8021-32-279 x4 and one 8?31-32-279 (digit illegible - confirm) Qty on the car: 5. Mazda number 8021-32-279 8?31-32-279; catalogue 3230A-1 EC-095-03 EC-095-04.,choice,"yes, as described|not on the car|different part",,,
I18,I,I Under the car (on stands),Is the Catalytic converter (PT539) on the car as described?,camden,open,I0,What is uncertain: Emission recall campaigns 23702/2370C (4000A-2 EC-104-16) - confirm whether done Qty on the car: 1. Mazda number N231-40-300; catalogue 4000A-1 EC-103-01 EC-103-03 EC-103-04 EC-103-31.,choice,"yes, as described|not on the car|different part",,,
I19,I,I Under the car (on stands),"Is the Brake pipe, rear (FA07-43-370) (PT574) on the car as described?",camden,open,I0 K9,"What is uncertain: later serials differ - confirm), rubber screw 8871-43-608, clips 8173-45-903 x2 Qty on the car: 1. Mazda number FA07-43-370; catalogue 4360A-1 EC-111-17 EC-111-01 EC-111-02 EC-111-03 EC-111-19.",choice,"yes, as described|not on the car|different part",,,
I20,I,I Under the car (on stands),Is the Floor drain plugs and hole covers (PT786) on the car as described?,camden,open,I0 K9,"What is uncertain: hole covers 1011-56-051 x2, plastic B001-56-051 x10 (from FB331 633361-, confirm by VIN serial); Mazda number 0118-56-241 0118-56-242B 0222-61-622 1011-56-051 B001-56-051 8545-56-052 8545-56-053 0810-56-639; catalogue 5370A-1 BI-046-07 BI-046-09 BI-046-20 BI-046-02 BI-046-03 BI-046-04 BI-046-06 BI-046-21.",choice,"yes, as described|not on the car|different part",,,
I21,I,I Under the car (on stands),Is the Tie-down hook (PT790) on the car as described?,camden,open,I0 K9,"What is uncertain: 8871-56-281B up to FB331 622565, 8871-56-281D from 622566: confirm which by the VIN serial Qty on the car: 1. Mazda number 8871-56-281B 8871-56-281D; catalogue 5370A-1 BI-046-13 BI-046-14.",choice,"yes, as described|not on the car|different part",,,
J1,J,J At the wheels and hubs,Is the Rear brake back springs (PT448) on the car as described?,camden,open,,What is uncertain: confirm: one digit of the part number is illegible in the catalogue scan (GA02-26-3?5) Qty on the car: 2. Mazda number GA02-26-3?5; catalogue 2610A-1 EC-087-08.,choice,"yes, as described|not on the car|different part",,,
J2,J,J At the wheels and hubs,Is the Rear coil spring upper rubber seats (PT456) on the car as described?,camden,open,K9,"What is uncertain: confirm: -013B up to serial FB331 700131, -013C from 700132; Mazda number 8871-28-013B or 8871-28-013C; catalogue 2800A-1 EC-091-02 EC-091-03.",choice,"yes, as described|not on the car|different part",,,
J3,J,J At the wheels and hubs,Is the Tie rod ball joint sets (PT492) on the car as described?,camden,open,,What is uncertain: Which joints this set and the ?021-99-324 set are (outer vs inner) is read from the figure - confirm on the drawing before ordering Qty on the car: 2. Mazda number 8531-99-322A; catalogue 3230A-1 EC-095-01.,choice,"yes, as described|not on the car|different part",,,
J4,J,J At the wheels and hubs,Is the Front caliper pistons (PT497) on the car as described?,camden,open,,What is uncertain: the <A> piece is the alternative - confirm which is fitted before ordering Qty on the car: 2. Mazda number 8341-33-651 8341-33-651A; catalogue 3300A-1 EC-097-11 EC-097-12.,choice,"yes, as described|not on the car|different part",,,
J5,J,J At the wheels and hubs,Is the Front strut damper set (PT504) on the car as described?,camden,open,,"What is uncertain: Catalogue name partly illegible (""SF?, DAMPER"", 34 760S) - confirm what it is before ordering. Mazda number 8171-34-970; catalogue 3400A-1 EC-098-18 EC-098-17.",choice,"yes, as described|not on the car|different part",,,
J6,J,J At the wheels and hubs,Is the Front ball joint dust seals (PT516) on the car as described?,camden,open,,What is uncertain: confirm on the figure that this seal is the ball joint boot Qty on the car: 2. Mazda number 8531-34-565; catalogue 3400A-1 EC-098-16.,choice,"yes, as described|not on the car|different part",,,
J7,J,J At the wheels and hubs,Is the Road wheels (PT525) on the car as described?,camden,open,,"What is uncertain: Two factory options: alloy cross-design FA01-89-376 or steel 5JX13 9965-38-503 (Sunbeam Silver K3) - confirm which is on the car. Mazda number FA01-89-376 9965-38-503 (colour K3); catalogue 3700A-1 EC-100-13 EC-100-14 EC-100-15 3700A-2 EC-101-13 EC-100-22 EC-100-23 EC-100-24 EC-100-25 EC-100-26 EC-100-27 EC-100-28 EC-100-29 3700A-2 EC-101-01 EC-101-02 EC-101-03 EC-101-04 EC-101-05 EC-101-06 EC-101-07 EC-101-08 EC-101-09 EC-101-10 EC-101-11 EC-101-12. Answering covers 5 held part(s) inside it: PT526, PT527, PT528, PT529, PT530",choice,"yes, as described|not on the car|different part",,,
K1,K,K Where it is not recorded,Is the Interval wiper control unit (PT029) on the car as described?,camden,open,,What is uncertain: Confirm whether any separate unit exists on the car. Mazda number -; catalogue -.,choice,"yes, as described|not on the car|different part",,,
K2,K,K Where it is not recorded,Is the Emission control unit (PT296) on the car as described?,camden,open,,What is uncertain: whether it is still connected with the Weber - confirm Qty on the car: 1. Mazda number N202-18-940; catalogue 6600A-1 BI-095-16 BI-095-08.,choice,"yes, as described|not on the car|different part",,,
K3,K,K Where it is not recorded,Is the Horn relay (PT300) on the car as described?,camden,open,K9,What is uncertain: VIN serial unknown - confirm. Mazda number FA01-66-810A 1524-66-810B; catalogue 6630A-1 BI-101-02 BI-101-03 BI-101-01.,choice,"yes, as described|not on the car|different part",,,
K4,K,K Where it is not recorded,Is the Rear speaker (PT664) on the car as described?,camden,open,,"What is uncertain: confirm: which is fitted, the 5 in single cone (0000-81-0643) or the 6.5 in coaxial (0000-81-5216-01) Qty on the car: 2. Mazda number 0000-81-0643 0000-81-5216-01; catalogue 6680A-2 BI-105-23 BI-105-24.",choice,"yes, as described|not on the car|different part",,,
K5,K,K Where it is not recorded,Is the Audio diode (PT667) on the car as described?,camden,open,,What is uncertain: confirm: where the two diodes sit in the harness Qty on the car: 2. Mazda number FA01-67-242; catalogue 6680A-2 BI-105-30.,choice,"yes, as described|not on the car|different part",,,
K6,K,K Where it is not recorded,"Is the Key set (all locks, one key) (PT705) on the car as described?",camden,open,K9,"What is uncertain: also listed: 8001-62-495 (BI-025-10), an undescribed row after the steering-lock set bolts, fitting FB331 501578- - what it is: confirm. Mazda number FA01-09-010B; catalogue 0900A-1 BI-025-01.",choice,"yes, as described|not on the car|different part",,,
K7,K,K Where it is not recorded,Is the Roof panel (PT774) on the car as described?,camden,open,,"What is uncertain: by its place (normal roof, after the headers) it is the roof panel: confirm Qty on the car: 1. Mazda number 8871-74-030; catalogue 5340A-1 BI-044-26.",choice,"yes, as described|not on the car|different part",,,
K8,K,K Where it is not recorded,Is the Model plate (PT968) on the car as described?,camden,open,,What is uncertain: Where it is fixed is not stated - confirm Qty on the car: 1. Mazda number 8595-69-011B; catalogue 6930A-1 BI-131-01.,choice,"yes, as described|not on the car|different part",,,
M1,M,M Measure or read off the part,Check 1 value(s) on the Battery (PT024),camden,open,,"SP-328 Replacement Supercharge NS70: overall length: 259 mm. Reply done, and write any value that differs.",check,,,,
M2,M,M Measure or read off the part,Check 4 value(s) on the Wiring harness (PT027),camden,open,,"SP-339 Ground X-13 locations: LH front suspension tower; under dashboard LH; SP-340 X-01 front to engine harness connector, cavities: 22 count; SP-341 X-02 front to in-panel harness connector, cavities: 22 count; SP-342 X-03 front to rear harness connector, cavities: 22 count. Reply done, and write any value that differs.",check,,,,
M3,M,M Measure or read off the part,"Check 2 value(s) on the Headlamp retractor motors, LH and RH (PT033)",camden,open,,"SP-584 Retractor motor internal circuit: R (UP) and RY (DOWN) each enter through a diode to a cam limit switch; its common drives the relay coil to ground; relay NO contact connects WR to the motor, NC contact grounds the motor; YG taps the motor feed through a diode to the 3.4 W retractor indicator; SP-585 Retractor motor feed: own 0.3 sq fusible link on WR (separate from the 0.3 sq WG link and the 1.25 sq main). Reply done, and write any value that differs.",check,,,,
M4,M,M Measure or read off the part,Check 2 value(s) on the Headlamp retractor switch (PT034),camden,open,,"SP-580 Retractable headlight switch contacts: Two ganged poles: UP/ON joins WG (constant feed) to R (motor UP line); OFF/normal joins RW (from light switch, hot when LIGHT is off) to RY (motor DOWN line); SP-582 Headlight cleaner switch inside the retractable headlight switch: LY to cleaner motor E-11 (via X-12), B to ground (X-02, X-13). Reply done, and write any value that differs.",check,,,,
M5,M,M Measure or read off the part,Check 2 value(s) on the Headlamp units (PT035),camden,open,,"SP-592 Halogen sealed beam wattage, high/low (GS/GSL halogen): 60/50 W; SP-593 Low beam wire / high beam wire: RY low, RL high. Reply done, and write any value that differs.",check,,,,
M6,M,M Measure or read off the part,Check 1 value(s) on the Rear defrost grid (PT037),camden,open,,"SP-401 Ground point: X-15 via D-07 (or X-18 without rear wiper). Reply done, and write any value that differs.",check,,,,
M7,M,M Measure or read off the part,Check 1 value(s) on the Distributor contact (PT263),camden,open,,"SP-579 Part identity: centre contact (carbon button with spring) inside the distributor cap, bearing on the rotor: 1757-24-302. Reply done, and write any value that differs.",check,,,,
M8,M,M Measure or read off the part,Check 1 value(s) on the Alternator front ball bearing (PT266),camden,open,,"SP-268 Replacement 6202 bearing size: 15 x 35 x 11 (bore x OD x width) mm. Reply done, and write any value that differs.",check,,,,
M9,M,M Measure or read off the part,Check 1 value(s) on the Alternator rear ball bearing (PT267),camden,open,,"SP-271 Replacement 6201-2RS bearing size (slip-ring end): 12 x 32 x 10 (bore x OD x width) mm. Reply done, and write any value that differs.",check,,,,
M10,M,M Measure or read off the part,"Check 2 value(s) on the Battery carrier, tray and clamp (PT288)",camden,open,,"SP-334 Clamp nut (catalogue hardware code): 999400602; SP-335 Carrier mounting bolt (catalogue hardware code): 997960612. Reply done, and write any value that differs.",check,,,,
M11,M,M Measure or read off the part,Check 1 value(s) on the Battery positive cable (PT289),camden,open,,"SP-336 Cable clip fasteners (catalogue hardware codes): 992761410; 992891053; 997860612. Reply done, and write any value that differs.",check,,,,
M12,M,M Measure or read off the part,Check 1 value(s) on the Horn relay (PT300),camden,open,,"SP-365 Location: under dash LH beside the CPU. Reply done, and write any value that differs.",check,,,,
M13,M,M Measure or read off the part,Check 1 value(s) on the Central processing unit (warning and flasher control unit) (PT301),camden,open,,"SP-404 Connector: X-16: 17-way plus separate 1-way (GB). Reply done, and write any value that differs.",check,,,,
M14,M,M Measure or read off the part,Check 2 value(s) on the Lamp checker relay (PT304),camden,open,,"SP-601 Stop light checker function: W in from stop switch, G out to both stop lamp filaments, GL to the meter stop-light warning, B ground X-13; SP-603 Mounting: relay bracket under the dash with the C.P.U. and horn relay (catalogue D-code 67660, LAMPC. RELAY). Reply done, and write any value that differs.",check,,,,
M15,M,M Measure or read off the part,Check 2 value(s) on the Oscillator unit (PT305),camden,open,,"SP-416 Connector C-10 cavities used: 6-way: G, YB, LR, YR (two of six cavities not used); B on a separate 1-way; SP-418 Location: left front fender near the battery. Reply done, and write any value that differs.",check,,,,
M16,M,M Measure or read off the part,Check 1 value(s) on the Power antenna relay (PT307),camden,open,,"SP-374 Connector cavities: 8 count. Reply done, and write any value that differs.",check,,,,
M17,M,M Measure or read off the part,Check 3 value(s) on the 3-point relay (PT308),camden,open,,"SP-376 Identity: hot start relay (3-point relay); SP-378 Connector cavities: 6 count; SP-379 Location: LH front engine bay beside the choke & check relay. Reply done, and write any value that differs.",check,,,,
M18,M,M Measure or read off the part,Check 1 value(s) on the Fuse block (PT310),camden,open,,"SP-354 Location: under dash LH. Reply done, and write any value that differs.",check,,,,
M19,M,M Measure or read off the part,Check 1 value(s) on the Rear harness (PT318),camden,open,,"SP-383 Connector X-03 (front to rear harness) cavities: 22 count. Reply done, and write any value that differs.",check,,,,
M20,M,M Measure or read off the part,Check 1 value(s) on the Engine harness (PT321),camden,open,,"SP-382 Connector X-01 (front to engine harness) cavities: 22 count. Reply done, and write any value that differs.",check,,,,
M21,M,M Measure or read off the part,Check 2 value(s) on the Engine harness fusible link (PT322),camden,open,,"SP-380 Fusible link conductor size: 0.5 mm2; SP-381 Fusible link colour code: G (green). Reply done, and write any value that differs.",check,,,,
M22,M,M Measure or read off the part,Check 1 value(s) on the Transmission harness (PT323),camden,open,,"SP-386 Connector X-10 (to transmission harness) cavities: 6 count. Reply done, and write any value that differs.",check,,,,
M23,M,M Measure or read off the part,Check 2 value(s) on the Instrument harness (PT325),camden,open,,"SP-384 Connector X-02 (front to inpane harness) cavities: 22 count; SP-385 Connector X-12 (front to inpane harness) cavities: 10 count. Reply done, and write any value that differs.",check,,,,
M24,M,M Measure or read off the part,Check 2 value(s) on the Stop lamp switch (PT557),camden,open,,"SP-597 Stop light switch contact: normally open; closes GW to W when the brake pedal is pressed; SP-600 Replacement Mazda H003-66-490A brake light switch, 82-88 RX-7 with cruise control (Mazdatrix, 47.15 USD, in stock): 47.15 USD. Reply done, and write any value that differs.",check,,,,
M25,M,M Measure or read off the part,Check 1 value(s) on the Headlamp retractor relay (PT594),camden,open,,"SP-605 Retractor relay contacts: coil via motor limit switch to ground; NO contact WR to motor; NC contact motor to ground (dynamic brake). Reply done, and write any value that differs.",check,,,,
M26,M,M Measure or read off the part,"Check 1 value(s) on the Rear combination lamp, R and L (PT601)",camden,open,,"SP-635 Connector cavities: 6 (5 used). Reply done, and write any value that differs.",check,,,,
M27,M,M Measure or read off the part,"Check 2 value(s) on the Rear side turn lamp, R and L (PT608)",camden,open,,"SP-658 Circuit: tail / parking / marker bus (lit steady, not flashing): RG; SP-660 Ground point: X-15. Reply done, and write any value that differs.",check,,,,
M28,M,M Measure or read off the part,"Check 1 value(s) on the Rear side turn lamp lens, R and L (PT610)",camden,open,,"SP-671 Lens colour: red. Reply done, and write any value that differs.",check,,,,
M29,M,M Measure or read off the part,Check 1 value(s) on the Instrument cluster (PT614),camden,open,,"SP-423 Harness connectors to the cluster: X-05 and X-06, round 13-cavity with centre key. Reply done, and write any value that differs.",check,,,,
M30,M,M Measure or read off the part,Check 2 value(s) on the Meter bulb socket (1316) (PT628),camden,open,,"SP-456 Bulb held (figure callout 75115, Mazda 0000-11-0194, trade 194): 3.4 W; SP-458 Bulb base accepted (from the 194 bulb): T-3 1/4 wedge. Reply done, and write any value that differs.",check,,,,
M31,M,M Measure or read off the part,Check 2 value(s) on the Meter bulb socket (3625) (PT629),camden,open,,"SP-459 Bulb held (figure callout 75115A, Mazda 0000-11-0074, trade 74): 1.4 W; SP-460 Quantity in the cluster: 6 pcs. Reply done, and write any value that differs.",check,,,,
M32,M,M Measure or read off the part,Check 1 value(s) on the Power mirror remote control switch (PT634),camden,open,,"SP-463 Supply fuse (WG, constant): 10 A. Reply done, and write any value that differs.",check,,,,
M33,M,M Measure or read off the part,"Check 1 value(s) on the Radio, Clarion AM/FM full control (PT655)",camden,open,,"SP-489 Radio illumination lamp: 3.4 W. Reply done, and write any value that differs.",check,,,,
M34,M,M Measure or read off the part,"Check 1 value(s) on the Front speaker, 4 in dual cone (PT662)",camden,open,,"SP-498 Speaker nominal size, dual cone: 4 in. Reply done, and write any value that differs.",check,,,,
M35,M,M Measure or read off the part,Check 1 value(s) on the Rear speaker (PT664),camden,open,,"SP-500 Rear speaker nominal size, single cone (0000-81-0643): 5 in. Reply done, and write any value that differs.",check,,,,
M36,M,M Measure or read off the part,Check 1 value(s) on the Audio diode (PT667),camden,open,,"SP-503 Diodes fitted: 2 count. Reply done, and write any value that differs.",check,,,,
M37,M,M Measure or read off the part,Check 2 value(s) on the Wiper motor (PT678),camden,open,,"SP-519 Circuit fuse: 10 A; SP-521 Connector: 4-pole plug (LW, LR, L, LB) + 1-pole ground plug (B). Reply done, and write any value that differs.",check,,,,
M38,M,M Measure or read off the part,Check 1 value(s) on the Wiper blade (PT686),camden,open,,"SP-522 Front blade length (aftermarket fitment): 432 mm. Reply done, and write any value that differs.",check,,,,
M39,M,M Measure or read off the part,Check 4 value(s) on the Rear wiper motor (PT688),camden,open,,"SP-523 Feed fuse (IG, X-04 fuse block, shared with rear washer): 10 A; SP-524 Motor control method: ground-side switched: motor BG lead grounded through D-06 rear wiper & washer switch to B, X-11, X-02, X-13; SP-525 Internal auto-stop (park) switch: yes - single contact inside the motor to body ground, keeps the motor running to the park position after the switch is turned off; SP-526 Standard equipment, 1982 US: GSL only (listed as GSL addition over GS: rear-window wiper/washer). Reply done, and write any value that differs.",check,,,,
M40,M,M Measure or read off the part,Check 1 value(s) on the Ignition switch (PT708),camden,open,,"SP-539 ACC output fuse to LO bus (X-04): 20 A. Reply done, and write any value that differs.",check,,,,
M41,M,M Measure or read off the part,Check 7 value(s) on the Glove box lamp bulb (12V 3.4W) (PT833),camden,open,,"SP-684 Replacement trade 194: design voltage: 14.0 V; SP-685 Replacement trade 194: current: 0.27 A; SP-686 Replacement trade 194: luminous intensity: 2 MSCP; SP-687 Replacement trade 194: bulb and base: T-3 1/4 wedge, C-2F filament; SP-688 Replacement trade 194: maximum overall length: 1.06 in; SP-689 Replacement trade 194: light centre length: 0.56 in; SP-690 Replacement trade 194: average life: 2500 h. Reply done, and write any value that differs.",check,,,,
M42,M,M Measure or read off the part,Check 7 value(s) on the Center panel illumination bulb (12V 3.4W) (PT842),camden,open,,"SP-691 Replacement trade 194: design voltage: 14.0 V; SP-692 Replacement trade 194: current: 0.27 A; SP-693 Replacement trade 194: luminous intensity: 2 MSCP; SP-694 Replacement trade 194: bulb and base: T-3 1/4 wedge, C-2F filament; SP-695 Replacement trade 194: maximum overall length: 1.06 in; SP-696 Replacement trade 194: light centre length: 0.56 in; SP-697 Replacement trade 194: average life: 2500 h. Reply done, and write any value that differs.",check,,,,
M43,M,M Measure or read off the part,Check 7 value(s) on the Center panel illumination bulbs (1.4W) (PT845),camden,open,,"SP-706 Replacement trade 74: design voltage: 14.0 V; SP-707 Replacement trade 74: current: 0.10 A; SP-708 Replacement trade 74: luminous intensity: 0.70 MSCP; SP-709 Replacement trade 74: bulb and base: T-1 3/4 subminiature wedge, C-2F filament; SP-710 Replacement trade 74: maximum overall length: 0.80 in; SP-711 Replacement trade 74: light centre length: 0.40 in; SP-712 Replacement trade 74: average life: 500 h. Reply done, and write any value that differs.",check,,,,
M44,M,M Measure or read off the part,Check 7 value(s) on the Shift indicator bulb (12V 3.4W) (PT856),camden,open,,"SP-698 Replacement trade 194: design voltage: 14.0 V; SP-699 Replacement trade 194: current: 0.27 A; SP-700 Replacement trade 194: luminous intensity: 2 MSCP; SP-701 Replacement trade 194: bulb and base: T-3 1/4 wedge, C-2F filament; SP-702 Replacement trade 194: maximum overall length: 1.06 in; SP-703 Replacement trade 194: light centre length: 0.56 in; SP-704 Replacement trade 194: average life: 2500 h. Reply done, and write any value that differs.",check,,,,
M45,M,M Measure or read off the part,Check 1 value(s) on the Map lamp (spot lamp) (PT958),camden,open,,"SP-713 Spot lamp internal circuit: LY constant feed - spot lamp switch - bulb - case ground; independent of the door switches. Reply done, and write any value that differs.",check,,,,
M46,M,M Measure or read off the part,Check 1 value(s) on the Map lamp socket and holder (PT959),camden,open,,"SP-716 Bulb carried: 0000-11-0194 (69170K, wedge). Reply done, and write any value that differs.",check,,,,
M47,M,M Measure or read off the part,Check 4 value(s) on the Interior mirror lamp bulb (12V 10W) (PT961),camden,open,,"SP-718 Rating (catalogue): 10 W; SP-719 Bulb form: festoon (double-ended); SP-720 Interior lamp internal circuit: LY feed - bulb - 3-position switch: ON = case ground, DOOR = RY to door switches H-07/H-08 (ground when a door opens), OFF = open; SP-721 Replacement DE3175: voltage: 13 V. Reply done, and write any value that differs.",check,,,,
M48,M,M Measure or read off the part,Check 1 value(s) on the Interior mirror lamp bulb (12V 5W per catalogue) (PT962),camden,open,,"SP-724 Rating (catalogue, this figure): 5 W. Reply done, and write any value that differs.",check,,,,
M49,M,M Measure or read off the part,Check 2 value(s) on the body,camden,open,,"SP-239 Underbody: front frame basic hole (A) height, and fender fixing nut spacing: A 220 (8.66) above the datum line; front fender fixing nuts 1324 (52.13) apart; a third width on the same view, 1060 (41.73) - what it spans is not labelled, confirm on the page mm (in); SP-240 Underbody: l1 (engine side, from the front frame basic hole), automatic: right 897 (35.32), left 910 (35.83); lR 26.85 (1.06), lL 32.5 (1.28) mm (in). Reply done, and write any value that differs.",check,,,,
L1,L,L Look up the 1982 figure,Find the 1982 figure for 1 brakes spec(s) held as another year's or unverified,agent,open,,"Look each up in S-038 (1982 Technical Data), S-001 or another 1982 source; clear applies or keep other-car with the reason: SP-121",,,,,
L2,L,L Look up the 1982 figure,Find the 1982 figure for 1 cooling spec(s) held as another year's or unverified,agent,open,,"Look each up in S-038 (1982 Technical Data), S-001 or another 1982 source; clear applies or keep other-car with the reason: SP-054",,,,,
L3,L,L Look up the 1982 figure,Find the 1982 figure for 25 electrical spec(s) held as another year's or unverified,agent,open,,"Look each up in S-038 (1982 Technical Data), S-001 or another 1982 source; clear applies or keep other-car with the reason: SP-060, SP-061, SP-062, SP-078, SP-079, SP-080, SP-257, SP-258, SP-259, SP-260, SP-264, SP-265, SP-266, SP-267, SP-270, SP-273, SP-275, SP-277, SP-278, SP-283, SP-284, SP-286, SP-295, SP-296, SP-299",,,,,
L4,L,L Look up the 1982 figure,Find the 1982 figure for 25 electrical spec(s) held as another year's or unverified,agent,open,,"Look each up in S-038 (1982 Technical Data), S-001 or another 1982 source; clear applies or keep other-car with the reason: SP-300, SP-305, SP-306, SP-309, SP-310, SP-311, SP-312, SP-313, SP-315, SP-316, SP-317, SP-318, SP-319, SP-320, SP-326, SP-327, SP-337, SP-338, SP-347, SP-351, SP-353, SP-367, SP-368, SP-369, SP-370",,,,,
L5,L,L Look up the 1982 figure,Find the 1982 figure for 25 electrical spec(s) held as another year's or unverified,agent,open,,"Look each up in S-038 (1982 Technical Data), S-001 or another 1982 source; clear applies or keep other-car with the reason: SP-371, SP-372, SP-373, SP-375, SP-387, SP-388, SP-389, SP-395, SP-397, SP-398, SP-399, SP-402, SP-403, SP-405, SP-406, SP-407, SP-408, SP-419, SP-424, SP-425, SP-426, SP-427, SP-428, SP-429, SP-430",,,,,
L6,L,L Look up the 1982 figure,Find the 1982 figure for 25 electrical spec(s) held as another year's or unverified,agent,open,,"Look each up in S-038 (1982 Technical Data), S-001 or another 1982 source; clear applies or keep other-car with the reason: SP-431, SP-432, SP-433, SP-434, SP-435, SP-436, SP-437, SP-438, SP-439, SP-440, SP-441, SP-442, SP-443, SP-444, SP-445, SP-464, SP-465, SP-466, SP-468, SP-473, SP-474, SP-475, SP-477, SP-479, SP-482",,,,,
L7,L,L Look up the 1982 figure,Find the 1982 figure for 25 electrical spec(s) held as another year's or unverified,agent,open,,"Look each up in S-038 (1982 Technical Data), S-001 or another 1982 source; clear applies or keep other-car with the reason: SP-483, SP-484, SP-485, SP-492, SP-493, SP-499, SP-502, SP-505, SP-506, SP-507, SP-508, SP-510, SP-512, SP-513, SP-514, SP-515, SP-516, SP-517, SP-518, SP-527, SP-528, SP-529, SP-531, SP-535, SP-540",,,,,
L8,L,L Look up the 1982 figure,Find the 1982 figure for 10 electrical spec(s) held as another year's or unverified,agent,open,,"Look each up in S-038 (1982 Technical Data), S-001 or another 1982 source; clear applies or keep other-car with the reason: SP-541, SP-542, SP-543, SP-544, SP-545, SP-546, SP-548, SP-551, SP-553, SP-554",,,,,
L9,L,L Look up the 1982 figure,Find the 1982 figure for 4 engine spec(s) held as another year's or unverified,agent,open,,"Look each up in S-038 (1982 Technical Data), S-001 or another 1982 source; clear applies or keep other-car with the reason: SP-019, SP-021, SP-024, SP-026",,,,,
L10,L,L Look up the 1982 figure,Find the 1982 figure for 6 general spec(s) held as another year's or unverified,agent,open,,"Look each up in S-038 (1982 Technical Data), S-001 or another 1982 source; clear applies or keep other-car with the reason: SP-139, SP-142, SP-144, SP-174, SP-181, SP-184",,,,,
L11,L,L Look up the 1982 figure,Find the 1982 figure for 15 ignition spec(s) held as another year's or unverified,agent,open,,"Look each up in S-038 (1982 Technical Data), S-001 or another 1982 source; clear applies or keep other-car with the reason: SP-042, SP-043, SP-045, SP-046, SP-047, SP-563, SP-564, SP-565, SP-566, SP-567, SP-568, SP-570, SP-572, SP-574, SP-575",,,,,
L12,L,L Look up the 1982 figure,Find the 1982 figure for 15 lighting spec(s) held as another year's or unverified,agent,open,,"Look each up in S-038 (1982 Technical Data), S-001 or another 1982 source; clear applies or keep other-car with the reason: SP-188, SP-581, SP-583, SP-586, SP-587, SP-588, SP-589, SP-590, SP-591, SP-599, SP-602, SP-637, SP-651, SP-678, SP-679",,,,,
L13,L,L Look up the 1982 figure,Find the 1982 figure for 1 steering spec(s) held as another year's or unverified,agent,open,,"Look each up in S-038 (1982 Technical Data), S-001 or another 1982 source; clear applies or keep other-car with the reason: SP-111",,,,,
L14,L,L Look up the 1982 figure,Find the 1982 figure for 2 transmission spec(s) held as another year's or unverified,agent,open,,"Look each up in S-038 (1982 Technical Data), S-001 or another 1982 source; clear applies or keep other-car with the reason: SP-095, SP-096",,,,,
L15,L,L Look up the 1982 figure,Find the 1982 figure for 2 wheels spec(s) held as another year's or unverified,agent,open,,"Look each up in S-038 (1982 Technical Data), S-001 or another 1982 source; clear applies or keep other-car with the reason: SP-123, SP-127",,,,,
W1,W,W Wiring check against the 1982 diagram,"Check the 6 terminal(s) of the Ignition coils, leading and trailing (PT013): label and wire colour",camden,open,VER.02,"Unplug it and compare each terminal with the record (from the 1982 diagram): T + BW; T - YG; T HT ?; L + BW; L - YL; L HT ?. Reply done, and write any that differ.",check,,,,
W2,W,W Wiring check against the 1982 diagram,Check the 2 terminal(s) of the Battery (PT024): label and wire colour,camden,open,VER.02,"Unplug it and compare each terminal with the record (from the 1982 diagram): + ?; - ?. Reply done, and write any that differ.",check,,,,
W3,W,W Wiring check against the 1982 diagram,Check the 5 terminal(s) of the Alternator (PT025): label and wire colour,camden,open,VER.02,"Unplug it and compare each terminal with the record (from the 1982 diagram): B WR; R BW; L WB; F ?; E ?. Reply done, and write any that differ.",check,,,,
W4,W,W Wiring check against the 1982 diagram,Check the 2 terminal(s) of the Starter motor (PT026): label and wire colour,camden,open,VER.02,"Unplug it and compare each terminal with the record (from the 1982 diagram): M ?; E ?. Reply done, and write any that differ.",check,,,,
W5,W,W Wiring check against the 1982 diagram,"Check the 4 terminal(s) of the Headlamp retractor motors, LH and RH (PT033): label and wire colour",camden,open,VER.02,"Unplug it and compare each terminal with the record (from the 1982 diagram): WR WR; R R; RY RY; YG YG. Reply done, and write any that differ.",check,,,,
W6,W,W Wiring check against the 1982 diagram,Check the 6 terminal(s) of the Headlamp retractor switch (PT034): label and wire colour,camden,open,VER.02,"Unplug it and compare each terminal with the record (from the 1982 diagram): WG WG; R R; RW RW; RY RY; LY LY; B B. Reply done, and write any that differ.",check,,,,
W7,W,W Wiring check against the 1982 diagram,Check the 3 terminal(s) of the Headlamp units (PT035): label and wire colour,camden,open,VER.02,"Unplug it and compare each terminal with the record (from the 1982 diagram): RY RY; RL RL; B B. Reply done, and write any that differ.",check,,,,
W8,W,W Wiring check against the 1982 diagram,Check the 2 terminal(s) of the Rear defrost switch (PT036): label and wire colour,camden,open,VER.02,"Unplug it and compare each terminal with the record (from the 1982 diagram): Y Y; LG LG. Reply done, and write any that differ.",check,,,,
W9,W,W Wiring check against the 1982 diagram,Check the 2 terminal(s) of the Rear defrost grid (PT037): label and wire colour,camden,open,VER.02,"Unplug it and compare each terminal with the record (from the 1982 diagram): LG LG; B B. Reply done, and write any that differ.",check,,,,
W10,W,W Wiring check against the 1982 diagram,Check the 2 terminal(s) of the Washer fluid pump (PT038): label and wire colour,camden,open,VER.02,"Unplug it and compare each terminal with the record (from the 1982 diagram): LB LB; LY LY. Reply done, and write any that differ.",check,,,,
W11,W,W Wiring check against the 1982 diagram,Check the 1 terminal(s) of the Distributor pick-up coil set (PT256): label and wire colour,camden,open,VER.02,"Unplug it and compare each terminal with the record (from the 1982 diagram): 2 leads (each coil) ?. Reply done, and write any that differ.",check,,,,
W12,W,W Wiring check against the 1982 diagram,"Check the 6 terminal(s) of the Igniters, leading and trailing (PT258): label and wire colour",camden,open,VER.02,"Unplug it and compare each terminal with the record (from the 1982 diagram): B-20 YG YG; B-20 BW BW; B-21 YL YL; B-21 BW BW; GND ?; PU ?. Reply done, and write any that differ.",check,,,,
W13,W,W Wiring check against the 1982 diagram,Check the 2 terminal(s) of the Distributor condenser (PT261): label and wire colour,camden,open,VER.02,"Unplug it and compare each terminal with the record (from the 1982 diagram): B-22 BW BW; case ?. Reply done, and write any that differ.",check,,,,
W14,W,W Wiring check against the 1982 diagram,Check the 3 terminal(s) of the Starter magnetic switch (solenoid) (PT275): label and wire colour,camden,open,VER.02,"Unplug it and compare each terminal with the record (from the 1982 diagram): B ?; S BW; M ?. Reply done, and write any that differ.",check,,,,
W15,W,W Wiring check against the 1982 diagram,Check the 1 terminal(s) of the Starter yoke (field frame) (PT276): label and wire colour,camden,open,VER.02,"Unplug it and compare each terminal with the record (from the 1982 diagram): field lead ?. Reply done, and write any that differ.",check,,,,
W16,W,W Wiring check against the 1982 diagram,Check the 2 terminal(s) of the Starter brush holder and brushes (PT278): label and wire colour,camden,open,VER.02,"Unplug it and compare each terminal with the record (from the 1982 diagram): (+) brushes ?; (-) brushes ?. Reply done, and write any that differ.",check,,,,
W17,W,W Wiring check against the 1982 diagram,Check the 3 terminal(s) of the Battery positive cable (PT289): label and wire colour,camden,open,VER.02,"Unplug it and compare each terminal with the record (from the 1982 diagram): battery end ?; starter end ?; X-07 WR. Reply done, and write any that differ.",check,,,,
W18,W,W Wiring check against the 1982 diagram,Check the 2 terminal(s) of the Battery ground cable (PT290): label and wire colour,camden,open,VER.02,"Unplug it and compare each terminal with the record (from the 1982 diagram): battery end ?; ground end ?. Reply done, and write any that differ.",check,,,,
W19,W,W Wiring check against the 1982 diagram,Check the 3 terminal(s) of the Horn relay (PT300): label and wire colour,camden,open,VER.02,"Unplug it and compare each terminal with the record (from the 1982 diagram): GW GW; GL GL; GY GY. Reply done, and write any that differ.",check,,,,
W20,W,W Wiring check against the 1982 diagram,Check the 18 terminal(s) of the Central processing unit (warning and flasher control unit) (PT301): label and wire colour,camden,open,VER.02,"Unplug it and compare each terminal with the record (from the 1982 diagram): X-16 A LB; X-16 B LO; X-16 C GY; X-16 D Br; X-16 E GL; X-16 F L; X-16 G LY; X-16 H LY; X-16 J B; X-16 K RG; X-16 L LG; X-16 M G; X-16 N G; X-16 O RY; X-16 P BrW; X-16 Q GW; X-16 R GB; X-16 S (1-way) GB. Reply done, and write any that differ.",check,,,,
W21,W,W Wiring check against the 1982 diagram,Check the 4 terminal(s) of the Lamp checker relay (PT304): label and wire colour,camden,open,VER.02,"Unplug it and compare each terminal with the record (from the 1982 diagram): W W; G G; GL GL; B B. Reply done, and write any that differ.",check,,,,
W22,W,W Wiring check against the 1982 diagram,Check the 5 terminal(s) of the Oscillator unit (PT305): label and wire colour,camden,open,VER.02,"Unplug it and compare each terminal with the record (from the 1982 diagram): G G; YB YB; LR LR; YR YR; B B. Reply done, and write any that differ.",check,,,,
W23,W,W Wiring check against the 1982 diagram,Check the 4 terminal(s) of the 3-point relay (PT308): label and wire colour,camden,open,VER.02,"Unplug it and compare each terminal with the record (from the 1982 diagram): LW (contact) LW; GR GR; LW (coil) LW; B B. Reply done, and write any that differ.",check,,,,
W24,W,W Wiring check against the 1982 diagram,Check the 15 terminal(s) of the Fuse block (PT310): label and wire colour,camden,open,VER.02,"Unplug it and compare each terminal with the record (from the 1982 diagram): 20A-LO LO; 15A-Y Y; 20A-LR LR; 10A-LB LB; 10A-L L; 30A-BL BL; 10A-Br Br; 10A-BLg BLg; 20A-LR LR; 15A-GW GW; 15A-LY LY; 10A-WG WG; 10A-R R; 10A-GY GY; 15A-BW BW. Reply done, and write any that differ.",check,,,,
W25,W,W Wiring check against the 1982 diagram,"Check the 2 terminal(s) of the Fusible links, brown (PT316): label and wire colour",camden,open,VER.02,"Unplug it and compare each terminal with the record (from the 1982 diagram): RETRACTOR WR; HEAD WG. Reply done, and write any that differ.",check,,,,
W26,W,W Wiring check against the 1982 diagram,"Check the 2 terminal(s) of the Fusible link, black (PT317): label and wire colour",camden,open,VER.02,"Unplug it and compare each terminal with the record (from the 1982 diagram): in ?; out WR. Reply done, and write any that differ.",check,,,,
W27,W,W Wiring check against the 1982 diagram,Check the 21 terminal(s) of the Rear harness (PT318): label and wire colour,camden,open,VER.02,"Unplug it and compare each terminal with the record (from the 1982 diagram): X-03 top 1 RY; X-03 top 2 RW; X-03 top 3 G; X-03 top 4 GO; X-03 top 5 R; X-03 top 6 GR; X-03 top 7 LY; X-03 top 8 BLg; X-03 top 9 GB; X-03 top 10 L; X-03 top 11 RY; X-03 bottom 1 BLg; X-03 bottom 2 RG; X-03 bottom 3 Y; X-03 bottom 4 GR; X-03 bottom 5 LG; X-03 bottom 6 L; X-03 bottom 7 LY; X-03 bottom 9 LB; X-03 bottom 10 BG; X-03 bottom 11 LB. Reply done, and write any that differ.",check,,,,
W28,W,W Wiring check against the 1982 diagram,Check the 2 terminal(s) of the Rear defogger cord (PT319): label and wire colour,camden,open,VER.02,"Unplug it and compare each terminal with the record (from the 1982 diagram): X-18 a B; X-18 b B. Reply done, and write any that differ.",check,,,,
W29,W,W Wiring check against the 1982 diagram,Check the 20 terminal(s) of the Engine harness (PT321): label and wire colour,camden,open,VER.02,"Unplug it and compare each terminal with the record (from the 1982 diagram): X-01 top 1 BW; X-01 top 2 LB; X-01 top 3 Lg; X-01 top 4 BY; X-01 top 5 YW; X-01 top 6 GW; X-01 top 7 BrW; X-01 top 8 GY; X-01 top 9 BG; X-01 top 11 GB; X-01 bottom 1 BLg; X-01 bottom 2 Br; X-01 bottom 3 O; X-01 bottom 4 GR; X-01 bottom 5 BR; X-01 bottom 6 LgY; X-01 bottom 8 LW; X-01 bottom 9 BrY; X-01 bottom 10 G; X-01 bottom 11 WB. Reply done, and write any that differ.",check,,,,
W30,W,W Wiring check against the 1982 diagram,Check the 2 terminal(s) of the Engine harness fusible link (PT322): label and wire colour,camden,open,VER.02,"Unplug it and compare each terminal with the record (from the 1982 diagram): ring ?; LW LW. Reply done, and write any that differ.",check,,,,
W31,W,W Wiring check against the 1982 diagram,Check the 8 terminal(s) of the Transmission harness (PT323): label and wire colour,camden,open,VER.02,"Unplug it and compare each terminal with the record (from the 1982 diagram): X-10 top 1 BW; X-10 top 2 GY; X-10 top 3 BR; X-10 bottom 1 LW; X-10 bottom 2 RW; X-10 bottom 3 BY; X-17 1 BL; X-17 2 BY. Reply done, and write any that differ.",check,,,,
W32,W,W Wiring check against the 1982 diagram,Check the 2 terminal(s) of the Short connector (PT324): label and wire colour,camden,open,VER.02,"Unplug it and compare each terminal with the record (from the 1982 diagram): BY BY; GB GB. Reply done, and write any that differ.",check,,,,
W33,W,W Wiring check against the 1982 diagram,Check the 34 terminal(s) of the Instrument harness (PT325): label and wire colour,camden,open,VER.02,"Unplug it and compare each terminal with the record (from the 1982 diagram): X-02 bottom 1 WG; X-02 bottom 2 RW; X-02 bottom 3 RY; X-02 bottom 4 RL; X-02 bottom 5 Br; X-02 bottom 6 Y; X-02 bottom 7 B; X-02 bottom 8 LO; X-02 bottom 9 LW; X-02 bottom 10 LgY; X-02 bottom 11 Lg; X-02 top 1 LY; X-02 top 2 R; X-02 top 3 RG; X-02 top 4 BR; X-02 top 5 BrW; X-02 top 6 LG; X-02 top 7 LR; X-02 top 8 GR; X-02 top 9 LG; X-02 top 10 LG; X-02 top 11 LgB; X-12 top 1 Br; X-12 top 2 GY; X-12 top 3 BG; X-12 top 4 LR; X-12 top 5 LY; X-12 bottom 1 BrB; X-12 bottom 2 WG; X-12 bottom 3 L; X-12 bottom 4 GB; X-12 bottom 5 BL; X-12 2-pin a RL; X-12 2-pin b GL. Reply done, and write any that differ.",check,,,,
W34,W,W Wiring check against the 1982 diagram,Check the 1 terminal(s) of the Horn contact set (PT473): label and wire colour,camden,open,VER.02,"Unplug it and compare each terminal with the record (from the 1982 diagram): horn contact GL. Reply done, and write any that differ.",check,,,,
W35,W,W Wiring check against the 1982 diagram,Check the 2 terminal(s) of the Stop lamp switch (PT557): label and wire colour,camden,open,VER.02,"Unplug it and compare each terminal with the record (from the 1982 diagram): GW GW; W W. Reply done, and write any that differ.",check,,,,
W36,W,W Wiring check against the 1982 diagram,Check the 2 terminal(s) of the Brake fluid level indicator (PT562): label and wire colour,camden,open,VER.02,"Unplug it and compare each terminal with the record (from the 1982 diagram): BR BR; B B. Reply done, and write any that differ.",check,,,,
W37,W,W Wiring check against the 1982 diagram,"Check the 6 terminal(s) of the Front combination lamp, R and L (PT595): label and wire colour",camden,open,VER.02,"Unplug it and compare each terminal with the record (from the 1982 diagram): F-05 RG RG; F-05 GR GR; F-05 B B; F-06 RG RG; F-06 GO GO; F-06 B B. Reply done, and write any that differ.",check,,,,
W38,W,W Wiring check against the 1982 diagram,"Check the 4 terminal(s) of the Front side turn lamp, R and L (PT598): label and wire colour",camden,open,VER.02,"Unplug it and compare each terminal with the record (from the 1982 diagram): F-12 RG RG; F-12 B B; F-13 RG RG; F-13 B B. Reply done, and write any that differ.",check,,,,
W39,W,W Wiring check against the 1982 diagram,"Check the 12 terminal(s) of the Rear combination lamp, R and L (PT601): label and wire colour",camden,open,VER.02,"Unplug it and compare each terminal with the record (from the 1982 diagram): F-07 GR GR; F-07 RW RW; F-07 (unused) ?; F-07 G G; F-07 RG RG; F-07 B B; F-08 GO GO; F-08 RW RW; F-08 (unused) ?; F-08 G G; F-08 RG RG; F-08 B B. Reply done, and write any that differ.",check,,,,
W40,W,W Wiring check against the 1982 diagram,Check the 2 terminal(s) of the License lamp (PT605): label and wire colour,camden,open,VER.02,"Unplug it and compare each terminal with the record (from the 1982 diagram): F-04 RG RG; F-04 B B. Reply done, and write any that differ.",check,,,,
W41,W,W Wiring check against the 1982 diagram,"Check the 2 terminal(s) of the Rear side turn lamp, R and L (PT608): label and wire colour",camden,open,VER.02,"Unplug it and compare each terminal with the record (from the 1982 diagram): RG RG; B B. Reply done, and write any that differ.",check,,,,
W42,W,W Wiring check against the 1982 diagram,Check the 2 terminal(s) of the Cargo room lamp (PT611): label and wire colour,camden,open,VER.02,"Unplug it and compare each terminal with the record (from the 1982 diagram): LY LY; RB RB. Reply done, and write any that differ.",check,,,,
W43,W,W Wiring check against the 1982 diagram,Check the 22 terminal(s) of the Instrument cluster (PT614): label and wire colour,camden,open,VER.02,"Unplug it and compare each terminal with the record (from the 1982 diagram): X-05 GY GY; X-05 B (two cavities) B; X-05 BrY BrY; X-05 Y Y; X-05 YW YW; X-05 BR BR; X-05 GL GL; X-05 YL YL; X-05 YB YB; X-05 GB GB; X-05 LG LG; X-06 YG (tach) YG; X-06 YG (retractor) YG; X-06 RL (illumination) RL; X-06 RL (high beam) RL; X-06 B B; X-06 YR YR; X-06 GR GR; X-06 GO GO; X-06 RG RG; X-06 G G; X-06 LY LY. Reply done, and write any that differ.",check,,,,
W44,W,W Wiring check against the 1982 diagram,Check the 3 terminal(s) of the Tachometer (PT620): label and wire colour,camden,open,VER.02,"Unplug it and compare each terminal with the record (from the 1982 diagram): + GY; - B; signal YG. Reply done, and write any that differ.",check,,,,
W45,W,W Wiring check against the 1982 diagram,Check the 4 terminal(s) of the Fuel and water temperature gauge (PT623): label and wire colour,camden,open,VER.02,"Unplug it and compare each terminal with the record (from the 1982 diagram): fuel + ?; fuel - Y; temp + ?; temp - YW. Reply done, and write any that differ.",check,,,,
W46,W,W Wiring check against the 1982 diagram,Check the 3 terminal(s) of the Meter voltage regulator (PT624): label and wire colour,camden,open,VER.02,"Unplug it and compare each terminal with the record (from the 1982 diagram): IN GY; OUT ?; E B. Reply done, and write any that differ.",check,,,,
W47,W,W Wiring check against the 1982 diagram,Check the 3 terminal(s) of the Panel illumination dimmer resistor (PT625): label and wire colour,camden,open,VER.02,"Unplug it and compare each terminal with the record (from the 1982 diagram): RG RG; RL RL; B B. Reply done, and write any that differ.",check,,,,
W48,W,W Wiring check against the 1982 diagram,Check the 2 terminal(s) of the Warning chime (PT630): label and wire colour,camden,open,VER.02,"Unplug it and compare each terminal with the record (from the 1982 diagram): LY LY; G G. Reply done, and write any that differ.",check,,,,
W49,W,W Wiring check against the 1982 diagram,Check the 2 terminal(s) of the Cigar lighter (PT631): label and wire colour,camden,open,VER.02,"Unplug it and compare each terminal with the record (from the 1982 diagram): LY LY; B B. Reply done, and write any that differ.",check,,,,
W50,W,W Wiring check against the 1982 diagram,Check the 1 terminal(s) of the Cigar lighter bulb (3.4 W) (PT633): label and wire colour,camden,open,VER.02,"Unplug it and compare each terminal with the record (from the 1982 diagram): RL RL. Reply done, and write any that differ.",check,,,,
W51,W,W Wiring check against the 1982 diagram,Check the 6 terminal(s) of the Power mirror remote control switch (PT634): label and wire colour,camden,open,VER.02,"Unplug it and compare each terminal with the record (from the 1982 diagram): WG WG; B B; Lg Lg; LgR LgR; LgB LgB; LgY LgY. Reply done, and write any that differ.",check,,,,
W52,W,W Wiring check against the 1982 diagram,Check the 2 terminal(s) of the Fuel lid opener switch (PT635): label and wire colour,camden,open,VER.02,"Unplug it and compare each terminal with the record (from the 1982 diagram): LR LR; GB GB. Reply done, and write any that differ.",check,,,,
W53,W,W Wiring check against the 1982 diagram,Check the 2 terminal(s) of the Motor antenna switch (PT636): label and wire colour,camden,open,VER.02,"Unplug it and compare each terminal with the record (from the 1982 diagram): LG LG; B B. Reply done, and write any that differ.",check,,,,
W54,W,W Wiring check against the 1982 diagram,Check the 13 terminal(s) of the Combination switch (steering column) (PT638): label and wire colour,camden,open,VER.02,"Unplug it and compare each terminal with the record (from the 1982 diagram): R (2-pin) R; WG (2-pin) WG; RG RG; RW RW; R (6-pin) R; RL RL; RY RY; WG (F-02) WG; GY GY; GW GW; GB GB; GR GR; GO GO. Reply done, and write any that differ.",check,,,,
W55,W,W Wiring check against the 1982 diagram,Check the 14 terminal(s) of the Light and turn switch (PT639): label and wire colour,camden,open,VER.02,"Unplug it and compare each terminal with the record (from the 1982 diagram): R (2-pin) R; WG (2-pin) WG; RG (6-pin) RG; RW (6-pin) RW; R (6-pin) R; RL (6-pin) RL; RY (6-pin) RY; GL (6-pin) GL; WG (F-02) WG; GY (F-02) GY; GW (F-02) GW; GB (F-02) GB; GR (F-02) GR; GO (F-02) GO. Reply done, and write any that differ.",check,,,,
W56,W,W Wiring check against the 1982 diagram,Check the 6 terminal(s) of the Wiper and washer switch (PT640): label and wire colour,camden,open,VER.02,"Unplug it and compare each terminal with the record (from the 1982 diagram): B B; LW LW; LR LR; LO LO; LG LG; LY LY. Reply done, and write any that differ.",check,,,,
W57,W,W Wiring check against the 1982 diagram,Check the 1 terminal(s) of the Horn contact (PT642): label and wire colour,camden,open,VER.02,"Unplug it and compare each terminal with the record (from the 1982 diagram): GL GL. Reply done, and write any that differ.",check,,,,
W58,W,W Wiring check against the 1982 diagram,"Check the 2 terminal(s) of the Door switch, R and L (PT644): label and wire colour",camden,open,VER.02,"Unplug it and compare each terminal with the record (from the 1982 diagram): RY (RH) RY; RY (LH) RY. Reply done, and write any that differ.",check,,,,
W59,W,W Wiring check against the 1982 diagram,Check the 1 terminal(s) of the Parking lamp switch (PT645): label and wire colour,camden,open,VER.02,"Unplug it and compare each terminal with the record (from the 1982 diagram): BR BR. Reply done, and write any that differ.",check,,,,
W60,W,W Wiring check against the 1982 diagram,Check the 8 terminal(s) of the Power window switch (PT646): label and wire colour,camden,open,VER.02,"Unplug it and compare each terminal with the record (from the 1982 diagram): I-06 BL (LH) BL; I-06 B (LH) B; I-06 RL (LH) RL; I-06 GL (LH) GL; I-07 BL (RH) BL; I-07 B (RH) B; I-07 R (RH) R; I-07 G (RH) G. Reply done, and write any that differ.",check,,,,
W61,W,W Wiring check against the 1982 diagram,"Check the 2 terminal(s) of the Horn, high tone (PT647): label and wire colour",camden,open,VER.02,"Unplug it and compare each terminal with the record (from the 1982 diagram): + (single spade) GY; case ?. Reply done, and write any that differ.",check,,,,
W62,W,W Wiring check against the 1982 diagram,"Check the 2 terminal(s) of the Horn, low tone (PT648): label and wire colour",camden,open,VER.02,"Unplug it and compare each terminal with the record (from the 1982 diagram): + (single spade) GY; case ?. Reply done, and write any that differ.",check,,,,
W63,W,W Wiring check against the 1982 diagram,Check the 3 terminal(s) of the Auto cruise control (PT649): label and wire colour,camden,open,VER.02,"Unplug it and compare each terminal with the record (from the 1982 diagram): B-31 Br Br; B-31 BrB BrB; B-31 B B. Reply done, and write any that differ.",check,,,,
W64,W,W Wiring check against the 1982 diagram,Check the 4 terminal(s) of the Cruise control actuator (PT650): label and wire colour,camden,open,VER.02,"Unplug it and compare each terminal with the record (from the 1982 diagram): B-28 BrB BrB; B-28 Br Br; B-28 BrY BrY; B-28 BrR BrR. Reply done, and write any that differ.",check,,,,
W65,W,W Wiring check against the 1982 diagram,Check the 13 terminal(s) of the Cruise control unit (PT652): label and wire colour,camden,open,VER.02,"Unplug it and compare each terminal with the record (from the 1982 diagram): B-25 BrB BrB; B-25 B B; B-25 W W; B-25 RY RY; B-25 BY BY; B-25 RW RW; B-25 BrW BrW; B-25 BR BR; B-25 Br Br; B-25 BrY BrY; B-25 BrR BrR; B-25 BL BL; B-25 * ?. Reply done, and write any that differ.",check,,,,
W66,W,W Wiring check against the 1982 diagram,Check the 4 terminal(s) of the Cruise control set switch (PT653): label and wire colour,camden,open,VER.02,"Unplug it and compare each terminal with the record (from the 1982 diagram): B-30 BY BY; B-30 RW RW; B-30 BrW BrW; B-30 B B. Reply done, and write any that differ.",check,,,,
W67,W,W Wiring check against the 1982 diagram,"Check the 9 terminal(s) of the Radio, Clarion AM/FM full control (PT655): label and wire colour",camden,open,VER.02,"Unplug it and compare each terminal with the record (from the 1982 diagram): LgW (3-pole) LgW; RG RG; LG (3-pole) LG; LG (4-pole) LG; LW LW; LY LY; LR (4-pole) LR; DIN ?; case ?. Reply done, and write any that differ.",check,,,,
W68,W,W Wiring check against the 1982 diagram,"Check the 6 terminal(s) of the Main amplifier, Clarion 5 W x 2 (PT660): label and wire colour",camden,open,VER.02,"Unplug it and compare each terminal with the record (from the 1982 diagram): L L; LR LR; LO LO; LW LW; LB LB; DIN ?. Reply done, and write any that differ.",check,,,,
W69,W,W Wiring check against the 1982 diagram,"Check the 4 terminal(s) of the Front speaker, 4 in dual cone (PT662): label and wire colour",camden,open,VER.02,"Unplug it and compare each terminal with the record (from the 1982 diagram): LH: LG LG; LH: LW LW; RH: LY LY; RH: LR LR. Reply done, and write any that differ.",check,,,,
W70,W,W Wiring check against the 1982 diagram,Check the 4 terminal(s) of the Rear speaker (PT664): label and wire colour,camden,open,VER.02,"Unplug it and compare each terminal with the record (from the 1982 diagram): LH: LR LR; LH: LO LO; RH: LW LW; RH: LB LB. Reply done, and write any that differ.",check,,,,
W71,W,W Wiring check against the 1982 diagram,Check the 5 terminal(s) of the Wiper motor (PT678): label and wire colour,camden,open,VER.02,"Unplug it and compare each terminal with the record (from the 1982 diagram): L L; LB LB; LW LW; LR LR; B B. Reply done, and write any that differ.",check,,,,
W72,W,W Wiring check against the 1982 diagram,Check the 4 terminal(s) of the Ignition switch (PT708): label and wire colour,camden,open,VER.02,"Unplug it and compare each terminal with the record (from the 1982 diagram): C WR; E L; D BY; A BY. Reply done, and write any that differ.",check,,,,
W73,W,W Wiring check against the 1982 diagram,Check the 3 terminal(s) of the Key reminder buzzer switch (PT709): label and wire colour,camden,open,VER.02,"Unplug it and compare each terminal with the record (from the 1982 diagram): G G; LY LY; 3rd ?. Reply done, and write any that differ.",check,,,,
W74,W,W Wiring check against the 1982 diagram,Check the 1 terminal(s) of the Back door room lamp switch (PT816): label and wire colour,camden,open,VER.02,"Unplug it and compare each terminal with the record (from the 1982 diagram): RB RB. Reply done, and write any that differ.",check,,,,
W75,W,W Wiring check against the 1982 diagram,Check the 2 terminal(s) of the Glove box lamp switch (PT832): label and wire colour,camden,open,VER.02,"Unplug it and compare each terminal with the record (from the 1982 diagram): BL BL; B B. Reply done, and write any that differ.",check,,,,
W76,W,W Wiring check against the 1982 diagram,Check the 2 terminal(s) of the Glove box lamp bulb (12V 3.4W) (PT833): label and wire colour,camden,open,VER.02,"Unplug it and compare each terminal with the record (from the 1982 diagram): LO LO; BL BL. Reply done, and write any that differ.",check,,,,
W77,W,W Wiring check against the 1982 diagram,Check the 4 terminal(s) of the Digital clock (PT849): label and wire colour,camden,open,VER.02,"Unplug it and compare each terminal with the record (from the 1982 diagram): B B; RG RG; LY LY; GY GY. Reply done, and write any that differ.",check,,,,
W78,W,W Wiring check against the 1982 diagram,Check the 2 terminal(s) of the Shift indicator bulb (12V 3.4W) (PT856): label and wire colour,camden,open,VER.02,"Unplug it and compare each terminal with the record (from the 1982 diagram): RL RL; B B. Reply done, and write any that differ.",check,,,,
W79,W,W Wiring check against the 1982 diagram,Check the 2 terminal(s) of the Map lamp (spot lamp) (PT958): label and wire colour,camden,open,VER.02,"Unplug it and compare each terminal with the record (from the 1982 diagram): LY LY; GND ?. Reply done, and write any that differ.",check,,,,
W80,W,W Wiring check against the 1982 diagram,Check the 1 terminal(s) of the Interior mirror lamp bulb (12V 10W) (PT961): label and wire colour,camden,open,VER.02,"Unplug it and compare each terminal with the record (from the 1982 diagram): RY RY. Reply done, and write any that differ.",check,,,,
R0,R,R Research the rest of the parts,"Say when to run the chassis and body research (wave 3: brakes, driveline, steering, suspension, wheels, body - about 400 parts, several million tokens)",camden,open,,"Tick it when you want wave 3 to run; R2 waits on it. Waves 1 and 2 are the electrical, lighting, ignition, engine, fuel, cooling, climate and transmission parts.",check,,,,
R1,R,R Research the rest of the parts,"Merge wave 2 (engine, fuel, cooling, climate, transmission) into the record",agent,open,,"Merge wave 2 (13 of 18 batch files exist in 01-REFERENCE/research/research/: climate-14/16/17, cooling-18, engine-35..39, fuel-41, transmission-52; climate-15, fuel-40, transmission-53/54/57 were lost in a scratch folder and must be run again). The merge reads that folder by default and is idempotent (P48).",,,,,
R2,R,R Research the rest of the parts,"Run wave 3: research the chassis and body parts, then merge them",agent,open,R0 R1 R3,"tools/research/README.md, batches body-01 body-02 body-03 body-04 body-05 body-06 body-07 body-08 body-09 body-10 brakes-11 brakes-12 brakes-13 driveline-19 steering-49 suspension-50 suspension-51 wheels-58.",,,,,
K9,K,K Where it is not recorded,"Read the VIN (chassis number) off the plate - through the windshield at the base of the dash on the driver side, and on the door-jamb label - and type it in full",camden,open,,"00-CAR vehicle.vin is not recorded. The serial number in it (FB331 ......) decides which of two catalogue parts the car left the factory with for 18 of the rows below; once typed, the agent settles those rows from the catalogue's serial ranges and drops them from your list (plan P29).",value,,"VIN, 17 characters",,
K10,K,K Where it is not recorded,"Read the TRIM code off the colour plate (same plate as the paint code, 04-beauty:B01): the two-character interior colour code, e.g. 00 black, 08 white",camden,open,,"53 rows below doubt only which colour variant of a part is fitted; the trim code settles them from the catalogue, and the agent drops them from your list once it is typed (plan P29).",value,,two characters,,
K11,K,K Where it is not recorded,Re-read the 8 catalogue entries whose scan was unreadable (a digit or suffix blank) against a second source - a parts dealer's listing or the other catalogue edition,agent,open,,"G3, H1 and six more rows cannot be settled by looking at the car: the doubt is in the scan, not on the car. Web or second-catalogue check (plan P29).",,,,,
I0,I,I Under the car (on stands),"Put the car on stands (or a lift) for the underside checks, and say when it is up",camden,open,,The 20 stage-I rows need the car off its wheels; they are gated here so they leave your list until the car is up (plan P29).,,,,,
R3,R,R Research the rest of the parts,"Install an OCR tool once (sudo dnf install ocrmypdf) so wave 3 reads the scanned manuals as text, not 800 page images per batch",camden,open,,"The four key PDFs (S-001, S-002 Section 15, S-005, S-038) are image-only scans: pdffonts shows 0 fonts and pdftotext returns nothing. Every research agent pays vision tokens to re-view the same pages. After the install, the agent runs ocrmypdf --sidecar over them into 01-REFERENCE/model/library/docs/ and the research prompt greps first (P48).",,,,,
