id,system,title,date,status,supersedes,superseded_by,closes,also,body
D-001,Architecture and scope,ECUMaster PMU-24 DL over a conventional relay/fuse box,,standing,,,,,"**D-001 — ECUMaster PMU-24 DL over a conventional relay/fuse box.** Accepted about $2,500 of premium for per-channel current logging, soft fuses set from measured draw, and logic without physical relays."
D-002,Architecture and scope,"Ionic S9 heated lithium battery, rear-mounted",,standing,,,,,"**D-002 — Ionic S9 heated lithium battery, rear-mounted.** Sold as ""Ionic Lithium 12V S9 — Car Post Starter Heater Battery""; some listings say *S9H*. Same product. This project says ""S9"". The heater is why this model is right for a cold, high-altitude car: lithium must not be charged below freezing, and the heater warms the cells so it can (D-060)."
D-007,Architecture and scope,Baseline pinned for the current 12A / Weber configuration; O13 and O14…,,standing,,,,,"**D-007 — Baseline pinned for the current 12A / Weber configuration; O13 and O14 (25 A) reserved for an engine swap's ECU and cooling fan, wired to the engine leg and capped.** The engine leg carries the reservation; its design lives in `../engine-swap/`."
D-081,Architecture and scope,"The car drives fully on the PMU with plain switches, the factory…",,standing,,,,,"**D-081 — The car drives fully on the PMU with plain switches, the factory harness comes out, and the build completes — then any module joins.** Modules add capability to a finished car; they are never a dependency for it starting, running or being legal. This is the whole reason the luxury package is a separate project."
D-259,Architecture and scope,"The ICU is a device of this build: designed, built, bench-commissioned…",2026-09-07,standing,,,,,"**D-259 — The ICU is a device of this build: designed, built, bench-commissioned against the old cluster and installed with the harness, so the car's instruments run through it from the first drive; the luxury package supplies only the display that ribbons onto it later. D-081 is amended to ""the car drives fully on the PMU *and the ICU*"".** Camden's call, 2026-09-07, answering `Q-122` — ""the ICU is done and seamless before luxury starts; only the display comes with luxury, and the screen wiring is already done."" D-081's principle — modules add capability to a finished car and are never a dependency for it starting, running or being legal — holds word for word: the ICU is not a control source (D-251), the fuel-pump gate is the PMU's own A7 on a node the PMU excites (D-249, D-260), and a dead ICU costs the driver his gauges — exactly what a dead factory cluster would have cost, accepted. What changes is *who builds it and when*: the carrier `H-001`, its channels, its parts (`P103`–`P114`), its bench commissioning (install §1.20–1.24) and the questions in front of its layout (`Q-123`, `V-073`, `V-082`, `V-057`, `Q-304`, `Q-308`, `Q-309`) are this project's; the luxury package keeps the display chain (`T-051`, `V-084`, `V-085`), the pages, the DCU and everything comfort (luxury D-313 is the hand-over). The firmware stays one source in the luxury tree (`01-DESIGN/firmware/icu/`, R6) — its sensing, CAN and gauge-drive half is now this project's specification (`icu_channels.csv`), its rendering half theirs. The display header, the PSRAM, the IMU and the page-button header go on the board now, so it never comes out for the display."
D-131,Architecture and scope,The windows are manual,,standing,,,,,"**D-131 — The windows are manual.** This car has no power-window motors, switches or wiring; the factory diagram's I-06/I-07/I-09/I-11 describe an option it does not have. Power windows are a luxury-package item. Nothing is deleted for it — every window conductor is run and capped (D-004), K5–K8 sockets and F8/F9 positions are provided at the sill, and adding motors later is plug in, populate, enable."
D-004,Architecture and scope,All 39 PMU cavities are terminated at build time; reserved channels get…,,standing,,,,,**D-004 — All 39 PMU cavities are terminated at build time; reserved channels get real wire to the right housing and are capped there.** The 39-way connector is assembled once and never reopened.
D-119,Architecture and scope,The car migrates and drives on stock incandescent bulbs,,standing,,,,D-124,"**D-119 / D-124 — The car migrates and drives on stock incandescent bulbs.** Every lamp channel has 40–74 % headroom on filament bulbs, so nothing in the pin plan assumes LED. The custom tail lights, the headlamp change and the LED conversion are luxury-package scope; D-122 (soft fuses re-set after any bulb change) travels with them."
D-209,Architecture and scope,The column combination switch stays; every other switch in the car is…,,standing,,,,,"**D-209 — The column combination switch stays; every other switch in the car is replaced.** They are all broken or near it, and the dash opens once. Stays: E-01 LIGHT + DIMMER, F-02 TURN + HAZARD, D-03 wiper stalk — all laddered. The horn stays on the steering pad. Bought new: wink switches ×2, brake pedal switch, door-pin plungers, the ignition switch (electrical portion), the blower motor, resistor and speed switch."
D-210,Architecture and scope,No ECUMaster keypad; DP-KEY is a generic control-panel drop,,superseded,,D-355,,,"**D-210 — No ECUMaster keypad; DP-KEY is a generic control-panel drop.** CAN2 H/L, switched +12 V off O10, ground — the universal set, so whatever panel the luxury package builds plugs in. Consequences accepted: the rear defogger has no trigger this build (O4 wired, configured, disabled); the hatch keeps opening on its key. A hardwired defog switch on a spare L3-S2 cavity is the fallback if a winter without one is worse in practice than on paper.

**D-210(b) — DEFOG (O4) is configured and disabled; INTERIOR is `A6 != CLOSED` with the theatre fade; there is no keypad term in any expression.**"
D-211,Architecture and scope,The A/C system comes out; no cooling until the swap engine,,standing,,,,,"**D-211 — The A/C system comes out; no cooling until the swap engine.** Compressor, bracket, belt, condenser, receiver/drier and lines are removed (a shop recovers the refrigerant first — venting it is illegal). The blower, heater core, HVAC case, ducts and blend doors stay, so heat, defrost and ventilation are unaffected. Electrically all subtractions: F4 and K10 deleted, the factory interlock chain leaves with the hardware, no cavity moves. **Nothing is capped for it in the engine bay** — the engine leg carries only what the engine on the mounts needs and is rebuilt from scratch at a swap. Its return is `../engine-swap/`."
D-228,Architecture and scope,The A/C compressor runs on its own belt; the D-211 strip is purely…,2026-09-03,standing,,,V-097,,"**D-228 — The A/C compressor runs on its own belt; the D-211 strip is purely subtractive.** Confirmed at the crank pulley, 2026-09-03. Nothing else is driven off that belt, so removing the compressor and bracket needs no shorter belt and does not touch the alternator or water-pump drive. Answers V-097."
D-202,Architecture and scope,One teardown: everything is bought now; measurements confirm before…,,standing,,,,,"**D-202 — One teardown: everything is bought now; measurements confirm before cutting, not before buying.** The interior comes apart once. Wire is bought with a 1.5× margin because the routes are unmeasured at order time; the dash envelope, the routes and the pop-up ohm check gate *cutting*, never purchasing. The drive-home rule survives throughout."
D-194,Architecture and scope,Configure in the car; there is no bench phase,,standing,,,,,"**D-194 — Configure in the car; there is no bench phase.** The PMU is mounted, powered from the new backbone through a 5 A fuse (D-145), and configured over CAN1 with every output disabled before any circuit migrates. Four bench-era rules survive as hard requirements: the 5 A first-power-up fuse; 120 Ω at both CAN1 ends or the client never connects; three practice crimps pull-tested before any real crimp; one circuit at a time, the car drives home every day."
D-213,Architecture and scope,One wiring project,2026-09-02,standing,,,,,"**D-213 — One wiring project.** `electrical-build/` owns the harness — design, shopping, install — as a three-step guide with `DECISIONS.md` and `QUESTIONS.md` at its root. `luxury-package/` owns every future feature (heated/cooled seats, the digital cluster ICU, the climate module DCU, the control panel, defog trigger, mirrors, windows, sound deadening, LED lighting); `engine-swap/` owns everything that changes with the engine (ECU, CAN drop, in-tank pump, A/C's return, transmission, axle). The old `electrical-pmu/` tree is dissolved: its history and process files are archived under `../../99-ARCHIVE/Electrical/2026-09-02_electrical-pmu/` and stay linkable; its firmware and module designs moved to the luxury package. Answers Q-072."
D-061,Power backbone and battery,The starter feed and the PMU feed are separate runs from the battery…,,standing,,,,D-091,"**D-061 / D-091 — The starter feed and the PMU feed are separate runs from the battery post; the PMU feed is 2 AWG.** Cranking pulls 300–500 A briefly and cannot pass through a Class-T sized for the module feed. The master disconnect sits in the PMU leg, so opening it isolates the electrical system while the starter cable stays passive. 2 AWG (not 4) because it is sized for the swap engine, not the 12A — about $40 more now against pulling the tunnel a second time."
D-062,Power backbone and battery,"Main protection is Class-T (Blue Sea 5007100 block, 5114 150 A fuse)…",,standing,,,,,"**D-062 — Main protection is Class-T (Blue Sea 5007100 block, 5114 150 A fuse), mounted as close to the positive post as physically possible.** LiFePO4 delivers enormous short-circuit current and Class-T is the only common fuse with the interrupt rating to break it. The cable between post and fuse is the one length that can never be protected — keep it inches long. Not economised, ever."
D-203,Power backbone and battery,"The starter run is protected by an MRBF (Blue Sea 5191 holder, 5187 200…",,standing,,,,D-207 D-207,"**D-203 — The starter run is protected by an MRBF (Blue Sea 5191 holder, 5187 200 A) on the post; the alternator charges through the starter cable via F18 (100 A MIDI) at the starter stud, as the factory did through its fusible link; K9's contact feed is F17 (30 A MIDI) at the same stud.**

**D-203(g) / D-207 — Fine-strand copper welding cable for the 2 AWG runs (loomed and grommeted), closed-barrel tinned lugs hydraulically crimped; bought as fixed lengths 45 ft red / 25 ft black.** Marine-tinned cable costs about twice as much for no benefit inside loom.

**D-203(d) / D-207 — Crimpers: one IWISS solid-contact Deutsch crimper (sizes 12/16) and an open-barrel ratchet crimper for the SICMA terminals, each accepted only after three practice crimps pass the pull test (16 AWG 20 lbf · 14 AWG 34 lbf · 12 AWG 45 lbf); a hydraulic crimper for every lug.** The genuine HDT-48-00 is the gold standard; the pull test is what makes a cheaper tool acceptable."
D-198,Power backbone and battery,The alternator gets its factory-spec excitation circuit: O12 → F15 (7.5…,,standing,,,,,"**D-198 — The alternator gets its factory-spec excitation circuit: O12 → F15 (7.5 A) → L1-S1 2 → alternator BW; the charge-lamp sense WB gets its own conductor, L1-S2 8 → DP-CLU 8.** Reading factory sheet A exposed that an earlier plan had repurposed the BW feed as a sense input — the new harness would never have excited the alternator at all. This is also the prime suspect for the observed no-charge (D-179: 11.4 V at idle): the factory BW path ran through the emissions-era connectors the delete disturbed. The unit is kept and judged at commissioning on correct wiring; replaced only if it still refuses to charge."
D-063,Power backbone and battery,"The battery mounts on a backing plate under the floor, not through…",,standing,,,,,"**D-063 — The battery mounts on a backing plate under the floor, not through sheet metal alone.** A 15 lb mass with live terminals becomes a projectile in a crash; the plate turns a tearing load into a shear load. NOCO BG27 box (D-207), hold-down, M8 grade-8 hardware."
D-229,Power backbone and battery,No battery box,2026-09-03,standing,,,V-093,,"**D-229 — No battery box.** Camden's call, 2026-09-03: the NOCO BG27 leaves the design and the Amazon cart. The backing plate, hold-down and M8 grade-8 hardware of D-063 still carry the crash case — the box was never the structure. What the box *did* provide and now has no owner is terminal insulation and debris protection for a live post in an open cargo bin, so a replacement means of covering the terminals is required before the battery is installed (`Q-103`). Supersedes the box in D-063 and D-207, and the ""in a NOCO BG27 box"" wording in `01-DESIGN/DESIGN.md` §2. Answers V-093."
D-064,Power backbone and battery,A pull string goes into the tunnel beside the 2 AWG feed,,standing,,,,,"**D-064 — A pull string goes into the tunnel beside the 2 AWG feed.** The rear leg follows the same route later, and adding it without the string means dropping the console again."
D-145,Power backbone and battery,First power-up of the dash node is through a 5 A fuse in the main feed…,,standing,,,,,"**D-145 — First power-up of the dash node is through a 5 A fuse in the main feed, not a bench supply.** Enough for the PMU to boot and talk over CAN; anything shorted blows a $2 fuse instead of melting 2 AWG. Verify, then fit the Class-T."
D-234,Power backbone and battery,"The Ionic has SAE tapered posts, so every battery connection is a brass…",2026-09-04,standing,,,V-053,,"**D-234 — The Ionic has SAE tapered posts, so every battery connection is a brass post clamp with a 3/8 in stud take-off, not a ring lug on a stud.** Camden looked, 2026-09-04, answering `V-053`. The consequence is that the positive clamp's stud becomes the one mechanical junction carrying the MRBF holder (starter feed), the 2 AWG feed to the master disconnect, and — after D-236 — the new audio system's own fused line. That rules out a stamped parts-store terminal: it needs a real stud with real thread. Confirm at the cart review that the Blue Sea 5191's mounting foot lands on it. P095 joins the Amazon cart."
D-235,Power backbone and battery,The terminals are covered by boots and nothing else,2026-09-04,standing,,,Q-103,,"**D-235 — The terminals are covered by boots and nothing else.** Camden's call, 2026-09-04, answering `Q-103`. The cargo bin is an isolated compartment with its own lid, so the debris case D-229 opened is already covered; boots handle the tool-across-the-post case for cents. **No fabricated cover panel** — deliberately, because every layer over the battery is a layer to strip off at the roadside for a jump start, and boots pull off by hand. The battery-cover stock leaves the C2 hardware-store trip. D-063's backing plate, hold-down and M8 grade-8 hardware are untouched — they were always the structure. P094 joins the Amazon cart."
D-237,Power backbone and battery,The 200 A MRBF is right for the starter feed; no upsize,2026-09-04,superseded,,D-321,V-094,,"**D-237 — The 200 A MRBF is right for the starter feed; no upsize.** Answers `V-094`. A 12A's starter pulls 300–500 A for the moment of engagement and settles to roughly 150–250 A while it spins; MRBF curves run seconds at 3× rating and minutes at 1.5×, so even a long flooded-rotary crank sits inside the curve while a genuine dead short still clears in milliseconds. The 250 A (5188) would buy nothing and would sit further above the cable's own rating — this fuse protects the cable, not the starter."
D-238,Power backbone and battery,"The 2 AWG cable is accepted at the cart on two criteria, and CCA is…",2026-09-04,standing,,,V-095,,"**D-238 — The 2 AWG cable is accepted at the cart on two criteria, and CCA is refused at any price.** Answers `V-095`: the listing must state **≥ 90 °C insulation** and **100 % copper**. Camden asked for this to ride on the cart review rather than become an errand, so it is a line in the review; if the carted TEMCo listing does not state both, the line is swapped before payment, not after."
D-239,Power backbone and battery,The Ionic S9 case measures 170 W × 230 L × 190 H mm,2026-09-04,standing,,,V-051,,"**D-239 — The Ionic S9 case measures 170 W × 230 L × 190 H mm.** Measured 2026-09-04, answering `V-051`; the row is `params.battery_case_mm`. Terminals and boots stand proud of the 190 mm, so the M-4 cargo-bin mock-up is cut to the case *plus* the boot height, not to the case."
D-241,Power backbone and battery,"C10, the busbar → PMU stud link, is 2 AWG",2026-09-04,standing,,,,,"**D-241 — C10, the busbar → PMU stud link, is 2 AWG.** Found in the 2026-09-04 audit: it was drawn as 4 AWG, no 4 AWG cable or lug appears in any cart, and 4 AWG sits at its own rating under a 150 A Class-T. 2 AWG is already carted, already lugged (P064) and already in the hydraulic crimper's dies. Eight inches of heavier cable costs nothing and deletes a missing part that would not have been noticed until the backbone weekend."
D-245,Power backbone and battery,The master disconnect moves to the battery negative,2026-09-04,superseded,,D-319,Q-105,,"**D-245 — The master disconnect moves to the battery negative.** Camden's call, 2026-09-04, answering `Q-105`. In the PMU leg it isolated the module and nothing else: the MRBF branch kept the starter B+ stud live, and with it F17's feed to K9 and F18's to the alternator B+ — three energised studs in an engine bay somebody had just ""isolated"", and eighteen feet of live cable under the car. Between the negative post and the rear ground stud, opening it takes the return away from every positive fault in the car, starter cable included. The Class-T stays on the positive at the post where it belongs. `backbone` B1/B5, `cables` C01/C02/C05 and `grounds` G24 are re-drawn. The switch (Blue Sea 9003e — **e-Series**, not m-Series as the part row said: 350 A continuous, 1500 A cranking) now carries the starter return, which that cranking rating covers with room. Nothing is bought."
D-246,Power backbone and battery,"1/0 for the starter feed, and a dedicated 1/0 cranking return from the…",2026-09-04,standing,,,Q-106,,"**D-246 — 1/0 for the starter feed, and a dedicated 1/0 cranking return from the rear stud to the engine block.** Camden's call, 2026-09-04, answering `Q-106` — *go bigger and safer for both*. The feed settles an ambiguity the data carried in two rows (""1/0 (or 2 AWG)"") against a cart that bought neither consistently: 18 ft of 2 AWG costs about 2 V at 400 A, and 1/0 hands half of that back on the engine that is hardest to start when it is flooded. The return is the more important half. `B5` + `B6` as drawn sent 400 A of cranking current across the whole unibody, through 44-year-old spot welds and seam sealer, on a shell whose rust extent is unsurveyed (`K-007`) and which has already produced one shared-ground fault (`K-008`); the factory never asked the shell to do this, because the battery was in the engine bay. `B7` / `C11` is now a dedicated 1/0 from the rear stud forward to the block, and `B6` stays as the block-to-chassis bond rather than the main return. Both cables are pulled on the same backbone weekend, through the same tunnel, once. Cart: P096 (25 ft 1/0 red) and P097 (30 ft 1/0 black) join, P098 carries the 1/0 lugs, P065 drops to the 6 AWG lugs alone, and the 2 AWG lines fall to 25 ft red / 10 ft black — a net of roughly **+$180**."
D-214,The dash node,No backer plate and no sealed box. The dash node mounts on one or more…,2026-09-02,standing,D-005,,,,"**D-214 — No backer plate and no sealed box. The dash node mounts on one or more small carrier panels, low in the dash, laid out with the parts in hand.** Camden's call, 2026-09-02: a sealed box would be too bulky for the footwell shape; the components will be spread around the dash floor and centre stack once their real sizes can be tried in the space. The electrical design is unchanged by the split — every conductor is the same whether pieces share a panel or not. The 12 × 24 in aluminium sheet left the order; panel stock comes from a hardware store after the measurement day. Supersedes D-005 (single removable plate) and the plate-layout drawing (archived)."
D-003,The dash node,Two-tier connector architecture,,standing,,,,,**D-003 — Two-tier connector architecture.** The 39-way SICMA is a *device* connector at the dash node; short wires run from it to a receptacle for every leg and drop. Legs plug into the node; the 39-way is never touched again.
D-020,The dash node,"A true-constant bus lives off the PMU, fed from the always-hot busbar…",,standing,,,,D-030,"**D-020 / D-030 — A true-constant bus lives off the PMU, fed from the always-hot busbar through K11 (the audio master, driven by O22 keep-alive) and block B, plus block A straight off the busbar for the laptop port, the switch supply and the courtesy lamps.** The PMU sleeps; the head unit keeps its memory on its own non-volatile store; nothing draws through the module while it is asleep except the module itself."
D-224,The dash node,Both busbars are covered — the always-hot bar and the ground bus,2026-09-03,standing,,,Q-101,,"**D-224 — Both busbars are covered — the always-hot bar and the ground bus.** Camden's call, 2026-09-03, against the design's original ""cover the hot one, leave the ground bare"". A bare ground bus in a footwell is not a shock risk but it is a short risk: a dropped tool, a coin or a seat rail bridging the ground bus to the hot bar beside it is exactly the fault the Class-T has to clear. Covers cost a few dollars against a 150 A event. Buy two covered 10-gang bars, or fit Blue Sea 2718 covers to both. Answers Q-101; changes `02-SHOPPING/SHOPPING-LIST.md` §8 (the Waytek cart carries one 78250 today)."
D-230,The dash node,The amplifier comes off the PMU entirely; the head unit stays on it,2026-09-03,standing,,,,,"**D-230 — The amplifier comes off the PMU entirely; the head unit stays on it.** Camden, 2026-09-03. The audio system is deliberately isolated from every other powered system in the car — its only interface to anything is the pre-amp signal from the head unit to the amp — and the amp already has its own power. The head unit is different: it is woven into the body harness, it needs switched power, illumination, ground and a memory constant, and it stays a PMU load.

*Deleted:* **F5** (30 A, block B) and **L4-P 4** (12 AWG RED, amplifier constant). L4-P 4 becomes a plugged spare under D-218 — a heavy cavity with no named future feature, so it gets sealing plugs in both halves, not a capped wire. Block B goes from F1 + F5 + two spare to **F1 + three spare**.

*Narrowed, not deleted:* K11. D-020/D-030 called it ""the audio master""; with F5 gone its only load is F1, the head-unit memory constant, so K11 is now the **head-unit constant master** and the O22 keep-alive latch that drives it is unchanged. The reasoning survives — the head unit must hold memory while the PMU sleeps — the name does not.

*Supersedes* D-215's ""L4-P 4 is the amplifier constant"". *Opens* `Q-104`: the amp is believed to draw from a rear-cabin junction, and the factory harness is removed at install §6 — if that junction leaves with it, the amp loses its feed on a day nobody is thinking about audio."
D-216,The dash node,"Two fuse blocks, not four. Block A (busbar: F2, F3, F19, F13 empty) and…",2026-09-02,standing,D-206 D-208,,,,"**D-216 — Two fuse blocks, not four. Block A (busbar: F2, F3, F19, F13 empty) and block B (K11: F1, F5, two spare). F6/F7 (O1 → K1/K2 contacts) and F10/F11 (O15) are deleted; F8/F9/F14 at the sill are labelled positions with no holder this build.** O1's two branches are identical 12 AWG runs carrying one function, and the output's 25 A soft fuse protects either; O15 has no load until the luxury package, which adds its own block on that output when it lands; the sill holders belong to windows and mirrors that do not exist yet. F12 stays because a shorted interior lamp must not take the illumination bus and cluster feed down with it at night. This is what was carted on 2026-09-02 (two OptiFuse BLR-504, three sealed inlines). Supersedes D-206 and D-208(f)."
D-056,The dash node,The wake network uses 1N5819 Schottky diodes (not 1N4007) with a 10 kΩ…,,standing,,,,,"**D-056 — The wake network uses 1N5819 Schottky diodes (not 1N4007) with a 10 kΩ bleed from the rail to ground.** The lower forward drop matters at cold-crank voltage; without the bleed, diode leakage can hold pin 7 above threshold and the PMU never sleeps."
D-167,The dash node,A 100 kΩ bias resistor from +5 V on A15 and A16,,standing,,,,,"**D-167 — A 100 kΩ bias resistor from +5 V on A15 and A16.** These are the 12 V-side ladders, where OFF would read 0 counts — identical to a disconnected wire. The bias lifts OFF to ~90 counts so the two are distinguishable. Same principle as D-053: no valid state may sit at an extreme."
D-186,The dash node,"Pop-up drive is one run relay per side, K1 (LH) and K2 (RH); no H-bridge",,standing,,,,,"**D-186 — Pop-up drive is one run relay per side, K1 (LH) and K2 (RH); no H-bridge.** Camden confirmed the motors spin one direction only (the crank flips the lamp each half-revolution; the internal cam stops it at each end), and that the factory indicator stays lit when a motor never reaches its limit. So raise and lower are the same electrical act: energise the relay until that side's YG transit contact opens again; 4 s still-closed is an obstruction fault. 87a to ground keeps dynamic braking for free (D-057). Whether K1/K2 drive R and RY bridged or R alone is the ohm check on the measurement day (install M-3)."
D-189,The dash node,"K1 and K2 coils are fed from O1, each in series with the *opposite*…",,standing,,,,,"**D-189 — K1 and K2 coils are fed from O1, each in series with the *opposite* side's wink-switch NC pole.** Holding a wink opens the other side's coil return, so when the PMU runs the half-cycle only the winked lamp moves; O1 stays both supply and command, keeping pop-up telemetry. The wink NO poles feed the A8 ladder (D-215), so a wink also wakes the PMU with the key out."
D-182,The dash node,"The washer pump runs on its own relay K12: coil from O10, coil return…",,standing,,,,,"**D-182 — The washer pump runs on its own relay K12: coil from O10, coil return through the wiper stalk's WASH contact, contact fed from O8.** The pump runs only while the driver holds WASH; O8 stays on for two more sweeps after release."
D-148,The dash node,Start relay K9 is a sealed mini ISO relay (Picker PC792E-1C-C-12S-DN-X…,,standing,,,,D-208,"**D-148 / D-208(e) — Start relay K9 is a sealed mini ISO relay (Picker PC792E-1C-C-12S-DN-X in a Chief 75340 weatherproof socket) on the inner fender, not at the starter.** The relay keeps solenoid current off the PMU and does not need to be adjacent; pull-in is 15–25 A and 10 AWG over a few feet loses almost nothing. Mini, not micro, because micro has no weatherproof housing in the catalogue."
D-215,The dash node,"The presentation design's defaults are adopted as the design, pin by…",2026-09-01,standing,,,,,"**D-215 — The presentation design's defaults are adopted as the design, pin by pin, wherever they differ from earlier decisions.** When the three-step guide was written (2026-09-01) it resolved every open electrical item with a sensible default, and those defaults are what the carts were built to. Where they differ from older entries, the guide wins: A3 reads brake pedal *and* wiper park as a 4-state ladder (D-182 had left park sense capped) · A8 reads hazard, horn, wink L and wink R summed — hazard 4.7 kΩ, horn 8.2 kΩ, wink L 18 kΩ, wink R 33 kΩ (D-190 had horn 12 kΩ and winks pin-7-only) · A4/A5 inhibitor contacts through 8.2 kΩ with 47 kΩ baselines at the L2-S plug (D-187 had 12 kΩ) · the +5 V reference stays at the dash node, used only for the two bias resistors — nothing in any leg uses +5 V (D-197's 100 Ω pull-up at the sender is not fitted; A7 observes the factory fuel-gauge node through a 1 MΩ pull-down, read in the car as a three-point lookup) · the door and A8 wake stages are two NPN sense stages at the dash node (D-188 had a PNP at the sill) · L4-P 4 is the amplifier constant (D-181's O15 → sill feed is not run; mirror heat waits on F14) · L4-M 3/4 are the hatch and fuel-door solenoids, capped (D-180's O10 branches wait for the panel) · DP-ICU is the 12-way sensor drop and DP-DCU the 6-way (D-083) · DP-CLU feeds the factory cluster from day one · the private DCU↔ICU pair (D-087) is not run — the luxury package can add it behind the same bezel · O2/O3 are filament headlamps."
D-236,The dash node,The factory amplifier and every wire that serves it come out; the…,2026-09-04,standing,,,Q-104,,"**D-236 — The factory amplifier and every wire that serves it come out; the replacement audio system is standalone off the battery posts.** Camden, 2026-09-04, answering `Q-104` — and confirming D-230 by a different route than expected. The stock amp's feed cannot be traced because a previous owner spliced the dash badly, so it is *not* traced: the amp, its power lead and all the factory speaker wire leave with the factory harness at install §6, and nothing in this project waits on finding where it fed from. What replaces it is a new amplifier beside the battery on its own fused line straight off the positive and negative posts, new speaker cable, new speakers, taking pre-amp signal from the head unit. The head unit stays the only audio load the PMU sees, exactly as D-230 left it, and L4-P 4 stays plugged.

*Two consequences that are this project's business:* the new amp's feed and return lugs land on the same posts as D-234, so the terminal stack and the D-235 boots must clear them — mock it at M-4 with the amp in place; and the head unit's own speaker outputs go unused, so nothing in the dash needs speaker-level wire."
D-242,The dash node,"F1, the head-unit constant, drops from 15 A to 10 A",2026-09-04,standing,,,,,"**D-242 — F1, the head-unit constant, drops from 15 A to 10 A.** Found in the 2026-09-04 audit. F1's conductor is 14 AWG into L3-M 2, a Deutsch DT size-16 contact rated 13 A: a 15 A fuse sits outside a component's rating in the path it protects. That is precisely the finding D-223 acted on for the software caps, and this physical fuse was missed by it. With the amplifier gone (D-230, D-236) the constant carries memory and the head unit's own internal output stage, not an amp, so 10 A is generous and inside every part in the path. A drawer value; no cart change."
D-009,"Outputs, soft fuses and logic",O1 (pop-up motor bus) and O16 (blower) carry the inductive loads…,,standing,,,,,"**D-009 — O1 (pop-up motor bus) and O16 (blower) carry the inductive loads, because they are the only two channels with integrated high-power flyback diodes.**"
D-010,"Outputs, soft fuses and logic",Wipers live on O8 and nothing else does; O8 is the only channel with…,,standing,,,,,"**D-010 — Wipers live on O8 and nothing else does; O8 is the only channel with wiper-motor braking.** O9 is the high-speed brush. Park is software: hold O8 until A3 reads PARKED, then brake."
D-225,"Outputs, soft fuses and logic",One-touch single wipe is in the wiper logic,2026-09-03,standing,,,V-028,,"**D-225 — One-touch single wipe is in the wiper logic.** A tap of the stalk to LOW and back runs one full sweep and parks: `LOW held < 400 ms → one sweep to PARKED`. Software only — no wire, no part, no cost, and the A3 park state it needs is already read (D-215). Answers V-028; enters `03-INSTALL/PMU-CONFIG-SHEET.md` §3 at install §5.4."
D-013,"Outputs, soft fuses and logic",Turn signals are flashed natively by the PMU (1.5 Hz); the interval…,,standing,,,,D-014,**D-013 / D-014 — Turn signals are flashed natively by the PMU (1.5 Hz); the interval wiper unit is deleted — intermittent is a software timer on O8.** No flasher and no interval unit anywhere in the car.
D-015,"Outputs, soft fuses and logic","Tail, park, side markers and licence lamps are one circuit on O6, lit…",,standing,,,,,"**D-015 — Tail, park, side markers and licence lamps are one circuit on O6, lit in both PARK and HEAD.** Front on L2-M 7, rear on L4-M 1, spliced at the nose and the hatch."
D-011,"Outputs, soft fuses and logic","O15 is a 25 A comfort bus for the luxury package (seats, mirror heat…",,standing,,,,,"**D-011 — O15 is a 25 A comfort bus for the luxury package (seats, mirror heat, and the like), fanned out downstream by that project.** This build runs it to L3-P 2 and caps it. Chosen over holding it as a third swap reservation."
D-095,"Outputs, soft fuses and logic",The cigarette lighter is deleted,,standing,,,,,**D-095 — The cigarette lighter is deleted.** It was the only load that could trip the channel powering the accessories; USB-C covers the function.
D-047,"Outputs, soft fuses and logic","No bulb-out detection, no load resistors anywhere, no seat-belt or key…",,standing,,,,D-050,"**D-047 / D-050 — No bulb-out detection, no load resistors anywhere, no seat-belt or key chimes.** A manual lamp check is easy; flash rate is set in software; the chimes are not wanted."
D-038,"Outputs, soft fuses and logic",The retractable-headlight switch is deleted; pop-ups raise when the A15…,,standing,,,,D-040 D-110,"**D-038 / D-040 / D-110 — The retractable-headlight switch is deleted; pop-ups raise when the A15 ladder reaches HEAD and lower when it leaves; the only cabin controls are the two momentary wink switches; each motor's manual raise knob covers maintenance access.** The pop-ups themselves stay — K1/K2, the L2-P run feeds, the A4/A5 ladders and the winks are all as specified."
D-164,"Outputs, soft fuses and logic",Soft-fuse rule: motors measured stall × 1.10 · filament lamps steady ×…,,standing,,,,D-165 D-175,"**D-164 / D-165 / D-175 — Soft-fuse rule: motors measured stall × 1.10 · filament lamps steady × 1.35 plus an inrush window · resistive cold × 1.20 · electronics steady × 1.50, rounded up to 0.5 A. Until a channel has been measured it runs at its channel cap, and the PMU's own telemetry on the new harness is the measurement.** The limit protects the wire, not the load; a guessed limit either nuisance-trips or fails to protect while looking configured. Consequence accepted: during shakedown the soft fuses discriminate nothing — a seizing motor shows only in telemetry — so the protection burden sits on continuity testing every conductor before first power and watching telemetry through the first week. Measured today: O5 fuel pump 4.0 A (D-173: steady 2.38 A × 1.5, because dead-heading the pump for a stall reading risks more than it teaches), O6 7.5, O7 9.5, O17/O18 4.5."
D-120,"Outputs, soft fuses and logic",Every lamp channel gets an inrush window before it is enabled (a cold…,,standing,,,,D-122,"**D-120 / D-122 — Every lamp channel gets an inrush window before it is enabled (a cold filament pulls 8–12× for a few milliseconds; turn signals are the case that bites), and every soft fuse is re-set after any bulb change.** A tail circuit set for filament does not protect an LED."
D-166,"Outputs, soft fuses and logic",The entire PMU logic is enterable before any current figure exists,,standing,,,,,"**D-166 — The entire PMU logic is enterable before any current figure exists.** Names, decode tables, expressions, interlocks, wake, flasher, wiper timing and pop-up logic have no dependency on measurement; limits and enabling happen per channel as each migrates."
D-183,"Outputs, soft fuses and logic",Interim rules until an engine ECU or cluster module puts rpm on CAN…,,standing,,,,,**D-183 — Interim rules until an engine ECU or cluster module puts rpm on CAN: fuel pump = key RUN; start relay = key START and the inhibitor's P/N state — no rpm term in either.** The rpm-qualified versions are luxury-package / engine-swap scope.
D-126,"Outputs, soft fuses and logic","O16's blower limit comes from the replacement motor's spec, then…",,standing,,,,,"**D-126 — O16's blower limit comes from the replacement motor's spec, then telemetry.** The original motor is dead (K-023); the channel stays 25 A with the flyback diode, which covers any plausible replacement."
D-223,"Outputs, soft fuses and logic","The enable-at cap on O8, O9, O10 and O11 is 13.0 A, not 15 A",2026-09-03,standing,,,V-014,,"**D-223 — The enable-at cap on O8, O9, O10 and O11 is 13.0 A, not 15 A.** The 15 A outputs reach their loads through Deutsch DT size-16 contacts rated 13 A continuous, so a 15 A software limit sits outside a component's rating for no gain: the real loads are 4–10 A and the cap only ever acts in a fault, which trips in milliseconds either way. Lowering it costs nothing and keeps every software limit inside every part's rating. O6 and O7 already sit at their measured values (7.5 A, 9.5 A) and are unaffected. Answers V-014; changes `03-INSTALL/PMU-CONFIG-SHEET.md` §5 and `01-DESIGN/DESIGN.md` §4.1."
D-226,"Outputs, soft fuses and logic",The ignition layout is factory and untouched: two coils and two…,2026-09-03,standing,,,V-001,,"**D-226 — The ignition layout is factory and untouched: two coils and two igniters, leading and trailing.** Confirmed by eye 2026-09-03. The four BW feeds are not individually traceable without pulling the loom, but nothing about the installation looks disturbed, so the design's assumption stands — L1-P 1 splices to BW on all four (`01-DESIGN/DESIGN.md` §12). Answers V-001. If commissioning shows a coil unfed, the splice count is the first thing to re-open."
D-243,"Outputs, soft fuses and logic","O2 and O3 are enabled at 13.0 A, not the 25 A channel cap",2026-09-04,standing,,,,,"**D-243 — O2 and O3 are enabled at 13.0 A, not the 25 A channel cap.** Found in the 2026-09-04 audit. D-164/D-175 park an *unmeasured* channel at its cap, but LD01 is not unmeasured — it is published, two 55 W lamps, 3.0 A low and 3.5 A high — and both channels reach their lamps through 14 AWG branches spliced at L2-P. A 25 A limit over a 14 AWG branch protects nothing that branch needs protecting from, and it is the same mismatch D-223 and D-232 closed everywhere else. 13.0 A is the gauge rule's own number for 14 AWG and still leaves 3.7× headroom over the published draw; the inrush window is untouched, so cold filaments are unaffected. Re-set from telemetry at migration like every other channel (D-025)."
D-248,"Outputs, soft fuses and logic",Three rules so a door left ajar cannot flatten the Ionic,2026-09-04,standing,,,Q-109,,"**D-248 — Three rules so a door left ajar cannot flatten the Ionic.** Camden's call, 2026-09-04, answering `Q-109`. `INTERIOR` was `A6 != CLOSED` with no timeout; the door stage is a wake source, so the same open door also held `KEEP_ALIVE` latched; and the only shed rule shed `COMFORT`, a channel with no load in this build. Together that is about 2.7 A until the BMS cuts off — the one battery state a LiFePO4 is hard to come back from, and the reason `A4` on the finishing list exists at all. Now: the interior lamp **drops after 10 minutes** with a door still open and re-arms when every door closes; below **11.5 V** the shed takes `INTERIOR` and `ACCESSORY` as well as `COMFORT`; and `KEEP_ALIVE` **releases after 30 minutes** with `A16 == OFF` whatever `A6` reads, so a failed door plunger cannot hold the module awake for a week. Config only — no wire, no part. The always-hot courtesy lamps (F19, glove box and luggage) sit outside all three by design: a stuck lid switch is still a slow drain nothing watches, which is worth knowing rather than fixing."
D-251,"Outputs, soft fuses and logic","Wire is control, CAN is telemetry. Anything the PMU acts on for the…",2026-09-07,standing,,,,,"**D-251 — Wire is control, CAN is telemetry. Anything the PMU acts on for the engine or for safety sits on a hardwired PMU input; anything it only logs or displays may arrive on CAN2; and a CAN value ever admitted to a control expression fails open on timeout.** Camden's call, 2026-09-07, the electrical half of `Q-116`. Bus priority (a lower identifier wins arbitration) solves latency under contention — at CAN2's ~1.5 % load the worst case is one lost arbitration, about a quarter of a millisecond — and solves nothing about *source failure*: a rebooting, hung or unplugged ICU simply stops sending, and the PMU cannot tell ""no message"" from ""no pressure"". A gate that cuts on timeout kills the pump when a module hiccups; a gate that ignores timeout is silently absent whenever the module is down. Neither is an interlock. So the oil-pressure gate lives on A7 (D-249); the rpm term D-183 waits for arrives as a *secondary* condition whose timeout reads as running; and the PMU logs the ICU's rpm, oil pressure, water temperature and fuel level as received channels for display and cross-check only. *Consequence for the harness:* **fuel level becomes the ICU's signal.** `DP-ICU-B 3` taps the fuel node (`N64`), the ICU publishes it on CAN2 (luxury D-306: frame `0x218`, 2 Hz), and the PMU records it as a received channel. Three readers on the oil node (`N47` — the factory gauge, the PMU's A7, the ICU) is deliberate: a cross-check, not a duplicate, and a disagreement is a sender or wiring fault nothing else would show."
D-253,"Outputs, soft fuses and logic",The blower is wired now as a PWM load and nothing else: O16 → `L3-P 1`…,2026-09-07,standing,,,Q-112,,"**D-253 — The blower is wired now as a PWM load and nothing else: O16 → `L3-P 1` → a DTP-2 receptacle `L3-BLW` at the HVAC case (1 = motor +, 2 = motor − straight back to the dash ground, 12 AWG); no resistor pack, no speed switch, no motor this build; speed is a duty command the DCU sends over CAN2 and the PMU applies on O16.** Camden's call, 2026-09-07, answering `Q-112` — the reserved number from the 2026-09-05 audit, whose option (b) this replaces. His framing settles what the audit could not: the original motor is dead (K-023) and is not replaced until the luxury package, so the blower has no Phase-1 duty to serve, and the missing command input that made PMU PWM impossible before the DCU (all ten inputs spent) no longer matters — blower and DCU arrive together. What is built now is the wiring an optimally controlled brushed blower wants: a steady high-side feed with a flyback diode (O16 was chosen for exactly this, D-009), a heavy return, and a plug the motor lands on. The channel is configured and DISABLED like DEFOG; its limit still comes from the replacement's spec, then telemetry (D-126). The command is a comfort signal, so D-251 admits it over CAN: on a lost `0x300` the PMU holds a default duty — defrost-safe, not off. *The one unknown:* the PMU's PWM frequency on a 25 A output — at a few hundred hertz a brushed blower can hum at part speed. That is why the return goes through `L3-BLW` rather than straight to the bus: a low-side final stage (an OEM-style blower regulator or a ≥ 20 kHz PWM module, mounted in the resistor pack's hole for airflow) then inserts at `L3-BLW` as a plug-in adapter — module into the receptacle, motor into the module, command from the DCU on a local pigtail — with no harness change. `G15` becomes the motor return; `DV27` and `MG17` are re-drawn; **P087, P088 and P089 leave this project's parts** — the motor (Four Seasons 35483 class, 2-wire; the squirrel cage transfers) is the luxury package's purchase. *Supersedes* D-209's ""the blower motor, resistor and speed switch"" and the old `L3-P 1` note. Consequence accepted, Camden's own: **no heat, defrost or ventilation airflow until the luxury package** — the heater core, case, ducts and doors stay untouched."
D-257,"Outputs, soft fuses and logic",The PMU's PWM is software-adjustable from 4 Hz to 400 Hz per output…,2026-09-07,standing,,,,,"**D-257 — The PMU's PWM is software-adjustable from 4 Hz to 400 Hz per output (Camden, from the manual, 2026-09-07), so the blower's speed control is the low-side final stage at `L3-BLW`, switching at ≥ 20 kHz on a command the DCU wires to it directly; O16 is a steady feed, ON in RUN.** A brushed blower chopped at 400 Hz hums at part speed — the PWM frequency and its harmonics come straight out of the motor and the ducting — and a silent cabin cannot have that, so what D-253 held as the fallback is the plan: module into `L3-BLW`, motor into the module, the DCU's PWM output to the module on a local pigtail. Nothing in the harness moves; that was the point of the receptacle. The module carries its own freewheel diode across the motor (the PMU's integrated diode clamps the high side only and does nothing for low-side chopping), a ≥ 25 A rating, a logic-level PWM or 0–5 V input, and mounts in the resistor pack's hole for airflow; an OEM-style linear blower regulator would also work but dissipates the difference as heat at mid speeds. `BLOWER` is `A16 >= RUN`, DISABLED until the motor exists; the `0x300` blower byte becomes what the DCU reports, not what the PMU applies. *Supersedes* D-253's control clause (""a duty command the DCU sends over CAN2 and the PMU applies on O16"") and its fallback wording; D-253's wiring stands unchanged."
D-279,"Outputs, soft fuses and logic","Protection is configured as two decisions, not one, and the policy…",2026-09-08,standing,,,,,"**D-279 — Protection is configured as two decisions, not one, and the policy differs by fault type.** From the 2026-09-08 benchmark against MoTeC, TI and Infineon practice; applied to `rules` and the templates on 2026-09-08 under a spent number and written here on the 2026-09-08f repair. Four refinements to D-164 / D-165 / D-175, all configuration — no wire and no part:

*Sizing.* The flat current threshold comes from the load (**~1.15× measured steady state**); the **time / I²t curve comes from the conductor**. MoTeC states that setting a limit near the device's own draw *""is unlikely to be effective""* at protecting the device — the limit exists to protect the wire. D-232 already ties gauge to limit; this ties the curve to the gauge.

*Inrush rides on the time dimension, never on the flat threshold.* Raising the threshold to stop nuisance trips buys a hole in the protection. For motors prefer a **stall timer** over a current trip — a wiper or a pop-up at stall is a thermal event, not a short.

*The motor factor goes from 1.10 to 1.25 on measured stall.* 1.10 is tighter than TI's 1.15 on *nominal*, applied to a stall figure that rises with age and with falling voltage. The consequence config cannot fix: **O1 is already at the 25 A channel ceiling against a measured 26 A both-sides stall** (LD08), so the pop-up bus has no headroom and leans on the D-186 obstruction timeout instead. O8 / O9 are held at 13.0 A by the DT contact rating (D-223), so this factor changes no existing number — it governs every figure measured from here on.

*Retry and latch are split by fault type* (`rules` retry): a hard overcurrent gets bounded fast retries, then a latch, then a flag; open-load and thermal never latch; and **no safety channel latches silently** — a latched stop lamp or headlamp must annunciate, because a latched-off headlamp at night is worse than a flickering one.

*Bulb-out annunciation on O2, O3 and O7.* Per-channel undercurrent against an expected window says a stop or headlight bulb is dead. On ECUMaster undercurrent raises a fault flag and **does not disable the output**, which is exactly right — it is an annunciator, not protection, and no logic may be built on it. This is the affordable answer to both brake lamps sharing O7, since there is no spare 15 A channel to segment into (§0 G1 carries the rows)."
D-280,"Outputs, soft fuses and logic","The sleeping current is a budget and an acceptance test, not an…",2026-09-08,standing,,,,,"**D-280 — The sleeping current is a budget and an acceptance test, not an assumption.** From the 2026-09-08 benchmark; applied to `loads` LD17 and install 3.11 on 2026-09-08 under a spent number and written here on the 2026-09-08f repair. LD17 assumed *PMU 150 mA, nothing else*. A bench measurement of an ECUMaster PMU reports **under 20 mA**, and ECUMaster publishes no sleep-current specification at all. On the 40 Ah pack that is the difference between roughly **11 days and 80 days** of parking before the BMS cuts off — and a LiFePO4 gives no slow-crank warning: it is fine, and then it is completely dead, sometimes needing a charger to wake the BMS.

**Measure total sleeping current at the dash node before the dash closes** (install 3.11). Target **≤ 30 mA**, accept **≤ 50 mA** — BMW's own closed-circuit figures for the E65, which logs anything above 80 mA as a violation. Budget the wake strip explicitly: the two NPN sense stages and the bleed resistor are each a permanent path, and no published figure exists for a stage of this design.

Already correct and worth not breaking: every CAN2 drop is fed from **O10**, which de-energises in sleep. Bus traffic is what prevents standby on every PDM in the reference set, and CAN keypads are named specifically — the accessory-bus feed closed that hole before it opened."
D-282,"Outputs, soft fuses and logic",Two details that must not quietly drift,2026-09-08,standing,,,,,"**D-282 — Two details that must not quietly drift.** Both surfaced in the 2026-09-08 benchmark as load-bearing with no obvious owner; written on the 2026-09-08f repair.

*F20's ignition feed is a requirement, not a convenience.* The wideband gauge (D-244) sits on O12 because **an un-powered oxygen sensor is quickly damaged if the engine runs with the sensor in the exhaust**. It must be live whenever the engine can run. Nobody may move it to the accessory bus.

*Field recovery from a dead output runs through the 25 A class only.* O13 / O14 (the swap's reserve) and O15 (comfort) are unallocated; **there is no spare 15 A or 7 A output**. A failed 15 A or 7 A channel therefore moves to a 25 A output with its enable-at re-set — the wire is unchanged and the 25 A channel is the more capable one. Written here because the alternative is working it out at the roadside (`Q-139` decides the limp-home strategy around it)."
D-018,"Switches, ladders and inputs",Every switch input on A1–A8 is wired to ground with the internal 10 kΩ…,,standing,,,,,"**D-018 — Every switch input on A1–A8 is wired to ground with the internal 10 kΩ pull-up, never to 12 V. Only A9–A16 read 12 V directly, which is why the key and the headlight switch live there.**"
D-019,"Switches, ladders and inputs","Every multi-position switch is a resistor ladder from day one, with the…",,standing,,,,D-054,"**D-019 / D-054 — Every multi-position switch is a resistor ladder from day one, with the resistors mounted at the switch.** One return wire per ladder instead of one per position is the whole point; retrofitting a ladder onto point-to-point wiring is a re-pin."
D-053,"Switches, ladders and inputs",No valid switch position uses a dead short,,standing,,,,,"**D-053 — No valid switch position uses a dead short.** Every state reaches ground through a finite resistor, so 0 counts means ""shorted wire"" and full scale means ""open wire"" — fault detection for the cost of one resistor per ladder."
D-055,"Switches, ladders and inputs",The A16 key ladder is a *summed* ladder: ACC stays live in RUN and both…,,standing,,,,D-178,"**D-055 / D-178 — The A16 key ladder is a *summed* ladder: ACC stays live in RUN and both ACC and IG stay live in START, so each ignition-switch output feeds the node through its own resistor (ACC 33 kΩ · IG 15 kΩ · ST 6.8 kΩ) and the decode targets the combinations.** Factory sheet F confirms the closure pattern. Whether ACC holds through START only moves the START reading between ~1650 and ~1720 counts — both far from RUN — so the in-car read (D-142) writes the true window."
D-184,"Switches, ladders and inputs",A15 is a five-state summed ladder: PARK 33 kΩ · HEAD 15 kΩ ·…,,standing,,,,,"**D-184 — A15 is a five-state summed ladder: PARK 33 kΩ · HEAD 15 kΩ · dimmer-HIGH 8.2 kΩ fed from the HEAD side · PASS 3.3 kΩ fed direct, with the D-167 bias.** Centres 93 / 604 / 1201 / 1666 / ≥1750; smallest gap 162 counts. PASS is a superstate: while the reading is ≥ 1750 the logic holds the previous lighting state and forces high beam, so nothing inside the PASS band needs decoding."
D-187,"Switches, ladders and inputs",A4 and A5 are 4-state transit-plus-inhibitor ladders: the pop-up YG…,,standing,,,,D-071,"**D-187 / D-071 — A4 and A5 are 4-state transit-plus-inhibitor ladders: the pop-up YG transit contact through 3.3 kΩ, one inhibitor contact through 8.2 kΩ (P/N on A4 for the crank interlock, R on A5 for the reverse lamps), a 47 kΩ baseline to ground at the L2-S plug so a broken wire still reads as a fault.** The inhibitor's R contact takes L1-S2 7. Caution for commissioning: the YG cam contact spent its life switching a 3.4 W lamp — confirm it reads cleanly at the ladder's 0.5 mA."
D-142,"Switches, ladders and inputs","Ladder windows are verified in the car, from live readings, not on a…",,standing,,,,,"**D-142 — Ladder windows are verified in the car, from live readings, not on a bench.** The switches must be genuinely wired for real resistances and real ADC readings to exist; the decode windows are corrected from what the client shows and saved as a new config revision."
D-027,"Switches, ladders and inputs",Signal wire is 16 AWG throughout (the PMU's 1.5 mm terminal is…,,standing,,,,D-028,"**D-027 / D-028 — Signal wire is 16 AWG throughout (the PMU's 1.5 mm terminal is specified 13–17 AWG; 18 AWG crimps unreliably), and precision signals prefer the 12-bit A9–A16 bank.**"
D-105,"Switches, ladders and inputs",The factory blinker fault (K-008: shared-ground modulation across body…,,standing,,,,,**D-105 — The factory blinker fault (K-008: shared-ground modulation across body studs X-13 and X-15) is not being fixed.** Every ground in the new harness is a local star node and every conductor is new — there is no mechanism for it to transfer. The old harness comes out intact and is not repaired.
D-244,"Switches, ladders and inputs","The wideband gauge is kept, hidden, as the controller, and AFR reaches…",2026-09-04,standing,D-227 D-231,,Q-102,,"**D-244 — The wideband gauge is kept, hidden, as the controller, and AFR reaches both modules over CAN2.** Camden's ruling, 2026-09-04, answering the restated `Q-102`. **Supersedes D-227 and D-231**, which both stood on a premise that turned out to be false: there is no separate controller box. The AEM 30-0300 is an X-Series *controller gauge* — the electronics that drive the pump cell, the Nernst cell and the heater live inside the gauge, so deleting the gauge deletes the instrument. What survives of D-227 is everything that mattered: the wideband stays, because a lean condition on a carburettored total-loss-oil rotary is expensive; and it runs on the **ignition** feed, so the heater is powered while cranking.

*What is built:* the gauge moves out of sight — behind the dash or in the glovebox, its face unused — and becomes a dash-node device. `F20` (7.5 A, sealed inline off O12) feeds it, the GND bus grounds it, and its **AEMnet pair joins the CAN2 splice**. AEMnet is CAN 2.0 at 500 kbps, which is CAN2's own speed, so the gauge is simply another node on the bus: it publishes, the **PMU logs AFR as a received CAN channel from first start**, and the ICU displays it when it arrives. Neither device is ""first"" — that was the shape of the question, and a bus does not have one. The 0–5 V output is left unused. The sensor keeps the gauge's own lead through the firewall grommet and is **never cut or extended**: the calibration resistor is in the sensor connector and the pump-cell currents are microamps against milliohms of lead.

*What this deletes:* the engine-leg pair D-231 reserved. **L1-S2 9 and 10 stay plugged**, no engine-leg conductor is added, nothing is bought, and ""capped at the engine end, commissioned with the ICU"" is void — AFR works the day the PMU is configured. What survives of D-231 is that there is no *dash display* until the ICU, and that is now a choice rather than a gap. It also leaves `DP-ICU 8` free, which `Q-107` wants.

*Two confirms:* the part number on the back of the gauge must show AEMnet — if it does not, the fallback is the 0–5 V output into `DP-ICU 8`, read by the ICU and republished on CAN2, with no AFR until the ICU exists; and F20's value against the kit's stated heater draw. The sensor lead is a fixed length, so where the gauge hides is settled at M-1 by whether the lead reaches the bung."
D-240,"Switches, ladders and inputs","A4 and A5 are decoded as two independent bits, and the transit bit…",2026-09-04,standing,,,,,"**D-240 — A4 and A5 are decoded as two independent bits, and the transit bit never gates crank or reverse.** Found in the 2026-09-04 audit. Both are summed ladders carrying a pop-up transit contact *and* an inhibitor contact (D-187/D-215), so the sum of transit + inhibitor is its own state — and `A4 == CRANK_OK` is therefore false for the second or two either pop-up spends in transit. Turn the headlights on and reach for the key inside the same movement and the start relay is refused; worse, a transit contact left closed by a stuck motor or a dirty cam refuses the start relay **permanently**, on a car that is otherwise perfectly able to run. `A5 == REVERSE` has the same shape and drops the reverse lamps while the right pop-up moves. Both expressions become the inhibitor bit alone: crank on `CRANK_OK` **or** `CRANK_OK+TRANSIT`, reverse on `REVERSE` **or** `REVERSE+TRANSIT`. Software only — no wire, no part — and it enters `03-INSTALL/PMU-CONFIG-SHEET.md` §3 with the rest of the decode. The obstruction fault (D-186) is unaffected: it reads the transit bit directly, which is what it is for."
D-249,"Switches, ladders and inputs",A7 leaves the fuel node and reads the oil-pressure node; the fuel pump…,2026-09-07,standing,,,Q-107,,"**D-249 — A7 leaves the fuel node and reads the oil-pressure node; the fuel pump is gated on it.** Camden's call, 2026-09-07, answering `Q-107` with (a). All ten PMU analog inputs were allocated, so the gate cost one of them, and fuel level was the right one to give up: it protects nothing, the factory gauge shows it anyway, and it comes back on CAN2 from the ICU (D-251). A7's tap moves from the fuel node to the oil-pressure node `N47` (`L1-S1 4 → DP-CLU 6`; `N45` re-drawn) — one wire moved at the dash node, no cavity, no cart line. The reading method is unchanged: the factory gauge still drives the sender, A7 observes the node through the 1 MΩ pull-down, and the threshold `OIL_MIN` is read in the car at commissioning (D-142), never entered from a datasheet. The `FUEL_PUMP` expression carries three conditions that are not optional — unconditional during START, a 3 s prime window from key-on so the float bowl fills, and a latch that clears only after 5 s of continuous zero or when the key leaves RUN — because a sender tap is a less trustworthy signal than a pressure switch, and this must never become a pump that cuts on a glitch at 60 mph; a FAULT reading (open or shorted wire) counts as pressure present and logs. The inertia switch (Q-107 option b) is not fitted; it can go in series at the rear at any time. *Supersedes* D-197 — the measured fuel curve it recorded (6 Ω full · 31.5 Ω mid · 80 Ω empty, nonlinear, a three-point lookup trued in the car) now belongs to the ICU's fuel input on `DP-ICU-B 3` — and D-215's A7 clause; the fuel-pump half of D-183's interim rule is replaced by the gate above, and its rpm term, when CAN brings one, obeys D-251."
D-278,"Switches, ladders and inputs","The brake wake comes from its own plunger switch on the pedal, not from…",2026-09-08,standing,D-247,,,,"**D-278 — The brake wake comes from its own plunger switch on the pedal, not from a second pole of the stop-lamp switch. Supersedes D-247.** From the 2026-09-05 parts sweep; applied to the data on 2026-09-08 under a number that was already spent (D-249 is A7 → oil pressure) and written into the record on the 2026-09-08f repair. D-247 (Camden, 2026-09-04, answering `Q-108`) made the brake a wake source: pole 1 of a two-circuit stop-lamp switch on the `A3` ladder as before, pole 2 fed from the F3 switch supply branched off `L3-S2 2` in the leg and returning on `L3-S1 7` to wake strip input 6 through a sixth 1N5819 — so a sleeping car that is pushed, rolled or towed still lights its brake lamps. The sweep found that the switch D-247 assumed does not exist in the shape it needs: the non-cruise FB switch is NLA, and the with-cruise switch that *is* in stock (`H003-66-490A`, $47) carries **NO + NC**, not two NO poles — it can drive the ladder or the wake strip, not both.

The fix costs nothing and removes the dependency: **a spare P084 adjustable plunger switch on the brake pedal** is the wake contact — the 6-pack is already carted and only three are needed for the doors — fed from the F3 switch supply branched off `L3-S2 2` and returning on **`L3-S1 7`** to wake strip input 6, exactly as D-247 drew the conductor. The stop-lamp switch reverts to *any* 2-terminal part (P085), which is what the aftermarket sells. Nothing at the harness changes; `L3-S1 7`, `N63` and the sixth diode stay.

The failure mode falls the right way: a dead plunger costs the wake, not the brake lamps, because the lamps come from the real switch through `A3`. If a plunger will not mount cleanly at the pedal, the alternative is an optocoupler at the node driven by the wake line, pulling the `A3` 4.7 kΩ leg — also zero conductors."
D-029,"Legs, connectors and grounds","Four legs, cut by removal boundary, not connector convenience: L1…",,standing,,,,,"**D-029 — Four legs, cut by removal boundary, not connector convenience: L1 engine (the firewall grommet), L2 front (nose, bumper, pop-ups), L3 dash, L4 rear (tunnel to hatch, plus the sill).**"
D-032,"Legs, connectors and grounds",Power and signal get separate housings on every leg (terminal size…,,standing,,,,D-033,"**D-032 / D-033 — Power and signal get separate housings on every leg (terminal size, noise, and service — diagnosing a switch must not break a 25 A circuit), coded `L<leg>-<class><index>`: P = 12 AWG power, M = 14–16 AWG medium, S = signal. Leg side is always the socket housing (`06-…S`), dash-node side always the pin housing (`04-…P`), so a leg cannot be plugged into the wrong half.**"
D-034,"Legs, connectors and grounds","Every housing is genuine Deutsch: DTP (size 12) for `-P`, DT (size 16)…",2026-09-02,standing,,,,D-052 D-070 D-219,"**D-034 / D-052 / D-070 / D-219 — Every housing is genuine Deutsch: DTP (size 12) for `-P`, DT (size 16) for everything else, DP-DIAG and DP-KEY included.** No AMPSEAL, and no DTM: the two 4-way ports were carted as DT 4-way on 2026-09-02 so every contact in the car is size 12 or size 16 and there is no size-20 tooling. L3-S is 2 × DT06-12S + 1 × DT06-8S — cheaper and easier to source than one large housing, and a failure takes out part of the dash rather than all of it."
D-115,"Legs, connectors and grounds",DTP is manufactured in 2-way and 4-way only; size 16 seals 14–20 AWG…,,standing,,,,D-116 D-117 D-118,"**D-115 / D-116 / D-117 / D-118 — DTP is manufactured in 2-way and 4-way only; size 16 seals 14–20 AWG and size 12 seals 10–14 AWG (14 AWG in a DT is at the top of the seal range — fine, no margin above); the C015 reduced-diameter seal exists if 16 AWG GXL seals loosely; secondary wedgelocks are separate parts and are in the kits.**"
D-217,"Legs, connectors and grounds","L2 has one power housing, L2-P (DTP 4-way): headlight LOW, headlight…",2026-09-02,standing,,,,,"**D-217 — L2 has one power housing, L2-P (DTP 4-way): headlight LOW, headlight HIGH, pop-up LH run, pop-up RH run. L2-P2 is deleted.** The second DTP shell existed for reversible pop-up motors; D-186 made them single-direction, so the front needs four size-12 conductors and one shell holds them. The 2026-09-02 cart carries three DTP-4 pairs (L1-P, L2-P, L4-P). Closes the D-208(d) finding."
D-218,"Legs, connectors and grounds","A spare cavity gets sealing plugs in both halves, not a capped wire.…",,standing,D-022,,,,"**D-218 — A spare cavity gets sealing plugs in both halves, not a capped wire. CAPPED is reserved for a named future feature.** A capped spare costs wire, two contacts, two labels and crimping time for a cavity nothing is planned for; a plug costs cents and the housing stays sealed. Named features (windows, mirrors, solenoids, the module drops, the swap reservations) keep their capped conductors so no later project touches the harness. 64 size-16 plugs carted. Supersedes D-022."
D-045,"Legs, connectors and grounds","The 39-way connector is 3 rows × 13, numbered left → right, top →…",,standing,,,,D-046 D-134 D-139,"**D-045 / D-046 / D-134 / D-139 — The 39-way connector is 3 rows × 13, numbered left → right, top → bottom viewed at the device, with pin 1 top-left at the end furthest from the purple lock. Each row is 2 large · 9 small · 2 large: the twelve 2.8 mm cavities are pins 1, 2, 12, 13, 14, 15, 25, 26, 27, 28, 38, 39.** Confirmed on the physical part against the ECUmaster manual. Consequence: every 15 A and 7 A output sits in a 1.5 mm cavity limited to 13–17 AWG, so 14 AWG on O6–O11 is the maximum, and pin 15 (+5 V) needs the 2.8 mm 16 AWG terminal despite its small current."
D-065,"Legs, connectors and grounds",The sill node: window relays K5–K8 and fuses F8/F9 belong at the sill…,,standing,,,,D-067 D-068 D-132,"**D-065 / D-067 / D-068 / D-132 — The sill node: window relays K5–K8 and fuses F8/F9 belong at the sill (dry, accessible, short motor legs), the doors get their own connector pair there (D1/D2), and the node is built now — sockets fitted empty, fuse positions labelled — even though nothing on it is live.** Building it behind a trim panel on a finished car costs an afternoon; building it now costs a few dollars."
D-092,"Legs, connectors and grounds","One DT06-08S per door: two 14 AWG window-motor legs, a spare, three…",,standing,,,,D-093,"**D-092 / D-093 — One DT06-08S per door: two 14 AWG window-motor legs, a spare, three mirror-motor conductors, mirror heat, and the door ground to the sill stud.** Independent wiring per side; the factory multiplexed mirror switch is dead and the mirrors will be new."
D-069,"Legs, connectors and grounds","Pop-up relays stay at the dash node, not in the nose",,standing,,,,,"**D-069 — Pop-up relays stay at the dash node, not in the nose.** The nose is the wettest, hottest, most vibration-exposed part of the car."
D-171,"Legs, connectors and grounds","L1-S is two DT06-12S (L1-S1, L1-S2) and L3-S is three housings…",,standing,,,,D-172,"**D-171 / D-172 — L1-S is two DT06-12S (L1-S1, L1-S2) and L3-S is three housings, allocated as the design's cavity tables show; every cavity carries a status word so a capped wire is never mistaken for a spare.**"
D-017,"Legs, connectors and grounds",Grounds never cross a leg connector; every zone has one star node…,,standing,,,,D-037,"**D-017 / D-037 — Grounds never cross a leg connector; every zone has one star node straight to bare chassis (engine block, front stud, dash-node ground bus, rear stud, sill stud); pin 25 is the only PMU ground and carries every flyback return.** The five dash-post drops are the one exception: their grounds cross a connector because they are devices inches from the node with no zone of their own."
D-079,"Legs, connectors and grounds","CAN2's far-end 120 Ω terminator is fitted now, capped in the engine bay…",,superseded,,D-346,,,"**D-079 — CAN2's far-end 120 Ω terminator is fitted now, capped in the engine bay across L1-S1 9/10, with the PMU's software termination at the other end.** The bus is electrically correct before any second node exists; node count never sets termination."
D-159,"Legs, connectors and grounds",The future cluster display does not cross the harness,,standing,,,,,"**D-159 — The future cluster display does not cross the harness.** DP-ICU carries power, ground, CAN2, the illumination reference and the sensor taps; a display needs a high-speed bus and belongs inches from its controller behind the same bezel."
D-250,"Legs, connectors and grounds",The engine leg carries a switched sensor supply and two signal spares…,2026-09-07,standing,,,Q-111,,"**D-250 — The engine leg carries a switched sensor supply and two signal spares for the ICU's Phase-2 sensors: `L1-S2 9` (+12 V, RED), `L1-S2 10` (oil temperature, GRY) and `L1-S2 11` (spare, GRY), capped 12 in past the grommet like the swap reserves.** Camden's call, 2026-09-07, answering `Q-111` with (b) — and (a) with it: the three original senders are replaced now with factory-spec resistive parts, fitted *before* the in-car calibration reads, and the tank sender's curve is re-measured after the swap, not before. A 3-wire transducer or a thermistor with a published curve wants a regulated supply, a signal and a ground where this design runs one wire; the cavities were free but the supply was not, and adding it later means the firewall grommet, the leg and the dash. No +5 V goes down the leg (D-215 stands): the supply is switched 12 V from a spare block-B fuse position, fitted only when a sensor arrives, regulated at the sender or the dash node, and the same position also feeds the road-speed sensor (`L4-S 4`, D-252). At the dash node the two signals land on `DP-ICU-B 7` and `9` (`N65`, `N67`); the supply is capped at the node (`N68`). Three cavities that were sealing plugs, six size-16 contacts from spares, about forty feet of 16 AWG inside the wire margin."
D-261,"Legs, connectors and grounds","The senders that work stay: the water-temp unit (C-02), the…",2026-09-07,standing,,,,,"**D-261 — The senders that work stay: the water-temp unit (C-02), the oil-pressure unit (C-09) and the tank unit (C-01) are the car's own; each gets a new wire from its terminal to its leg housing and nothing else, and every calibration read is taken against the sender in place. No factory-spec replacements are bought.** Camden's call, 2026-09-07 — ""all of the gauges work; with the 12A I want to keep the stock sensors."" D-250(a) had them replaced before the calibration reads on the theory that a forty-year-old sender is the least trustworthy part of the chain; a working gauge is better evidence than the theory, and the three-point read in the car (D-142) calibrates whatever sender is there. If one has drifted it shows as a gauge that disagrees with the FSM §15 curve at the read — log it then, replace like for like, re-run the read; nothing is pre-empted. Consequences: the three senders leave finishing-list A2 and 00-CAR's parts history (PH050 / PH051 close as *not needed*); the 2026-09-05 audit's sender-availability findings are moot; `IC01` / `IC03` read the senders in place. *Supersedes* D-250(a) and D-249's ""re-measured after the new tank sender""; D-250(b) — the sensor supply and the two signal spares in `L1-S2 9/10/11` — stands. The cut device at the thermostat housing is not a sender: it is B-12, the emission system's No.1 water-temperature switch, dead since the emission control unit left (K-013, K-024) — it is not replaced."
D-252,"Legs, connectors and grounds","The ICU drop is two housings, not one: `DP-ICU-A`, a DT-6 carrying…",2026-09-07,standing,,,Q-117,,"**D-252 — The ICU drop is two housings, not one: `DP-ICU-A`, a DT-6 carrying power and bus, and `DP-ICU-B`, a DT-12 carrying only sensors.** Camden's call, 2026-09-07, answering `Q-117`. After the fuel tap (D-251) the single DT-12 had one cavity left, and the ICU's own `0x200` frame already expects oil temperature and road speed — neither had a conductor or a cavity. `DP-ICU-A` is cavity-for-cavity the DP-DCU pattern (1 +12 V switched off O10 · 3 ground · 4 CAN2 H · 5 CAN2 L) plus the illumination reference on 2 and a plug on 6, so every module in the car plugs into the same six-way and only the ICU has a second, sensor-only housing. `DP-ICU-B`: 1 water temp · 2 oil pressure · 3 fuel level · 4 tach · 5 charge sense · 6 brake warning — the six taps — then 7 oil temperature (`L1-S2 10`, D-250) · 8 road-speed signal (`L4-S 3`) · 9 Phase-2 spare (`L1-S2 11`) · 10–12 plugs. Road speed gets two 16 AWG conductors in L4 now — `L4-S 3` signal, `L4-S 4` sensor supply, capped in the tunnel at the transmission's speedo drive with a service loop — because no road-speed signal exists on this car (the speedometer is cable-driven) and L4 already runs the tunnel; if an inline sensor fits at the speedometer head behind the dash (checked at M-2) they stay capped forever and nothing is lost. A Hall or open-collector sensor is what they suit; a VR sensor would need a shielded pair that is not provided. *Old → new:* DP-ICU 1 → A 1 · 2 → A 3 · 3 → A 4 · 4 → A 5 · 5 → A 2 · 6 → B 1 · 7 → B 2 · 8 (plug) → B 3 fuel · 9 → B 4 · 10 (plug) → B 8 road speed · 11 → B 5 · 12 → B 6 — any older text citing a `DP-ICU n` reads through this table, and ""the five drops"" of D-017/D-037 are six housings. *Cart:* one DT06-6S / DT04-6P assembly-kit pair and a 6-way dust cap join the DeutschConnector line — a few dollars. *Supersedes* D-215's ""DP-ICU is the 12-way sensor drop""; D-159 (the display never crosses the harness) is unchanged and is what makes the display a bezel-only event whenever the dash design is ready."
D-254,"Legs, connectors and grounds",`L4-P 4` is the O15 comfort feed to the sill: 12 AWG off the O15 splice…,2026-09-07,standing,,,Q-118,,"**D-254 — `L4-P 4` is the O15 comfort feed to the sill: 12 AWG off the O15 splice at the dash node, capped at the sill node, the source of F14 (mirror heat).** Camden's call, 2026-09-07, answering `Q-118`. D-181 drew this feed; D-215 re-purposed the cavity for the amplifier constant and D-230, deleting the amp, plugged it as ""a heavy cavity with no named future feature"" — but mirror heat is a named future feature and F14 had been left with no source, a run under the sill trim waiting to happen. Restored: `N17` is a splice to `L3-P 2` and `L4-P 4`; the luxury package's DCU switches mirror heat at the dash, downstream of O15, through this conductor. About fifteen feet of 12 AWG and two size-12 contacts; `P029` drops to L1-P 4's plugs alone. *Supersedes* D-230's ""L4-P 4 stays plugged"" and D-215's ""D-181's O15 → sill feed is not run""."
D-255,"Legs, connectors and grounds","A second L4 signal housing, `L4-S2` (DT-8), carries the mirror-adjust…",2026-09-07,standing,,,Q-119,,"**D-255 — A second L4 signal housing, `L4-S2` (DT-8), carries the mirror-adjust commands from the dash post to the sill: 1 shared common · 2 LEFT X · 3 LEFT Y · 4 RIGHT X · 5 RIGHT Y · 6–8 plugs; capped at the post, spliced at the sill node onto `D1 4–6` and `D2 4–6`.** Camden's call, 2026-09-07, answering `Q-119`. The doors had their motor conductors (D-093, D-305) and nothing drove them: no dash → sill command existed, and after D-252 `L4` had no spare size-16 cavity, so a dash switch or the DCU could never have moved a mirror without a new run under the sill trim. Five conductors because the two mirrors' commons share one wire when a single switch or driver serves both. A mechanical mirror switch in the panel or the DCU's bridge outputs land on the post receptacle later — dash-node work, no leg touched. Grey 16 AWG, about sixty feet, inside the 1000 ft spool; one DT-8 assembly-kit pair and its contacts join the DeutschConnector cart (`P101`). `L4-S` keeps its name — the keys are permanent."
D-256,"Legs, connectors and grounds",Two front-end conductors for the climate module: `L2-S 5` is an…,2026-09-07,superseded,,D-329,Q-120,,"**D-256 — Two front-end conductors for the climate module: `L2-S 5` is an outside-air temperature sensor (2-wire thermistor at the nose, grounded at the front star) landing on `DP-DCU 2` at the post (`N69`); `L2-S 6` is the heated-nozzle / park-de-icer feed, 16 AWG RED, capped at the cowl; `DP-DCU 6` stays a plug.** Camden's call, 2026-09-07, answering `Q-120`. There is no automatic climate control in this car and none is planned; the outside reading is for display — the DCU publishes it beside cabin temperature and the cluster shows both — and the nozzle feed is a comfort-bus load the DCU switches, conditional on a nozzle that can be made to fit (luxury `Q-303`); if none can, the conductor stays capped and nothing is lost. Four size-16 contacts and about twenty-five feet of wire — but the 16 AWG RED family now calculates at roughly 510 ft against a 500 ft spool (this with `L1-S2 9` and `L4-S 4`), so a 50 ft cut joins the WireBarn order (`P009`)."
D-258,"Legs, connectors and grounds","The factory cluster is a peripheral of the ICU, not of the harness…",2026-09-07,standing,,,,,"**D-258 — The factory cluster is a peripheral of the ICU, not of the harness: there is no cluster drop. Every conductor the cluster used to receive terminates at `DP-ICU-A` / `DP-ICU-B`; the ICU excites and reads the fuel and water-temp senders, reads the PMU-excited oil node, drives the cluster's three gauges as a programmable sender (a low-side PWM sink in place of the resistance each gauge used to see) and passes the tach, charge, brake and tell-tale lines straight through — all on a twelve-line CLU pigtail built from the cluster's own connector. `DP-ICU-A 6` is the F16 ignition aux (the cluster's feed now, the display's backlight later); `DP-ICU-B 10–12` are the turn-L, turn-R and high-beam tell-tale senses, tapped off O17, O18 and O3.** Camden's call, 2026-09-07, answering `Q-121`: yes to the ICU taking the cluster's role, with the constraint that the old cluster is intentionally temporary and must leave *without a trace* — no wire in the harness that only it used. A DT-12 drop for the cluster would have been exactly such a trace: twelve conductors and a receptacle on the post with nothing to plug in once the display arrived. Routing the same signals to the ICU instead costs nothing — `DP-ICU-B` already carried six taps on them — and buys three things: the ICU is the single exciter and reader of every sender from day one (no high-impedance observer front end, no calibration against a gauge regulator's pulsing, no hand-over of excitation later — luxury D-310 and Q-301 become moot); the needles can be linearised in software for the first time; and the day the display goes in, one pigtail unplugs. The cluster's own regulator still powers its coils and lamps, from the F16 aux through the ICU. *In the data:* `DP-CLU` and its twelve cavities are deleted (the DT-12 kit pair leaves the Deutsch count; `MG03` / `MG22` re-drawn); `N20`, `N22`, `N45`–`N53`, `N59`, `N64` re-point; `DV32` becomes ""temporary, on the ICU's pigtail"" and `DV45` is the ICU; `P074`'s shielded cable ends at `DP-ICU-B 4`; the ICU's channels are a new table, `data/icu_channels.csv`, rendered as `01-DESIGN/ICU-CARRIER.md`. Whether the gauges are bimetal or air-core decides the drive stage's PWM frequency, not its topology — `Q-123`, one look at M-6. *Supersedes* D-215's ""DP-CLU feeds the factory cluster from day one"" and D-252's `DP-ICU-B 10–12` (plugs → tell-tale senses) and `DP-ICU-A 6` (plug → F16 aux); D-252's old → new table still reads for cavities 1–9."
D-260,"Legs, connectors and grounds","The oil-pressure node is excited by the PMU, not the ICU: a 100 Ω 1 W…",2026-09-07,standing,,,,,"**D-260 — The oil-pressure node is excited by the PMU, not the ICU: a 100 Ω 1 W pull-up from pin 15 (+5 V) to the node, on the dash node beside the two bias resistors. A7 keeps its 1 MΩ pull-down; the ICU reads the same node with no pull-up of its own.** 2026-09-07 — the one exception to D-258's ""the ICU excites the senders"", forced by D-251: the fuel-pump gate reads this node, and a gate whose excitation came from the ICU would depend on the ICU — reboot the module and the pump stops five seconds later. With the PMU exciting it, A7 reads a clean DC node whatever the ICU is doing; the ICU is the second reader and drives the old gauge from what it reads. An open sender wire reads full scale and a short reads zero, both outside any real sender value, so both are FAULT windows and fail open (D-249); the old gauge's pulsing regulator is gone from the node, so the reading is steadier than it was. Half a watt at a shorted sender; `P114` is the two resistors (one fitted, one spare). *Supersedes* D-249's reading method (""the factory gauge still drives the sender, A7 observes the node"") and D-251's ""three readers"" clause — two readers now, the PMU and the ICU; the gauge is downstream of the ICU."
D-263,"Legs, connectors and grounds","The fuel, water-temperature and oil-pressure gauges are bimetal, so the…",2026-09-07,standing,,,Q-123,,"**D-263 — The fuel, water-temperature and oil-pressure gauges are bimetal, so the ICU's gauge drives are 1–2 kHz PWM low-side sinks and the snubber values in `icu_channels` (IC17–IC19) are final.** Camden, 2026-09-07, answering `Q-123`: all three are bimetal. A heater strip behind the needle integrates anything above a few hertz, so the drive frequency is a firmware constant, not a layout question, and the board is free to be ordered once the enclosure is settled (`Q-126`). The bench calibration (install §1.22) allows ten seconds per point — a bimetal needle is slow by design."
D-265,"Legs, connectors and grounds",The ICU carrier's layout brief: sensor inputs enter on one edge; the…,2026-09-07,standing,,,V-073 V-057,,"**D-265 — The ICU carrier's layout brief: sensor inputs enter on one edge; the gauge drives, the display header and CAN leave on the other; the IMU sits wherever the layout wants it, component side up, long edge across the car, connector edge toward the driver's door (the recommended orientation of `V-073`); the transceiver is TCAN1042HVDRQ1, confirmed available; the part-by-part datasheet check `V-082` is agent work done at layout (finishing-list F2), not a call of Camden's.** Camden, 2026-09-07: no attachment to the IMU's position — ""I would like the wires to look as simple as possible: sensor / input to one side, output to gauges / digital display and CAN on the other"" — and V-057 ""verified available"". The enclosure he described in the same answer — a very condensed protective case with the connector halves embedded in it, easy to remove and refit — is `Q-126`, because it changes two housings' halves and the Deutsch count."
D-266,"Legs, connectors and grounds",The wideband's AEMnet frame is confirmed from AEM's own 30-0300 sheet…,2026-09-07,standing,,,Q-304,,"**D-266 — The wideband's AEMnet frame is confirmed from AEM's own 30-0300 sheet (`01-REFERENCE/AEM_AFR_manual.pdf`): CAN 2.0B, 500 kbit/s, 29-bit identifier 0x00000180 (menu ""ID 1""; ID 2–16 are 0x181–0x18F), 100 Hz, DLC 8, big-endian; bytes 0–1 lambda u16 × 0.0001, 2–3 oxygen s16 × 0.001 %, 4 system volts u8 × 0.1 V, 5 reserved, byte 6 flags (bit 1 LSU4.9 detected · bit 5 free-air cal in use · bit 7 lambda data valid), byte 7 bit 6 sensor fault; no internal termination.** 2026-09-07, closing `Q-304`. Consequences: the luxury CAN map's AEM row goes from *vendor — unconfirmed* to *confirmed* and carries a rate, so the bus-load table includes it (~3 % at 100 Hz); the ICU's receive filter and the PMU's CAN-input definition must both accept an extended identifier and swap byte order for this one frame; the gauge adds no terminator, so D-079's two stand; a valid AFR is the lambda field *and* byte 6 bit 7 — the ICU renders dashes when the valid bit is clear or the fault bit is set, never a stale number (luxury D-153). Supply: 1.5 A nominal, 3.0 A peak at 13.8 V, minimum 10 V — F20 at 7.5 A stands, and the gauge showing ""bAtt"" during a cold crank is expected, not a fault."
D-269,"Legs, connectors and grounds",The display chain is chain (ii): a 900–1000-nit 1920 × 720 bar panel…,2026-09-08,standing,,,V-085 Q-130 Q-131,,"**D-269 — The display chain is chain (ii): a 900–1000-nit 1920 × 720 bar panel through its scaler board, bridged from the BT817 by a TFP410-class HDMI encoder, the canvas scaled 1.5×; the binnacle plate stays as the bezel's sub-frame (10 mm flange, its holes the ones the bezel keeps); the odometer is stored in non-volatile memory no matter what — the Teensy's wear-levelled EEPROM emulation as the authoritative copy, written every 0.1 mile, and the microSD as the log — and its persistence across a power cycle is a gate for the meters cutover.** Camden's three answers, 2026-09-08: `V-085` ""(ii) for sure — I do not want to depend on the shade from the dash when the sun glints at a funny angle""; `Q-130` and `Q-131` ""follow recommendations"", with the odometer to be ""saved to non-volatile memory no matter what"". The brow question of M-1 no longer decides the glass, only the plate's dimensions; `V-084` (pixel clock and sync polarity) is agent work against the chosen panel at install §1.22; `T-051` (the BT817 evaluation board, P117) is ordered now. Parts P118 / P119 carry the chain-ii specification; the EEPROM copy means a missing or corrupt card can never lose the mileage (luxury F-007 gains that clause)."
D-270,"Legs, connectors and grounds",The ICU lives in a protected enclosure with its connector halves built…,2026-09-08,standing,,,Q-126,,"**D-270 — The ICU lives in a protected enclosure with its connector halves built into the wall: two Deutsch DT13 flanged PCB receptacles (6-way power / bus, 12-way sensors) on the board, sealed through one face; the display ribbon and the page button through grommets in the opposite face; an RF-transparent wall in front of the radio's antenna. The harness side of `DP-ICU-A` / `DP-ICU-B` becomes a DT06 plug on a 150 mm tail from the dash post, so the ICU plugs in like any bought module. The enclosure is 3D-printed in ASA or PETG (never PLA — a dash reaches 70 °C in the sun) around the board, with printed bosses for the DT13 flanges and a gasket groove in the lid; a polycarbonate Hammond 1554-series box is the fallback if printing disappoints.** Camden's call, 2026-09-08, answering `Q-126`: ""keep the ICU in a protected container … ideally the connectors are embedded and the harness just plugs in like any other bought part"" — and his question, one connector like the PMU or two: **two**, because the whole harness is already tooled for DT (a single 18-way would mean an HD30 / DRC family, new contacts, new tools, a bigger flange), because the 6-way is the module pattern every drop shares (D-252) and the 12-way keeps sensors on their own housing, and because ""out"" is only the display — CAN is on the 6-way both ways, so nothing else leaves the box. Consequences: `DP-ICU-A` / `DP-ICU-B` box_side become DT13-06PA / DT13-12PA (P122); the two DT04 receptacle kits leave the Deutsch count (P099, P115 re-drawn) and the two post clips with them (P030 → 21); `V-073`'s edge rule (D-265) is the enclosure's face rule. Printing is at CSU's makerspace if it has one, else any print service — the file is ours either way."
D-273,"Legs, connectors and grounds",The ICU carrier's parts check (`V-082`) is done: five values change…,2026-09-08,standing,,,V-082,,"**D-273 — The ICU carrier's parts check (`V-082`) is done: five values change, the rest stand.** Agent, 2026-09-08, against the datasheets, as `V-082` asked (D-265). **Changes:** (1) the logic buck is an **LMR36015-Q1-class part (60 V in, 1.5 A)** — the LMR33630's 36 V absolute maximum sits under the SMBJ33A's ~53 V clamping voltage, so a load dump the clamp lets through would take the buck; (2) the backlight switch is a **≥ 60 V device** for the same reason — an SQD50P06-class P-FET or a VN5E-class high-side driver rated ≥ 6 A — behind a **4 A fuse**, because the 900–1000-nit bar and its scaler draw ~2.5 A at 12 V (D-269), not the 2 A the 3 A fuse assumed; (3) the **LM393 runs from 5 V** with 10 kΩ pull-ups to 3V3 — its common-mode input range stops 1.5 V below its supply, so on 3.3 V the tach stage's 5.1 V zener node would clip; (4) the IMU is an **LSM6DSO or ICM-42688-P** — the MPU-6050 and ICM-20948 are not recommended for new designs; (5) the ESP32-C3 sits on **its own 3.3 V LDO** (the XIAO module's) — a BLE scan peaks near 300 mA and the Teensy's regulator is a 250 mA part. **Confirmed as drawn:** SS34 and SMBJ33A at each 12 V input, the BAT54S clamps, BZX84C5V1, the 100 Ω 1 W excitations (D-260), the 15 kΩ / 10 kΩ and 47 kΩ / 10 kΩ dividers, TCAN1042HVDRQ1 (D-265), APS6404L-3SQR PSRAM, the DT13-06PA / -12PA receptacles (D-270; the flange-gasket suffix is confirmed at order). The 5 V rail budget is ~0.8 A peak. The same buck finding applies to the DCU's two bucks (luxury `LP08`, `V-083`). Data: `P105`, `P107`, `P109`, `P116`; `IC04`, `IC12`, `IC13`, `IC23`, `IC24`; `ICU-CARRIER.md`. Closes `V-082`."
D-271,"Legs, connectors and grounds","Reserves live at the post, never in the engine bay. The engine leg…",2026-09-08,standing,,,Q-127,,"**D-271 — Reserves live at the post, never in the engine bay. The engine leg carries only what the 12A on the mounts needs plus the CAN2 terminator drop; every future-engine provision is pinned on the PMU side of the L1 receptacles and sealed on the leg side. A new cavity state, RESERVED, says exactly that: `L1-P 2` / `L1-P 3` (O13 / O14, 12 AWG from the pins to the receptacle cavities), `L1-S2 9` (the spare block-B position wired to its cavity, no fuse) and `L1-S2 11` (wired across the node to the ICU's spare input `DP-ICU-B 9`) are RESERVED; `L1-S2 4 · 5 · 6` become sealing plugs — a sensor spare with no destination at the post is pinned at the swap, when it has one. The same rule for the chassis legs: a branch with no device ends at the last connector of the main leg, not at a capped wire near where a device might one day be (`Q-132` applies it to the three existing stubs).** Camden's call, 2026-09-08, answering `Q-127` in his own words: ""wire the PMU, ICU and DCU all in one go, supporting any engine … the chassis legs go fully wired, but branches with no end are just a connector and the main leg; the engine leg is the unique one — completely clean for the current 12A, connecting to the PMU side via a connector with many unpinned spots, so the PMU side can be fully pinned for as many engines and transmissions as possible, but I don't have to wire them past the PMU / fuses / relays."" This is D-211(d) made precise: the interface to any future engine is the L1 receptacles at the dash post, pinned; the leg itself is disposable. What leaves the carts: about 110 ft of wire and eight leg-side contacts; what joins: one sealing plug per RESERVED cavity on the leg side (the size-12 and size-16 plug lines are re-counted). `tools/rx7.py` learned the state: the cut list prints a RESERVED cavity as ""no leg conductor"", the sealing-plug counts take one half per RESERVED cavity, and a pin's destinations read ""reserved at the post"". *Supersedes* D-007's ""capped at the bulkhead"" for O13 / O14 and the three sensor spares, and D-250's leg-side conductors for `L1-S2 9` and `11`; D-252's tunnel pair `L4-S 3 / 4` is untouched — it is a chassis leg and now has a device (`Q-309`)."
D-272,"Legs, connectors and grounds",Road speed is a Hall pulse generator on the transmission's speedo-drive…,2026-09-08,standing,,,Q-309,,"**D-272 — Road speed is a Hall pulse generator on the transmission's speedo-drive boss, the cable deleted; the tunnel pair goes LIVE at the meters cutover.** Camden, 2026-09-08, on `Q-309`: ""Follow recommendations assuming many transmissions will be able to support the same type of system even if a different sensor at the trans is needed. but if the transmission base dies when the jatco trans does its not the path."" The condition holds: the sensor is a bought part on a standard speedo-drive thread, so the same kind of sensor fits whatever transmission follows the Jatco if it has a drive, and if it has none (the CD009) speed arrives on the same ICU channel from the ECU's VSS frame (engine-swap HO15, luxury F-014) — the approach outlives this transmission either way. Data: `L4-S 3` (signal) and `L4-S 4` (supply) are LIVE; the supply is an O10 tap (N70) so the sensor lives and dies with the ICU, and the block-B spare position stays the phase-2 sensor supply for `L1-S2 9` alone (N68); `DP-ICU-B 8` LIVE, `IC08`; `DV47`, `G35`; `P113` re-specified (Dakota Digital SEN-01-4160 / AutoMeter 5291 class, 8 000 or 16 000 pulses per mile), bought after M-2 measures the boss; MG22 carries it. Pulses per mile is a config value, trued once against a measured mile. Closes `Q-309`; the pending audit's `Q-115` (road speed) is answered by this."
D-274,"Legs, connectors and grounds",The chassis principle: a future circuit's conductor ends in a…,2026-09-08,standing,,,Q-132,,"**D-274 — The chassis principle: a future circuit's conductor ends in a dust-capped receptacle at the point it leaves its leg, never as a capped wire where the device will be; the two release solenoids are the exception because they exist, and are wired to; the door receptacles are RESERVED at the sill.** Camden, 2026-09-08, on `Q-132`: ""wire both release solenoids all the way to the part. both solenoids actual exist and i believe work. the heated wiper spray will no be run all the way to the part just into the front chassis leg and into half of a connector pair, then i run the rest and plug in when the part is here. verify that other chasis future circuits follow the same principle (ends at a connector at the branch off each main leg)."" The verification: seven provisions ran past their branch point as bare capped wire; each now ends in a receptacle there, the `L3-BLW` pattern (D-253), and the plug half of each pair waits on the shelf for the part. **`L2-NZL`** (DT-2, cowl) for the nozzle feed `L2-S 6`; **`L2-OAT`** (DT-2, nose) for the outside-air thermistor `L2-S 5`; **`L3-CMF`** (DTP-2, behind the centre stack) for the O15 comfort bus `L3-P 2` — the luxury package's fuse block plugs in; **`L3-WIN`** (DT-6, console) for the four window commands `L3-S2 3–6` plus a switch-common feed tapped off the F3 switch supply where `L3-S2 2` passes; **`L3-MOD`** (DT-2, behind the dash) for the future module `L3-S2 7 / 8`; **`L3-RDR`** and **`L4-RDR`** (DT-4, behind the dash and at the rear node) for the radar pass-through `L3-S3 1–3` ↔ `L4-S 5–7` — the run up the hatch goes in with the sensor. The window commands `L4-M 9–12` already end at the sill node's relay sockets, which is their branch point. **The doors:** the door harness is the mirror's and the window's job, so `D1` / `D2` are RESERVED (D-271's state) — pinned on the node side at the sill, sealing plugs in the door plugs; nothing crosses a hinge boot until there is a part on the other side. **The solenoids:** `L4-M 3` runs through the hinge loop to the hatch-release solenoid and `L4-M 4` to the fuel-door solenoid — both factory parts, present and believed working (K-017 said the fuel-door one never existed; corrected) — their post ends capped until the luxury package fits the trigger (D-180: the K3 / K4 sockets are the slot). **The engine bay is untouched:** the L1 leg's reserves are D-271's, at the post. Data: seven housings and twenty-two cavities (ten of them plugs), fourteen door cavities RESERVED, `DV48` / `DV49`, parts `P030` (28 clips), `P035`, `P036`, `P099`, `P100`, `P102`, `P028` / `P029` (the plug counts), new `P123`–`P125`; `views.py` — the new housing codes join the cut-list groups and the cavity-reference patterns, and the dangling-reference check now also reads the two-letter drop suffixes (`DP-ICU-A n`). Luxury D-315 mirrors it. Closes `Q-132`."
D-268,"Legs, connectors and grounds","The digital display is this build's, installed with the ICU: there is…",2026-09-07,standing,,,Q-129,,"**D-268 — The digital display is this build's, installed with the ICU: there is no temporary cluster, no CLU pigtail and no gauge drive. The factory cluster stays alive on the factory harness until the meters cutover (MG22), which is gated on the display proven on the bench, and leaves with that harness at install §6. The display chain — the BT817 evaluation board (`T-051`), the glass (`V-085`), the timings (`V-084`) and parts P117–P120 — moves into this project; road speed (`Q-309`) is fitted at the cutover; the odometer starts from the factory cluster's reading and persists to microSD (luxury F-007, a cutover gate); the display mounts on a plain plate in the binnacle aperture (P121) and the moulded bezel around it is the luxury package's (luxury FT34, D-314).** Camden's call, 2026-09-07, answering `Q-129`: install the display now and leave only the dash plastics — a foam-and-fibreglass mould around the display — to the luxury package; wiring for one instrument is cleaner than wiring for two. The reason it costs nothing in safety is one the design already had: the parallel-system migration (D-023 / D-024) keeps the factory cluster on the factory harness until its own circuit's cutover, so the fallback D-258 built a pigtail for exists without a wire. What leaves the record: `DV32`, channels IC17–IC20, the CLU header, install §1.22–1.23 as they were, the cluster letters of T-017 sheet C, and D-263 — withdrawn as moot, the gauges' construction no longer matters. What it pulls forward: the display chain's bench work (weeks, in parallel with a harness build that takes months), a pulse generator before the first drive without the cluster, and persistence for the odometer. *Amends* D-258 (the cluster's temporary role and everything built for it; the topology — senders terminate at the ICU, no cluster drop, the PMU-excited oil node — stands) and D-259 (""only the display comes with luxury"" → only the bezel does)."
D-267,"Legs, connectors and grounds",The ICU carries a radio co-processor: an ESP32-C3 module on the…,2026-09-07,standing,,,,,"**D-267 — The ICU carries a radio co-processor: an ESP32-C3 module on the carrier's 3.3 V rail, on a UART to the Teensy, decoding battery data over Bluetooth LE and republishing it as a CAN frame (`0x220`, 2 Hz — volts, amps, state of charge, temperature, flags) that the display draws and the PMU logs. Nothing at the drops or in the harness changes; the enclosure wall in front of its antenna must be RF-transparent, or the antenna goes outside (a constraint on `Q-126`). A dev board is bought now to try the decode (`P116`); which source it decodes — the Ionic's BMS, a shunt, or both — is `Q-128`.** Camden's call, 2026-09-07: ""the board is cheap and worth buying to try; if it is an isolated addition inside the ICU case leaving everything the same, then definitely plan to add it."" It is: channel `IC24`, two UART lines and two GPIOs on the board, ~120 mA on a rail budgeted at 0.6 A, no cavity, no conductor, no cart line beyond the module. The Teensy stays the ICU's brain (the reasoning is in Q-128: the ESP32's ADC, its render bandwidth, the Teensy-shaped firmware, three Teensys in hand); the radio's boot time and its FreeRTOS timing never touch the instrument core. Because the ICU's logic rail is O10 (accessory), the radio runs only with the key in — the overnight consumption is read at key-on from the BMS's or the shunt's own counters, which is what G4 needs. D-251 holds: the frame is telemetry; state of charge may enter the 11.5 V shed rule only as a secondary, fail-open term. The frame's layout is the luxury CAN map's (`0x220`); the firmware work is luxury `F-015`."
D-262,"Legs, connectors and grounds",The sensor inputs are built to outlive the 12A. Every ICU sender…,2026-09-07,standing,,,,,"**D-262 — The sensor inputs are built to outlive the 12A. Every ICU sender channel is a pull-up behind a jumper (fitted for the 12A's 2-wire resistive senders, open for a 0–5 V transducer), a ×0.4 divider that reads either, and a per-channel curve in config-as-data — never a board change; the PMU's A7 takes a resistive sender with the 100 Ω pull-up in (D-260) or a 0–5 V pressure transducer with it lifted at `N39`; the engine leg is cut at the grommet and rebuilt at the swap (D-211(d)), and what the new engine must deliver to these inputs is the hand-over table in `../engine-swap/README.md`.** Camden, 2026-09-07: ""with the engine swap I will need to power the more complicated sensors"" — and the bay stays stripped, so nothing is pre-wired for a sensor that does not exist. The 12A's senders are one-wire resistive parts the ICU excites; an LS's are 3-wire 5 V devices read by its own ECU, which publishes them on CAN2 (`0x500+`, the luxury map). So at the swap most ICU channels go quiet and the display reads the ECU's frames — a firmware rule, luxury `F-014`: local input when configured, else the ECU's frame, else dashes (luxury D-153) — while the two signals the *car* acts on stay on wire per D-251: oil pressure into A7 from a sender or transducer on the new block (never the ECU's CAN value), and the tach into `DP-ICU-B 4` from the ECU's tach output through the same clamp. `L1-S2 9` (switched 12 V, D-250) powers a 12 V-supplied 3-wire transducer if one is fitted; a 5 V sensor is the ECU's, or gets a regulator at the dash node — no +5 V goes down the leg (D-215). The three reserves `L1-S2 4–6` and the spare `L1-S2 11 → DP-ICU-B 9` are the only new-sensor conductors, and they already exist."
D-264,"Legs, connectors and grounds",The 12A's electrical sensors are the three senders and nothing else.…,2026-09-07,standing,,,Q-124 Q-125 Q-308,,"**D-264 — The 12A's electrical sensors are the three senders and nothing else. The cut B-12 water-temperature switch stays in the thermostat housing as the port's plug, unconnected; the oil level float switch (C-06) is not wired and the CLU pigtail stays at twelve lines; there is no oil-temperature sender on the 12A and no conductor is run for one — `L1-S2 10` and `DP-ICU-B 7` become sealing plugs, `N65` and `P112` leave the record, and the ICU keeps the IC07 footprint for the swap.** Camden's three answers, 2026-09-07: `Q-124` ""verified unneeded — leave it as the plug, unconnected""; `Q-125` ""no need for the added warning light — I check the oil every time I get gas""; `Q-308` ""no oil-temp sensor while the 12A is there; prepare for after the swap, but run no unneeded wire to the engine bay"". The last restates the engine-bay rule (D-211(d)) and it wins over D-250's oil-temperature conductor: the leg is rebuilt at the swap anyway, so a wire run now for a sender that will arrive with a different engine serves nothing. What the swap needs is at the dash node — a cavity (`DP-ICU-B 7`, plugged) and a channel (IC07, footprint) — and both stay. Whether the *rest* of L1's reserves follow is `Q-127`. *Supersedes* D-250's oil-temperature conductor (its sensor supply `L1-S2 9` and spare `L1-S2 11` stand until Q-127) and the A-010 clause that left the level senders as a future item — they are out."
D-232,"Legs, connectors and grounds","The gauge rule is set by the enable-at limit, not the channel's rating",2026-09-03,standing,,,,,"**D-232 — The gauge rule is set by the enable-at limit, not the channel's rating.** 2026-09-03, a clarification the automated check forced: `DESIGN.md` §13 said ""12 AWG on 25 A, 14 AWG on 15 A"", and four rows already broke it on purpose — the 16 AWG high-beam-indicator tap on O3 and the three 16 AWG capped module drops on O10. A wire has to survive what its protection lets through, and the protection is the software limit: 12 AWG above 15 A, 14 AWG above 13 A, 16 AWG at 13 A and below. A 16 AWG tap off a heavier feed is allowed only where the cavity notes it as a tap, and the check flags any other case. No wire changes."
D-281,"Legs, connectors and grounds",The factory ignition noise-suppression condenser is reproduced on the…,2026-09-08,standing,,,,,"**D-281 — The factory ignition noise-suppression condenser is reproduced on the O12 branch at the coil bracket (P135).** From the 2026-09-08 benchmark; written on the 2026-09-08f repair (the 2026-09-08 script meant to add the part as P099, a number the Deutsch kits already held, so no part existed until now). The 1982 diagram carries a condenser (B-22) on the igniter and coil `BW` supply. Mazda fitted it because the leading and trailing igniters put measurable hash on the ignition bus — and this harness runs CAN2 and eight analog resistor ladders past those coils, which the factory one did not. Fit it on the `L1-P 1` branch at the coil bracket (install 3.7), or delete it only against a measurement showing it is unnecessary. Deleting it silently is the fault that gets misdiagnosed as a bad ladder six months later."
D-212,"Wire, labels and materials","Family-colour solid wire, identified by printed labels; no tracers",2026-09-02,standing,D-016,,,,"**D-212 — Family-colour solid wire, identified by printed labels; no tracers.** Camden's call, 2026-09-02, after the striped-tracer scheme proved unpurchasable as cut lengths. The colour names the family (RED power · ORN 15 A outputs at 14 AWG · BLK ground · GRY analog inputs · BLU commands · PNK switch supply and +5 V · YEL/GRN CAN); the label at each end names the wire; the cavity number and the design tables are the record. Wire comes as four 16 AWG Prysmian GXL spools from Waytek (black, red, grey, blue) plus 14/12/10 AWG cuts from WireBarn and three short 16 AWG colours (pink, yellow, green). Labels are printed on a Brother PT-D220 onto TZe-FX231 flexible-ID tape, wrapped on the wire, with clear heat-shrink over them where they live under loom or in the engine bay — chosen over heat-shrink-sleeve printers as a quarter of the cost with the same permanence. Supersedes D-016 (base colour = class, tracer = circuit), D-203(c) (PT-E300 + HSe sleeves) and D-203(h) (striped GXL by the foot)."
D-135,"Wire, labels and materials",SICMA terminal spares come from the two spare 39-way housings in hand…,,standing,,,,D-220,"**D-135 / D-220 — SICMA terminal spares come from the two spare 39-way housings in hand (54 small, 32 large), so there is no Ballenger order.** Zero spares in the car's own set is why the practice crimps use the spare sets first."
D-220,"Wire, labels and materials","The 2026-09-02 order changes, Camden's own edits to the carts",2026-09-02,standing,,,,,"**D-220 — The 2026-09-02 order changes, Camden's own edits to the carts:** the wink switches are the DMWD 1NO+1NC momentary 2-pack (replacing a 5-pack); the ATC fuse assortment is out — the drawer is checked and any missing value bought locally; the 12 × 24 aluminium sheet is out (D-214); a stainless star-washer kit and three clear heat-shrink packs are in; relays are bought without spares; no spare housing pairs."
D-141,"Wire, labels and materials","No bench kit: no bench PSU, no plywood mule, no test pigtail",,standing,,,,D-144 D-147,"**D-141 / D-144 / D-147 — No bench kit: no bench PSU, no plywood mule, no test pigtail.** Every risk the bench was justified by is already covered by the parallel-system architecture (D-023) and the in-car config sequence (D-194)."
D-205,"Wire, labels and materials","Ground studs are 3/8 stainless with star washers (four: rear, front…",,standing,,,,,"**D-205 — Ground studs are 3/8 stainless with star washers (four: rear, front, dash, sill); the PMU stands off its panel on three M6 spacers; F2 (2 A), F19 (3 A) and F15 (7.5 A) are values cheap assortments skip — buy them by value.**"
D-023,Build sequence,"Parallel-system migration, least to most consequential, ending with…",,standing,,,,D-024,"**D-023 / D-024 — Parallel-system migration, least to most consequential, ending with ignition and start.** The factory harness stays intact and powered until each circuit's own cutover; never both systems on one load; the car drives home at the end of every session."
D-025,Build sequence,Soft fuses are set from current measured live in the client during…,,standing,,,,D-174,"**D-025 / D-174 — Soft fuses are set from current measured live in the client during migration, never from an estimate; the PMU's telemetry on the new harness is the measurement, and its gap against healthy-expected draw is also the list of tired parts to replace afterwards.**"
D-176,Build sequence,"Part replacement (a slow wiper motor, a weak pump) is a separate job…",,standing,,,,,"**D-176 — Part replacement (a slow wiper motor, a weak pump) is a separate job after the PMU is in, identified from telemetry — not clutter inside the wiring project.**"
D-177,Build sequence,The pop-up motor pinout comes from factory sheet E (E-03 / E-04: YG top…,,standing,,,,D-199,"**D-177 / D-199 — The pop-up motor pinout comes from factory sheet E (E-03 / E-04: YG top · WR left · RY right · R bottom; YG is the cam-driven transit contact the ladders read; WR is the constant feed and is capped). Which of R / RY carries the run winding through the cam — bridged or single — is decided by the ohm check at the motor (install M-3), the one measurement the pin plan waits on.**"
D-143,Build sequence,"The deliberate soft-fuse trip is a required step, done in the car on…",,standing,,,,D-145,"**D-143 / D-145 — The deliberate soft-fuse trip is a required step, done in the car on the first migrated circuit (the interior lamp): set the limit to 2 A, short the output, watch it trip and retry.** It is the single behaviour that distinguishes this device from a fuse box and it must be met on purpose, not at speed."
D-146,Build sequence,Powered verification of the dash node is replaced by continuity…,,standing,,,,,"**D-146 — Powered verification of the dash node is replaced by continuity testing, which needs no power and catches a wrong cavity, a missed crimp, a swapped pair and a short to the panel.** Powered checks happen in the car with every output disabled."
D-127,Build sequence,Housekeeping that stands: verify the two spare housings' terminal…,,standing,,,,D-137 D-103,**D-127 / D-137 / D-103 — Housekeeping that stands: verify the two spare housings' terminal counts on arrival; mark cavity 1 on the housing with the paint pen before the first terminal goes in (D-139); measure the pop-up motors and check the transit contacts in one sitting.**
D-026,The record itself,Working files are Markdown; IDs are permanent and never reused; a…,,standing,,,,D-043,**D-026 / D-043 — Working files are Markdown; IDs are permanent and never reused; a closed question is cited with its closer.**
D-233,The record itself,The record is `data/*.csv`; every document with a table in it is…,2026-09-03,standing,D-221,,,,"**D-233 — The record is `data/*.csv`; every document with a table in it is rendered.** Camden's call, 2026-09-03, after the eleven ""downstream edits still to make"" showed what hand-mirrored tables cost: one fact in one row, referenced by ID everywhere else. `tools/rx7.py` loads the tables, refuses to build on any contradiction (a cavity without a source, a fuse without a load, a ladder window that overlaps, a cart line below the design's count, an unknown ID) and renders `DESIGN.md`, `GLOSSARY.md`, `SHOPPING-LIST.md`, `INSTALL.md`, `WIRE-TABLES.md`, `PMU-CONFIG-SHEET.md`, `README.md` and `VIEW.html` from `templates/` (the prose) and `data/` (the facts). Derived facts — a pin's destinations, a housing's used count, a wire label, the Deutsch kit counts, ADC centres, totals — are computed, never typed. Generated files carry a banner and are never edited by hand; `DECISIONS.md` and `QUESTIONS.md` stay prose. Supersedes D-221 (the tables were the record and the generator was retired — that put the same row in four files) and revives the intent of the 2026-08-30 CSV convention in a shape that keeps the documents readable."
D-275,The record itself,"The drawing is a view: one master harness sheet, rendered by `build`…",2026-09-08,standing,,,,,"**D-275 — The drawing is a view: one master harness sheet, rendered by `build` from the tables with WireViz; the hand-drawn SVGs are retired.** Camden, 2026-09-08: ""follow recommendation make a blend prioritizing wireViz for a full harness diagram with all details as the master all in one sheet from battery to part to ground every path every detail … id rather have one big table than many small ones i need to peice together."" `harness.py` builds a WireViz description from the same rows as every document — `cavities.src` for each cavity's box side, `devices.terminals` for its device end, `relays` for the terminals no cavity names, `fuses.fed_from` for the inline feeds, `cables.run` for the backbone, `grounds` for the studs — and `tools/rx7.py build` runs it after the checks pass: `01-DESIGN/diagrams/HARNESS.yml` is always written; `HARNESS.svg` and `HARNESS.html` (with the bill of materials) are rendered when Graphviz and wireviz are installed, and a stamp records the data they came from, so `{{harness_status}}` in DESIGN §1 says **STALE** the moment they are not. Housings are drawn as mated pairs with their cavities coloured by state; bundles are grouped by zone and gauge; every wire row names both of its ends. Two conventions the drawing needed and the data did not state: the door window-motor legs are drawn to the K5–K8 sockets' terminal 30 (the SPDT pair's common), and a device line the parser cannot resolve is reported in the build output, never dropped. The twelve hand-drawn SVGs move to `99-ARCHIVE/Electrical/2026-09-08_hand-drawn-diagrams/` (finishing-list A8 closes); whether a second, backbone-only SVG generator is wanted is decided after the sheet has been used. Cost: one script, once — every rebuild is free. `views.py` gains `PRE_BUILD`; `rx7.py` runs it, and no longer scales an inline drawing to the pane."
D-276,The record itself,Five sheets are cut from the harness model beside the master: one per…,2026-09-08,standing,,,,,"**D-276 — Five sheets are cut from the harness model beside the master: one per leg, beginning to end, and the dash node.** Camden, 2026-09-08: four leg diagrams — rear, dash, front, engine — that start at the leg connector at the PMU / relay / fuse box and end at the parts, with fewer overlapping wires; the rear leg to extend to the dash always-hot busbar with the power backbone to that point. His answers to the four design questions: a leg sheet begins at the leg's post housings with each cavity labelled with what feeds it (no PMU / fuse / relay nodes drawn); the dash node is a fifth sheet of its own; the rear sheet owns everything that starts at the battery or the rear stud (Class-T → busbar, disconnect → rear stud, the 1/0 starter run and the 1/0 cranking return, the sill node) and the engine sheet owns the bay's cables with 'from the battery' stubs; straight-run routing. How: `harness.py` builds one model and `subset()` cuts each sheet by conductor group — `LEG-Lx` and `GND-Lx` for a leg, `DASH-NODE` for the node, backbone cables by id — so a conductor is never typed twice. Bundles are per housing (the housing a leg conductor leaves, the housing a node conductor lands on), which is what took the crossings out: each bundle sits beside its housing and the sheet reads left to right. One deviation from the routing answer: Graphviz's true orthogonal router ignores port positions, so wires would no longer land on their pins — the leg sheets use `polyline` (straight segments with bends) instead; the master and node sheets keep splines because of their density. Outputs: `LEG-L1.svg` … `LEG-L4.svg`, `DASH-NODE.svg`, each with an `.html` twin and its own stamp; `{{harness_status}}` reports all six. DESIGN §6 shows each leg's sheet under its heading and §5.3 the node sheet; INSTALL §2–§4 point at them. Extends D-275."
D-222,The record itself,The shopping list is the four live carts of 2026-09-02 — Waytek $455.04…,2026-09-02,standing,D-207,,,,"**D-222 — The shopping list is the four live carts of 2026-09-02 — Waytek $455.04 · WireBarn $382.68 · DeutschConnector.com $944.08 · Amazon $1,096.22 — plus the short list of gaps in `02-SHOPPING/SHOPPING-LIST.md` §8.** Nothing has been purchased; every cart waits for Camden's review and payment. Supersedes D-207's cart figures and the old five-store manifest."
D-277,The record itself,The cart is dialed to the design as it stands after D-272 / D-273 /…,2026-09-08,standing,,,,,"**D-277 — The cart is dialed to the design as it stands after D-272 / D-273 / D-274, and the Deutsch assembly kits are data.** Camden, 2026-09-08: make the cart perfect — everything the current plan needs and nothing it no longer needs, and every future circuit wired into its main leg and ending in half a connector where it diverges, both halves bought, one fitted. The kit lines were the one place the cart was prose (""the cart holds two pairs""); they are now fourteen lines, one per kit SKU, each with the quantity the cart holds and a `kit:<type>` need rule derived from the housing table, so `build` refuses the moment a housing is added or changed without its kit — the same rule the sealing plugs and clips already lived under. Against the housings today: 12-way plugs drop 7 → 6 and receptacles 7 → 5 (D-258, D-270); 8-way 5 → 6 pairs (L4-S2); 6-way plugs 2 → 4 and receptacles 2 → 3; 4-way 2 → 4 pairs; 2-way 1 → 4 pairs; DTP-2 1 → 3 pairs; DTP-4 stays at 3. Checked and confirmed: sealing plugs (84 / 6), clips (28), the 14 AWG contacts (18 of each), dust caps (2 × 6-way, 3 × 4-way, 3 × 2-way, 2 × DTP-2, no 12-way), relays and their ten sockets, the four inlines, the backbone cable, lugs and boots after D-245 / D-246, the three added 16 AWG colours. Corrected: the label tape to four cartridges (about 300 conductors, two ends each — three cartridges was short), the 14 AWG RED note (the door legs are RESERVED; only the four K5–K8 → D1 / D2 wires remain), the ICU enclosure line (printed ASA / PETG, D-270), and a perfboard for the sense stages and bias resistors, which no line carried. The rule itself holds everywhere but one place: `L4-P 3` and `L4-P 4` end at the sill node's F8 / F9 / F14 positions, which have no holders this build — a bare end on the harness. `Q-133` → D-283 ruled the three holders in now, fitted empty. Extends D-222 / D-238; the §8 gap list is derived from these lines and is the whole of what changes at the four stores."
D-005,The dash node,(superseded by D-214),,superseded,,D-214,,,
D-206,The dash node,(superseded by D-216),,superseded,,D-216,,,
D-208,The dash node,(superseded by D-216),,superseded,,D-216,,,
D-227,"Switches, ladders and inputs",(superseded by D-244),,superseded,,D-244,Q-100,,
D-231,"Switches, ladders and inputs",(superseded by D-244),,superseded,,D-244,,,
D-247,"Switches, ladders and inputs",(superseded by D-278),,superseded,,D-278,,,
D-022,"Legs, connectors and grounds",(superseded by D-218),,superseded,,D-218,,,
D-016,"Wire, labels and materials",(superseded by D-212),,superseded,,D-212,,,
D-221,The record itself,(superseded by D-233),,superseded,,D-233,,,
D-207,The record itself,(superseded by D-222),,superseded,,D-222,,,
D-283,"Legs, connectors and grounds","The sill node's F8 / F9 / F14 get their sealed inline holders now, fitted empty — every future circuit ends in a holder or half a connector, none bare",2026-09-08,standing,,,Q-133,,"**D-283 — The sill node's F8 / F9 / F14 get their sealed inline holders now, fitted empty — every future circuit ends in a holder or half a connector, none bare.** Camden's call, 2026-09-08, answering `Q-133`: ""follow recommendations"". Reasoning: D-277's rule — a future circuit is wired into its main leg and ends in half a connector where it leaves it, both halves bought, one fitted — held everywhere except the sill node. The window bus `L4-P 3` (12 AWG, O1) and the comfort feed `L4-P 4` (12 AWG, O15) landed on the F8 / F9 / F14 *positions*, which were labelled but had no holders until the windows and mirrors came, so the two conductors ended bare on the sill panel. Now three more of the sealed inline ATC holders already in the Waytek cart (46047, 14 AWG leads — enough for the 20 A window fuses and the 10 A mirror heat) are fitted empty at the sill: each conductor lands in its holder, no fuse means open, and the luxury package drops a fuse in rather than wiring a holder. Cost about $12; no other change. Consequences in the data: `parts` P002 raises 4 → 7 (F8, F9, F14 join F12, F15, F16, F20); `fuses` F8 / F9 / F14 read ""holder fitted, no fuse"" and stay EMPTY; the notes on `cavities` L4-P 3 / L4-P 4, `node_conductors` N16 / N17, `pins` 27 and `devices` DV43 say holder, not position — the cavity state stays CAPPED (a dead end with no load, which is what the luxury package's provisions count on); the luxury package's LP37 and PV44 / PV45 lose the holders they were to bring. The phrases ""no holder"" and ""positions only"" are retired. Extends D-065 (the sill node) and D-274 (the node is the branch's end); refines D-277."
D-316,Power backbone and battery,"The engine leg is built for the FB/FC alternator only; every other alternator is provided for at the fuse/relay/PMU end, never as wire in the bay",2026-09-11,standing,,,00.01,,"**D-316 — The engine leg is built for the FB/FC alternator only; every other alternator is provided for at the fuse/relay/PMU end, never as wire in the bay.** Camden's call, 2026-09-11, answering `00.01`: ""prepare only for a FB/FC alternator in the engine leg with no warning light … however the pmu/relay/fuse section should be pinned and wired to work for an alternator id find on most engines … just like every cuircut in the engine leg, the fuse/relay/pmu are fully done and future proof, the engine leg is bare bones.""

**What goes in.** The FB is an **LR** system and stays one: `BW` is the R terminal (ignition-switched regulator wake, under 0.5 A) on `L1-S1 2` through O12 → F15, and `WB` is L, the lamp sink. The `'86-88` FC 70 A unit is a bolt-in with the identical two-terminal interface and needs no wiring change, so it is the ceiling — the single narrow V-belt caps realistic output near 70–90 A anyway.

**No warning-lamp resistor is needed, and this closes that question.** The 100 Ω 5 W parallel resistor noted against D-198 was only ever required for an **LS-type** unit, which uses the lamp itself as the excitation path and therefore never starts charging without a bulb or a substitute load. An LR alternator excites on R; the lamp is decorative. Once the ICU replaces the cluster there is no bulb, and nothing about that stops an FB/FC unit charging. The resistor re-enters the design only if an LS-type unit is ever fitted — which, by this decision, means rebuilding the leg anyway.

**What does not go in.** The **S** (sense) and **P** (phase/FR) conductors are **not** run. `L1-S1 5`, `7`, `8` and `12` stay sealing plugs, and L1-S1's final cavity state is settled by that.

**The general rule this fixes, beyond the alternator.** The engine leg carries only what the engine on the mounts needs today. Future capability lives as **unpinned space at the fuse/relay/PMU connector**, which is assembled once and fully populated, never as capped wire in the bay. The bay stays stripped; the leg is rebuilt from scratch at any engine swap (D-211, D-271). This is the engine-leg counterpart of D-274's chassis principle and it governs every engine-side circuit, not just this one."
D-317,"Legs, connectors and grounds",Future circuits run both conductors down the leg and branch only what the fitted part needs; the wiper park sense is the first case,2026-09-11,standing,,,00.02,,"**D-317 — Future circuits run both conductors down the leg and branch only what the fitted part needs; the wiper park sense is the first case.** Camden's call, 2026-09-11, answering `00.02`: ""follow recommendations, prepare for both wires through the front leg, however when the wiper branches off solo only the one needed wire continues after the branch to the part, then if I use other wipers I just pull that tiny branch and pin the second wire (all casis/body/intitor shoud follow this patter for future circuts).""

**The rule, for every chassis, body and interior circuit.** The leg carries **both** conductors as far as the branch point. Past the branch, only the conductor the fitted part actually uses continues to the part. The spare stays unpinned at the branch. Changing to a part that needs the other conductor is then a short branch pulled and a second contact pinned — never a leg re-run. This refines D-274, which ended a future circuit in half a connector where it left its leg: D-274 still governs a circuit whose part does not exist yet, and D-317 governs a circuit whose part exists but whose *variant* may change.

**The wiper case.** Replacement two-speed motors sort into five families. The fitted Japanese OE motor brings the cam out as a **dry SPDT**, which is what the A3 ladder assumes and is correct. The commonest universal on the shelf is the **Bosch/SWF/Valeo DIN 72552** family, which self-parks: the cam's common is the **low-brush node**, `53a` wants a permanent +12 and `53e` is the brake throw — reading either would put battery volts and brush spikes onto A3.

**In the data.** `L2-S 4` is promoted from sealing plug to a `WIPER_PARK_RET` conductor, run to the branch and left there. `L2-M 8` is held as the fused park feed for the same reason. The A3 wiper-park leg is specified **clamped and 12 V tolerant** at the resistor sub-assembly, so no replacement motor in any of the five families can damage an input. Two cavities buy the whole replacement population."
D-318,The dash node,"CAN never leaves the dashboard: no rear node, no engine-bay drop, and every computer including a future ECU is a dash node",2026-09-11,standing,,,00.04,,"**D-318 — CAN never leaves the dashboard: no rear node, no engine-bay drop, and every computer including a future ECU is a dash node.** Camden's call, 2026-09-11, answering `00.04`: ""tested with my phone, and it will reliably view the battery telemetry from much farther than the dash … I do want TPMS and suspect the generalized 10-30 feet tpms sensor radio range will be plenty for the receiver to live in the dash … leaving the CAN only at the front. I also do not want the ecu in the engine bay … the ECU will also be a dash node localized with all the other computers and more intricate wiring, then only the small branches travel everywhere. so that being said CAN should only ever stay inside the dashboard out of sight.""

**No rear CAN.** The flip condition in the packet was met and he tested it: the Ionic's BLE carries to the cargo bin and past it, so the gateway lives at the dash node and the rear needs no bus. TPMS is wanted and its sensors reach 10–30 ft, so that receiver is a dash node too. **No camera of any kind is ever fitted to this car** — that removes the other rear-node candidate outright.

**No engine-bay CAN.** `L1-S1 9` and `10` were capped in the bay as the LS ECU's drop, with the bus's far-end 120 Ω terminator across them. A future ECU is now a dash node, so that drop has no consumer and is released: both cavities go back to sealing plugs and the terminator moves to the dash node, which becomes a physical end of the bus rather than the middle of it.

**The shape this fixes.** Every computer — ICU, DCU, the TPMS receiver, the BLE gateway, a future engine ECU — sits at the dash node where the intricate wiring already is. Only thin branches leave the dash to reach sensors and loads. CAN is out of sight and out of the weather, and there is no bus stub anywhere that a later change could turn into a reflection problem.

**In the data.** `cavities` `L1-S1 9` and `L1-S1 10` → PLUG. The engine-swap hand-over `HO03` is rewritten. Nothing is run to the rear, so no L4 cavity changes and the carted 120 Ω resistors (P070, ten of them) are unaffected. The PMU's software termination stays as the design has it, with 120 Ω at both physical ends inside the dash."
D-319,Power backbone and battery,The master disconnect returns to the positive side: one switch at the battery carrying both the PMU leg and the starter leg,2026-09-11,standing,D-245,,00.05,,"**D-319 — The master disconnect returns to the positive side: one switch at the battery carrying both the PMU leg and the starter leg.** Camden's call, 2026-09-11, answering `00.05`: ""follow recommendations and switch positive side"". Supersedes **D-245**, which put it in the battery negative.

**Why D-245 was wrong.** Its reasoning held as far as it went — with the negative open, a positive-to-chassis fault has no return path — but three arguments were not considered. **(1) Convention:** ABYC E-9.10.c puts the switch in the cranking-motor supply, NHRA requires the positive side verbatim, and NEC 404.2(B) states the general principle that the grounded conductor is not switched. Anyone who works on this car, a first responder included, will expect a positive-side kill. **(2) The negative leg is unfused by definition:** any parallel negative bond — a shunt, a battery-monitor sense lead, the pack's BMS or heater return, a trickle charger left connected — silently becomes the return path for the whole system. **(3)** With the switch open and the engine running, the battery negative post floats at (Vsys − Vbat) above chassis and sits near spike potential during a load dump.

**In the data.** One positive-side switch at the battery carries both branches — the Class-T/PMU leg and the MRBF/starter leg — so opening it genuinely kills the car. Post-to-switch-to-fuses stays in inches, as D-062 demands. `backbone` B1/B5, `cables` C01/C02/C05 and `grounds` G24 return to a positive-side arrangement, reversing D-245's re-draw. Cost: none — the switch is already carted, and cable lengths shift by about a foot. **Which** e-Series switch it is — 9003e, or the 9004e with its alternator-field-disconnect pole — is still open as `00.12`, so P049's SKU is not changed here."
D-320,"Switches, ladders and inputs",The kick-down is reproduced and stays operational,2026-09-11,standing,,,00.06,,"**D-320 — The kick-down is reproduced and stays operational.** Camden's call, 2026-09-11, answering `00.06`: ""option A, as i think the switch and solenoid are functioning as expected now in the car (kickdown seams to work) we should incorporate the kick down into the wiring and keep it operational.""

The 1982 component list carries a **kick-down switch (B-32)** at the throttle pedal and a **kick-down solenoid (B-33)** on the transmission — two wires, automatic-only. Both are believed working in the car today. The circuit appeared in no cavity, no device row and no decision, and it was **not** on D-097's deliberate-deletion list; without it the transmission will not force a downshift at wide-open throttle. Option (b) — delete it beside D-097 — is rejected, and (c) — run and cap the tunnel conductor and decide later — is unnecessary now that the answer is known.

**In the data.** This needs a dash-local conductor to the pedal box, a tunnel conductor to the transmission, and a feed with its own protection. Those cavity and fuse assignments are agent work (`W-320`) against the free positions in the L3 and L4 housings rather than guesses made here; the tunnel is open once, so the assignment lands before the L4 cut list is fixed. The switch and solenoid become `devices` rows so the record stops treating them as absent."
D-321,Power backbone and battery,"The starter MRBF goes to 250 A, sized to the 1/0 cable it protects",2026-09-11,standing,D-237,,00.08,,"**D-321 — The starter MRBF goes to 250 A, sized to the 1/0 cable it protects.** Camden's call, 2026-09-11, answering `00.08`: ""follow recommendations"". Supersedes **D-237**, which fixed it at 200 A.

D-237 was correct when the cable was 2 AWG (~210 A). **D-246 then took the cable to 1/0 (285 A) and nobody re-opened the fuse.** A fuse protects the cable, not the load, so at 1/0 a 200 A rating is sized to the load — conservative in the wrong direction — and the Bussmann MRBF curve is unforgiving of a long crank: 200 % (400 A) opens in a maximum of 60 s, 135 % (270 A) in a maximum of 900 s. A hot rotary that cranks long walks up that curve toward a fuse that was never meant to be the limit.

**In the data.** `fuses` MRBF → 250 A, same Blue Sea 5191 holder, about $17. `parts` P052 becomes the 250 A fuse; its exact Blue Sea SKU is marked `confirm` and verified before the Amazon cart is paid — which, under D-323, is not yet. `V-094` still closes the question properly with a clamp meter on the starter cable during a hot start, rather than from published curves."
D-322,Build sequence,Limp-home is the config file and a USB-to-CAN cable carried in the car plus a one-page written emergency procedure,2026-09-11,standing,,,00.09,,"**D-322 — Limp-home is the config file and a USB-to-CAN cable carried in the car, plus a one-page written emergency procedure.** Camden's call, 2026-09-11, answering `00.09`: ""follow recommendation (i cant afford a spare pmu so definitely give my a way to fix small pmu issues on the go or enable limp mode under worse cases).""

No PDM vendor documents a bypass, backup module or manual override; the corpus treats total module failure as accepted risk and the professional mitigation is a spare configured unit. That is a **racing** answer. This is a street-registered car where brake lamps, ignition and fuel pump are all software-defined on one module that is not automotive-qualified and lives in a 44-year-old dash — and option (c), a spare PMU, is explicitly out on cost.

So options **(a) + (b)** together, which cost a cable and an afternoon: the configuration file and a USB-to-CAN cable **live in the car**, so a soft fault — a mis-set soft fuse, a tripped channel, a bad expression — is fixed at the roadside; and a **one-page written emergency procedure** covers the hard case, feeding fuel pump, ignition and brake lamps directly from the busbar to get the car home. The design had none of the three. Recovery from a *single* dead output is separate and already possible (D-282).

**In the data.** The cable becomes a `parts` row. The procedure is agent work (`W-322`) and lands in the install record when the install steps exist; it is written before first power-up, not after."
D-323,Build sequence,Nothing is bought until the design is complete and Camden understands it; no cart is paid early,2026-09-11,standing,,,00.10,,"**D-323 — Nothing is bought until the design is complete and Camden understands it; no cart is paid early.** Camden's call, 2026-09-11, answering `00.10`: ""Rule everything first i do not want to buy anything until the plan is detail for detail flawless and i undersatand like its already physcaly in the car and working perfectly.""

This **overrides the packet's own recommendation**, which was to pay Waytek, WireBarn and DeutschConnector immediately and hold only the Amazon cart. The recommendation optimised for lead time; he is optimising for understanding, and understanding is the thing that cannot be bought twice.

**What it means in practice.** `A1` (pay the four carts) is blocked on the design freeze, not on the four packets that were in front of it. No store is paid while any block that changes a line is open, and the long-lead Deutsch order waits with the rest. The comprehension bar is his, not the checker's: the plan reads as though the car is already built and working, or it is not done.

**Why it costs less than it looks.** D-202's one-teardown logic is untouched — everything is still bought in one pass, the pass simply moves later. The four parts that were about to be bought twice (P049's switch under `00.12`, P052's fuse under D-321, the battery-data source under `00.11`) are exactly the ones this prevents. Nothing in the design depends on parts arriving before the freeze.

**In the data.** `work` `A1` → blocked, gate `design freeze`. The phase gate into SOURCING now carries this decision by name, so no future run can read an empty §1 as permission to pay."
D-329,"Legs, connectors and grounds",The heated washer nozzle and the wiper-park de-icer are cancelled; L2-S 6 and the L2-NZL receptacle come out. The outside-air conductor is untouched,2026-09-11,standing,D-256,,01.06,,"**D-329 — The heated washer nozzle and the wiper-park de-icer are cancelled; `L2-S 6` and the `L2-NZL` receptacle come out. The outside-air conductor is untouched.** Camden's call, 2026-09-11, answering `01.06`: ""change of plans please void the wiper park heater and washer nozzle heater i decided i do not think they are worth it."" Supersedes **D-256**.

D-256 put two front-end conductors in for the climate module and this decision keeps one of them. **`L2-S 5` survives exactly as it was**: the outside-air thermistor at the nose, 16 AWG GRY, grounded at the front star, landing on `DP-DCU 2` at the post through the `L2-OAT` receptacle, with `DP-DCU 6` still a plug. There is no automatic climate control in this car and none is planned; the outside reading is for display, and the cluster shows it beside cabin temperature. That half is untouched and is restated here so one standing decision owns both.

**What comes out.** `L2-S 6` — the 16 AWG RED heated-nozzle / park-de-icer feed — is not run, and the `L2-NZL` DT-2 receptacle at the cowl is not fitted. Both cavities of that housing go with it. This was always conditional: D-256 wrote it as ""a comfort-bus load the DCU switches, conditional on a nozzle that can be made to fit"", and the condition is now declined rather than unmet. Nothing is stranded — the feed never reached a part.

**Consequences in the data.** `cavities` `L2-S 6` → sealing plug; the `L2-NZL` housing and its two cavities are deleted, which drops the DT-2 count in the Deutsch kits automatically, because D-277 derives those counts from the housing table rather than typing them. The luxury package's comfort bus loses two of its seven switched outputs: `SN16` becomes ×5 — seat heat ×2, seat cool ×2, mirror heat — and stage `S4` loses the nozzle and de-icer from its outcome, its prerequisites and its plug list. Both terms go into `retired.csv` in both projects so they cannot return by accident.

**One number to recheck, not to assume.** D-256 added the 50 ft WireBarn cut `P009` because the 16 AWG RED family calculated at roughly 510 ft against a 500 ft spool, and `L2-S 6` was part of that total. Removing it plausibly drops the family back under the spool, which would delete `P009` — but that is a derived figure and it is recomputed from the wire schedule (`W-329`), never by hand here."
D-330,The dash node,"Battery data comes from the Ionic BMS over BLE; no shunt is bought, and current and state of charge wait on the protocol",2026-09-11,standing,,,00.11,,"**D-330 — Battery data comes from the Ionic BMS over BLE; no shunt is bought, and current and state of charge wait on the protocol.** Camden's call, 2026-09-11, answering `00.11`: ""b no shunt for now as I hope to get the actual bit for bit map of what the BLE would be from Ionic and or decode it myself as it is not encripted.""

**What is already known and works.** The pack is an `IC-12V40-S9H` — Ionic 12 V 40 Ah S9H, four cells in series. Its BMS runs a Telink/HM-10-class transparent-serial module: service `FFE0`, characteristic `FFE1` used in both directions. Two independent reads, both proven from the car on 2026-09-08: the **advertisement's manufacturer data begins with pack millivolts**, broadcast with no connection at all; and a plain **Read or notification on `FFE1`** returns a framed packet — `7E` start, `01` type, `08` length, four little-endian uint16 cell counts, checksum, `0D` — which decodes at about **1.43 mV per count**, cross-checked because the four counts summed against the advertised pack voltage twice, four minutes apart. At the time of writing that is 3.25 V per cell and 13.0 V at the pack, on a one-count spread, which is a healthy balance.

**How the ESP32-C3 reads it.** Passive scan for the advertisement gives pack voltage with no connection, no pairing, nothing that can hang, and it keeps working while a phone is also connected. A GATT client subscribing to `FFE1` gives the cell frame, one connection at a time. Do both: scan always, connect only when cell detail is wanted. **`FEE7` and anything labelled DFU are never touched** — that is the firmware-update path on the BMS that runs the car's power, and the downside is a bricked pack.

**What this costs, stated plainly.** The type-01 frame is voltages. **Current and state of charge are not in it**, and reaching them means writing commands to `FFE1` against an undocumented protocol, either decoded here or supplied by Ionic. Until that lands the car logs pack and cell voltage and nothing else, and **D-280's sleeping-current target is not readable from the battery** — it stays the bench measurement at install 3.11, which it always was. A Victron SmartShunt remains the fallback that would give current, state of charge, consumed Ah and temperature, and would see every load outside the BMS's own terminals; it is deferred, not rejected, and the cargo bin is open once, so taking it up later is a bin job.

**In the data.** `parts` `P116` (the ESP32-C3 pair) keeps its place with the source now named. No shunt line is added. The CAN map keeps its battery-current and state-of-charge fields defined with no source behind them yet, marked so, rather than deleted — they are the shape the data will take when the protocol is known."
D-331,Power backbone and battery,The master disconnect is the Blue Sea 9004e; its auxiliary pole is a switch-position input so the PMU drops excitation before the main contacts break,2026-09-11,superseded,,D-351,00.12,,"**D-331 — The master disconnect is the Blue Sea 9004e; its auxiliary pole is a switch-position input so the PMU drops excitation before the main contacts break, and a high-joule TVS goes across the PMU main feed.** Camden's call, 2026-09-11, answering `00.12`: option (b).

**The hazard.** An unsuppressed load dump on a 12 V system is ISO 7637-2 pulse **5a — 65–87 V for 40–400 ms**, and reported lithium BMS disconnects run **120 V and above**. There are two triggers. Opening the master with the engine running is the avoidable one. **The BMS opening while driving** — over-current, cell fault, over-temperature — needs no mistake and never goes away: lead-acid degrades gracefully and stays in circuit, a BMS opens in milliseconds at full charge current.

**Why the aux pole is used this way and not the obvious way.** The 9004e carries an Alternator Field Disconnect pole whose contacts open slightly *before* the main contacts. On an externally regulated alternator it opens the field directly. D-316 fixed this car to the FB/FC alternator, which is **internally regulated**, so there is no external field to open. But the PMU already owns excitation on O12 → F15, so the aux pole is read instead as a **switch-position input**: the PMU sees the master about to open and drops excitation in logic before the main path breaks. Same protection, achieved through a channel the design already had.

**The TVS is independent of all of that.** A high-joule TVS across the PMU main feed at the module is the only thing that covers the BMS-opening case, which no switch can anticipate. It goes in whatever else is decided, and it is a couple of dollars. Separately, ECUMaster is to be asked directly whether the PMU's published ""immunity according to ISO 7637"" covers pulse **5a** unclamped or only **5b** — the TVS is fitted either way, so the answer changes nothing, it only tells us how much margin the module brings on its own.

**In the data.** `parts` `P049` becomes the 9004e; the SKU and price carry `confirm` until the cart is re-priced, which under D-323 has not happened. A high-joule TVS for the PMU main feed becomes its own `parts` row — it is not `P106`, which is the ICU carrier's own protection. The switch-position conductor runs the L4 leg from the cargo bin to the dash and takes a spare size-16 cavity in `L4-S2`, which had three free. **The PMU input it lands on is not assigned here** (`W-331`): `inputs` lists A1–A6, A8, A15 and A16 but not A7, which HO04 uses, so the table does not yet describe the module's real channel set. That is completed against the PMU's channel list first, and if no input is genuinely free it becomes a block rather than a guess."
D-333,The dash node,"The PMU-24 DL's channel set is complete - sixteen analog channels, six of them running as outputs, and not one position spare",2026-09-12,standing,,,,W-331 · G12 · 00.14,"**D-333 — The PMU-24 DL's channel set is complete: it has sixteen analog channels, six of them are configured as outputs, and not one of the 39 positions is spare.** Agent, 2026-09-12, against `01-REFERENCE/PMU_info/PMU-24_Pinout_v1.0.pdf` and the manual's specification tables, completing `W-331` as D-331 required.

D-331 ended by saying the input for the master-switch position sense ""is not assigned here"" and that `inputs` ""lists A1–A6, A8, A15 and A16 but not A7, so the table does not yet describe the module's real channel set."" It does now, and the answer is worse than a missing row.

**What the module actually has.** Eight dedicated analog inputs **A1–A8**, 10-bit, 0–5 V, 20 V maximum, with software-selectable 10 kΩ pull-up or pull-down. Eight more channels **A9–A16** that **share their pins with outputs O17–O24** — 12-bit, 0–20 V, 30 V maximum, configurable as input *or* 7 A high-side output, one or the other. Then O1–O5 and O12–O16 at 25 A, and O6–O11 at 15 A, on their own pins.

**What this design does with them.** A1–A8 are all used: turn stalk, wiper stalk, brake and park, pop-up L, pop-up R, door jambs, **the oil-pressure node (A7)** and the hazard/horn/wink ladder. A9–A14 are all configured as **outputs** — O17 turn L, O18 turn R, O19 reverse, O20 interior, O21 start relay, O22 keep-alive. A15 and A16 are the headlight and key ladders, on the 12-bit side because they are read on the 12 V rail. O1–O16 are all assigned, with O13 and O14 capped for the swap. Counting: 22 outputs + 10 inputs + `+12V sw` + `+5V out` + ground + two CAN pairs = 39. **Every position.**

**So there is no free input and no free output.** `G12` asked me to write the expansion path down and assumed ""all 22 outputs are allocated (two to the swap) and all ten inputs""; the truth is sixteen channels, not ten, and the six that look like spare inputs are already outputs. This is not a shortage that turns up at commissioning — it turns up the first time anyone wants one more thing, which is now.

**In the data.** `inputs` gains A7 and gains A9–A14 as `kind=output`, so the table finally describes the module's channel set rather than a subset of it; the enum widened to take `output`, deliberately, and `_tables` says what the table is now for. `rules spare-capacity` writes the growth path down: it starts at a relay socket, a fuse position, the O15 comfort bus, a capped module drop, or a second PMU — never at a channel. **`W-331` cannot be finished** and becomes `00.14`: which channel gives way, or does the sense go. The `L4-S2 6` conductor stays as drawn until that is answered."
D-334,"Outputs, soft fuses and logic","Output health is a band around a measured baseline, and the low half of it is the module's own undercurrent flag",2026-09-12,standing,,,,G1 · CK01,"**D-334 — An output's healthy current is a band around a measured baseline, never a typed number; the low half of the band is the module's own Min Current parameter, and channels below the module's measurement floor get no band at all.** Agent, 2026-09-12, carrying out `G1` against the PMU manual §9.1.

`G1` asked for ""a `healthy_a` band per output in `pins.csv`, recorded at shakedown, and PMU logic rows that flag a lamp channel reading under half its baseline or a motor over 1.5× it."" Two things changed in the doing.

**It is one stored number, not a band, because the band is derived (R2).** `pins.baseline_a` holds the current measured live at shakedown; the thresholds are `0.5 × baseline_a` low and `1.5 × baseline_a` high, and storing them would be two more numbers to drift. Nothing about `enable_a` changes — the soft fuse protects the wire and is sized from the conductor (D-279), and health is a different question asked of the same measurement.

**The low half already exists in the module.** The PMU's **Min Current** parameter raises status **2 UNDERCURRENT** and — this is the part that makes it usable — **does not switch the output off**. D-279 already said undercurrent is an annunciator and no logic may be built on it; the manual agrees in the same words. So bulb-out costs one configuration field per channel, not a function. The high half is a written function, because the module has no ""running high but under the fuse"" concept.

**The floor is the real constraint, and it rules two channels out.** Below a per-class threshold the PMU clips its own measurement to zero: about **0.5 A typical and up to 2 A** on the 25 A outputs, about **0.2 A** on the 15 A outputs, about **0.1 A** on the 7 A outputs. A channel whose baseline is not comfortably above its floor cannot have a band without crying wolf every time it is on. **O21 (start relay, 0.2 A) and O22 (keep-alive, 0.2 A)** are both 7 A channels sitting on their floor: they get none, and that is written down rather than discovered at shakedown. The 25 A channels are the ones to watch — HEAD_LOW at 3.0 A and HEAD_HIGH at 3.5 A are only a little above a floor that can be as high as 2 A, which is exactly why the number is measured and not computed from `est_a`.

**In the data.** `pins.baseline_a` added, blank on every row until CK01 fills it. `rules health-band` carries the derivation and the floors. `checks` CK01 is the shakedown box: exercise each circuit, read `pmu.oN.current` in the client, record the steady figure, and treat a gap of more than about 20 % against `est_a` as a tired part rather than a bad reading — which is D-025's replacement list, arriving as a by-product."
D-335,"Outputs, soft fuses and logic","Retry is four named classes, and the pop-up bus is the one that must not retry",2026-09-12,standing,,,,G2,"**D-335 — Retry is four named classes, not one rule and not three, and the pop-up bus is the one that must not retry.** Agent, 2026-09-12, carrying out `G2` under D-279's policy.

D-279 split retry and latch by fault type but left every channel carrying the same ""3 retries, 5 s"". `G2` asked for three classes. Writing them out produced four, because one channel does not fit any of the three and pretending it does would be worse than an extra name.

- **lamp** — 3 retries at 5 s, then latch **and annunciate**. A latched stop lamp or headlamp that says nothing is worse than a flickering one (D-279). Eleven channels, including the accessory and comfort buses and the horn.
- **motor** — 5 retries at 15 s, no latch. A wiper stalled in snow or a blower against a blocked box is a thermal event that clears; the stall timer governs, not a current spike. Wipers high and low, blower, defog.
- **critical** — 1 retry at 2 s, then off until the key leaves RUN. A fuel pump or an ignition that trips twice in three seconds is a fault, and quietly retrying it forever is how a chafe becomes a fire. Fuel pump, ignition, start relay.
- **guarded** — 1 retry, then off and flag. **O1, the pop-up motor bus, and only O1.** An overcurrent here does not mean a marginal load; it means something is physically in the way, and a hand is the something. D-279 already noted O1 has no headroom — it sits at the 25 A ceiling against a measured 26 A both-sides stall — so its real handler is the D-186 obstruction timeout and retry exists only to ride out a cold morning.
- **none** — keep-alive and the two capped swap channels.

**Why a name and not just numbers.** The point of the column is that a channel cannot quietly differ from its peers: adding an output means choosing a class, and the class is the argument. The parameters map one-to-one onto the module's own Retry count / Retry every / Retry forever fields, so this is configuration, not firmware.

**In the data.** `logic.retry_class` added and set on all 21 rows; `logic.retry` rewritten from prose to the class's parameters; `rules retry-class` holds the definitions and the reasoning. No wire, no part."
D-336,"Outputs, soft fuses and logic",The PMU cannot report an output stuck ON; it is inferred from output voltage against output state and it can only annunciate,2026-09-12,standing,,,,G3 · CK07 · 00.15,"**D-336 — The PMU cannot report an output stuck ON. The condition is inferable from output voltage against output state, it is annunciation only, and the master disconnect stays the one hard kill.** Agent, 2026-09-12, reading the PMU manual §6.1 for `G3`.

`G3`'s premise is right and it is the failure mode this whole architecture inherits: **a relay fails open, a high-side MOSFET fails short.** An output stuck on runs its load with the key out and the module asleep.

**The manual is silent, and definitively so.** The complete output-status vocabulary is `0 OFF · 1 ACTIVE · 2 UNDERCURRENT · 3 OVERCURRENT · 7 THERMAL SHUTDOWN`. Every one of them is a story about how much current is flowing through an output the module believes it is driving. There is no state for ""commanded off and still live"", and no fault code, LED colour or CAN bit for it.

**It is detectable, and that is worth having.** The PMU measures **voltage** on every output — 0–16 V on the 25 A and 15 A pins, 0–20 V on the 7 A pins — and exposes it as `oN.voltage` alongside `oN.active`. Battery volts with `.active = 0` is a shorted switch, and a function saying so is three comparisons. `CK07` is that check at shakedown for O2, O3, O5, O7 and O12.

**But a detector is not a stop.** The thing doing the annunciating is the module that just failed, and the output it would need to drive to warn you is on the same silicon. So the honest statement is: this buys a diagnosis, not a protection. The protection is mechanical and it is the **master disconnect** — which is why `recovery` RC01 is ""open the master disconnect before you touch anything"", first, before any other step, and why it says a high-side FET fails short rather than assuming the reader knows.

**One thing the row did not know.** The PMU has a built-in **inertia switch** that drops every output when measured acceleration exceeds a configurable threshold, 6 G by default. That covers the crash case properly — as long as the module is alive, which is exactly the case a shorted FET is not.

**In the data.** `checks` CK07. `recovery` RC01 and the whole dead-module branch. `rules health-band` notes that undercurrent annunciates and does not stop. The row's last question — whether **O5, the fuel pump**, gets a series relay off the key's RUN ladder as a hardware back-stop — is Camden's, as the row said, and is **`00.15`**."
D-337,Power backbone and battery,"The PMU publishes no quiescent current, so D-280's measurement is the only number there will ever be",2026-09-12,standing,,,,G4 · CK02,"**D-337 — ECUMaster publishes no quiescent or sleep current for the PMU, so D-280's bench measurement is the only number this design will ever have.** Agent, 2026-09-12, answering `G4`(a) against the manual.

`G4` asked me to ""read the PMU's real sleep current from the manual and compute days-to-BMS-cutoff against the Ionic's capacity"". The manual has no such figure. The specification tables give operating voltage (6–22 V), operating temperature, CPU, connectors and weight, and for outputs and inputs they are exhaustive — but there is no standby, sleep, quiescent or off-state current anywhere in 163 pages. D-280 already said as much and it is now confirmed rather than assumed.

**So the computation cannot be done and the arithmetic is already recorded.** D-280 carries it: on the 40 Ah pack, roughly **11 days at 150 mA and 80 days at 20 mA** before the BMS cuts off, with a bench measurement of an ECUMaster PMU reported at **under 20 mA**. The design's target is **≤ 30 mA, accept ≤ 50 mA**. Nothing here improves on that; what it does is close the door on getting the number from paper.

**Two things this run adds to it.** The pack's own cut-off is now recorded — **8.0 V** (00-CAR SP-232) — so the endpoint of that arithmetic is a real number rather than ""flat"". And `G4`'s (b), the clamp-meter box, is `CK02`: on the **battery negative cable**, engine off, one hour after key-off, which is a different reading from install 3.11's PMU-only bench figure and is the one that catches the amplifier, the head unit's constant through K11, the always-hot courtesy lamps on F19 and the pack's own BMS. Both are wanted; neither substitutes for the other.

**`G4`(c) is already ruled and was not re-asked.** The row proposed a Victron SmartShunt as `Q-128`. **D-330 declined it** on 2026-09-11 and took battery data from the Ionic's own BMS over BLE instead, deferring the shunt rather than rejecting it. A solved question governs every case like it.

**In the data.** `checks` CK02. `work` G4 done. No part, no wire, no change to LD17 — the estimate stands as an estimate until CK02 replaces it."
D-338,"Switches, ladders and inputs","The PMU has a native delayed turn-off; the keep-alive expression may move into it, the wiring does not",2026-09-12,standing,,,,V-075 · CK06,"**D-338 — The PMU has a native delayed turn-off, so the keep-alive *expression* can move into it. The O22 conductor, its wake-strip diode and its drive to K11 do not move.** Agent, 2026-09-12, answering `V-075` from the manual §16.7.

`V-075` asked whether a configurable power-down delay makes the O22 self-hold latch unnecessary. **It exists.** The *Delayed turn off* panel (F9 in the client) gives **Turn off minimum time**, **Turn off maximum time** and a **Turn off channel**, and it requires exactly the wiring this design already has — a separate battery feed at the stud and a switched 12 V at pin 7. While the module is in that state `pmu.isTurningOff` reads 1, and turning the ignition back on restarts it half a second later.

**What may move.** D-248's rule set — release 30 s after the last input change with the key off and every door closed, and force release after 30 minutes whatever the doors read — is an expression today, held up by O22 feeding its own wake pin through a diode. That is a self-hold loop written in logic, and the panel does the same thing in the module's own firmware, with the force-off as a maximum time instead of a timer the logic has to run.

**What does not move, and this is the point of writing it down.** `V-075` said ""the `KEEP_ALIVE` output (pin 8, O22) and its wake-strip diode are redundant and K11 can be driven from that delay instead."" Only the first half survives contact with the pin list. **O22 also drives K11**, the head unit's constant master, and there is no spare output to hand that job to — D-333 has just established there is not one free position on the module. And the wake-strip diode costs nothing to leave in place while removing it is a wiring change at the dash node. So: the conductor stays, the diode stays, K11 stays on O22, and only the expression is a candidate to move. That is the reading that keeps the most options open, and it is free.

**One number the manual does not give.** It does not say what range *Turn off maximum time* accepts, and D-248 needs 30 minutes. If the field tops out below that, the expression stays exactly as written and nothing is lost. That is **`CK06`**, in the client at install §5.4 — a two-minute look, not a measurement on the car.

**In the data.** `checks` CK06; `work` V-075 done. `rules sleep` and `logic KEEP_ALIVE` are unchanged until CK06 says the panel can hold 30 minutes."
D-339,"Legs, connectors and grounds","Two routing rules the benchmark earned: water enters from below or not at all, and the tach shield never runs beside a coil lead",2026-09-12,standing,,,,G7 · G11 · CK04,"**D-339 — Two routing rules the production-car benchmark earned: everything enters a module from below or with a drip loop, and the shielded tach core never runs beside a coil lead.** Agent, 2026-09-12, carrying out `G7` and `G11`.

**Water (`G7`).** The classic Mercedes rear-SAM failure is water down a lamp seal or a blocked drain into a module. The FB's equivalents are the cowl seam and the windscreen, and the dash node sits in the footwell under both. `rules water-ingress`: every conductor enters the PMU, the dash node and each sill or rear panel **from below or with a drip loop**; nothing mounts in the **lowest 50 mm** of the footwell; the PMU's 39-way faces **down or sideways, never up**. Written now because moving a bracket while the dash is out costs nothing and moving it afterwards costs the dash. Where the water actually goes when the drains block is `CK04`, a look at M-1 — the rule does not wait on it.

**EMC (`G11`), with one correction to the premise.** The row said ""the engine leg carries the CAN2 drop and the tach line past the coils and igniters."" **The engine leg no longer carries CAN2 at all.** D-318 released `L1-S1 9` and `10` to sealing plugs and moved every computer, including a future ECU, to the dash node. So the engine-bay exposure is the **shielded tach core** alone — and it is the worst run in the car, because it takes a trailing-coil negative primary past four coil and igniter leads. `rules emc-routing`: it crosses ignition leads at **90°** and never runs parallel to one within **50 mm**, with the drain to the GND bus at the dash-node end only, which the record already specified. CAN2's only remaining exposure is inside the dash, where the same 50 mm applies past the blower and wiper motor leads and the O1 pop-up motor bus.

**In the data.** `rules water-ingress`, `rules emc-routing`, `checks` CK04. Both are install rules, so they govern how L1 and the dash node are **laid**, not only how they are drawn. No wire, no part, no cavity."
D-340,The record itself,"Two conventions written down: a cavity number is the moulding, and the fuse-lid card is a query",2026-09-12,standing,,,,G14 · G10,"**D-340 — Two conventions written down: a cavity number is the number moulded into the housing, and the fuse-lid card is a query rather than a document.** Agent, 2026-09-12, carrying out `G14` and `G10`.

**Cavity numbers (`G14`).** Every OEM harness print states its view convention at the top — wire side or mating side — because a mirror-image reading is the classic way to build a perfect harness backwards. This record has no such convention and does not need one, and that is the thing to say out loud: **a cavity number here is the number moulded into the housing itself.** Read it off the part. That is a reason the DT family suits this build — the number is on the moulding, so there is nothing to mirror. A factory plug is different: `lands_on` carries Mazda's terminal **letter** from the factory diagram, not a cavity number, and the two never share a cell. The row asked for one sentence at the head of a wire-tables document; in v3 the home for a convention is `rules`, where the check can see it.

**The fuse-lid card (`G10`).** Every OEM junction block carries its map on the lid; here the map is a config sheet in a binder, which is the same problem one layer up. The row asked for ""a template and a view"". **CLAUDE.md §1 forbids the view**, and rightly: `DECISIONS.md` is the one generated document and the visual layer is a later concern. But the card's content is entirely derived, so it does not need a template — it needs a query, and `rules fuse-lid-card` carries the two `sql` lines that print it: the outputs with their circuits and soft-fuse limits, and the fuse positions with their labels and feeds. Printed and laminated when there is something to print with, one at the dash node and one in the glovebox beside the laptop port. Because it is a query it can never disagree with the record, which is the only reason a card is allowed to exist at all.

**In the data.** `rules cavity-numbers`, `rules fuse-lid-card`. Nothing generated, nothing to keep in step."
D-341,"Wire, labels and materials","The bundle-derating audit changes nothing, because no conductor in this harness is loaded above 10 A continuous",2026-09-12,standing,,,,G8,"**D-341 — The bundle-derating audit finds nothing to change: every 16 AWG conductor on a channel enabled above 10 A is a tap already marked as one, and no conductor in this harness, at any gauge, is loaded continuously above 10 A.** Agent, 2026-09-12, carrying out `G8`.

`G8`'s concern is a good one. OEMs run sealed 1.5 mm contacts at about **10 A continuous in a loom**, not at their 13 A single-contact rating, because a bundle cannot shed heat the way a bench test can — and D-232 lets 16 AWG sit at exactly 13.0 A. The question was which conductors that actually bites.

**The query.** Five 16 AWG conductors sit on a channel enabled above 10 A: `DP-ICU-A 1`, `DP-DCU 1`, `DP-KEY 3` and `L4-S 4` off **O10** at 13.0 A, and `DP-ICU-B 12` off **O3** at 13.0 A. **All five already carry `src_note=tap`**, which is precisely the exception D-232 wrote — four of them are the cases D-232 named and the fifth is the road-speed sensor supply D-272 added later, correctly marked when it was added.

**And none of them carries current.** The ICU's logic rail draws about 0.8 A peak; the two capped module drops draw nothing; the road-speed sensor draws milliamps; the high-beam tell-tale sense is an input to a divider. The 13.0 A is the **channel's soft fuse**, sized to protect the 14 AWG branch behind it, not a description of the conductor's load. That distinction is the whole answer.

**Checked the other way too.** No 14 AWG conductor is loaded above 10 A either: O8 and O9 are held at 13.0 A by the DT contact rating (D-223) but draw 4.0 A and 5.5 A; O11 is enabled at 13.0 A and draws 6.0 A. The largest continuous load in the harness on anything smaller than 12 AWG is the horn at 6.0 A. There is nothing for OEM bundle derating to bite on.

**In the data.** Nothing. That is the finding, and it is worth a decision precisely so nobody runs the query again in six months."
D-342,"Wire, labels and materials",Route lengths become a measured table; the wire schedule and W-329 wait on M-2 rather than on another estimate,2026-09-12,standing,,,,G13 · W-329,"**D-342 — Route lengths become a measured table. The wire schedule, and `W-329` with it, wait on M-2 rather than on another estimate.** Agent, 2026-09-12, carrying out `G13` and re-gating `W-329`.

`W-329` asked me to recompute the 16 AWG RED family after D-329 removed `L2-S 6`, and D-329 was explicit that this is ""a derived figure … recomputed from the wire schedule, never by hand here."" **It cannot be recomputed, because the record contains no lengths.** Not one: `cavities` has gauge and colour and destination but no distance, `cables` has feet for the eleven heavy runs and nothing else does. The ~510 ft that D-256 quoted against a 500 ft spool was never derived from the cavity table — it was D-202's hand estimate at 1.5×, and subtracting one front-leg conductor from it by eye would be exactly the hand arithmetic D-329 refused.

**Rivian's lesson is the right one and it is not about the estimate.** They took 1.6 miles of wire out by *measuring* what a zonal layout needed. Here the footage is the design, and it is the one derived fact still typed.

**So the table exists now and the numbers wait.** `routes` — leg, from, to, via, feet — with **21 rows and every `ft` blank**: the five L1 runs, four L2, five L3, five L4 and the sill, each naming the grommet or path the tape follows. M-2 is now a checklist rather than a memory test, which matters because the interior comes apart once (D-202) and a route not measured that day is a route estimated forever. The cut length stays 1.5× the measured route.

**Consequence for the carts.** `W-329` is gated on `G13` and `G13` on `C1`'s M-2. If the 16 AWG RED family does come in under the 500 ft spool, `P009` — the 50 ft WireBarn cut D-256 added — leaves the order. Nothing is paid before then anyway (D-323), so the sequence costs nothing.

**In the data.** New table `routes`, 21 rows, `ft` blank. `work` G13 gated on C1, W-329 gated on G13, both with the reason in the note rather than in someone's memory."
D-343,"Switches, ladders and inputs","The kick-down gets its own inline fuse off the ignition output and three conductors, and rides the tunnel run that is already there",2026-09-12,standing,,,,W-320 · D-320,"**D-343 — The kick-down gets its own 5 A inline fuse off the ignition output and three conductors, and it rides the tunnel run the road-speed pair is already using.** Agent, 2026-09-12, carrying out `W-320` under D-320.

D-320 ruled the kick-down reproduced and operational and left the cavity and fuse assignment to `W-320`, against free positions rather than guesses made in the ruling. Here it is.

**The circuit, as the factory had it.** Kick-down switch **B-32** at the throttle pedal closes at wide-open throttle and energises solenoid **B-33** on the transmission. No module is involved, and none can be: D-333 has just established that the PMU has no free channel to read the switch or drive the solenoid with. That is fine — a direct switch-to-solenoid circuit is what the car had and what D-320 asked to keep.

**The feed: F21, 5 A, sealed inline off O12.** This follows the pattern F15, F16 and F20 already set for ignition-switched dash-node loads, and it means the kick-down is dead with the key out, which is correct. It deliberately does **not** come off F3: F3's 5 A also carries the ignition switch, the light switch and every wake stage, so a shorted solenoid there would take out all of them at once and leave the car with no inputs at all.

**The three conductors.**
- `L3-S2 12` — supply, F21 to the switch at the pedal. This was the last free cavity in that housing, which is worth knowing before anything else asks for one.
- `L3-S3 4` — the switch's other terminal back to the dash post, linked there to the L4 leg. It lands in L3-S3 only because L3-S2 is now full; four positions remain in L3-S3.
- `L4-S2 7` — post to the solenoid, down the tunnel. It shares the **RT21** run with the road-speed pair `L4-S 3 / 4`, so the tunnel still opens once (D-202) and the bundle grows by one 16 AWG conductor.

The solenoid grounds on its own transmission case, as it always did — continuity to the body is confirmed at install §4 rather than assumed, because a 44-year-old case ground is exactly the kind of thing that is fine until it is not.

**In the data.** `fuses` F21; `cavities` L3-S2 12, L3-S3 4, L4-S2 7; `devices` DV50 the switch and DV51 the solenoid; `parts` P137, one more sealed inline holder on the P002 line. `routes` RT21 names the shared tunnel run. The design no longer treats the kick-down as absent."
D-344,Build sequence,"The limp-home procedure is a table inside the record, and the glovebox kit is three parts",2026-09-12,standing,,,,W-322 · D-322 · 00.16,"**D-344 — The limp-home procedure is a table inside the record, not a document; the glovebox kit is three parts; and writing it out found one thing the ruling could not have known.** Agent, 2026-09-12, carrying out `W-322` under D-322.

D-322 ruled that the config file and a USB-to-CAN cable live in the car, plus ""a one-page written emergency procedure"" feeding fuel pump, ignition and brake lamps directly from the busbar. It also said the procedure ""lands in the install record when the install steps exist"". The install steps do not exist as rows in v3, and a page written outside the record would be the fifth thing to keep in step with it, so the procedure is a **table**: `recovery`, ten rows, `RC01`–`RC10`, ordered, with a `situation` of *always*, *soft fault* or *dead module*. It prints from the record, so the copy in the glovebox can never quietly diverge from the design.

**What it says, in short.** RC01 is the disconnect, first, before anything, and it says why: a high-side MOSFET fails **short**, so an output can be live with the key out (D-336). RC02 separates a soft fault from a dead module in one look. RC03–RC05 are the roadside fix: laptop on `DP-DIAG`, read `pmu.status` and the per-output status, force the channel or raise that one soft fuse, drive home, and put it back. RC06–RC09 are the dead-module branch: confirm the module and not its supply, then three temporary busbar feeds — fuel pump on the O5 conductor at 10 A, ignition on O12 at **20 A** because it also carries F15's excitation and F16, brake lamps on O7 at 10 A — landed on the conductors at the node, never on the module's pins, with the module's own output disconnected so a half-dead PMU cannot back-feed. RC08 says plainly that the disconnect is now the key. RC10 says a limp-home wire left in place is the next fault.

**The thing D-322 could not have known.** There is **nothing to switch the brake lamps with.** The brake pedal switch F-11 is a ladder contact — 4.7 kΩ to ground into A3 — and the spare P084 plunger beside it is a wake contact at the same signal level. Neither carries lamp current and neither ever will; that is what a ladder is. So a direct feed lights both brake lamps and leaves them lit: rear presence, no brake indication. RC09 says so in those words rather than pretending otherwise, and whether the kit gains a lamp-rated second pedal plunger — fitted at install while the pedal box is open, unwired until needed — is **`00.16`**.

**In the data.** New table `recovery`, RC01–RC10. `parts` P138 the USB-to-CAN cable and P139 the three-holder kit, both glovebox items that are never fitted to the car."
D-345,The dash node,"The ICU's battery frames carry voltage only, and a field with no source is left undefined rather than published as zero",2026-09-12,standing,,,,W-330 · D-330,"**D-345 — The ICU publishes the pack and the four cells as voltage, on two frames at 2 Hz, and leaves current, state of charge and temperature undefined rather than publishing zeros.** Agent, 2026-09-12, carrying out `W-330` under D-330.

D-330 chose the Ionic BMS over BLE and no shunt, and left the reader and the CAN publication to `W-330`.

**The reader.** The ESP32-C3 does both proven reads and nothing else. A **passive advertisement scan** gives pack millivolts with no connection, no pairing and nothing that can hang, and it keeps working while a phone is also connected. A **GATT client on `FFE1`** (service `FFE0`) gives the type-01 cell frame — `7E 01 08`, four little-endian uint16 cell counts at about 1.43 mV per count, checksum, `0D` — one connection at a time, opened only when cell detail is wanted. **Never a write. `FFE7` and anything labelled DFU are never touched**, at any point, by any code path: that is the firmware-update door on the BMS that runs the car's power, and the downside is a bricked pack in the cargo bin. Bring-up on a dev board (P116) before anything talks to the car's pack.

**The publication.** `0x220` at 2 Hz — pack mV, cell 1 mV, cell 2 mV, flags. `0x221` at 2 Hz — cell 3 mV, cell 4 mV, the spread in mV, flags. The flags are freshness, not health: advertisement fresh (under 10 s), GATT connected, cell frame fresh, checksum failed. The spread is derived on the ICU because it is the number that actually says something about the pack — one count of spread is a healthy balance, and a widening spread over months is the thing worth watching.

**What is not published, and why that is a decision.** The type-01 frame carries **voltages only**. Pack current, state of charge and temperature have no source, so they are **not on the bus at all** — not as zero, not as 0xFF. A zero on a bus is a number and someone will eventually believe it, on a gauge or in a log, and a battery reading 0 A while cranking is worse than a battery reading nothing. The fields stay defined in the CAN map with no source behind them, marked so, which is the shape they take the day the protocol is known. That day is `W-330b` — the ask to Ionic — and D-330's deferred SmartShunt is still the fallback that would answer it with hardware.

**In the data.** `icu_channels` IC24 rewritten: the reader, the frames, the prohibition, and the bring-up cross-check that the four cell counts summed must agree with the advertised pack voltage, which is how the 1.43 mV scale was confirmed in the first place."
D-346,The dash node,CAN2's second terminator is at the dash node,2026-09-12,standing,D-079,,,D-318,"**D-346 — CAN2's second 120 Ω terminator is at the dash node. D-079 is superseded on the terminator's location and stands on everything else.** Agent, 2026-09-12, applying a consequence D-318 stated and the rows never received. *Supersedes* **D-079**.

D-079 fitted the far-end terminator ""in the engine bay, capped across `L1-S1 9/10`"", with the PMU's software termination at the other end, and its principle — the bus is electrically correct before any second node exists, and node count never sets termination — is untouched and remains the rule.

**Then D-318 deleted the engine-bay drop.** Camden ruled that CAN never leaves the dashboard: no rear node, no engine-bay drop, and every computer including a future ECU is a dash node. `L1-S1 9` and `10` went back to sealing plugs and, in D-318's own words, ""the terminator moves to the dash node, which becomes a physical end of the bus rather than the middle of it.""

**The rows did not follow.** `pins` pin 24 still read ""120 Ω at the engine-bay drop"" and both CAN2 pins still listed `L1-S1 9` and `L1-S1 10` among their destinations — cavities that are sealing plugs. Anyone reading the pin table would have built a bus with one terminator and a stub to nowhere. This decision exists so the supersession is visible in `DECISIONS.md` and searching for D-079 leads here.

**Where it physically goes.** Across the CAN2 pair at the **dash node itself**, at the end of the run — not inside any drop's plug. That keeps the bus a line with two ends, the PMU and the node, and leaves `DP-ICU-A`, `DP-DCU` and `DP-KEY` as short stubs off a properly terminated backbone, all of them inside the dash and none long enough to matter at 500 kbps. Putting it in a drop's plug would have made the terminator depend on which module is fitted, and `DP-KEY` is dust-capped this build.

**In the data.** `pins` pin 24 circuit and destinations, pin 37 destinations. The ten carted 120 Ω resistors (P070) are unaffected — D-318 already said so. CAN1's two terminators, at the PMU and inside the `DP-DIAG` plug, are a separate bus and unchanged."
D-347,Power backbone and battery,"The pack's own limits go into 00-CAR, and the factory charging band's top sits above them",2026-09-12,standing,,,,G5 · CK03,"**D-347 — The Ionic pack's own limits go into `00-CAR`, and the finding is that the factory charging band's top sits above the pack's ceiling.** Agent, 2026-09-12, carrying out `G5`.

`G5` asked for the alternator's regulated voltage to be recorded at install 2.14 and the pack's maximum charge voltage to go into `00-CAR` from its sheet, ""and if the alternator sits above it, the fix is the regulator, not the battery.""

**The pack, published.** Maximum charge **14.6 ± 0.1 V**, recommended float **13.9 ± 0.1 V**, discharge cut-off **8.0 V**, operating −20 to +60 °C. (`00-CAR` SP-231, SP-232 — vendor specification, marked `secondary`.)

**The car, published.** SP-081 already carried the factory regulated-voltage specification: **14.2–15.2 V**.

**Those two bands do not nest.** The top of what this car's charging system is *supposed* to do is **0.6 V above** what the battery will accept, and a healthy 44-year-old Mitsubishi alternator sitting at 15.0 V is in factory specification and over-charging a LiFePO4 pack every time the car runs. This is not a hypothetical about a tired regulator; it is the design point. Which end of that band this particular alternator sits at is `CK03` — battery posts, engine warm, 2000 rpm, lights off then on — and it is a five-minute reading with a real decision behind it.

**Low-temperature charging, the other half of `G5`.** The Ionic's heater is the answer and it looks like it costs the sleeping budget nothing: self-heating packs of this class energise the pad only from an **active charging source**, roughly −20 to +5 °C on and off at +10 °C, and take nothing from the pack when no charger is connected. If that holds for the S9H it also dissolves `V-052`'s premise, which assumed a heater that could run for hours off the pack. **Ionic does not publish the S9H's own figures**, so SP-233 records it as `unverified` and the ask rides along with the BLE protocol request already going to them (`W-330b`).

**In the data.** `00-CAR` SP-231, SP-232, SP-233. `checks` CK03. `work` G5 and V-052. No wire and no part — and if CK03 comes back high, the fix is a regulator, exactly as the row said."
D-348,"Switches, ladders and inputs","T-017 is done: the design's factory terminal letters are right, and reading the scans found three things that are not",2026-09-12,standing,,,,T-017 · CK08 · CK09 · LD01,"**D-348 — `T-017` is done: every factory terminal letter the design lands a wire on has been read off the scans and all of them are right. Reading the scans found three things that are not, and each is now a row.** Agent, 2026-09-12, against `01-REFERENCE/factory-circuits/1982RX7WiringDiagram.pdf`.

`T-017` was described as ""the one remaining item where the *design* could still be wrong rather than merely unconfirmed"", and the reason is precise: continuity testing proves the harness is built as drawn, not that the drawing is right. A wrong terminal letter sends a new conductor to the wrong terminal and nothing downstream catches it.

**Pass one, by machine.** Every factory terminal letter claimed anywhere in `cavities.lands_on` or `devices.terminals`, checked against `OEM-RECORD.md`'s master component list: **69 claims, zero disagreements.** The only flags were switch *position* names — LOW, HIGH, INT, OFF — being read as colour codes, which is a defect in the regular expression and not in the record. This half catches a transcription slip between the frozen OEM record and the design; it cannot catch a slip in the OEM record itself.

**Pass two, the scans.** Pages 10, 13, 16, 18, 20, 22 and 26 read as images at source resolution — sections **A** charging and starting, **B** ignition, kickdown and fuel pump, **C** meters, **D** wipers and washers, **E** headlights and illumination, **F** turn, stop, horn and markers, **H** interior, hatch and fuel door. That is every factory component the design lands a conductor on; section G contributes only `G-25` (LG, B) and section I nothing in this build. The connector tables at the foot of each page are legible and unambiguous.

**Confirmed, letter by letter.** `A-01` BW for the automatic — the diagram gives BY for M/T and BW for A/T, and the design correctly takes the A/T wire. `A-06` BY, GY, BW, RW. `A-08` BW and WB. `A-09` WR. `B-18` YG on the trailing coil and `B-19` YL on the leading, which is exactly the way round the tach depends on. `B-32` two bullets, **BW in and BR out**, fed from the ignition-switched BW bus, with `B-33` grounding on its own case — the kick-down topology D-343 assigned before this check, unchanged by it. `C-01` Y and B, `C-02` YW, `C-04` BR, `C-05` BR and B, `C-09` BrY. `D-01` LB and LY. `D-02` LW, LR, L, LB and a separate B. `E-03` / `E-04` WR, YG, R, RY. `E-08` / `E-09` RL, RY, B. `E-06`, `E-07`, `E-10` RL and B. `F-04` RG, B. `F-05` RG, B, GR and `F-06` RG, B, GO. `F-07` GR, RW, G, RG, B and `F-08` the same with GO. `F-09` / `F-10` GY. `F-12` to `F-15` B and RG. `H-13` LR, GR; `H-14` GR, B; `H-15` LR, GB; `H-16` GB, B — so both release solenoids do have their own ground wire, which is what DV48 and DV49 said to confirm.

**Finding one: the headlight load was wrong, and its own row said so.** `LD01` carried `design_a` **3.0 / 3.5 A** with the basis ""published, two 55 W lamps"". Two 55 W lamps is 8.1 A; 3.0 A is about one filament. The section E scan settles it — **60/50 W halogen per lamp** — so LOW is 100 W and HIGH is 120 W, **7.4 A and 8.9 A at 13.5 V**. `LD01` and `pins` O2 / O3 are corrected. Nothing about protection changes: `enable_a` stays 13.0 A on both, capped at the 14 AWG branch limit by D-243, and 8.9 A fits it comfortably. What changes is the 12 V budget and the number D-025's soft-fuse exercise starts from. Worth noting the pattern this sits in: `LD02`'s wattage arithmetic checks exactly against the same page, and `LD03` already reads ""measured nearly double the estimate"". Which bulbs are actually in the car is unknown and `01.04` may make them LED, so `CK01` remains the number that counts.

**Finding two: `V-081` measures the wrong number of terminals.** The pop-up motor connector `E-03` / `E-04` is a **four-way** — WR, YG, R, RY — and in the factory circuit **WR is the motor's feed** off the 1.25 sq fusible link while R and RY are the up and down commands from the switch. The design caps WR and drives R / RY instead. `V-081` as written ohms only ""R → case and RY → case"", which cannot distinguish those topologies, and it is the one measurement the whole pin plan waits on (D-186, D-199), taken once, before the L2 leg is pinned. **`CK08`** replaces it: every pair and every terminal to case, at parked, half-raised and raised, on each motor. Five minutes more on a five-minute job.

**Finding three: `DV15` reads the wiper motor's park terminals the opposite way round from the diagram.** The design says ""L (park contact out) → 12 kΩ → `L2-S 3`"" and caps LB. The section D scan shows **L as the feed into the park switch and LB as what the switch returns**, and the new design's A3 ladder wants a contact that closes to *ground*, which neither of them may do. **`CK09`** ohms L and LB against case and each other, parked and mid-sweep. The leg can absorb either answer because D-317 already reserved `L2-S 4` as a park return for a future motor family — but only if this is ohmed before the branch is crimped.

**What is deliberately not claimed.** Nothing here says the *car* matches the diagram. A 44-year-old harness has been repaired, and the diagram is a 1982 document read at 170–300 dpi. This closes the question of whether the **design** transcribed the factory record correctly. Whether the wire in the loom is the colour the book says is `M-6` and `A5`, with a meter, and R11 stands: where a measurement and this record disagree, the measurement wins."
D-349,The record itself,"The project directories are renamed 00-electrical / 01-luxury / 02-engine, the directory name is the area's identity, and the decision bodies keep the old paths on purpose",2026-09-13,standing,,,,,"**D-349 — The project directories are `00-electrical`, `01-luxury` and `02-engine`. The directory name is the area's identity, `_project.csv`'s `name` follows it, and the decision bodies keep the old paths on purpose.** Agent, 2026-09-13, carrying out a rename Camden made in the file system.

`02-PROJECTS/electrical-build` became `00-electrical`, `luxury-package` became `01-luxury`, and `engine-swap` became `02-engine`. The record stayed valid through it because `rx7.py` finds areas by scanning for `data/_tables.csv`, not from a list — but 137 references across 40 files did not.

**The directory name is the identity.** `resolve_area` matches the directory and nothing else, so `rx7.py sql electrical-build` stopped working the moment the folder moved. `_project.csv`'s `name` was still the old string and is not read by the tool at all, which made it a second home for the area's name that could disagree with the first (R2). It now matches the directory in all three areas. One name, and it is the one the commands take.

**What was carried across.** `.gitignore`, and this is the one that mattered: line 48 is `!02-PROJECTS/.../cad/**/*.svg`, the negation that lets the ICU carrier's schematic picture be committed at all under the tree-wide `*.svg` rule. Stale, that picture would have been silently ignored and a hardware change would have gone in unreviewable — which is the exact failure CONVENTIONS §4 exists to prevent. Then `_project.csv` in all three areas; live prose in `00-CAR`, `01-REFERENCE`, all three project areas, `BLOCKS.md`'s block headers, `CLAUDE.md`, the `cad/` documents and the schematic's title block; and `tools/rx7.py`, whose gate documentation and selftest fixtures both named areas that no longer exist.

**What was deliberately left alone, and why it is not an oversight.** **Eleven decision bodies** still say `electrical-build`, and `99-ARCHIVE` says it everywhere. R4: a decision, once written, is never edited. Those bodies are the record of what was decided on the day it was decided, and the paths in them were correct then. Rewriting eleven frozen files to chase a cosmetic rename is exactly the churn R4 exists to stop, and it would put the tree one careless regex away from a changed ruling. **So: anything older than 2026-09-13 that says `electrical-build` means `00-electrical`, `luxury-package` means `01-luxury`, and `engine-swap` means `02-engine`.** That sentence is why this decision exists — one home for the fact, instead of eleven edits.

`DECISIONS.md` is regenerated from those bodies, so it carries the old names too. That is correct: it is a projection and adds no fact of its own.

**One thing this does not do.** It does not teach `resolve_area` to accept an old name or an alias. Two ways to name an area is the same drift in a new coat. If a rename happens again, this is the pass to repeat."
D-350,"Legs, connectors and grounds","The control panel is the DCU's faceplate, not its own board: DP-KEY and L3-WIN are deleted, DP-DCU gets a constant feed and a wake line, and parked behaviour becomes a PMU gate",2026-09-13,standing,,,00.13,,"**D-350 — The control panel is the DCU's faceplate, so `DP-KEY` and `L3-WIN` are deleted, `DP-DCU` gets a constant feed and a wake line, and parked operation becomes a PMU gate rather than a connector.** Camden's call, 2026-09-13, answering `00.13` — and not with any of the three options it offered. Closes `00.13`. The luxury side is `D-355`, which supersedes `D-210`.

In his words: *""Neither (a), (b) nor (c) — the premise changes. The panel is the DCU's faceplate, not its own board (this resolves D-210's open half), so `DP-KEY` is deleted and the question moves to `DP-DCU`, which gets a constant feed and a wake line. Parked operation is then gated per-feature in the PMU, not at the connector.""*

**Why the premise changes.** `00.13` asked whether to buy the panel a constant feed and a wake line at `DP-KEY`, and priced three answers. All three assumed the panel was a CAN node with a board. It is not. *""A dumb faceplate has no MCU and no CAN node. It does not need `DP-KEY`'s CAN2 pair, switched 12 V and ground — it needs a local cable to the DCU sitting inches behind it in the same centre stack. Sixteen to twenty conductors for a key matrix plus rotary encoders is trivial as a ribbon and impossible as a Deutsch drop, so the local cable is the only shape that works anyway.""* Option (c)'s DT-6 was buying a constant feed for a board that will not exist.

**And the scope grew.** The window switch pack moves from the console to the centre panel, so `L3-WIN` goes with `DP-KEY`. The mirror control **stays hardwired at the old E-02 position** — five conductors straight to the dash post, no DCU, no CAN. *""`DP-DCU` is a DT-6 with one spare cavity and cannot carry the mirror commands, which originate at the post in the first place. Mirror adjust is the one function where software configuration buys nothing.""* That closes luxury `Q-305`, and it settles the placement D-326 left open: D-326 already ruled the mirrors move on a mechanical switch with zero electronics, and said the panel's layout would have to find room for it. It does not — the control stays where Mazda put it.

**Parked behaviour is a gate, not a power decision.** Every panel key carries an `A16` precondition **except** hatch release and fuel-door release, the two that exist to work parked. *""A16 is a ladder read, never a CAN term, so the PMU refuses regardless of what the panel sends""* — a hard floor under FT16's fail-to-off pattern, and what stops a bag bumping the defog key while the car is being unloaded. Most of it is already covered: `O15` is ON in RUN, so seat heat, the HVAC servos and mirror heat cannot be woken by a stray press. Only defog (`O4`) and the windows (`O1`) sit outside that bus.

**No retained-accessory timer for the windows.** *""A timer would instead hold the module awake after EVERY key-off, against D-248's 30 s sleep and LD17's 30 mA target, to serve a case that almost never happens.""* A press reaches the DCU on its constant feed, the DCU's wake line pulls the PMU up, the window runs. The cost is a perceptible delay on the first press after sleep and nothing after that. Accepted.

**In the data.** `cavities` and `housings`: `DP-KEY` 1–4 and `L3-WIN` 1–6 deleted with both housings; `L3-S2 3–6` re-terminate at the centre panel; `DP-DCU 1` becomes a **constant** feed and `DP-DCU 6`, the housing's last spare, becomes the DCU's wake request. `fuses`: **F22**, 3 A, sealed inline off the busbar — assigned here rather than in the answer because that was the free-position job the ruling left to the record. Block A's F13 was not taken: D-274 has it for `L3-MOD`. `pins`: pin 7's wake strip gains a seventh diode-OR input, CAN2H/L drop the `DP-KEY` destination, and O10's consumer list drops the `DP-KEY` tap. `logic` `DEFOG` gains its trigger — the row read ""no trigger this build"", so this is the trigger and not an edit. `parts`: P124 and P129 4 → 3, P036 3 → 2, P099 4 → 3, P128 3 → 2, P035 2 → 1. `devices`: **DV52** the hardwired mirror control at E-02, **DV53** the faceplate on its ribbon, tapping `L3-S1 8` so it dims with the dash. `retired`: both housing names, in both areas.

**Two consequences worth naming.** The constant feed is a permanent draw on the always-hot busbar that did not exist before — the DCU asleep is on D-280's sleeping budget now, and `CK02` is where that shows up. And D-341's tap audit listed `DP-KEY 3` among the five 16 AWG conductors on a 13 A channel; it is four now. That body is frozen (R4) and the finding is unchanged: every one of them is a tap carrying milliamps.

**What this does not settle.** The windows share `O1` with the pop-up bus, whose retry class is `guarded` because a trip there means an obstruction — and a window reaching its stop is a legitimate spike that reads the same way. Camden: *""Needs its own ruling.""* It is **`00.18`**."
D-351,Power backbone and battery,The master-switch position sense is dropped and its conductor with it; the disconnect goes back to the simpler 9003e and the TVS stands alone,2026-09-13,standing,D-331,,00.14,,"**D-351 — The master-switch position sense is dropped and its conductor is not run. The disconnect goes back to the simpler 9003e, and the TVS stands alone as the load-dump protection.** Camden's call, 2026-09-13, answering `00.14`. Closes `00.14`. *Supersedes* **D-331**.

In his words: *""no need to keep the wiring for later i will not be digging that up to change it after this projetc, so sorta option d but keep the harness free of the wiring for the switch and swap the switch back to the simpler version, I as the only future owner will be very aware and never turn the swtich while the car is running no need for the failsafe""*

**This goes further than option (d), and deliberately.** (d) said drop the sense but leave `L4-S2 6` in place and capped at both ends, on the theory that a spare conductor in a leg being cut anyway is cheap insurance. He declined the insurance for a reason that is his to give and is the correct kind of reason: he is the only future owner of this car, he will not open the master with the engine running, and he will not pull the interior apart later to use a wire he chose not to need. A capped conductor that will never be picked up is not a provision, it is a wire.

**What D-331 ruled and what survives.** D-331 chose the Blue Sea **9004e** specifically for its Alternator Field Disconnect pole, read as a switch-position input so the PMU could drop `O12` excitation before the main contacts opened. With no sense, the aux pole has no job and the 9004e has no reason to be the part — so **P049 becomes the 9003e**, same e-Series, 350 A continuous and 1500 A cranking, which is what D-245 named before D-331 upgraded it.

**Everything D-331 said about the hazard still stands, and so does its answer to it.** An unsuppressed load dump is ISO 7637-2 pulse 5a, 65–87 V for 40–400 ms, and a lithium BMS disconnect is reported at 120 V and above. There are two triggers and the aux pole only ever covered one: opening the master with the engine running, the avoidable one. **The BMS opening while driving needs no mistake and no switch can anticipate it** — over-current, cell fault, over-temperature, and a BMS opens in milliseconds at full charge current where a lead-acid would degrade gracefully and stay in circuit. The high-joule TVS across the PMU main feed, **P136**, is the part that covers that, it was always going in regardless, and it is now the whole of the load-dump answer rather than half of it. The question to ECUMaster about whether the PMU's published ISO 7637 immunity covers pulse 5a unclamped is unaffected: the TVS is fitted either way and the answer only says how much margin the module brings on its own.

**In the data.** `cavities` `L4-S2 6` → PLUG, size 16 — the conductor is not run and `L4-S2` goes back to three spare cavities. `parts` P049 → 9003e, with the aux-pole sentence removed from `used_for` and the SKU still carrying `confirm` because under D-323 nothing has been priced. `recovery` RC01 → the 9003e, and the line about the aux pole dropping excitation first is replaced with the plain instruction: shut the engine down before you open it. `retired` gains *aux pole switch-position input*. `W-331` is done and was done; `00.14` was its last open end.

**No PMU channel is freed by this.** D-333 established that all 39 positions are allocated; the sense had nowhere to land, which is why this was a block. Dropping it does not create a spare — it removes a claimant. That matters for `00.17` and `00.18`, both of which went looking."
D-352,"Outputs, soft fuses and logic","The fuel pump gets a series relay off the ignition switch, K13, as the one mechanical back-stop against a shorted-on output",2026-09-13,standing,,,00.15,,"**D-352 — The fuel pump gets a series relay, K13, with its coil off the ignition switch — the one mechanical back-stop in the design against a shorted-on output.** Camden's call, 2026-09-13, answering `00.15`: **""b""**. Closes `00.15`.

**The failure this answers.** D-336 read the PMU manual and found the module has no way to report an output stuck ON: `OFF / ACTIVE / UNDERCURRENT / OVERCURRENT / THERMAL SHUTDOWN` is the whole vocabulary, and every one of them is a story about current through an output the module believes it is driving. The failure mode changed when the fuse box left the car — **a relay fails open and a high-side MOSFET fails short** — so a shorted channel runs its load with the key out and the module asleep. `CK07` detects it from `oN.voltage` against `oN.active`, but a detector is not a stop, and the thing doing the annunciating is the module that just failed.

`O5` is the one channel where that means a fuel pump running unattended rather than an inconvenience. `O21` was already covered (K9 is in series by construction), `O2`/`O3` are annoying rather than dangerous, and `O12` was rejected with option (c): ignition coils with no fuel and no cranking are a static load, and the branch around F15 and F16 is real complexity for a smaller risk.

**How it is wired, and the one thing that is not assumed.** K13 sits at the dash node. Its contact is in the `O5` conductor — the conductor is cut at the node, terminal 30 takes the PMU side and 87 the pump side. **Its coil comes from a branch off `L3-S2 1`, the ignition switch's own IG output, and deliberately not from the PMU**: a back-stop that depends on the module it is backing up is not a back-stop. With the key out the pump cannot run whatever `O5` does.

That leaves one question the drawing cannot answer: **does IG hold through START?** If it drops while cranking, K13 opens mid-crank and the pump stops at exactly the wrong moment. The factory circuit implies it holds — the coils are on IG and the engine fires while cranking — but that is an inference from a 1982 diagram about a switch in a 44-year-old car, which is precisely what R11 says not to conclude. It is **`CK10`**, five minutes with the cluster out, before the L3 leg is crimped. If IG does drop, the fix is one more conductor from the switch's ST terminal, diode-OR'd into the coil with a 1N5819 out of P071 — one wire and twenty cents, decided by a measurement instead of a guess.

**The cost, stated.** One relay's worth of new failure surface in a circuit that had none, and a fifth socket at the dash node — `K3` and `K4` are empty but earmarked for the luxury package's hatch and fuel-door release triggers (D-180, D-274), so they were never spare.

**A side effect worth having.** `recovery` RC07's limp-home fuel feed now lands on K13 terminal 87, downstream of the relay, so with a dead module the key still gates the pump exactly as it does with a live one. The dead-PMU drive got slightly safer as a by-product of this.

**In the data.** `relays` K13. `node_conductors` N69–N72. `parts` P003 4 → 5 relays, P006 10 → 11 sockets. `checks` CK10. `recovery` RC07's detail."
D-353,Build sequence,"The dead-module limp keeps two feeds, not three: the brake-lamp feed is dropped rather than run constant, and beacons go in the bag instead",2026-09-13,standing,,,00.16,,"**D-353 — The dead-module limp keeps two feeds, not three. The brake-lamp feed is dropped rather than run constant, and a pair of beacons goes in the bag instead.** Camden's call, 2026-09-13, answering `00.16`: option (a), modified. Closes `00.16`.

In his words: *""(a), modified — accept the dead-module limp, and **drop the brake-lamp feed** rather than run it constant. No plunger, no toggle, no change at the pedal.""*

**Why not the recommendation.** `00.16` recommended (c), a second lamp-rated plunger on the brake pedal, fitted while the pedal box is open and left unwired until needed. He rejected it as *""the right answer to the wrong question: it spends a part, a conductor stub and a line of install section 3 to improve a failure that is the least likely of the three PMU failure modes, behind config faults (already covered by RC03–RC05) and harness faults (RC06 already separates these).""* And he rejected running the feed constant on the grounds the block itself raised but did not follow to its conclusion: *""A constantly-lit brake lamp is not rear presence, it is false brake indication, and the drive it exists for is daylight, dry and short — where it buys close to nothing.""*

**The reasoning that makes this consistent rather than a retreat.** D-322 found that no PDM vendor documents a bypass and that the industry treats total module failure as accepted risk; a spare configured unit is the professional mitigation and is out on cost. *""This car accepts it too, on the same terms as the fuel pump, the alternator and the coil. The limp kit stays only because it is a ziploc bag that costs ~$18 and no install time — cheap enough to carry, not important enough to build the car around.""*

**And it moves the answer to where the hazard actually is.** *""The real hazard is not the drive home, it is being stopped and dark, and that is answered by visibility in the kit rather than by a switch on the pedal.""* Magnetic LED beacons or a reflective triangle, $15–25, carried and never fitted.

**In the data.** `recovery` RC07 — two feeds: fuel pump on the `O5` conductor at 10 A, landing on K13 terminal 87 (D-352), and ignition on the `O12` conductor at 20 A, which carries F15's excitation and F16 as well as the coils. The brake feed and its 10 A holder are gone; the landing rule is unchanged. `recovery` RC09 — brake lamps, tail and park join the list of what you do not have, the ""ON CONSTANTLY"" paragraph and the pointer to this block are deleted, and the beacons instruction goes in. `recovery` RC10 — the bag's contents. `parts` P139 — two holders, not three, plus the beacons. **Install section 3: no change**, and D-278 stands exactly as written — one spare P084 plunger as the wake contact, and any 2-terminal P085 as the stop-lamp switch.

**One thing he added that is worth more than the part the block was arguing about.** *""Commissioning — add a one-time check: pull the PMU's feed in daylight, run RC07, confirm the car starts, runs and drives on the two temporary feeds, then restore. Proving the procedure once is worth more than any part this block considered.""* That is **`CK11`**, and it is timed: if it takes more than about twenty minutes at a warm bench it will not happen at the roadside in the rain.

Nothing else moves. `loads` LD03, `logic` BRAKE, `inputs` A3 and `ladders` A3 are untouched — the brake lamps remain a PMU channel driven from the A3 ladder, which is correct whenever the module is alive, and that is every drive but one."
D-354,"Outputs, soft fuses and logic","No PMU output is free, so the release solenoids stay on O10 and ACCESSORY gains a self-clearing release term",2026-09-13,standing,,,00.17,,"**D-354 — The scan found no free PMU output, so the release solenoids stay on `O10` and ACCESSORY gains a short self-clearing release term.** Camden's call, 2026-09-13, answering `00.17`: **""Scan for an open output, if one exists b, if not a""**. Closes `00.17`. This is the scan and its result.

**The problem.** D-350 solves the panel's power and the DCU's wake, and the actuators still do nothing: D-180 put both release solenoids on `O10` branches and `O10` is ACCESSORY, `A16 >= ACC`. Solving the connector did not solve the output.

**The scan, in full, because the answer turns on it.** Twenty-two outputs are configured, `O1`–`O22`, and `O23`/`O24`'s pins are the `A15` and `A16` ladders, so all 24 output positions are accounted for (D-333). Working through the ones that look free:

- **`O13` and `O14`** are the only outputs with no load at all — and both are the LS swap's reserves, pinned to `L1-P 2 / L1-P 3` at the post under D-271. Taking one **forecloses** something Camden has said he wants, which CLAUDE.md §3 puts squarely out of my hands, and the pins face the engine bay while the solenoids are on the L4 rear leg, so it is a re-termination as well as a foreclosure. **Not open.**
- **`O4` DEFOG** is configured and disabled with no control surface — and D-350, the very ruling this one serves, just gave it the panel's defog key as its trigger. **Not open.**
- **`O16` BLOWER** is configured and disabled because there is no motor this build; the luxury package brings one (D-253). **Not open.**
- **`O15` COMFORT** is live with nothing connected, and the luxury package's fuse block plugs into it (D-274). **Not open.**
- **`O19` REVERSE and `O22` KEEP_ALIVE** were `00.14`'s candidates for exactly this kind of reallocation, and D-351 declined to spend either. **Not open.**

**So: no open output, and therefore (a).** `ACCESSORY` becomes `A16 >= ACC || release_pulse`, the pulse measured in hundreds of milliseconds and self-clearing, raised only by a hatch or fuel-door release command. The other `O10` consumers — the head unit, the USB ports, the ICU — coming up for the length of that pulse is harmless. It costs one expression term against option (b)'s whole output.

**If a spare output ever appears cheaply,** (b) is still the cleaner shape and is worth revisiting then: nothing else on the channel would wake with them. `00.18` is the next thing to go looking, and it will find the same empty cupboard.

**In the data.** `logic` ACCESSORY's expression. `loads` LD15 — the two solenoids were not in its consumer list at all, which is how a channel quietly acquires a load nobody budgeted; they are in it now, marked as a pulse rather than a steady draw, and the ~10 A worst case is unchanged because a release does not coincide with both USB ports loaded. `pins` `O10`'s circuit text.

**What this confirms about the module.** Two rulings in two days have now gone looking for a spare channel and found none. That is not a coincidence to note in passing — it is the state of the design, `rules spare-capacity` says so, and the next feature that needs a channel is going to have to buy one."
D-356,The record itself,"Blocks are numbered per project, <prefix>.<n>; every BLK- id is renamed",2026-09-21,standing,,,,,"**D-356 — Blocks are numbered per project, `<project>.<number>`, and every `BLK-` id ever issued is renamed to match.** Camden's call, 2026-09-21, in chat: *""reorganize/format the BLOCKS page, use project.blockNum for exanmle 00.01 is the first block ever accociateed to the electrical project. add headers between each project""*, then *""follow recommendations""* on the three points put to him: rename history too, keep ids structural-only, and give the car and the reference areas their own prefixes.

**The scheme.** The prefix is the project directory's two-digit number (`00` electrical, `01` luxury, `02` engine); `00-CAR` and `01-REFERENCE` take `CAR` and `REF`, because `00` and `01` are already the projects'. The number counts every block that project has ever raised, from `01`, and is never reused. `BLOCKS.md` groups open blocks under one `## <prefix> · <Project>` header each.

**The history.** The old ids were assigned to projects by the project named on the block's own heading in `BLOCKS.md`'s git history, in the order they were opened. Three were a judgement: `BLK-021`–`BLK-025` never appeared on a committed page, and go to electrical because electrical decisions closed them; `BLK-017` was raised by luxury and ruled for both, and stays luxury; `BLK-004` was raised by electrical and also ruled in engine, and stays electrical.

| Project | Old → new |
|---|---|
| 00 electrical | `BLK-001`–`010` → `00.01`–`00.10` · `018`, `019` → `00.11`, `00.12` · `021`–`026` → `00.13`–`00.18` |
| 01 luxury | `012`–`014` → `01.01`–`01.03` · `015` → `01.04` · `016`, `017` → `01.05`, `01.06` · `020` → `01.07` |
| 02 engine | `011` → `02.01` |

`BLK-003` and `BLK-007` were never closed by any decision; they keep their numbers (`00.03`, `00.07`) so nothing is reused.

**Why this edits written decisions.** R4 says a decision is never edited. This one changes only the *spelling of an id* inside earlier bodies and `closes` cells — every ruling, every word of Camden's, is unchanged — because an id scheme where half the record says `BLK-021` and the page says `00.13` is two names for one thing (R2). The old id stays findable: each is a `retired` row in its project, `retired_by` this decision, its note naming the new id. The archive (`99-ARCHIVE/`) is not touched.

**Why a block id is structure only.** A bare `00.18` in prose cannot be told from `13.80` volts, so `rx7.py` recognises a block id only in a `BLOCKS.md` heading, a `closes` cell and a gate — never in prose — and `cites` no longer scans for block ids at all. In prose it is written `block 00.18` or in backticks.

**In the tool.** `tools/rx7.py`: `BLOCK_ID_RE`, `block_prefix`, `next_block_id` (per project, from the page and every `closes` in the tree and the archive), `append_block` (files the block under its project's header, adding the header if needed), `parse_blocks` (refuses a block under the wrong header or with a prefix no area owns), `block -p AREA` now required; selftest extended. `CLAUDE.md` §1, §4, §6, §8 updated to match.

**In the data.** `closes` / `also` cells in all three projects' `decisions.csv`; the bodies of D-316–D-333, D-336, D-344, D-348, D-350–D-355; prose in `work`, `checks`, `loads`, `features`, `stages`; the `work.gate` schema note in each project; 26 `retired` rows. `BLOCKS.md` re-laid out under project headers, with every open block's text and both of Camden's pending answers carried word for word."
D-357,"Outputs, soft fuses and logic","MOTOR_BUS takes a conditional retry class: guarded during a pop-up cycle, motor during a window command",2026-09-21,standing,,,00.18,,"**D-357 — `MOTOR_BUS` takes a conditional retry class: `guarded` during a pop-up cycle, `motor` during a window command.** Camden's call, 2026-09-21, answering `00.18`: **""follow recommendations""** — option (a). Closes `00.18`.

**The problem it settles.** D-350 and D-354 put the power windows on `O1`, the pop-up motor bus, and made them work parked. D-335 had given `O1` the `guarded` retry class — one retry, then off and flag — because a trip on a pop-up means something is in the way. A window reaching its stop is a legitimate current spike every close, and reads the same way: under `guarded` a normal day's window use would latch the channel off and take the pop-ups with it.

**The ruling.** The PMU knows which consumer it just commanded, so the class follows the consumer. `MOTOR_BUS` is `popup_cycle OR window_req`, where `window_req` is any of the four window keys held in the DCU's `0x400` frame. While `popup_cycle` is true the channel is `guarded`; while only `window_req` is, it is `motor` — 5 retries at 15 s, no latch. When both are true it is `guarded`, because a pop-up obstruction is the one case that must never be retried through.

**Not taken.** (b) would spend `O13` or `O14`, the LS/CD009 swap's reserves, and re-terminate `L1-P` to `L4-P 3` — a real cost against a problem configuration solves. (c), a second PMU, is the answer only if channel pressure keeps recurring. (d), key-on-only windows, is the fallback if the conditional config proves hard to read or test; it stays available because nothing physical changes either way.

**What it costs.** One output now has two protection personalities, which is harder to read and easier to get wrong — so the rule is written into `rules` `retry-class` with MOTOR_BUS named as the only conditional channel. It does nothing about the two loads sharing the 25 A ceiling (D-279, LD08); the D-186 obstruction timeout remains the pop-ups' real handler.

**In the data.** `_schema` `logic.retry_class` widened with `conditional` (the vocabulary had no way to say it). `logic` `MOTOR_BUS`: `expression`, `retry_class=conditional`, `retry`. `rules` `retry-class`: the `conditional` class defined. Luxury `features` `FT24`: the open note replaced with this ruling. Nothing in the harness changes."
D-360,"Legs, connectors and grounds","The mirrors share one clutch line: four DCU lines on L3-S3 5–8, the clutch spliced at the post onto both mirrors",2026-09-21,standing,,,00.19,,"**D-360 — The mirrors share one clutch line: four DCU lines on `L3-S3 5–8`, the clutch spliced at the post onto both mirrors.** Camden's call, 2026-09-21, answering `00.19`: **""a""**. Closes `00.19`.

**The problem it settles.** Luxury D-359 has the DCU drive the car's own FB mirrors, each one motor plus a clutch coil. `L4-S2 1–5` already carry five mirror lines from the dash post to the doors, but only four free conductors run from the DCU in the centre stack to the post: `L3-S3 5–8`. `DP-DCU` has no spare.

**The ruling.** Both clutch coils switch together on one line, so four lines are enough. Only the mirror whose motor is driven actually moves, so in use it behaves the same as separate clutch lines. The only thing given up is moving the two mirrors on different axes at the same time. Not taken: (b) a new 6-way `L3-S4` housing, about $10 and one more connector; (c) upsizing `L3-S3` to a 12-way, which would change the part number under the kick-down and radar pass-through lines.

| `L3-S3` | Line | DCU driver | At the post |
|---|---|---|---|
| 5 | Motor common (both mirrors) | half-bridge | linked to `L4-S2 1` |
| 6 | LEFT motor | half-bridge | linked to `L4-S2 2` |
| 7 | RIGHT motor | half-bridge | linked to `L4-S2 4` |
| 8 | Clutch coils (both mirrors) | low-side | spliced to `L4-S2 3` and `L4-S2 5` |

**The assumption it rests on.** Sharing the clutch line assumes each clutch coil returns to ground, not through a motor pin. Nobody has measured it (R11). `W-332` measures it, and says so: if the coil returns through a motor pin, this ruling is contradicted and becomes a block **before anything is crimped** — (b) was the stated fallback. Nothing is bought or built until the design is complete (D-323), so the fallback costs a row edit, not rework.

**In the data.** `cavities` `L3-S3 5–8` (were sealing plugs) and the `src` / `src_note` / `lands_on` of `L4-S2 1–5`; `housings` `L3-S3`, now full; `routes` `RT11`; `parts` `P028` size-16 sealing plugs, need 78 → 70 and target 84 → 76, by the row's own rule (four cavities, both halves). The added footage is left to `G13`, which derives it. `work` `A8` done. Luxury: `sensors` `SN17` (four outputs, three half-bridges and one clutch driver); `work` `H-002` and `B3` gated on this decision instead of the block, `W-332`'s note; `stages` `S0`, `S5`; `features` `FT23`."
D-361,The record itself,"cad/ holds a step-by-step layout and 3D guide for both carriers, and board layout is no longer fenced out",2026-09-21,standing,,,,,"**D-361 — `cad/` now holds a step-by-step layout and 3D guide for both carriers, and board layout is no longer fenced out.** Camden's call, 2026-09-21, in chat: *""please create a file in the 00-elec, this should be the full step by step guide to building the pcb and full 3d model of the icu/dcu (spearatly) using kicad. I want to have the model perfect to the design and now factual not just a spec sheet, a full detail oriented 3d tested pcb model.""*

**What changes.** `cad/icu-carrier/README.md` said ""schematic yes, PCB not yet"", and that starting a `.kicad_pcb` would need a block first. His request is that ruling: layout and the 3D model are now part of `cad/`'s job, for the ICU (`H-001`, already his step `F2`) and the DCU (luxury `H-002`). The guide is `cad/PCB-AND-3D-GUIDE.md`, with Part A for the ICU and Part B for the DCU. It is a how-to inside the fence, not a view of the record. It rests on four rules, all of them already in force: the record is the design and wins every disagreement; a fact the board settles (a Teensy pin) is promoted into its row; every physical number is **measured on the part in hand** before a footprint or 3D model is trusted (R11); and ordering boards stays Camden's, because it is money (`F2`, luxury `LP07`).

**How ""perfect to the design and factual"" is read.** The model can only be as true as its measurements, and none have been taken. So the guide makes it true step by step: each footprint is checked against calipers, each 3D model against the part, and the board's STEP against the printed enclosure, first in FreeCAD and then by test-fitting a bare board. It never presents a DRC-clean drawing as a proven fit. That is the reading that keeps his aim intact without claiming what nobody has checked.

**What writing it found.**
- **ICU:** the display bus disagrees with itself. `icu_channels` IC21 says SPI1 / QSPI, and the firmware's `bt817.h` uses CS 10, which is SPI0. The guide settles it at pin assignment, and the row wins.
- **ICU:** D-265's ""gauge drives leave on the other edge"" is moot since D-268 removed them.
- **ICU:** only 2 of the schematic's symbols have footprints.
- **DCU:** it has no schematic. How it plugs into the harness was never decided, and is block `01.08`. Nothing says how it drives the four window commands (`K5`–`K8` have no `c85`), which is luxury `V-100`. The comfort loads' currents, which size the carrier's tracks, are not in the record, which is luxury `V-101`.
- **Stale rows corrected against standing decisions:** luxury `V-083` (it still named the LMR33630, seven FETs and six half-bridges; D-273, D-329, D-360), `SN16` (it listed the cancelled nozzle and de-icer, D-329), and `LP14`.

**In the data.** Luxury: `work` `V-100`, `V-101` added; `V-083` note; `H-002` and `B3` gates now include `01.08 V-100 V-101`; `sensors` `SN16`; `parts` `LP14`. Outside the record: `cad/PCB-AND-3D-GUIDE.md` new, and `cad/README.md` and `cad/icu-carrier/README.md` updated. Nothing in `data/` cites a file in `cad/` (the fence)."
D-363,"Outputs, soft fuses and logic","Window relays K5–K8 are two textbook reversing pairs: motor leg on 30, fused feed on 87, 87a and 85 to ground; the DCU drives 86 high-side",2026-09-21,standing,,,,,"**D-363 — Window relays K5–K8 are two textbook reversing pairs: the motor leg on 30, the fused feed on 87, 87a and 85 to ground; the DCU drives 86 high-side.** Agent, 2026-09-21, a small call under §3: the record already fixed every other terminal, and a two-relay reversing circuit only works one way. Closes luxury `V-100`.

**What the record already said.** `L4-M 9–12` land each window command on **terminal 86** of K5–K8. `L4-P 3` feeds ""the K5–K8 contact feed through the F8 / F9 holders"". `D1 1–2` and `D2 1–2` name K5/K6 and K7/K8 as the two legs of each motor. What was blank was which contact takes which, and where 85 and 87a go. The full-folder scan of 2026-09-21 found the blank.

**The circuit.** Each door's motor sits between the 30 terminals of its pair: K5 → `D1 1`, K6 → `D1 2`, K7 → `D2 1`, K8 → `D2 2`. At rest both relays sit on 87a, which is ground, so both motor legs are grounded and the motor is braked. Energising one relay throws its leg to 87, the fused feed (F8 for the driver's door, F9 for the passenger's), and the motor runs one way. The other relay runs it the other way. Coil return 85 goes to ground at the sill (`SILL-GND`). The command arrives on 86, so the DCU **sources** 12 V into it: four high-side outputs (luxury `sensors` SN22).

**Why it's small.** Nothing is built or bought (D-323). Undoing it means editing rows. No new part is needed, and no conductor is added or moved: every wire named was already in the record, and only its terminal letter is new. It is the standard way to reverse a DC motor with two SPDT relays, and a builder would call it obvious.

**What stays `confirm`.** Which way is ""up"" depends on how the motor is wired inside the door. If the glass goes down on the UP key, swap `D1 1`/`D1 2` (or `D2 1`/`D2 2`) in the door harness, a row edit before it's built. Up and down on one side must never be driven together: the firmware interlocks them (luxury F-017).

**In the data.** `relays` K5–K8 `c85`, `c30`, `c87`, `c87a`; `cavities` `D1 1–2`, `D2 1–2` `src`. Luxury: `sensors` SN22 (new), `work` V-100 done."
D-367,Build sequence,"The limp-home fuel-pump feed lands on K13 terminal 30, so the key still switches the pump",2026-09-21,standing,,,00.20,,"**D-367 — The limp-home fuel-pump feed lands on K13 terminal 30, so the key still switches the pump.** Camden's call, 2026-09-21, answering `00.20`: **""a""**. Closes `00.20`.

**The problem.** `recovery` RC07, the dead-module limp home, said to land the temporary fused fuel-pump feed ""on K13 terminal 87, DOWNSTREAM of the series relay, so the key still gates the pump"" (D-352). But 87 is K13's output, straight on to the pump (N70). Power landed there skips the relay's contact, so the key gated nothing, and RC08 said the pump was live whenever the disconnect was closed. That defeats K13, the ignition-switch back-stop D-352 added for exactly this case.

**The ruling.** The feed lands on **K13 terminal 30**, its input, where the O5 conductor (N69) normally arrives, with the PMU's O5 end lifted. K13's coil is fed from the ignition switch (N71), not the PMU, so it works with the module dead. The pump runs only with the key in RUN, as it does when the PMU is alive. Turning the key off starves the engine and it stops within seconds. Ignition (coils, F15, F16) is still live while the disconnect is closed, so the disconnect is opened whenever the car is left.

**In the data.** `recovery` RC07 (terminal 30, with ""never on 87"") and RC08 (the key still stops the engine; the disconnect makes it safe to leave). CK11, which proves the procedure once on the drive, now tests the corrected version."
D-368,"Switches, ladders and inputs","A3, A6 and A8 get 47 kΩ baselines at the far end, as A4/A5 have, so at rest is a reading and open is a fault",2026-09-21,standing,,,00.21,,"**D-368 — A3, A6 and A8 get 47 kΩ baselines at the far end, as A4/A5 have, so ""at rest"" is a reading and ""open"" is a fault.** Camden's call, 2026-09-21, answering `00.21`: **""a""**. Closes `00.21`.

**The problem.** Every PMU analog input's fault rule reads above 990 as ""open, a broken wire"" (`inputs`). A4/A5 carry a 47 kΩ baseline so that ""nothing pressed"" still reads a value (D-187). A6 (door jambs), A8 (hazard, horn, winks) and A3 (brake + wiper park, mid-sweep) did not. Their normal resting state was an open wire, which the fault rule calls broken. `logic` INTERIOR and KEEP_ALIVE also used `A6 == CLOSED`, a state no ladder row defined.

**The ruling.** Each gets a 47 kΩ baseline to ground at the far end, the D-187 pattern, from the resistor kit already in the cart (P069 carries 47k):
- **A6**: at the sill splice, where the two jamb switches join (`L4-S 2`).
- **A3**: at the L2-S plug on the wiper-park branch (`L2-S 3`), beside A4/A5's.
- **A8**: at the hazard switch on the column (`L3-S1 6`).

A3 and A8 each have two branches spliced at the post, so one baseline covers the run to its own branch. A break in the other branch reads as that function never pressed, not as a fault. That's accepted, and written into the cavity rows.

Every state on those inputs now reads ""∥ 47k"", and each gains a resting row: A3 IDLE, **A6 CLOSED** (which INTERIOR and KEEP_ALIVE were already using), A8 IDLE. The states stay distinct: at rest 47k, a door 19.4k or 7.0k, horn 7.0k, hazard 4.3k and so on.

**What this changes that nobody has worked out yet.** A6 and A8 also feed the two NPN wake stages at the dash node (N35/N36, base networks on N43/N44). Their resistor values aren't in the record. A permanent 47 kΩ to ground moves the resting line level, and it must not look like a door held open, or the car never sleeps (D-248, LD17's 30 mA). So `work` A10 (agent) re-derives the two stages' base networks and writes them in, and `checks` CK12 proves on the bench that at rest does not wake and every switch does. Nothing is soldered before CK12.

**In the data.** `ladders` A3, A6, A8 (every state plus the new IDLE / CLOSED rows); `cavities` L4-S 2, L2-S 3, L3-S1 6 (where each baseline sits); `work` A10; `checks` CK12."
D-369,"Outputs, soft fuses and logic","Mirror heat is switched high-side by the DCU, as D-254 meant: L4-P 4 is fed from the DCU, not the O15 splice",2026-09-21,standing,,,00.22,,"**D-369 — Mirror heat is switched high-side by the DCU, as D-254 meant: `L4-P 4` is fed from the DCU, not the O15 splice.** Camden's call, 2026-09-21, answering `00.22`: **""a""**. Closes `00.22`.

**The problem.** D-254 said ""the luxury package's DCU switches mirror heat at the dash, downstream of O15, through this conductor"". But the rows wired `L4-P 4` straight off the O15 splice (N17) to F14 at the sill. The heat pads return to the door ground (`D1 8` / `D2 8`). So the DCU's mirror-heat switch was in no circuit, and the pads would have heated whenever O15 was on, which is all of RUN.

**The ruling.** The DCU switches the pads' **feed**:
1. The comfort fuse block (O15, luxury LP21) feeds the DCU on its comfort connector (luxury LP46).
2. One high-side switch on the DCU carrier drives the feed out on `DP-DCU-B 9`.
3. At the post that 16 AWG line is linked onto the existing 12 AWG `L4-P 4` run.
4. `L4-P 4` goes on to F14's holder at the sill, as before.

F14 stays the pads' fuse at the sill. `L4-P 4` leaves the O15 splice, which now feeds only `L3-P 2`. No conductor is added into the doors, and a spare cavity already being built carries the new line.

**Not taken.** (b) would have run two more returns from the doors to the dash. (c) would have added a relay and socket at the sill.

**In the data.** Electrical: `cavities` `L4-P 4` (source, note) and `DP-DCU-B 9` (now the mirror-heat feed); `fuses` F14 fed_from; `node_conductors` N17 (L4-P 4 off the splice) and N84 (new, the post link); `parts` P028 sealing plugs recounted by query: need 60, target 66 (DP-DCU-B 9–11 now carry lines). Luxury: `sensors` SN16 (four low-side FETs plus the mirror-heat high-side switch); `provisions` PV44; `parts` LP46 (the comfort connector carries the mirror-heat supply in) and LP14; `work` V-083 and V-101 (the pads' current sizes the switch and the tracks)."
D-370,"Outputs, soft fuses and logic",The DCU picks hatch or fuel door by grounding K3's or K4's coil during the O10 release pulse,2026-09-21,standing,,,00.23,,"**D-370 — The DCU picks hatch or fuel door by grounding K3's or K4's coil during the O10 release pulse.** Camden's call, 2026-09-21, answering `00.23`: **""a""**. Closes `00.23`. First he asked: *""could the be configured in a ladder like sensor situaion aka the dcu sends a different signal down the same wire and the pmu act accordingy?""* The answer, given in chat before he ruled: no. A ladder carries *information* into the PMU, and the PMU already gets that information over CAN (0x400). What's missing is something that physically steers power to one of two passive solenoids on one wire, and all eight PMU analog inputs are used anyway. He then chose (a).

**The problem.** D-354 found no free PMU output, so both release solenoids stay on O10, and ACCESSORY gains a short self-clearing release pulse. With both solenoids hanging off O10, one pulse fired both: pressing hatch also popped the fuel door. The K3/K4 sockets meant for this were empty, with nothing driving their coils.

**The ruling.**
- **Wiring.** K3 (hatch) and K4 (fuel door), ISO micro SPDT relays with an integral coil diode (luxury LP51), each take O10's release branch (N85) on terminal 30 **and** on their coil terminal 86. Their 87 goes to the solenoid (`L4-M 3` hatch, `L4-M 4` fuel door). Their coil return, 85, runs to the DCU on `DP-DCU-B 10` / `11` (N86).
- **Selecting.** The DCU grounds the chosen relay's 85 before it asks the PMU for the pulse, and holds it through the pulse. Only that relay's coil sees power and ground together, so only that solenoid fires. Outside the pulse the coils have no power at all, so a stuck DCU output cannot fire anything.

**Not taken.** (b) both opening together, and (c) a PMU output of its own (there are none free, and O13/O14 are the LS swap's).

**Still to confirm.** The solenoids' current sizes the relays and N85's gauge (16 AWG is marked `confirm`). D-180's ""own fuses"" for the release branches have no rating yet.

**In the data.** Electrical: `relays` K3, K4 (every terminal, type, label); `cavities` `L4-M 3/4` (source through the relays) and `DP-DCU-B 10/11` (the select lines); `node_conductors` N85, N86 (new), N24 (O10 tap); `housings` DP-DCU-B (cavities 9–11 now used, 12 spare). Luxury: `sensors` SN23 (new); `parts` LP51, LP14; `work` V-083, F-017."
D-371,Build sequence,"The BT817 evaluation board is the one exception to D-323: it is bought now, as a design tool",2026-09-21,standing,,,00.24,D-323,"**D-371 — The BT817 evaluation board is the one exception to D-323: it is bought now, as a design tool.** Camden's call, 2026-09-21, answering `00.24`: **""a""**. Closes `00.24`. *Amends* D-323 (it isn't superseded; it gains one named exception).

**The contradiction.** D-323: ""Nothing is bought until the design is complete and Camden understands it; no cart is paid early"". F2: ""Order the BT817 eval board (P117) **now** — before the layout"". The ICU carrier's display header, its pinout and its mounting come off the real eval board. So the layout can't be finished without the board, and under D-323 the board couldn't be bought until the layout was finished.

**The ruling.** P117, the BT817 evaluation board (about $70), is bought now. It's a design tool, not a car part, and buying it is what lets the ICU layout, which is part of the design D-323 waits for, be completed. Everything else D-323 covers stays as it was, **including the ICU carrier PCB itself**. F2's second half, ordering the carrier, still waits for the design to be complete.

**In the data.** `parts` P117 (status ""buy now"", used_for); `work` F2 (note: the exception, and the carrier order still waits); `icu_channels` IC21 note (the dead T-051 cite replaced)."
D-372,Build sequence,"Install steps are work rows in stage E, one per step, gated in order - no install table",2026-09-21,standing,,,00.25,,"**D-372 — Install steps are work rows in stage E, one per step, gated in order — no install table.** Camden's call, 2026-09-21, answering `00.25`: **""a""**. Closes `00.25`.

**The gap.** The install procedure existed only in v2's rendered INSTALL documents, now in `99-ARCHIVE/2026-09-11_v2-view-and-tools/`. Live rows still cited ""install §1.21"" and the like. v3 had no ordered list of steps with their tools and the measurement each one wants, which is what CLAUDE.md §6.4 (Build) hands back: ""the next open step whose gate is met, its gate, its tools, and the measurement it wants"".

**The ruling.** Each install step is a `work` row in stage E (""Then the install plan, in its own order""). Each is owned by Camden and gated on the step before it (and on D1 / D4 where counted parts or proven crimps are needed), with the tools and the expected measurement in its note. READY then *is* ""the next step"", and `work` stays the one home for ""what can start now"". There is no separate install table.

**The carrying-over is work, not part of this ruling.** Electrical `work` E3 (agent, ready) carries the archived electrical INSTALL.md into stage-E rows, checks each step against the record as it stands (the archive predates D-350 and everything since), repoints every ""install §"" cite, and folds E1 into the new rows. Luxury `work` X-008 does the same for the luxury package's archived install, after widening that area's stage list, which has no install stage.

**In the data.** Electrical `work` E3 (new); luxury `work` X-008 (new)."
D-373,The record itself,"Each project gets a generated, read-only TODO.md from its work table - the second generated document",2026-09-21,superseded,,D-405,,,"**D-373 — Each project gets a generated, read-only `TODO.md` from its `work` table: the second kind of generated document.** Camden's call, 2026-09-21, in chat: *""is that todo list in the files? each project (just focus on electrical needs to have that written out so that i can read and work on that list with ease any time""*.

**Why a file at all.** The work list was only rows in `work.csv`, readable through `rx7.py status` (which shows the first few ready rows) or a query. CLAUDE.md §1 allowed exactly one generated document, `DECISIONS.md`, and told the agent not to write a document ""so it can be read"". Camden asked for exactly that, so this ruling makes the exception, on the same terms that made `DECISIONS.md` safe where v2's documents were not.

**The terms.**
- **A pure projection** of the project's `work` table plus the gate resolver. It adds no fact of its own and cannot disagree with the record.
- **Read-only, with no boxes to tick** (R3). He marks progress by saying what he did; the row is set through the record and the file regenerated. `BLOCKS.md` stays the one file he writes in.
- **`rx7.py todo` rebuilds it whole**, at the end of every run that changed a `work` row.
- **Nothing gates a commit on it.** `check` does not read it.

**What it shows.** What can be started today (his first, then the agent's), then every row in working order. Stages come in the order their work can start (the stage's typical row, not its earliest), and inside a stage each row follows what it waits on. Each row carries its owner, what it waits on and its note. Closed rows are one line per stage.

**Written with it.** Electrical `work` E3 had just carried the archived install procedure into rows E4–E34, so the electrical `TODO.md` is the whole project end to end, from the A/C strip to the shakedown kit.

**In the tool and the text.** `tools/rx7.py todo [-p AREA]` (`cmd_todo`, reads `work.csv` and the tree index, writes `<area>/TODO.md` only). CLAUDE.md §1 (two kinds of generated document), the tool list, §3's standing answers and §6's run ending. README.md. Files written: `02-PROJECTS/00-electrical/TODO.md`, and the same for 01-luxury and 02-engine."
D-374,Architecture and scope,"The ICU and the DCU are both this build's, whole: boards, channels, enclosures, connectors, firmware, the panel's electronics and the bus map; the luxury package keeps only the loads the DCU drives and the plastics",2026-09-22,standing,D-313 D-314,,,luxury D-313 · D-314 · D-355 · D-361 · D-362,"**D-374 — The ICU and the DCU are both this build's, whole: boards, channels, enclosures, connectors, firmware, the panel's electronics and the CAN bus map. The DCU goes into the car with the harness. The luxury package keeps only the loads the DCU drives and the plastics.** Camden's call, 2026-09-22, in chat: *""there seems to be some confusion about the dcu, the ice is full go now, just the fancy parts it controls are in luxry. make sure all of the icu is part of electrical, and icu and dcu ensure both are in the kad information and both wired and dialed inside electrical""*.

**How his words are read.** ""The ice is full go now"" is read as *the DCU is full go now*: the sentence is about the DCU, and the rest of it (""just the fancy parts it controls are in luxury"") only makes sense of the DCU. The ICU was already this build's (D-259), and his next sentence covers it separately. ""Dialed"" is read as *detailed*, meaning every channel of the DCU is specified here the way `icu_channels` specifies the ICU's. ""The kad information"" is `cad/`. Nothing in this reading buys, cuts or rewires anything. It moves rows between two projects of the same car, and every consequence below can be undone by editing rows.

**Why the confusion was real.** The luxury package owned the DCU (luxury D-075, and D-313 ""keeps … the DCU""), but the rulings since have routed basic functions through it. The window commands (D-363), the hatch and fuel-door selects (D-370), the panel's keys, among them defog (luxury D-355), and the wake request (D-350) all have no path except the DCU. A car whose harness is finished but whose DCU belongs to a later project can't open its hatch from the panel. The DCU is part of the electrical system. Only the loads it drives are luxury.

**The boundary.**
- **This build**: both modules, whole. Carriers H-001 and H-002, their channels (`icu_channels`, and the new `dcu_channels`), enclosures, DT13 receptacles, the DCU's comfort receptacle, their firmware (the pages included), the control panel's electronics (keys, encoders, thumbstick, ribbon: the panel is the DCU's input device), the bench kit, the bring-up log, and the one CAN map. The map moves because every node on CAN2 is now this build's: PMU, ICU, DCU and wideband.
- **The luxury package**: every load the DCU drives (blower and final stage, HVAC servos, seat heat and cool, the mirror heads and heat pads, window motors and regulators, the release relays K3/K4 and the solenoids' test), the O15 comfort block and the harness from it to the DCU's comfort receptacle (luxury LP49), radar, lighting, and every visible plastic: the display bezel and the panel's faceplate and knobs.

**Supersedes** luxury D-313 and D-314, which split the ICU and kept its pages, the display chain's firmware, the CAN map and the DCU in the luxury package. What they moved stays moved. The display, its eval board, its glass and the carrier are this build's (D-268). The bezel stays the luxury package's (luxury FT34, H-006). The Q-302 ruling stands (the backlight is the F16 ignition aux on `DP-ICU-A 6`, D-258). D-361's ""the DCU (luxury `H-002`)"" and D-362's ""the mating harness half is this project's"" are narrowed: `H-002` is this build's, and the harness half from the O15 block stays the luxury package's.

**The DCU goes in with the harness.** Its tails (`DP-DCU`, `DP-DCU-B`) were dust-capped at the centre stack ""until S2"". Now it plugs in at install step E26, beside the ICU. `DP-DCU 1–6` are LIVE from install, as `DP-ICU-A` is: F22 was already LIVE, sized for the DCU (D-355). `DP-DCU-B` stays CAPPED, since its far ends wait capped for loads the luxury package fits later. The DCU on the bench and in the car drives lamps and capped lines until then. This makes install wait on the DCU (E26 gates on F6). That is what ""full go"" costs, and it's the same position the ICU is in.

**In the data.**
- **Moved from luxury, numbers kept** (`work`): F-001, F-005–F-017, B5, B7, B8, H-002, H-007, X-007, Z-003, V-083, V-100–V-102, T-048, T-049 into stage F (retitled ""The ICU and the DCU""); V-065, Q-028 into stage V. Gates re-qualified: H-002 now waits on `01-luxury:W-332`, F-015 on `W-330`, F4 on `F-012`. Added **F5** (order and build H-002, yours) and **F6** (bench-commission the DCU, yours). **E26** now plugs in the DCU too and waits on F6. Luxury keeps its history rows (A1–A12, X-006, H-003, the dropped ones), its loads' rows and the bezel.
- **Parts**: luxury LP01, LP02, LP04 → P142, P143, P151 (bench). LP06–LP09, LP11, LP14, LP45–LP47, LP22 → P144–P150, P152–P154 (the DCU). LP20's electronics, LP35, LP50 → P155–P157 (the panel). LP03 folded into P070, which it always was. LP20 stays luxury as the faceplate and knobs, unpriced until H-007. LP49 stays luxury, mating P153.
- **Tables moved whole**: luxury `sensors` became `dcu_channels` here, in `icu_channels`'s shape (SN11–SN23, ids kept), plus SN24–SN27 for the power, ground, bus and servo/comfort supply that the old table left out (from D-355, D-273, D-346 and the V-083 note; SN27's pinout is `confirm` until V-101). `modules`, `can_messages`, `can_fields` and `bringup_log` moved unchanged except for the module rows' ownership text. `params` merged into this build's, which gained `unit` and `source` columns.
- **Luxury**: `features` FT07–FT11, FT15 and FT33 marked moved. FT14 is now the faceplate. `provisions` PV26–PV30, PV32, PV33, PV114–PV122 and PV127 deleted: they described the DCU's own drop as something the luxury package counted on, and it is now this build's own device. The provisions at the loads' end (mirror lines, window commands, mirror-heat feed) stay. `stages` S0 is delivered by this build, and S2 is the blower, servos and faceplate. `_project` goals rewritten on both sides.
- **This build**: `devices` DV54 (the DCU) added. DV53's stale ""window switch pack lives here"" is corrected (D-362 moved those lines to `DP-DCU-B`). The `cavities`, `node_conductors`, `housings`, `P140` and `E17` notes that said ""until S2"" now say E26.
- **Outside the record**: `firmware/` moved from `01-luxury/` to here with its history (`git mv`), and its README's paths were updated. `cad/README.md` and `PCB-AND-3D-GUIDE.md` Part B now point at this build's rows. `cad/dcu-carrier/` was started with `README.md` and `TARGET.md` (the checklist from `dcu_channels`). The schematic starts when V-083, V-101, H-007 and luxury W-332 are in."
D-375,"Outputs, soft fuses and logic","The door and A8 wake stages are pulse (edge) stages: one 1 µF film capacitor per side, so a door left ajar wakes the PMU once and cannot hold it on",2026-09-22,standing,,,00.26,,"**D-375 — The door and A8 wake stages are pulse (edge) stages: one 1 µF film capacitor per side, so a door left ajar or a stuck horn contact wakes the PMU once and can never hold it on.** Camden's call, 2026-09-22, answering block `00.26`: **""b""**. Closes `00.26`.

**The ruling.** Option (b) as the block put it: the same 2N3904 stages A10 worked out (an emitter-follower that switches the sense excitation on only while O22 is low, a sense NPN on a 1M / 560k divider, a follower output into wake-strip pin 7), plus one ~1 µF film capacitor per side so the stage delivers a pulse when a switch closes rather than a level for as long as it stays closed. Not taken: (a), held stages at $0, under which a door left ajar keeps pin 7 high until the BMS cuts off.

**Why.** D-248's promise that a stuck door cannot hold the car awake stays true in hardware, not only in KEEP_ALIVE's logic. The hazard still flashes with the key out: the pulse wakes the PMU and the `sleep` rule keeps it awake while A8 reads HAZARD.

**The risk carried.** The pulse must outlast the PMU's boot, and no document gives that time. CK12 item (iii) measures it on the bench before anything is soldered, and the capacitor value is sized from that reading. Until then ~1 µF is `confirm`.

**In the data.** `parts` P158 (new): 1 µF film capacitors, a pack of 5 (2 used; rounded up to a sane pack, §3), about $1. `P072` used_for says what the ten 2N3904s now do. `work` A10's gate is met; it stays open for the agent to write the stage values (§6.1). `rules` `sleep` and D-248 are unchanged: this ruling is what keeps them true."
D-376,The record itself,"ECUMaster's PMU client runs on the existing Windows laptop, kept as a car tool only; the project and all development stay on the Fedora machine",2026-09-22,standing,,,00.27,,"**D-376 — ECUMaster's PMU client runs on the Windows laptop Camden already has, kept as a car tool only. The project, its tools and all development stay on the Fedora machine.** Camden's call, 2026-09-22, answering block `00.27`: *""windwos computers remain untouched, the development evirment is now windows, i can sill log on to the windows computer at any time, the windows computers are now for personal use not development but for the pmu software easy peasy""*. Closes `00.27`.

**How his words are read.** ""The development evirment is now windows"" is read as a slip for *not* Windows. The same sentence says the Windows computers ""are now for personal use not development"", and on the same day he ruled Fedora the project's only machine. What he rules is plain: the Windows computers are untouched, still his, and the PMU software runs on one of them. Nothing is bought, so option (c)'s cost does not arise, and (a)'s VM and (b)'s Wine are not needed.

**Consequences.** No clone of the repo lives on the Windows machines and nothing is synced to them. The laptop's only job in this project is the PMU client over the glovebox port `DP-DIAG` (CAN1) at E24, E25, the soft-fuse settings read live, and checks CK01–CK07. PMU configuration files saved by the client come back to this tree by hand if they are to be kept. The record already says which settings are the configuration (E25: ""the configuration IS the record now"").

**In the data.** `work` E24 note (the laptop is the Windows laptop); its gate on `00.27` is met. CLAUDE.md §9 names the laptop's one role."
D-377,"Legs, connectors and grounds","The ICU carrier's Teensy 4.1 pin map: CAN1 on 22/23, the tach and road speed on FreqMeasureMulti pins 2 and 3, the BT817 on single-lane SPI0 (10-13, PDN 9), and every channel promoted into icu_channels.teensy_pin",2026-09-22,standing,,,,,"**D-377 — The ICU carrier's Teensy 4.1 pin map.** CAN1 is on 22 / 23. The tach and road speed are on FreqMeasureMulti pins 2 and 3. The BT817 runs on single-lane SPI0 (10–13, PDN 9), not QSPI. Every channel's pin is now in `icu_channels.teensy_pin`. This is the agent's call (§3 small): it moves copper on a board that has not been laid out and changes no harness wire, part or price. It is step A2 of the layout guide, done before any measurement because nothing about it is measured.

**Sources.** CAN pins come from the ACAN_T4 manual (tables 2 and 5: FlexCAN1 Rx 23 / Tx 22, FlexCAN2 1 / 0, FlexCAN3 30 / 31). Analog, SPI0 and Wire pins come from the Teensy core's `pins_arduino.h` (A0–A13 = 14–27, A14–A17 = 38–41, SPI 10 / 11 / 12 / 13, SDA 18 / SCL 19). Serial2 comes from `HardwareSerial2.cpp` (RX 7 / TX 8). Capture-capable pins come from FreqMeasureMulti's IMXRT table (0–9, 22–25, 28, 29, 33, 36, 37, 42–54 on the 4.1) and FreqMeasure's page (Teensy 4.x: pin 22 only). All were read 2026-09-22. PJRC's printed pinout card was not readable as text: check it against this map when the socket footprint is placed, per A2's own instruction.

**What it settled.**
- **Tach capture vs CAN.** The record said ""input capture"" for IC04 / IC08 and ""CAN1"" for IC16. The obvious library, FreqMeasure, has exactly one Teensy 4.x pin, 22, which is CAN1's TX. So the tach and road speed use FreqMeasureMulti, on 2 and 3. The firmware has no tach capture yet, so nothing changes in code; the bench rig `tach_simulator` keeps its own 3 → 4 jumper.
- **The display bus (guide A0 #5).** `icu_channels` IC21 said ""SPI1 / QSPI""; `bt817.h` drives SPI0 (CS 10, PDN 9) at 20 MHz single-lane and says QSPI is a later optimisation. The Teensy 4.1's only QSPI port is FlexSPI2 on the bottom pads, and the PSRAM (P108) is soldered there. So single-lane SPI0 it is: the firmware was right and the row changes. IO2 / IO3 are still wired, to 26 / 27, and held as inputs so a later software QSPI is not foreclosed.
- **Consequence, arithmetic.** A full-screen push is 614,400 B × 8 bit / 30 MHz ≈ 165 ms (≈ 250 ms at the 20 MHz bring-up clock). The archived ""~100 ms"" assumed QSPI. It is still only a page transition (D-168: dirty tiles in the loop), so nothing else moves. `params.full_push_ms` now derives it.
- **Lines the sheet has and the record didn't.** The schematic's J5 carries CAN_STB, BT817_INT, BL_EN and PG_5V, which the rows never listed. They are placed on IC16 (STB 32), IC21 (INT 24), IC13 (BL_EN 36) and IC12 (PG_5V 37).

**The map.** ADC: IC01 14 · IC02 15 · IC03 16 · IC05 17 · IC07 20 · IC14 21. Capture: IC04 2 · IC08 3. Digital: IC06 28 · IC09 29 · IC10 30 · IC11 31 · IC22 25. CAN1: 22 / 23, STB 32. BT817: 10–13, PD 9, INT 24, IO2 26, IO3 27. I²C: 18 / 19, IMU INT 33. Radio: Serial2 7 / 8, EN 34, BOOT 35. BL_EN 36, PG_5V 37. **Spare:** 0 / 1 (CAN2 / Serial1), 4 / 5 / 6 (capture), 38–41 (analog). Nothing on 42–54 (the SD slot and the PSRAM pads).

**In the data.** `icu_channels` `teensy_pin` on all 19 rows that reach the Teensy; IC21 `carrier_stage`, `on_the_wire` and `note` (SPI, and its stale ""the pages are the luxury package's"", D-374). `params` `full_push_ms`. The sheet's `J5` still carries ordinal numbers, and its nets are still named `QSPI_*`. Renumbering them against the socket footprint is guide step A2.4, in KiCad."
D-378,"Legs, connectors and grounds","The PMU's frames 0x100-0x130 are a CANbus Export we define, not a layout ECUMaster fixes; fail-open is a per-input default and on-timeout value",2026-09-22,standing,,,,,"**D-378 — The PMU's frames 0x100–0x130 are a CANbus Export we define, not a layout ECUMaster fixes. Fail-open (D-251) is built from each CAN input's own default and on-timeout value.** The agent's reading of the PMU manual in the tree (S-028, `01-REFERENCE/PMU_info/PMU_Manual.pdf`, ECUMaster PMU-16/16DL/16AS/24DL User Manual v101.2.1, 2026-04-23), closing work row V-065.

**What the record believed.** V-065 and `can_messages` 0x100 said the PMU's CAN layout is ""fixed by ECUMaster"", so every PMU-sourced field in the ICU was ""written against a guess"".

**What the manual says.** The PMU has two separate transmit mechanisms:
- **The Standard CAN Stream is fixed** (p.95: ""Parameters themselves are predefined (they are fixed and cannot be configured)""). It uses Base ID +0…+11, 0x668 by default on PMU-24 #1, at 20 or 62.5 Hz: status, currents, voltages and temperatures. It is not what 0x100–0x130 describe.
- **The CANbus Export is ours** (p.90: ""CANbus Export allows sending any available channel of the device. Frames with any CAN ID can be transmitted on one of two CAN buses""). It allows DLC 0–8, 1–100 Hz or on an edge, and at most 500 frames/s per bus (p.91). Our four frames are 40 frames/s. CAN2 defaults to 500 kbps. The only reserved IDs are 0x012–0x017 on CAN1 (p.94).

**The limits that bind our layouts.** An Export field is 8-bit (unsigned or signed) or 16-bit (big- or little-endian), times an integer multiplier 1–1000, or raw (p.92). The manual shows no bit-packing, no multiplexing and no rolling counter on transmit. So:
- the bitfield bytes (0x100 bytes 1 and 2, 0x120 bytes 2–4) need PMU math channels that build the packed value;
- **0x130's multiplexed channel index and the byte-7 counters on 0x100–0x130 are unproven.** They are proved in the PMU client at F-009, or 0x130 becomes fixed frames instead.

**Fail-open.** Each CAN input has a default ""used from starting the device until receiving the first frame"" (p.89). The timeout is set per message object, in seconds. What happens on timeout is set per input: ""Use previous value"" or ""Set value"". D-251's fail-open is therefore: a safe default on every input near a control rule, with ""Set value"" to that same safe value on timeout. The 0x218 fault log comes from the same timeout. Whether the message-object timeout accepts fractions of a second (our 250 / 500 ms) is new check **CK13**.

**In the data.** `work` V-065 done; F-009 re-scoped (prove the Export in the client, or simplify the frames). `can_messages` 0x100–0x130 notes. `checks` CK13 (new)."
D-379,"Legs, connectors and grounds","The DCU carrier's parts check (V-083): protected low-side switches for the seats, 65 V-rated high-side switches, one quad half-bridge for the mirrors, and a 5 A buck for the servo rail",2026-09-22,standing,,,,,"**D-379 — The DCU carrier's parts check (V-083).** The seat loads use protected low-side switches (Infineon BTS3011TE) instead of bare FETs. The window commands and mirror heat use 65 V-rated PROFET+ high-side switches (BTT6200-4ESA, BTT6050-1ERA). The mirrors run from one quad half-bridge (TI DRV8962-Q1). The servo rail gets its own 5 A buck (TI TPS54560B-Q1) and the firmware moves one servo at a time. The agent's call, closing work row V-083 as D-273 did for the ICU: every part was checked against its datasheet, and every price and suffix stays `confirm` until it is ordered.

**What the check changed, and why.**
- **The AOD4184 cannot be driven from the Teensy.** Its gate threshold is up to 2.6 V, and its on-resistance is only specified at 4.5 V and above. At 3.3 V a worst-case part is barely on, and it is not AEC-Q101. The **BTS3011TE** (TO252-5) takes a 3.0–5.5 V logic supply, is 11 mΩ (22 mΩ hot), is rated 10 A nominal, and has its own short-circuit and over-temperature protection. That protection matters on a seat heater, which is a safety load (§3). Its load-dump rating is 40 V with a 2.2 Ω load: `confirm` it against the comfort supply's clamp.
- **The high-side switches are the 24 V PROFET+ family, because of the clamp.** The SMBJ33A clamps load dump at ~53 V, and the 12 V PROFET+2 (BTS70xx) is only rated to 35 V, so it was rejected. **BTT6200-4ESA** (quad, 1 A per channel with all four on, 3.3 V inputs, VS(LD) 65 V) takes the four window commands (SN22). **BTT6050-1ERA** (4.5 A nominal, 65 V) takes mirror heat (SN16), which V-101 puts at ~3 A for the pair.
- **The mirrors use one chip.** The **DRV8962-Q1** has four independent 5 A half-bridges, 4.5–60 V, and 1.5 V logic threshold. Three drive the motor common and the left and right motors; the fourth holds its low FET on as the clutch-coil sink (D-360). The TLE94104EP was rejected as a 40 V-class part under the clamp. The mirror stall current is still W-332's; it is assumed under 1.5 A, far inside 5 A.
- **K3/K4 selects:** Nexperia **PMV37ENEA** (SOT-23, 60 V, AEC-Q101, Vgs(th) 2.3 V max). That leaves ~1 V of overdrive at 3.3 V into a ~150 mA relay coil. The on-resistance at 2.5 V is a curve, not a guarantee: `confirm` on the bench.
- **The servo rail outgrew the LMR36015.** Three servos stalled together is up to 7.5 A. A 5 A **TPS54560B-Q1** (HSOP-8, 60 V, load-dump tolerant, with a 60 V 5 A Schottky catch diode, `confirm` part), plus firmware that moves one servo at a time, keeps the realistic peak near 2.5–3 A. That rule goes to F-017. The logic rail stays an **LMR36015-Q1**, as on the ICU.
- **Current sense:** **INA180A1** (gain 20, powered from 3V3) across **two 10 mΩ 2512 ≥ 2 W resistors in parallel** (5 mΩ). These are easy to buy and share the heat. 18 A worst case (V-101) is 1.8 V at the ADC, with full scale about 33 A.
- **CAN:** **TCAN1042HVDRQ1**. The V suffix gives the VIO pin (3.3 V logic); the H suffix gives ±70 V bus-fault protection.

**In the data.** `parts` P146 (the two bucks, now different parts), P149 (the comfort stage's parts), P145 (the exact suffix). `dcu_channels` SN13, SN16, SN17, SN22, SN23, SN27 carrier_stage. `work` V-083 done; F-017 note (servo sequencing)."
D-380,"Legs, connectors and grounds","The control panel's electronics: nine keys on a diode-isolated 3 × 3 matrix, four detented encoders, the thumbstick, all on one 20-way IDC ribbon to the DCU",2026-09-22,standing,,,,,"**D-380 — The control panel's electronics.** Nine keys on a 3 × 3 matrix with a diode on every key, four detented quadrature encoders, and the mirror thumbstick. All of it reaches the DCU on one 20-way 2.54 mm IDC ribbon, whose pinout is the new table `panel_ribbon`. The agent's call, closing work row H-007's electrical half: every part of it can be undone by editing rows, and nothing is bought, cut or wired yet. The panel's look is not part of it: where the keys and knobs sit and what they look like is the luxury package's (luxury LP20, FT14), a block when the faceplate is drawn.

**The design.**
- **Keys** (FT14's nine): ROW1 defog · hatch release · fuel-door release. ROW2 HVAC mode · recirculate · window DRV up. ROW3 window DRV down · PASS up · PASS down. One 1N4148W per key, so any combination reads true: two windows moving at once is the normal case, and a diode-less matrix ghosts on three keys. Rows are driven low one at a time; columns are pulled up and carry pin-change interrupts. **Asleep, all three rows are held low, so any key press interrupts and wakes the DCU**, which then pulls the PMU's wake strip on DP-DCU 6 (D-355, SN21). That is how the panel works with the key out.
- **Encoders:** fan, temperature, and one knob per seat. A seat knob turns clockwise from OFF for heat 1–3 and anticlockwise for cool 1–3, so heat and cool can never both be on (D-073). The interlock lives in the knob as well as the firmware. Detents and range are firmware (D-355), and there is nothing to calibrate on the panel.
- **Thumbstick** (D-359): two pots fed from the Teensy's 3.3 V on their own analog ground (ribbon pin 20), plus a push to GND.
- **The ribbon:** 20 conductors, as DV53 foresaw (""sixteen to twenty""). It carries no 12 V: the panel's illumination stays a separate lead from L3-S1 8.

**In the data.** `panel_ribbon` (new table, 20 rows); `dcu_channels` SN18, SN19, SN20; `parts` P155, P157; `devices` DV53; `work` H-007 done. F-017 does the scan, the encoders and sending 0x400 (F-016)."
D-381,"Outputs, soft fuses and logic","The door and A8 wake stages' values: excitation 220k switched off while awake, sense divider 1M / 560k, a 1 µF edge into a follower, pulse about 0.4 s - all confirm until CK12",2026-09-23,standing,,,,,"**D-381 — The door and A8 wake stages' values.** The agent's call, closing work row A10 on the topology A10 found and the pulse D-375 ruled. The values are the new table `wake_stages`. Nothing is bought: every part comes from P072 (2N3904), P069 (the E24 kit), P071 (1N5819 spares) and P158 (the film capacitors). Every value is `confirm` until CK12 measures the three facts no document gives.

**Per side, three 2N3904s, plus one shared:**
- **Excitation, only while asleep.** Q1, a follower off the F3 switch supply, feeds the ladder line through **220k**. Awake, the shared Q0 (driven from O22) holds both Q1 bases at 0 V, so the line sees only the PMU's own 10 kΩ pull-up and the readings don't shift. Q1's E-B junction then sits 4.1 V reverse-biased, under its 6 V limit.
- **Sense.** Q2 reads the line through a **1M / 560k** divider. At rest (the 47k baseline, D-368) the line sits at 1.99–2.41 V over 12.0–14.4 V, putting Q2's base at 0.71–0.86 V: on. With the highest-resistance pressed state (19.4k) the line is 0.92–1.11 V and the base 0.33–0.40 V: off, even hot. Awake, the line is at 4.1 V, Q2 is hard on, and **no pulse is ever made while the PMU is already awake**. The thin margin is cold at 12.0 V at rest, which CK12 reads.
- **The pulse (D-375).** Q2's collector (100k pull-up) rises on a press. A **1 µF** film capacitor carries that edge to Q3, a follower held off by **470k**, which drives the wake-strip input into the strip's 10 kΩ drain at about 10 V. That fixes the failure A10 found in the v2 stage, which reached only ~1.1 V. The pulse lasts roughly C × 420 kΩ ≈ 0.4 s; 2.2 µF would give ≈ 0.9 s. A **1N5819 clamp** on Q3's base takes the negative edge when the switch is released, which would otherwise exceed the 6 V limit. A held switch makes one pulse and nothing more, so a door left ajar cannot keep the car awake (D-248).

**What CK12 settles:** (i) the pins' resistance to ground with the PMU unpowered; (ii) pin 7's switching threshold and current; (iii) the PMU's boot time, which sizes the capacitor. Plus the cold rest margin. If a reading moves a value, the row changes before anything is soldered (E7 and E15 wait on A10).

**In the data.** `wake_stages` (new table, 27 rows). `parts` P069 and P071 used_for. `checks` CK12 note. `work` A10 done."
D-382,"Legs, connectors and grounds","The DCU's comfort circuits: 7.5 A per seat heater, 5 A per seat cooler, 5 A for mirror heat, and an 8-way DT13 comfort connector with its own two ground pins",2026-09-23,standing,,,00.28,,"**D-382 — The DCU's comfort circuits: 7.5 A fuses per seat heater, 5 A per seat cooler and 5 A for mirror heat, and an 8-way comfort connector on the DCU that carries its own two ground pins.** Camden's call, 2026-09-23, answering `00.28`: **""a""**. Closes `00.28`.

**The ruling.** Option (a). The loads are the design currents V-101 sourced: seat heat 5 A each, seat cool 2.5 A each (fan type), mirror heat 3 A for the pair. Each fuse is about 1.5 times its load: **7.5 A per seat heater, 5 A per seat cooler, 5 A for mirror heat** (F14). The DCU's comfort connector (P153) is a **Deutsch DT13-08PA**, pinned as follows:
- 1–4: the four seat returns (heat driver, heat passenger, cool driver, cool passenger);
- 5: the O15 supply in (the servo rail and mirror heat, SN27);
- 6–7: power ground, two conductors to the dash ground bus;
- 8: sealing plug.

The seat return current goes to ground through the DCU board. At worst it is about 15 A, and the logic ground (`DP-DCU 3`, one size-16 contact) is rated about 13 A, so this return gets its own path. It never goes through the logic ground (SN25). Not taken: (b), high-side seat switching, which would have needed new parts and more money per channel; and (c), waiting for the kits.

**What it forecloses, as the block said.** Peltier seat cooling. A thermoelectric unit draws about 10 A per seat, which is over these fuses and this connector. Choosing one later reopens this ruling.

**Derived here, `confirm`.** The two ground conductors are **14 AWG** each (BLK). The branch fuses total 30 A and split across two conductors, which is 15 A each. A size-16 DT contact takes 14 AWG. Their length is a hand figure until the route is measured (R11). They are part of the luxury comfort-return harness (luxury LP49), which is the mating plug side; this build owns the receptacle on the DCU and the landing on the dash ground bus.

**In the data.** `housings` DP-DCU-C (new); `cavities` DP-DCU-C 1–8 (new); `grounds` G36 (new, the two returns); `parts` P153 (DT13-08PA); `dcu_channels` SN16, SN25, SN27. Luxury: `parts` LP21 (fuse sizes), LP49 (the DT06-08S plug, contacts, wire and the two grounds); `work` H-002's gate is met on this block."
D-385,"Legs, connectors and grounds","Each harness leg gets two generated drawings - a pin ladder (A) and a route map (B) - under 00-electrical/diagrams, rebuilt by rx7.py diagrams; the four options are kept for a later switch",2026-09-23,standing,,,,,"**D-385 — Every harness leg gets two generated drawings: a pin ladder (A) and a route map (B), in `00-electrical/diagrams/<leg>/`, rebuilt by `rx7.py diagrams`. The four sampled options are kept for a later switch.** Camden's call, 2026-09-23, in conversation after he was shown four options sampled on real L1 data.

**His words.** First: ""i want a map of each leg of the harness on an easy to read diagram for my use while building and for the car record for later … we need a way to have the diagrams dialed in color coded and perfect no overlaping text or wires other the a one over one cross."" Then, choosing: ""all options this round are good store them for futre refrence in case i want to switch, for now follow the A and B plan for each leg, in 00-electrical make a dir diarams with a readme with these options, and a folder for each led with two files for each leg (a and b).""

**The ruling.**
- **A · Pin ladder.** One block per housing and one row per cavity, with each wire a straight line from its cavity to `cavities.lands_on`. Crossings are impossible by construction.
- **B · Route map.** The leg as it runs in the car, drawn like a transit map: each wire is its own line, stacked in branch order, so it peels off the outside of the bundle. Bends are 45° only and nothing crosses.
- **Files.** Each leg's two sheets are `A-pin-ladder.svg` and `B-route-map.svg` in `L1-engine/`, `L2-front/`, `L3-dash/` and `L4-rear/`.
- **Options kept.** The C (ELK) and D (D2) samples, and the A and B samples, are kept in `diagrams/options/` with the code that drew them. `diagrams/README.md` records each option's verdict.

**Why it is safe to generate.** This amends CLAUDE.md §1, which allowed only `DECISIONS.md` and `TODO.md`, under the same four conditions:
- the sheets are a pure projection of the record
- they are read-only
- they are rebuilt whole by one command
- nothing gates a commit on them, and `check` never looks at them

**The overlap rule, which is what makes it work.** Every label is measured with the real font before it is placed. A sheet with two touching labels, or a label on a wire, is refused and not written, and the command exits 2. The WireViz sheets (D-275 / D-276) failed because nothing checked the layout.

**Consequences in the data.** Two columns were added, both small (§3: a fact that had no column):
- **`devices.route`** (ref `routes.id`) is set only where a route's `to_node` or note names the device: DV01–DV07, DV10–DV16, DV18–DV20, DV22, DV23, DV25, DV27–DV29, DV31, DV34, DV36–DV38, DV40, DV41, DV43, DV47, DV48, DV50 and DV51. DV41 (jamb switches) is on RT19 because its conductor ends at the sill splice.
- **`cavities.route`** is used only for a conductor with no device at its far end:
  - L2-S 4 on RT09 (""run to the wiper branch"")
  - L2-S 5 on RT06 (the nose)
  - L3-P 2, L3-S2 3–6 and L3-S3 5–8 on RT11, which RT11's note names
  - L4-P 3–4, L4-M 9–12 and L4-S2 1–5 on RT19 (the sill node)
  - L4-S 5–7 on RT15 (the rear-node receptacle)

**Left blank on purpose (R11).** The record does not say which run these take:
- devices: the brake fluid switch DV08, hazard DV21, wink switches DV24, parking brake DV26, dash illumination DV30, defog DV33, interior lamp DV39 and fuel-door solenoid DV49
- cavities: L2-M 8, and the L3-MOD and L3-RDR receptacles

They are drawn under ""No route in the record yet"". Setting the column moves them onto their branch.

**Code.** `tools/diagrams.py` (it needs Pillow for font metrics) is called by `rx7.py diagrams`. Run it at the end of any run that changed `housings`, `cavities`, `devices` or `routes`."
D-386,Build sequence,"The electrical project splits into 00-design and 01-build, each with its own generated TODO; nothing in build starts before the design is reviewed and frozen (phase SOURCING); the 2026-09-23 risk review becomes work and blocks",2026-09-23,superseded,,D-405,,,"**D-386 — The electrical project splits into `00-design/` and `01-build/`, each with its own generated TODO. Nothing in build starts before the design is reviewed and frozen (phase SOURCING), and the 2026-09-23 risk review becomes work and blocks.** Camden's call, 2026-09-23.

**His words.** ""factor these into account while remaking TODO. first i changed the directory structure of everything in electrical make sure all paths account, then split TODO into two one for build one for design. everything in build is blocked by a perfect verified design. todo in design muse be a checklist for me and a seperate list of all agent work and what is blocking it.""

**The directory structure (his move).** `cad/`, `firmware/`, `diagrams/` and `TODO.md` moved into `02-PROJECTS/00-electrical/00-design/`, and `01-build/` is new; `data/` stays where it was. Every live path was brought to the new layout:
- `tools/diagrams.py` now writes into `00-design/diagrams/`
- `.gitignore` covers the firmware binaries, the KiCad rules and the drawings' exception
- CLAUDE.md §1, §3 and §9
- the `cad/` README, board READMEs and guide (`../data/` became `../../data/` and `../../../data/`)
- the firmware README and the X-007 row

Decision bodies and old log rows keep the paths they were written with (R4); `rx7.py cites` lists any that no longer resolve.

**The two TODOs.** `work` gains a `track` column (design | build), and `rx7.py todo` writes one file per track wherever a project has both folders.
- `00-design/TODO.md` is his checklist in working order (☐ can do it now, ⏳ waiting on what is named), then every agent row, ready or blocked, and what blocks it: whose it is and what it is. The open blocks come last.
- `01-build/TODO.md` is everything bought and everything physical. **Every build row gates on `phase:SOURCING`** (42 gates added), which only the freeze moves. That is what ""blocked by a perfect verified design"" means in the record.
- The marks are the record's state, not boxes to type in (R3).

**Which track.**
- **Design:** desk work, measurements, bench proofs and the agent's work.
- **Build:** the cart (A1, A2, A6, C2), stripping the A/C (B1), everything in stages D and E, and the modules' fabrication (F11, F1, F12, F3, F5, F6).

The ICU and DCU final pass (F11) needs the parts in hand, and D-323 buys parts only after the design is complete. So it sits at the start of build rather than blocking the freeze.

**The gate between them.** Z1 (agent) is the §6.5 design review, gated on every other open design row. Z2 (his) is the freeze ruling, gated on Z1. A Blocker or Major finding reopens the design list.

**The risk review, factored in.**
- **Block `00.29`:** how the car runs between E26 and the last migration. As written it cannot, because the key and the column switches can only be wired to one harness at a time.
- **Block `00.30`:** split F3, and hold ignition and the headlamps on a ladder fault.
- **R1, R2:** apply those two blocks.
- **R3:** the ladder margin budget. A4 and A16 are checked against the cranking ground offset and supply sag, and A4 and A5 against the front-star offset while the pop-ups move. It adds a crank-logging check.
- **R4:** the channel a surprise takes. None is spare.
- **R5:** the regulator fallback, for a charge voltage above 14.6 V.
- **R6 (his):** measure the PMU's sleep current on the bench. The PMU is already bought, per 00-CAR.
- **W-330b** gains a third question for Ionic: does its BMS refuse charge below 0 °C, or disconnect the pack?

**Two states changed.**
- A1 goes from `blocked` to `open`, because its freeze gate now does the blocking.
- F-009 goes from `blocked` to `open`, because it only needed the PMU on the bench and the PMU is bought.

**In the data.**
- `_schema`: `work.track` is new, and `work.stage` gains R and Z.
- `work`: `track` is set on every row; R1–R6, Z1 and Z2 are new; 42 build gates are extended; A1, F-009, X-007 and W-330b are changed.
- `BLOCKS.md`: `00.29` and `00.30` are new.
- `tools/rx7.py`: `cmd_todo` is rewritten."
D-387,Build sequence,The car comes apart once: the design list ends with the interior stripped (all wiring left in place) and the measurements that need it out; the build list starts from the interior out and ends with it back in,2026-09-23,standing,,,,,"**D-387 — The car comes apart once. The design list ends with the interior stripped (every wire left in place) and the measurements that need it out; the build list starts from the interior out and ends with it back in.** Camden's call, 2026-09-23. It refines D-386.

**His words.** ""this is good but we need better sepatation of car apart and not, design todo should end with all things that need dash and inteerior out, then build starts there interiror out to put back in. but make it maore segragated and incude the block step of strip the car inteerior (leave all wirirng)""

**Reading taken.** ""The block step"" is read as a single step, the strip, not a question in BLOCKS.md.

**The ruling.**
- **Design Part 1: car whole.** Desk, bench and anything done on the car as it stands.
- **S1: strip the interior** (new, his). Out come the seats, console, centre stack, dash and cluster (unplugged, not cut), glovebox, carpet, kick and sill panels, and the cargo-bin trim. Nothing electrical is cut, unpinned or moved. Fasteners are bagged and labelled, and every connector and loom run is photographed where it lies (M-7). S1 waits on every Part 1 row, so the car is off the road as short a time as possible.
- **Design Part 2: interior out.** S1 first, then everything that needs the car apart:
  - C1 (the measurement day, M-1 to M-7), C3, C4 and V-102 now gate on S1.
  - A5, Q-014, Q-110, Q-115, V-055, V-081, V-088, G13 and W-329 follow through C1.
  - H-002 gates on S1 directly, because it waits on the mirror heads measured at the door plug (luxury W-332).
  - Then the design review (Z1) and his freeze (Z2).
- **Build Part 3: car apart.** Parts arrive, then the backbone, the dash node, the legs, the migration, the full function check and the factory harness out.
- **Build Part 4: interior back in.** E35 is new: the cabin looms are final-wrapped and photographed before the dash closes, then the reverse of S1. After it come the shakedown drives, E31 to E34, and E31 now gates on E35.
- **How it is recorded.** `_project` names the two boundary rows (`car_apart` = S1, `car_back` = E35). `rx7.py todo` derives each row's part from its gate, so no row carries a typed section.

**What this changed, because the car cannot be driven while it is apart.**
- **E12, E27 and E28** said ""start and drive"". They now say start and run; the first drive is E31.
- **E33's final wrap** is now the engine bay only. The cabin looms are wrapped at E35, before the dash goes back.
- **E30 says to drive a week** with the old harness still in the car, then pull it, which needs the dash out again. That is his call: block `00.31`. E30 and E35 gate on it, and R7 applies the answer.
- **Block `00.29`** (how the car runs during migration) is sharpened. The car cannot be driven during the migration under either option now.

**Consequence to know.** The car is off the road from S1 until E35. That span includes the design review, the freeze, the sourcing and shipping of every part, and the whole build.

**In the data.**
- `_schema`: `work.stage` gains S.
- `_project`: `car_apart` and `car_back` are new.
- `work`: S1, E35 and R7 are new. The gates of C1, C3, C4, V-102, H-002, E30, E31 and Z1 changed. The notes of E12, E27, E28 and E33 changed, and so did E12's title.
- `BLOCKS.md`: `00.31` is new and `00.29` is sharpened.
- `tools/rx7.py`: `cmd_todo` splits by car state.
- `CLAUDE.md` §1 describes it."
D-398,The record itself,"Planning is open in every project at every phase: the phase says how far the build has got, never whether design may be touched",2026-09-24,standing,,,,,"# D-398 - Planning is open in every project at every phase: the phase says how far the build has got, never whether design may be touched

*2026-09-24 - Camden*

**Decision.** **Planning is open in every project at every phase. Design work, blocks and parts rounds may be taken up in any project at any time, whether it is PROPOSED, PLANNING, SOURCING or BUILDING. A project's phase records how far its build has got. It never closes planning, and one project's phase never holds another's.** Camden's call, 2026-09-24, in chat: *""please update the rx7 block structure that allows planning to be open for any project any time""*.

**Why.** Nothing in `tools/rx7.py` limited planning by phase. `block`, `new`, `add` and the gate resolver never read it, and `02-engine` already had READY design rows while PROPOSED. The limit was in the words of `CLAUDE.md`: §6.1 was headed ""phase PROPOSED or PLANNING"", §6.5 ""any phase ≥ PLANNING"", and the freeze read as the end of design. That would have stopped a project from being planned at all once its build started, and stopped a new idea (a seat, a lamp, a sensor) from being worked on in a project already buying parts.

**What the freeze still does.** It stays Camden's ruling and still moves a project to SOURCING. Every build row still gates on `phase:SOURCING` (D-386), so nothing is bought or cut before the first verified design. What changes is that the freeze starts the build without ending planning.

**Design opened after the freeze.** The phase never moves back. The new row goes on the design track, and every build row it changes gets the new row's id in its gate, so only the affected work waits and the rest of the build carries on. Undoing work already done (re-cutting, re-ordering, re-wiring) is still §3's irreversible, so it is a block.

**In the data.** No rows change. The phase values, the gates and the tool stay as they are. `CLAUDE.md`: the §1 build-track paragraph, §6.1 (heading, the new opening paragraph, and step 7), and §6.5's heading."
D-401,The record itself,"The agent commits and pushes: small commits that each say what changed and why, straight to master, never a pull request",2026-09-24,standing,,,,,"# D-401 - The agent commits and pushes: small commits that each say what changed and why, straight to master, never a pull request

*2026-09-24 - Camden*

**Decision.** **The agent commits and pushes at the end of every run, straight to `master`, and Camden no longer does. Commits are small, one change each, and each message says what changed and why with its decision ids. There are no pull requests and no branches unless he asks.** Camden's call, 2026-09-24, in chat: *""please adjust the rules of this project, you have full commit and push power, please help me keep the reposity up to date and full of usefull commits but no PR's. then please commit and push all these changes to main""*.

**Why.** §2 left `git commit` to him, so work sat uncommitted between sessions, and the history shows it: ""poopy long commit"", ""begin todo"", ""pbc part 1"", a whole round of decisions in one commit (D-385 - D-396). Committing is not a call only he can make. It records what the run already did, and `check` guards it through the pre-commit hook.

**""main"" is `master`.** He said ""push to main"". The repository's only branch, and GitHub's default, is `master`. Pushing to a new `main` would have split the history into two branches, so ""main"" is read as the main branch, `master` (§3: the reading that keeps the most options open). Renaming the branch is his call if he wants it.

**The rules** (`CLAUDE.md` §6.10): one change per commit, each leaving `check` clean; a subject that names the change and its decision ids, and a body that gives the why; push after committing; never force-push, rewrite pushed history or skip the hook; a failed push is reported, not retried with force; his writing pages are committed as they stand.

**In the data.** No rows change. `CLAUDE.md`: §2 (Camden no longer commits; the agent keeps the repository current), the run ending in §6, the new §6.10, and a `PUSHED` line in the §8 report."
D-408,electrical,The ladder margin budget (R3): A4 and A5 decode on upward windows because a ground offset only raises a reading; A15 and A16 decode on the switch's conductance against the measured supply; CK14-CK16 measure what the budget assumes,2026-09-24,standing,,,,,"**D-408 — The ladder margin budget (R3): the fixed ±windows fail inside the design's own acceptance limits. A4 and A5 decode on upward windows, because a ground offset can only raise a reading. A15 and A16 decode on the switch's conductance, computed against the PMU's measured supply voltage, so supply sag and charge voltage drop out. Three new checks measure what the budget assumes: CK14 (a real crank at MG23), CK15 (can the PMU client do the division), CK16 (a pop-up cycle at MG15 / MG16). Software only: no wire, no part, no money.** Agent, 2026-09-24, R3 (D-386 risk review). Nobody was asked; §3 small, because every change here is PMU configuration and rows, and R3 itself names the fix (""widen windows or move references, and add a check"").

**The model.** A1-A8: the internal 10 kΩ pull-up to 5 V (D-018), 10-bit, about 204.6 counts per volt. A15 / A16: the 100 kΩ bias from +5 V (D-167) against the channel's own resistance to ground, which D-184's published centres fix at 10 kΩ (OFF 93, PARK 604 at a 12.0 V feed) and 4096 counts over 20 V. The 10 kΩ is inferred from those numbers, not from a datasheet: *confirm* at E26 from the OFF reading (R11). Windows are ± half-widths around the live reading (D-142).

**A16 — supply sag and charge voltage.** A summed ladder fed from battery voltage reads in proportion to it. Calibrated at E26 with every output off, the battery at rest near 13.3 V: RUN reads 1326, START 1906, window ±200. With the alternator at 14.6 V, RUN reads 1450 - inside, with 76 counts left. But START leaves its window as soon as the voltage at the key falls under **11.9 V while cranking**, and at 10.5 V it reads 1511 - which is RUN's window. `rules crank` releases O21 when A16 leaves START, so a crank that sags the pack releases the start relay, the sag recovers, START returns: the starter chatters. A LiFePO4 pack under a rotary starter sagging into the 11s is not unusual, and nobody has measured this one (CK14).

**A15 — the same arithmetic, found on the way.** Window ±75. HEAD_LO read at 13.3 V is 1326; at 14.6 V charging it is 1450, 124 counts up, out of its window - the headlamps' decode leaves its window whenever the alternator is charging. HEAD_HI and PASS overlap outright across 11.5-14.8 V. It is fixed with A16 because it is the same fix.

**The fix for A15 and A16: decode the conductance, not the voltage.** Each ladder is a conductance G switched between the feed V and the node; the node is v = (V·G + 5/Rb) / (G + 1/Rb + 1/Rin). Solved for G with V = the PMU's own measured supply: **g = (k1·v − k2) / (V − v)**, with k1 = 1/Rb + 1/Rin = 0.110 and k2 = 5/Rb = 0.050 (per kΩ, volts), refitted at E26 so that OFF reads g = 0 (k2 = k1 × the OFF reading in volts). g is independent of V. States: OFF 0 · ACC / PARK 0.030 · RUN / HEAD_LO 0.097 · START 0.244 (0.214 if ACC drops in START, D-055) · HEAD_HI 0.219 · PASS 0.522. Boundaries: **0.015 · 0.055 · 0.150**, and on A15 also **0.340**. A 0.3 V difference between the PMU's supply sense and the key's feed moves START's g by under 9 %, against a 30 % margin to the boundary. The short and open fault rules are unchanged (0 = disconnected still reads at the raw input). The state names do not change, so no `logic` expression changes.

**If the PMU client cannot divide (CK15).** Two fallbacks, in order: a 2-D table (raw volts × supply volts → state), or fixed windows sized over the whole supply range instead of around one reading - RUN 1153-1470 (11.5-14.8 V), START above 1490. That last one holds only while the key sees 10.4 V or more during a crank, which is what CK14 measures.

**A4 and A5 — ground offsets.** The inhibitor's 8.2 kΩ returns to the engine block (G03); the transit contact's 3.3 kΩ and the 47 kΩ baseline return to the front star (L2-S 1 / 2, G13), which also carries the pop-up motors' current. Both grounds sit *above* the PMU's ground when current flows, never below, so every offset raises a reading. Sensitivities: CRANK_OK moves 103 counts per volt of block offset; TRANSIT+PN 46 per volt of block and 122 per volt of front star; TRANSIT 156 per volt of front star; IDLE 36. With ±20 windows, **CRANK_OK leaves its window at 0.20 V of block offset** - E12 accepts up to 0.5 V battery-negative to block during the crank, which is exactly when `rules crank` reads A4. So a car that passes E12 can chatter its starter on A4 as well. TRANSIT leaves at 0.13 V of front-star offset, while the motors run.

**The fix for A4 and A5: upward windows.** Each state's window runs from (live reading − window) up to the next higher state's lower edge; IDLE runs up to the open threshold. Nothing lands between states but a short or an open. Because an offset only raises a reading, a state can only be misread as the next one up, and that direction is always the refusing one: TRANSIT+PN read as TRANSIT refuses a crank, CRANK_OK read as IDLE refuses a crank, REVERSE read as IDLE drops the reverse lamps. A false P/N is not possible from an offset. Tolerances with upward windows: CRANK_OK 3.9 V of block offset (was 0.20); TRANSIT 1.0 V of front star (was 0.13); TRANSIT+PN 0.74 V of block alone, or 0.28 V of front star alone, or 0.5 V block plus 0.09 V front star together. That last case - cranking in the second a pop-up is moving, on a car at E12's limit - can still refuse the start for that second. It is on the safe side and it is measured (CK14, CK16); if the readings show it matters, the reserve is to move the reference: run the inhibitor's BW return to the dash GND bus instead of the block, one conductor in L1, which is a block for Camden because it moves a wire. A5's REVERSE is read with the engine running, where CK05 expects under 50 mV, so A5 has margin to spare.

**What was not changed.** A1, A2, A6 and A8 return to the dash or the doors, where no load current shares the ground; A3's park contact returns at the wiper motor and was not budgeted here. They keep ± windows.

**In the data.**
- `_schema`: `inputs.decode` is new, enum(window | upward | conductance).
- `inputs`: A15, A16 `conductance`; A4, A5 `upward`; A1, A2, A3, A6, A8 `window`.
- `rules`: `ladder-decode` is new and holds the three methods, the formula and the boundaries.
- `checks`: CK14 (MG23: log A4, A16, the supply and the block offset through a real crank), CK15 (PMU client 5.4: can a function divide, and read the supply voltage), CK16 (MG15 / MG16: log A4, A5 and the front-star offset through a pop-up cycle with the headlamps on).
- `work`: E26's note says how the new windows are entered; R3 done."
D-409,electrical,"A surprise takes no PMU channel: an input goes to the ICU and reaches the PMU on CAN, an output shares a PMU channel behind a DCU select as the releases do; V-081's and Q-115's surprises need none",2026-09-24,standing,,,,,"**D-409 — A surprise takes no PMU channel. An input goes to an ICU input and reaches the PMU as a CAN field; a driver's switch goes to the DCU's panel; an output shares an existing PMU channel behind a DCU select, as the releases already do (D-354). The two surprises the risk review named, V-081's pop-up topology and Q-115's speed signal, need no PMU channel at all. Freeing a PMU channel is always his ruling, and the candidates are named with what each costs.** Agent, 2026-09-24, R4 (D-386 risk review). Nobody was asked: this names paths and changes no wire, part or channel.

**The two named surprises.**
- **V-081 / CK08.** If WR turns out to be the pop-up winding's only supply path, the fix is a feed to WR on each side from the same K1 / K2 run feed (or the O1 splice): a conductor per side, not a channel. L2-P is full (4 of 4), so it is a larger housing or a splice at the nose - a wire change, and his block when CK08 says so. Nothing here concludes which topology the motor has (R11).
- **Q-115.** Road speed is an ICU input, IC08 at DP-ICU-B 8 (D-272), not a PMU one. If the B-29 reed switch checks out, it lands on the same IC08 through its pull-up jumper, one conductor into L3-S2 12 or L3-S3; if it does not, the Hall sender already in the design is what is used. The PMU gets speed from 0x200 byte 6 either way.

**The order a surprise takes.**
Inputs:
1. A signal nothing safety-critical gates on → an ICU input and a field in an ICU frame, which the PMU reads as a CAN input. First IC07 at DP-ICU-B 7 (the oil-temperature stage: its carrier stage is built and it sits under a sealing plug until the swap, D-264), then DP-ICU-B 9 (pre-wired to L1-S2 11, D-271; B2's 0-5 V wideband fallback claims it first). Cost: one conductor to the drop and a firmware config row.
2. A switch the driver presses → a key on the DCU's panel (SN19) and a CAN field. Config only.
3. A contact that can join a ladder → a new state on an existing one, one resistor at the switch and the same conductor. Only after the ladder arithmetic says it fits (D-408's decode).
4. A signal the fuel-pump gate, the crank interlock, the brakes or the lamps act on → it must be on a PMU wire, and no input is free. That is a ruling: the only duplicate the PMU has is A7, which the ICU also reads (IC02), and D-260 chose to keep the pump gate off the ICU.

Outputs:
1. A low-current or momentary load → share an existing PMU output with the DCU picking which load, by grounding a relay coil during the PMU's pulse (D-354 / D-370: O10 and K3 / K4). The DCU also has the two low-side switch positions D-329 freed on the comfort carrier (confirm they are still on the board at F11).
2. A comfort-class load → the O15 comfort bus, which carries no load this build, behind the luxury package's own fuses (D-382).
3. **O4 DEFOG** is the one 25 A output doing nothing this build: wired, configured, disabled, no control surface. Taking it forecloses the rear defog until something else carries it - his ruling.
4. **O13 / O14** are capped for the swap; borrowing either forecloses the LS / CD009 swap's ECU or fan feed - his ruling, never a default.
5. A second PMU (the module runs up to five in tandem) - money, his ruling.

**Moving onto CAN to free a channel.** The ICU and DCU duplicate exactly one PMU input, A7 (above). They read no stalk, no ladder and no switch the PMU reads, and the tell-tale senses are ICU inputs on PMU outputs, not PMU channels. So CAN frees nothing for free: every PMU channel is the only reader of its signal, and that is by design - the PMU keeps the car running with both modules dead (recovery, D-322).

**In the data.** `rules spare-capacity` gains the order above as its closing paragraph. R4 done."
D-410,electrical,"F3 is split and ignition and the headlamps hold on a ladder fault: the wake stages move to F23, a dead switch feed reads as a fault, ignition drops only on a clean OFF or ACC; the light switch's own feed is block 00.32",2026-09-24,standing,,,00.30,,"**D-410 — F3 is split and ignition and the headlamps hold their state on a ladder fault (block 00.30, option a). The wake stages move to their own 3 A fuse, F23. The key's ladder and the light switch's ladder now read a FAULT, never OFF, when their feed dies with a contact closed. Only a clean OFF or ACC turns ignition off; a FAULT holds it while the engine turns (oil_ok). The headlamps hold their last state while A15 reads a FAULT. The last part, a feed of its own for the light switch, needs a conductor that has no free cavity, and is block 00.32.** Camden, 2026-09-24, in the app.

**His answer.** He chose option (a): ""Split F3 into two fuses, and hold state on a fault. One fuse feeds the key switch and the K13 coil; the other feeds the light switch and the wake stages, in a free block-B position or one more sealed inline holder (a few dollars). The PMU logic changes so that only a clean OFF reading turns ignition off (an open or fault reading holds RUN while the engine is turning), and the headlamps hold their last state while A15 reads a fault. Costs one fuse position and logic rows."" He typed nothing else.

**What applying it found.** The option assumed the split costs only a fuse position. It needs a conductor too: the ignition switch's B terminal and the light switch's common are both fed by the one conductor L3-S2 2, which branches in the leg behind the column, and the brake-wake plunger (L3-S1 7) branches off it as well. Every cavity in L3-S1 and L3-S2 is used, and the only unused ones in the leg are L3-S3 1-3, the radar pass-throughs held for block 01.11. Where the light switch's own feed runs is where a wire goes, so it is block 00.32, not something decided here. Everything else in (a) is applied now.

**Where the fuses stand.**
- **F3** (5 A, block A pos 2) keeps L3-S2 2: the ignition switch's B terminal, and through it the K13 back-stop coil, the light switch common and the brake-wake plunger until block 00.32 moves the light side.
- **F23** (3 A, sealed inline off the busbar) is new and feeds the wake stages' excitation rail at the dash node, which was the other half of N29. A spare block-B position was not used: block B is fed through K11, which opens when the car sleeps, and the wake stages must be live while it sleeps. N29 now runs F3 to L3-S2 2 only; N87 runs F23 to the wake-stage rail. P002's target goes from 7 to 8 holders.

**How a dead feed reads.** With D-408's decode, a switch whose feed has died still ties the node through its closed contacts to 0 V. That pulls the reading *below* the live OFF reading: by about 20 counts at ACC or PARK, about 44 at RUN or HEAD. With the old ± windows, that sat inside OFF's window, so a blown F3 would have read as the key turned off. Now a reading more than 12 counts below the live OFF reading is a FAULT (supply dead), alongside the open and short rules (`rules ladder-decode`). Confirm at E26: pull F3 with the key at ACC and with the lights at PARK, and read both.

**The logic.**
- **IGNITION:** on at A16 >= RUN. It turns off only after A16 has read a clean OFF or ACC for 200 ms. On an A16 FAULT it holds its state while oil_ok is true, and drops once oil_ok clears. A FAULT never turns it on from off.
  - The PMU has no tach of its own, and D-251 keeps CAN out of these gates. Oil pressure is the PMU's own wire-read sign that the engine is turning.
  - The cost: with the key ladder faulted and the engine running, the key cannot stop the engine. The display says KEY FAULT, and the stop is the master disconnect (recovery RC01), which is what RC01 is for. He chose this.
- **FUEL_PUMP:** its A16 >= RUN terms read the IGNITION channel's own state instead, so the pump holds with the ignition and never outlives it. oil_ok clears when ignition goes off. There is still no CAN term (D-251).
- **HEAD_LOW, HEAD_HIGH, TAIL_PARK:** each holds its last state while A15 reads a FAULT, and annunciates LIGHT SWITCH FAULT. The retry classes do not change.

**In the data.**
- `fuses`: F3 feeds, F23 new.
- `node_conductors`: N29, N87 new.
- `wake_stages`: WS10, WS11, WS16, WS1A, WS20, WS21, WS26, WS2A now say F23.
- `parts`: P002 target and used_for.
- `logic`: IGNITION, FUEL_PUMP, HEAD_LOW, HEAD_HIGH, TAIL_PARK.
- `rules`: ladder-decode (the supply-dead fault).
- `blocks`: 00.30 deleted, 00.32 new.
- `work`: R2 stays open, gated on block 00.32, for the light switch's feed."
